5GW6jd4gZUyC1JCVPbfGHihdN65yWXqyG5m9WSA3Mjhmvuxx,52611535945
5CSuucHmQq1BBugtLmUnC9nJzz5WBKiBPzHndK99VKtoKUth,34173550000
5CwBKuDiuP8a1V3FmhQ3KuHU59o6bvNBF5XxrwFufaDNjWke,84750000
5CDEryDfPLfCY13qo2JgaKs2P45bXZmxysANjfpSj8FTpoei,52972763639
5CUTsSTGTrei3AiUzn4h3DZD6thZtMiiZp7uNDF5paaLygUR,591272220000
5DRuqshnZrBiU9uWFSXAwGprj8As8GEhLLpTgEtsg5h4xPuZ,40143300000
5FCD92U3Tz4mcXPpbNgS2jd3F49gHdLkck9Gcd3V6MeqgLb7,338328629401
5Fmr9NrTrFL3RV7dBf31a1rkmthyz3wvDCnmGdqh9bY9Pp7x,38211296700
5DtRzvsStmo6XCgaidenK57PGeBexUK2fPTPxdgcFwkVixsX,100000000
5DLgxKbvdwy77f1hQKr8kkrrnXraw6XyhNTPCj6Xsu4vkWUf,11370000
5HdZGjnnFse8vGeFh2S27xKHYxLvjvVuoK1879i2wyXSX8AF,48603796135
5Dyo8jDPbTrTZd7fGx1uBeWHm4AJvUEXL36hgLLiBYfAqrmW,5444185200000
5G94C61gT9N8rJ7dqcTn4nSjkc9pJ3R9Hde3axZkH7rziwXG,709355469896
5Gc5ruYcMmjdLGje38Vxe6fKA2xdjfBnoj2PqHkrSnWNMoA7,1498517611364
5GjHdkxJszimroKbZfzXZQRwXKFw1NwiNmtgHNuyHnXqBHAY,25745951305
5E7wmuKkwxrK59tPi4mYHwc1kHiJVyxepeHgRJGcvaRTSBny,5699536186
5DPFkkiAfUYe2Dm3q9c5DpreE5DMdeHe5Dg8NtoULery3ugH,27491391722
5ECn4FGRM1cLS4GFYpP7JyepvFpkfQVa5Hf8UwbnzzhV6vz6,189328950000
5CLavq2aALKTDCpn4MN2Mk2yCeGy9uxrSY7rkW5XfFuzSWM4,182350160000
5Cr6VaLeQ4PAYKPQ3c28EoZnmi1rJ2rQJ7SzCrYXVokuaiyd,438460000
5DPYA3Qok97kxmktoRFxL6o7upZMfkphFHqkzRBRiGrw26oU,8209217136
5EvWC5DamKw79gtgp5W5kqPcr2FahTJvLUMWfGo9r59W9YqX,14846451435
5ChmfHnXXbvBWyaUMxqEweseSEru7zgeabDBNtonz55PRBFN,391155875153
5F4KtVJ6ihbc6nbuTx7i9KU7ArhdiNJbJmMDyhmzZkmscG3W,2117296796269
5FUDzwzzdJn3SdWZSNFDie6tgCJchhMzgkSYa96uiWCWWaWV,2150624617867
5E5KbQgCRHB2HrdWJaThoArrDKPBYqcLFHioxuTUaHhhW2D9,10136630932
5DhEtCdUjBRgknZBRTE8u3KK8KL4k3jnQjSi1Q9RyMfBu3y2,100000000
5DPbsyuzj5vAzBmr85tSL7N62quUEZgagwJeZPu1612F1tu5,7175150000
5GLCK2Dpo3KB8vCUnBy8vCNWWLY4eUrudMXMsqUjP81D7uFx,158420000
5EWwHtt8eSwmSbbQepZTg9MweiTxjaVBomgLzJt2iADY2fDP,62261670000
5HU1DxoUsjCCfZKQ2emX9uaYHAqHqu7nSAQHQ3pM58RyLooE,1096647224344
5F4MQL6GQhCoBsd1Vov2thyGX5UpUTShCftdVCdywnAwUxup,40381930000
5F4sPi6oXEbZQqzQEwW4GoxadwdYccYQZSsJsyTSfs58XubL,13610314831
5FHtgx56ViPjAXoUYSrgN8RHF1mKAjRT8Zg212EcNTByX4k9,25000000000
5EFLJhSn26gx5tRXTRF2XWg8zhJsw91WCpMwiprQrwUMGkEE,109620000
5GTKo4GkvrmAJjCwaqm6nBHs4j2GZJ9GxxHkKyvXDSe59fjb,122753018887
5Ef9KLkGQGsgFMnFi5fQuZuJC4SfYKJM1FtL3PoJtEDuj8Sa,27487323891
5DAWpcTou7H8nGjfviYWzEGCoHRKLaW44YQ71GkX3eBvQbU8,12474986830
5GhMFL7fXRutpHKoUWYaBYf5HHJbkWRSk9s6exajrPSPEq7r,158370000
5CDjUCVpo3UWCggJTZjh6yLiUWnmcPNxLmEwYbe4AinK8urV,46989660000
5CS6tnkdyZ3GsMx3ZRwvATsKfMsFBXpnyUsu9ktDxx1eWQgT,7400441262
5FCFS87cphv4zm72NHxJWeNZwCYhUmGhUYBiTXe9jTBhx416,192236630000
5DCbULBJjTbRP5KZ16u1D8mE67CQijSTQdhjpThKqbMXumaR,8196104447
5FZ45opdoKCtXtPTAbM93fnD7cFMDzvirJLz7fdk3SC1wjwW,100000000
5HK1aDYgSmV8ig6hVPbnt6m5N8nfZVYSufEFg7qSU28jbHWn,43897398870
5G4mCi6KnB5y1FDueurotrtqiRZzhuP7rhmNT95XRbXjzEnz,359594460000
5FCwBftvi5JH4Lec8bNVrb5XUsEdgmGbXyvtqyYoZx7REs3F,56154962007
5HTBrVSQcGNM9XPEastgGPerFPZj67HtK8e3cQgoxzMEwzR7,200021230581
5GvWBQAJudpy3ZC7DpPfrzGKapED9HyVjJ5qvsj6JxfNpmYL,6025686750000
5GbbmffsE4T5DiXR4gGTYxh4TmY5DGNjBxpbytsShjxRVmcJ,167960120000
5ELgZVQtWQyAJNVq7HXNYvvySQn4VjtSMaTkXATed8TMEqtp,147940000
5CwKBcsNdtxgZm125yZKabHU7zTFJcQrtcJi35VxF3NAxiUf,31895121170
5FhWes4TG7abGXyD4xkvNpgTzft4QQxdrv8ferMwhTsPvCDX,1375578940000
5CwAetLsmoo3YwE536776Zn3bXbrVBR9UhwDKvkmEHc6uaSu,26009150000
5CyjjpUoDxCFxJfziNcAZ1YFVNcnV58QUkKstDZTsXfpoLUo,79767975827
5ENVLKojna4x1p3odWYojuRXmKiZjYWFq4zw2C4WSHogNjXR,18024368239
5ETnKGsVijjjfHBCWNsJeS9w8BwouEWp5dWDu56nnzUBDspa,183550530000
5GRKRgvcrPH2h8vQGVBjUmvCzPKkEYtVGNABmjPPiK6TXtqZ,62199910000
5CyeTJZ3TkZ9neGELUU9B9ZBc7VkGCaZ7vzgEmp5juokykh9,2151867039486
5DLJrAF338kZjSdhC4f7cN1tf8tdbxKrJPnmWFHLDYagfYnx,82610301284
5FKn2a9CNwkBDuqHU78vRXiU2LPrT1hV3sNG91hNnmAjLMmf,8205121869
5HKvkPvxwMUjfHuLZwJwWePzKzv67oZg7gw1m4KSMa647UQY,1789054850189
5FWmJ6FkHsd5UwT8r1bkVsywZ6qaBnmaxX2RXiHj7GLmyfgi,491528290000
5DnxF2QieBmUu5T9FeQ8GWMfWA42hg3Fe4Jkj3L87dWeJy43,199439130000
5Gy3HBdYRUVpVcUMKNjZJeXRpH7p6TLXkejcxmSz47ahpzLA,37975095176476
5DNuM5YrQhuBzCF72oPaWaQ2dYxdB4WURabzYiZ2X4k65TrN,8202538187
5CcCZPV5SEAwDB9woJEKMhkQdQBwRVnctjcE9vx35YoEyGUm,526118870000
5DArZmV1MvJwjMHzonk2tE85cAR2PvARiveYNszNkpW7ThaC,13513120000
5F7eunNs946gnvWEseE7XYn7Qd5xhL7tVbm7q1hWHqPxaiWY,1111090235835
5CfnafZdffb7n46yCrLfBriyR4nzGSwgoHd3o32nahzcoxef,1560710000
5GTSTCATtFj5CD9SySm7fNPAxtaFx25jrhUWXGNUpXMGQq6R,8205121869
5DaAMgXqgf6yFFBrEm3S1TqRtWAAjmsDCRzaFcdnUfZ4ZX9Y,100000000
5EcJndmXfuwGMtgR2iA4J1ufYPC7bDhYnKHnjftnwyZwkbSF,100000000
5ChddTt9KYBbt7D3z3hEjC4NCBcg6Eou6Fd6M2YHvCcf5wCq,226902592798
5Gj4mbM3aJpjzkFUDPkpQbWPiW6UE4rh5r6JQbmaGPmEL1MU,191455572332
5Hp7F6xQoJpwhwqRQi63tnnU4JXKYTjR2fYWaWZ5h1jkQ7PV,26348780197
5ChYu1B655CRMD8ZURFnd2BANpKvJ4QsiRefTkkmwjrEvCVr,159791643159
5EP3WQns43NRypgcqqb3sSXAugE73uExLXrtmzP4c9LEehyw,10328069035733
5ERCjaVvyCH2vYDkJdBZ45SQK4kG3ZnUejsYxmwek5enTHud,992839454
5Ci3a3phaao3tfsY6fLGKXR4QB6kLWUQ5f7ESSgKoPVHVbBG,5110389744012
5F9q1KKE5WV4bXs8oEDEidXVdVmsupiRvA34oUQpbvSJgx3b,3155060000
5FvVqM5ENsLsFCpJa5buPXTjCsfELdK2qetJKwohMYC8W3BH,100000000
5CUgCaijXZh94V6BTr66gKZrVK9DtQcU76W7xAvYFKoJGWzD,181802940000
5CRgetipbvzUstXo8eSvmJihwvuLQ7Eb8rjXH3U1qq3yM1cP,252876571079
5GuQ9XvrDyiHiLpKZvn435sJ9DxKpsXZbHV7i7P5kxG41uKK,247035583297
5HVfFLWXEmKLzBWnJNWZfyqdA8S7B2iFaVH7PLaEJfaLEE9F,8292834834
5FyFTDE8U2dWyocMnedLBh5PMjCuYsJRjZHAosbrcmLD1Xbc,6780473726860
5CaEM8XXk58czMwnMTmSLcKXs6nDiVL5yYbXQrtqEb9TgjS2,12308826565
5EJWBrWzEPCtEpSCuF5qe4sh48Np7yKg8dFLz7Ka6FLzgyRX,42804198978
5CCgyaV8AKwkJfXn7GGQ8eJMF7smR1ssabLNEsFKuXdHS8TY,9051179947
5CZjCT6NUPtUazp4ks75gkqN9nGHrkRhcTJeaqBwWHAknxKC,100000000
5HW7orL9wyn599siBrmWHY72oJbcQnuTDThf157Pq18juLEZ,21501880000
5DDKQyHt2J2SAvDL1L31UrUDL7HLvqcGU3M9jtu8csFkCq3M,41091476888
5D5ftTDqXsyV9fKdgpYPT8UUScuv8HiDX47sXey7UDhvCQhw,127530000
5D1qDMfbumaMpi6c7mCD7HzvWn176TdPG2cFt2rwtZbmb6qT,9030990000
5GWo93Nr5KoYeJn2Aqv8P3GYqx59AM73RuzZvaxZNQYgBVC4,8199111032
5CcFqjAkjGiWR1gDPbjc64iW5LKGNrAFBTfN78SacVB1za94,52804560000
5E4tvwG6XShhgeewmoKzU9yaSGsekbnbA3kG2XkV3y6TBwdB,1396181043545
5CSG6Zxmd3dgRbuKZUiQinTQF4HorzpRV7LJCAbsXRPdnzC4,1188723950000
5FpjiP2QtUKuEcq1id25UTzD6duCBcjawWatA9EPGuPDkEdZ,65117160000
5CVbEa9s52cf77uKUeLsoNhLtg5aoEn3tbtbj1fb6TK2bHPM,25000000000
5GLBjQfFWPYxaPKwDX7YnGxhz95c6LXNnE4yM84ZHz2zNLDY,9022744726
5Fsei2m69px9VbjEFjwvsa9Gx9ocsj1q6TWKk8nA9vo4XfC8,25000000000
5EnFfNrmSpd4V5gAM7QJpJmrg18pWbdn8WpPX2kM17DNuHrv,10000000
5D7bj9i9n5cMojMA1ewztGGYaeGC32kHfYWKTFnKtR8ozcLM,229000000000
5CUbC7kBWhsbZ9xfR8sMniNctoGxvhPopwLXbftKciJx1g97,158400000
5F1StjDb5RVTDGnSaFn6T1psqD9SuXEjRKbt3q5FgkoQkakM,8199967818
5FTsXA1fpfNhz1zaX1hUqxHru47uujVL1rg15YHt55PC7dAN,5240576743998
5H8iFm6hUuyeBa5jcietLCfzoVpU9XFvSxVSkdMVPTVd5xtM,31135480000
5HBx524qBZkoVQ9KEPz1qotwBugAWLVFveF66xmuF1RL2XiS,8382612416
5CkNHeRQ8aLNcwdP6URT25mPpqFK5wZK67k98cZhS5o92Gr6,31334120000
5GTz97KnawgGMTZVBPGFZZj6AVMoYy6GXMkNRNPH7s9tRBdT,15299079448
5HTj3QU8P43XYwM6wstZDRsF2mCHbRdJnKxwGgPSiKsf2HRm,115983320000
5D7PX4b9sgNsb67uUQxvGwufDJKg2eaE845yU9Wz3VkSsS8i,7344023090452
5CcU6DRpocLUWYJHuNLjB4gGyHJrkWuruQD5XFbRYffCfSAP,10000000000
5DA8dy5ADQykreJSLFK4gpD1TqRNc85NkzorVMh2yb1drGQk,1278589627144
5EewFNEtH5LHeS5t31uAeK4Dz7MV2SkNGGPppB1TYVBFzmXy,8277655778
5FhmsW5Q8UeiEeXJtM4d17KA1nwKPNA5EJTQzZoVnvf3xbet,3153785620000
5GNQTKwHnrDNwEc25Gec8HbpEic8NSU7M8bZ3TUVBozBvLgG,582827190000
5ERPUnbBAFR1vDgJEwUN7Ky4hGPDaASb7EW7jRqhPWPx6vsW,681016376722
5F9Y2ZXFEvxEgkwKCdJm3R4US5TSrPxt8yagfK64PgALvm8N,154061832855
5G9xQTePBpNMbRJCJviDDMGVspuYBmhe8geuL31NSPtowu2D,7191190000
5EUVmw8Jn93F3yWNygtHZN5E7qUBoaqBDRJLYGRXNP8uxEA6,10753101800
5EfGiCoN4vEqiZ6drjZkPtPURxjMF3Q2BD5vyAmEoyRc3bee,126540570000
5CXNkeRHWMmc51GwhtrqMze1QbaHEebreVb8A7tjKUz5hvnN,59130000
5Hjmd1yvMb1GahBgqMQzbgi4NePGcMh3oeJ53F6rb9rxP4iH,88956098307
5DMJFC3u1pESvYPxguHgSroNknYiQB3XsuxWaxFWEyTPszid,316738310000
5DWkKJa3gf3tijad1C4dcCA2ZCefkRtxPiYWUGZzcQva6XB1,1189316435205
5Fn4rrnuBMvNLiTFKiQ39z7aQ6ggMgzyDLoXuX3sfTA7cTzc,8379160350
5GWYmvSVhnNrrNrmaDU5zqTjrFiUytXK6Qgb7MFXn1LbsiNq,518300943337
5HYj2BJLeXoEh8digrobZVsmDGaCVvDvsz9ff95xcwcTde6a,158400000
5H49xAhWQsmtnHCKd9QUkYDWGknB2NeJMPWNeZUhN2XWXb2H,3224480254627
5EErCfGUa8qgLPs4BaDXXXBG9msjoBBZCvjYCcuUQXkz2Kne,96966281842126
5Ea6L5GjM2Xiykwyhf75Kc6JncNXKMvT6TDhTgkJA9JYApHk,2454823920985
5CyuL5UC88yDmkLhw4SyBQev5m32G3qXHw9PfbjSnaZAFoks,35517080000
5DAx8es5iTd22SxNvdhDwmaLXbcgYU85Bsk4XMdpdXzr2p8g,8198892301
5DrE6LqGruwtBrpTL5J7kMyqacKcgeYmDnMKkApTikXry2bw,100000000
5FnHodMpXXwvLW4qQeDc7p2DxJEYLrPMrysJPm6JNkhnAwh4,51088209541
5G6TGLiF9Bgfn71FzoVx4rMeXQ7yCYrozEGPTL9FR21hvADR,10080057507126
5HmE5aPcxSjqFb75Y1ehPErcKSSXiwiyyX24HQmh6spbmUDL,189161860000
5Gx817WDQdzd5diZehM5wpuyfsQd5ZGFzGVx4sCPNjHyw6Bg,43200080000
5Dc69m38KoDHNTLSp3zLmnRfduYUuKBxtDR4ZAx76VruncB2,8211799977
5FZCcoPw9cEdMYEfpfviC6LSqQdffCJZvmF12mUtsbezQ99A,60136390000
5GhFcEPMoPwq5f3jwfdHxsSY41QLmXq5m5fe7TtuXNztzYSE,62230780000
5D5Nt5Hd1PZ2ZUkyaAhcuNB8ZKfJkWFG5LTpfMeZm11KEgCd,7000000
5C5aQMetyt1gxtYvy8k59gtQpocbJxK38hZZ8uAaRppTF1YT,119702610000
5G8uywfrPonecYEwVx4A6Tqd8nCDksgmfNnq89HojbuoLtUL,20887771831
5FKdTd3QBPQM8syrWcTfLfH1Hi5YNpXs36SZa3vDryvUFs7C,1692490100000
5GEjhmwC9255azTEtetNUBjX1czY5Z2dy5NGUoroT3A8DQRb,1401580401454
5Hox6hmnGk3qKRySqJU4Q755QXkEfKdpsFBqeDSSdYSgd8iG,184731960000
5CAyGyhL5j3s7jjgpz3knTdhRPqBMiafLCab6VG2mZeppJND,1536816930
5EFM3WZhaY79Yg2bYdKtj4555QjZubM5wGkfd6EWU1tm1SNx,3591657362434
5HGt7ZZmUs9A1wecSrqwc6YMTk1udUmeySiZtnrDTa9doW9r,8275903873
5Ci1Zv62KbvmmUU5dFzMRyYTzpddu7pPLG9BujqQGCAtxc8u,100000000
5CP8iLScBWBpzcHTwZsJirdm2GdTEzyNixJ1P12h4yuz66ie,1656429690000
5E4unSvXrF4nQyhX4uVabfPFWTzUh6sDWg6vMLkaqV12KxCT,8166413424
5G6eEHnBbokT4WrugPQP7Zm1nnbCcqtEANaxKAjPwL4ZHjVM,1406741359460
5GC256V9wFrpbvFyMDNqMuWRrFa2GcvDs5nK5bDRB7TKJsZm,8381970139
5CqtMMvkofLbJSRMi8yAoiXhARgBoiUn38k5Cfe42dEpwAsE,36688283517
5HT8FcLtfeT4cuCVWd9SvmKaWd48Hb9A18mrgBAd1gZBoNoe,370883690
5HViu36YoXGm1ay9bx2v9h8Ss4c36HhosA4poss82M5Xt4N4,184950000
5GsimDjtp25t9jzVYKh4V8qMHhbw9EkjEu6xturSVaRgLnxm,19104096980236
5CGA27XoZ4srsQurPxFDJ3cdxyYK9pr4rQcmiNs2MXYnX4QG,6543561667
5Ef734WYSHYjhMbfqxpmNjfRuGwFs2Zb55dMR8wRuFfjpctg,6159508713
5F7f7jJP5LupSmPMyxq2pF1t4cvbyWJtxK4MormmrweekmFY,154625444261775
5DSJ5JnyPCG9nX2AK1eVS9A8xT81dPSSFkjDmSfhQQNAF2pa,8278093756
5CihrUvSJJYe558gDqUJcBScQN7gSWckYz2kXcFzJZ2Ryh9C,8195677807
5G37EjzukybyVa4r8muHbrZ1aTLnHxFBSP9ajCEPonwYCMJK,21600464580052
5GN7KAVyM8zBsSAbZ6QjECaF1XaXgE5NjkpHRjzYWGhLZUNj,90940983079
5GrsfEUmAJBQqrAyJWp1MXGTHHpHcygSbf85jEzM5aPzkjBT,7365630000
5ES1TTdJDzDDYqpDExnbZD55JgWycnunYg2p2fzYafxxgbBZ,15907163680000
5Ck7SNs59qeJxAqqQkLRoUibJHwSJYJa6ShQzqQb2v1NrhPX,27143610000
5GLBemaP3aDVs1J2zm9kikY4YVnpFMANVTAhDcS8pAtNqPs1,158400000
5DFEER6TNomLLJAngjE5eapd27TyKRQJ9wyfwFby1dxV98FH,100000000
5FsSDitXrWBwENrbgii1mkiFGpUH1s186ez6VDFSTb3Vb3Lv,1211517784353
5GZSvT7Fda3wfZ5qx2kdSP526h3ddfn6BnL4jVyqD8NPN1zL,89350292357
5DeyCtMXzWQfwdcBKGn84tepbfjdUL1NAB9gs8ADdHEt7Trw,2623304183596
5DeceoL4ttZR69G1P9dc44EXSUbGDTDTgXEuac2wLzBcys8h,10414306724
5Eo73iLJKo7nY1BXJMDubD7wHEypPP7tvXduQHHv5jYAzb9r,183910000
5H9LTXAE4qFCTNPwcooxUtHQReFYZUSFNhRqmADWuQvoMgYF,12453317126
5FCahubPY5PRkXyyXpLESt4WMNCyv5NHGHz4GwpdQC8ssoyR,10131614733
5Dtq12cM717STXRDTacw3MUEkhZqrDn2XmFBxstGrGmHgWy1,22303910117
5HB5BYMK4w2d4ZqtCdfuns3h4urCmZd7v2xohUAy2t74Xiu8,1145553786573
5DtkptGAdj7bLoXvTy7qNYc26sx5iggWHVLiojh3bKxMzfiJ,4000407406118
5DyCtyqWScbxxC4peCx1fX6M4NSe53mWBipuo1wEL463NdKf,2018478087629
5CftZBBHfhCJTMZhRd5mnGcEpp4PZppGZiXTmb8E9txs2YEx,157992817625
5D4qnX9bNHSjUUeaiNnwQ4gtYaxTJcXuPxj86d59yhbHQMEf,200199390000
5E7Bfn523V26TqrutBTnSBG7xnULZD54BaYyGRgZ6FByfVSX,37501460000
5CUzHMXBgTFiH4DNZVmiKGesQaRnm8XjmpjbpXJxsWj1USTF,8199318839
5G1DT5vZF7PUY4oNYpRyay58Tg4kdYkb2y2VAPTN1ZkxhLyy,21165890000
5CRwfUzkidJ2bd6pvc1VqSToDmRHENAkcsnEooDv9w2PuzNe,1298643086748
5EZdtp8LY17Rj2oeqFeiFR4iQTtJXNGi2tYwToNct9Q1BJYe,8605575624
5H8wEXSdNzHfcsPWkY7VUVnjj4uopW2eNFUakrwe1ZzBiJ4U,158380000
5G9Es892oATpPDnfGgGFS5McvYnjZpUVdVq9sfcwMVMTtNZC,21264003453464
5DMCXNBU8W7UuMQp6FibbXHm6AcCSx11gaPq8RZYkjmbEiya,36624111416450
5H1YGvuuteUTA3u5tsdYNSB6LGgNUsmnjBTqWbwPLDnYdCQU,19885300000
5DRrbmp2vqu5JZxg7KCDzryAp6KqEsCJ4zYPhPNZuhfrSJ9X,30061740000
5Epq8A9bCLrgJFxxMbRS57Ufhg7curjHVWyV1acZyKVEzwUo,100000000
5DMAUtd9wNBZ1ABUiCpSdy6n4Qtugw8E3AxjvMUYhQhMZtjt,13619457408980
5G9iNDAu1ukxF1k7ns1HKhDqbjDCE3vrkfhHcdBRqK4btc8B,7630314566
5DZFPT6FU9to2iTY4MXtY63UzTT4JFQkF9a4MLyu8x7gYbFQ,8329267001
5EFWy6Pq2rKnrskp5vYtdSa5mgiZH84gTH5dCM93s3inKw1f,92741860000
5F4Ni8r4TvbYMGMhBh6UbQ2PVPdK9YT9LcFiCR45hv3dG1g2,1621381600347
5Dc86osJjAD7whghMzFTx7CrLkXDrefEq5tNYsxuTYgNDJa1,2547
5E1auKA3CXE7TitKQ12gE9KnbX7pKGRhwH333foFXa8Vmehy,144077698722
5Ggs7y5zQTLaJzPgfAkH1Q4Bpvv6TtQf5Xz9JJKq1EpqHNpu,148803624403
5FZHxi7j86QuFsTFyvmbJh5RDxh3sBjKeWggn4GS8DRhigGo,5561210284307
5CG7gxUaVznxVGDANTdF3RL2JAvo2xpBYHTHQnHgdVxCDh7B,82060000
5CXAcTNs9D9CQv95C4r4McR8SfSN1P3dj4CABucAn1baKpAq,105800000
5EZnhMQ7j48f6xtEvasfpWeW3kD3BnhxUjNwYUBETXnWv4Ze,8205121869
5CcvqQjCQDNQbTzy3hianJcWxacQDc6crThYrQRkY8j9Zoit,2263243581900
5EjjuWxprcsCrgT1xFwghnrwYq3iWsCjYZKeaGpnqPwgVsdt,100000000
5FvVpTN8qCwq1YDVqP5u2HrmE8ty8SfnL9uxu5UcZwkN44QK,100000000
5HEn1YtswEWpqpC9E2E21nCtUqgdJLQ1UfErVombGfHnKaGq,13770145982771
5EnFBJJ68oe4ct7r7WjqME6iScGU2csmbLyueaRiCVTjsxdK,8205125251
5FHwnP5LRpVz28hoj1jbBeatDsR6hKqy22qETZjzLoZ4SLzz,15221712745373
5GhQ5DGMD3hEfnreMVVMMQ6xH13UzixWfBPDZFjMQJUtbXbP,45851387027
5H6NpSQMMUHh4ebY5TDR5fK3daogJKtjchnLUPMYBcyBLieq,154554254513
5HjnnXJxoZA7KmaKZio1q6P1Vwt2nGxpazzGfwKaeyefXNpU,158380000
5HpBwiYfGrrUrHhATazpGLTTJMnBCdMo7scva2kMvZCwXPcM,17979064237989
5EFK7PrsJgTgiZEu2qLNrM33NzJGDopMiLhwkXFbhAYmuHyr,8792538708718
5DqDDDBWCrVWfKLCRBskQNddmEx21xV5sooKEmssDxNbsQxJ,131163028840
5DJbJYX7F9r6tax5T21A5M24BNQ6yN4h8EQ4ubea5XpinjuR,149658800000
5DbupDvLeBf8B6Qz8TFT9yzfNvgTceyE847HUkdzxEGnKVoa,510687366302
5C5fWZRshPQzdSVnyJo9xjpUJnazWYtpfjVctQKAF9JZ3G2A,28024381711139
5D4YUkP6i7NVJEWYgutm9AYGk43aUtNdYFt1zGxNdaSq1xcF,2017002970000
5HEC4jrwtitqYB9jDb2NvUTS8pSQZvHkug5F7C31hUv1PQz4,147950000
5FeZEXZSRWotQBkHjEQtSZzEnTez6x7pn9GuYDyD4ibQEEYZ,158400000
5CdJKRze63sSMCZtPxH6NRDuC8rJrHynBj6hHfxKrMp25ML2,22005500000
5GF3z69NXTJPQ1E7Rb9w6ttvAaMXA1aHkemsFFEyT2jXnrdh,214346828
5GKDNjkuZjQ4tMNMaByVvXMNe8w4XPfbeVaW3wYfQbUe2Ccv,1257244300000
5G49tJFdsFktaN3CcVHva8moiv9peDm5wQ2gG7Nbp7Rn9ZiF,689303700000
5CXhY6s8GXm2zE3T91cAiWdQvUM7GAC3Q6UwkTgF7SPgCTyk,45858347453
5GTfVZDgHS4RQUbH62M6Ugxa2T9iiQyUMNdhr5FvvxJKHMN4,2510050840565
5Fsfv9MvGi25zHDSkUYPD6oAKuyGWEMLgupDjdXVKpCwnvP4,179659138161
5HahFgbcKbj82NLsRn4H5Yp58tLPyqvbNYkR649p3beXZudF,166550000
5FBp7fF8QLiQ9cWq277Zqg7xpWNz24KTYHfJwZJT9C7ekaSB,9933068927450
5DjxYSSBYhbUyvaPkub5S2NQzCeJHuytwWzFNWvEztXGjHyz,37060574078
5EyJkj5vB8mo4bDgJsLmyfWaxRV1mJ7XBswBE4giFY6J6fX7,380844262786
5D2atEVuNsCz5GJKDd9bVFEZtWp2vcvuC2uHves23FC4tMe2,7172171776
5HQDgbc65Jw3injp4gACkaBwtJESxuz6fPEWWB9odAkJyRQe,7309619284
5G6nEtgZV3SJUeQU43gSX2qFnr5M94xHAnPWmLTb7kxxYdaV,950577970000
5H3dTwZXqTCCwwc7F7jEfdfXz6Q4cXCTXALfwSqomJR6CguK,3052898084870
5Gj6sdg7fuFfzwKUhdyTWrGhFphcRdsBs9r23NwaampSZwpb,27695401007
5DFGvtiF1CFy9pNEfQZwneSi8K7PR8nVL3ueGUCwGnAo5QSU,43282112888
5EqQbibgifZ8BkmrtXuvJ49MLM5zQajpXoas1AWHVGsfS9ox,8205121869
5FxFUL4aaGniru3Gu4nCLD1rj4kox48A1uXBHu4K43rAPc8K,184950000
5D2ibiXdbko44rwUsye2fLUagRyvubSVo8TftEoSzk31bUMD,8440191080
5CXb4GNCFZU5WKxcduG6rLDoyQXX6EFUzEvYYbxvUHCVKz5S,1885815143571
5DUqsSr47rMcs4ZV9tSEbV2NKcLUjMqJb7JgTZ5ZhRhdjh1X,2680450000
5Hgx2vu9bWECxfsPwdepAzRT1qtdcruxyDX3XnGNSypckWZW,68552173825
5EPEZ7q5TPjPSpqSN6sQKkjriHP6By7Qoa65gALs7RAoL6WJ,183280000
5Gs2cfqrkXVn2dtmD4smnRnaDn3uWcBdzDg2ZFtbUz94dVmP,100000000
5FEkW9YxEY3Fdie5B2C6iPqtoa5sWSge5iCqjin9bmAhd3HD,20207485194
5CLYjbXdweEoCx744QRMzxdSW992qfMfKrCFKmDr3MW2MhDv,31470299754
5EsdoJmczSfMmNeyVCbtw4awGBqTLzM6Mq6xVJuA2CDRFGCR,65208760000
5FJ3uTXV1u42PefykccQ7UGFC59XeHEK6FdfZYph8JTVXoB7,12444817185
5FEPXYbaBuzX4F1XycTbbptbbePZ8rtihjzpR4erthsB6Wzx,8226545528
5EtPhRu9d5K6NSZn1rP9ckLXfKi3a2u8BnZ24yV5NjzdK5mK,3829120000
5GCKX5aBBR7ErvzTf4EyewReg7m6KcFzwgU5kubePZ1K9Mrq,100000000
5HTXzE6qG16dBhjG23ThXXe3CcBMvmQTyWSn8bmfVsSvzk4i,391498750000
5E2QsndStQ89zAzY9doUv2WvY9HjTpNJ9uC2AB8ZaznbWXNu,2545675107108
5GHUZSbZB4DArTDi5BRhsYrsnBvZLaMhrKHBXVpgFa8v2cbJ,33804040000
5Dvb3qJz5hybuKp7MBd7WvPePynX2gEag5EUBrCd8M1AKgf4,41046190000
5HmVRRpw5p6w8HJfN9XDdvugEeXpL8SCk1qpBxsyRsnSqYWa,100000000
5EAGLZoE8ESSgrwtQ4wFb1ixJrM4vijPtduN57ZMZNFZM4V2,7799628822
5G6caHmctMpMuN1jVBuxK8X2wYVsEiNYV1KjyYSC1dtmie5J,88330000
5H73xpMAaSVAveYem3RgAgU5L9hBdSKLF76HQpi7zGEr3sZ4,93056902208
5Hb6mPCkMb7bLVTEYsnSdUjKSMfEyAopsWbsd82qEreHMbJH,8202111751
5Gk7QdymBxa4weyQzJv9BFoK39hqC1sCS5QXiVWo59FF9HHz,7433708535
5FnacYXbpDju62iAw6AqELP6c2mESrFwWp1k4qRkVnfK3NGS,46623417578
5GWmraL6564hcGn9utyUtpf3WBb6UMQC2dTYnGgKXa7QW6NF,3387764587
5DqxkyUj8GEn9NhsvksY92QYQ9tic2ugeb3ejqKxfSZLamHg,52991925982
5EA9QJqh7cw8rVtTWZPwH2cmgozpsigxan78uoGSXjrCX6ew,352311427121
5FW1NXfD9G9NjFD9d2chnd1oEK2PaQ1rHPCam7zqpJCPesYv,7784557585836
5D5LnBWMCSYhHB5AsqQzTrzjFKGRo5PHhf6CRgqGTUgZB5C9,8227412395
5GKhnkC2QvQS1oe76tnGZFAh6vh6A8JAg1uqeRwLQ9SeorVr,6429401006
5DLkM5QKSqk6xVa4CEYV22DhCzZR5WfmWjVutokt3idtN6MC,88693401234
5G23AzUAickg7VTAuU7GKbnRn9MbVPe5bEAVTNEQLZfwtjXd,6484311982222
5FjM2knaAQAAKxJnXMcmsoz9yRnjSfUHukC9DqEaEDwuXanf,8224807176
5GxKZWcxa5i8KXNGp3KGL3aFX8geaA35FvRhDgw8V69p4ErC,81639576504
5FenkhtocujRwqstzSZ4VuqkedpWJ4rAWnKvXEv5BaQDpSXo,8587711382
5FyQTTvGGRztGb8sYURVzA4ijHCyEQCjUoKaZTkTk8JyruJh,22324009308
5FJA5A9g1c59nkkCNKgxVwZBa1NcLrCntdPfjUDVggKzEGf9,172942338447
5Gc4rXjBF7LbVAmrZiwyPHst7egAV1457wzcf8u58jmzQswv,153628101594
5E2ia4rLJDzpr8xf3mt2u653Sy3NDJFWyDKGrESxppRpsx8H,12477513627
5ExuMh2R8HLM2xruVt99RHC5Rwc6r1eASQa73Lw18igutmGT,131712895548
5GnZLLW3v3U2t73zTmvdReLjy7W3KFdXPr8wMgtV5Rk2AXSJ,157752600000
5CVKdaYhDuyzzwrLKQgjBio7N8w1S6ATXwbpdGbdkh9NhzLh,89635670255
5Hm9WbxMuLb2oGqU699c7Nf1f1tkSpm2GRVYWg7NDThKjuNV,342163120000
5H691MYeGFtMzXw5YMNvgUyDFGRztKsWX9JHC2ZcsJWYaNjb,8208351265
5DDGDeyMWsmqhF8WocYBvE1QKvhYR7B4ahfrSgH3iqXk8Nr5,4624360000
5G7DvuV6m3sjgJe6JKPKJ1YSXszKAJ1VX1kuE93DEPeRtDtt,46325971497
5EhCsGesvhD7eEFFe9vwRy2qHTCZB5kRXjBmNJXr75bSDgg4,40094870000
5HoyHqUG6jQzCGSzHZn3jaUjdnuzDn8nqXQcMYm4DkSFdXAd,2778310000
5F97ANXV8RLA6fvDZb6p8kY1smTnRvekMMVBrZkXaxLNXbev,62540740000
5FfAoAofhFKb5xwhNya6FppSd8RraTvVkrQgbKSgLGWFUt3Q,158380000
5FhVLqEPGAXNFQsuQ6DqFa4PbWLXDKYunM2C9kpHDhnLvwoV,1486660000000000
5DPNMAHaf1PV2cFGyFRCS3bmVyeEpoaVdDFw9sqp6hmpAJkg,48318554666419
5FPCPby1QoQQufd4k8A7HVVPHtc3aTHSJQt1YS3YbS89AcPZ,100000000
5F7Ro3LxVSRFKhxfSpuwEPbM2tTYSUwn25KAJEt7VkxEWsfa,62447510000
5Cr9987XKPDh5tqTwSbFW3PLUN73Me2e6Kvc6zUNbEJMgoWa,27141059515
5Fe4LnJcoYxFhNgyeN9RYvrAoHFE4s1kiosWhpTd8QSZPFot,1438440930000
5FuoiXGMv63eGjMHZMAwyXkfNzPx136p9pkxBZR42Q4vTjqz,8278531734
5GBpVvmN8BYLKH7niBzGR16s37BNRCZFfukea5mQj1GsDdSB,8164896880
5EtXDT8FTvkAuG1GdaMjEggfrZKFHKm5FvvrDMK7NA6y5d3t,1083577350000
5DvNH5w741fvSZHZRcLdgz5JJehUx3HE8diqnzaqLfKtPs6X,180890000
5CP9UDzsfko4UxpagWHC5mSxQQmKV7cHK8ZDmVQZcisQzuaq,8203404747
5E4oD6eVCZC2B3wA4BXPPPWwMbHCBrutDi8qXrzWrDQbnKKW,2823669090000
5DAHnAuwo5Sn5ayT698so6WwUEWgepZsuimxgcyDLrR2SBLG,31500422495
5Ckzx3dxfiLnQ9AFTsrPCaGEedbbjz61ec8RQXF1kCSxzL4w,8202544345
5DyHfesgheAmcv9Lag2Sji1VBkgxhcX9z9REa3PeTHA1wPdz,248040900000
5HNpzTWCyAi99UMyu53XFN6z2iFPzq83t7PZphmYJFwCLg6N,158400000
5DydULrXTfHpy1xfBxRBHSXJ8FmqTi3C1xSNBA2RhHhscxL4,1171422500634
5CCgPxWf7dEUPKZf3y7z8UQT6n8Mq51ahQboW5uY6VaSpCQh,92116994857
5CLg8ze5UCtwAQoqigf8sAraVkxms6HurCVojdRAKoNrpnLD,548204673
5DFspXGiV1dybas15yj2g9wvMVhtufQ6ThioLxAdSEBFoqCM,8206631960
5EqwJZEcVRmzyPs8F1Dw34vyemLHLLWhnAPde2TPrYaNZGaS,3475471384
5Gru3MF8nF9W1gaZDgXq5QaKTAAT3WktTk1RU7t6Ca2UXshx,12775148625433
5FjxnWpr95UrEuxGEjwiK6AwQmNoMbFYsGmwEEZRb1qYJcQP,8205551466
5Grut4eNrEoL4vx34EXXrpuegEmwGftdv6fiqQM2cEftCmHP,2004675260000
5Ef2JYyrREYVw2oJaUyP9JxgMbaWX5LyoZnVpty8P3HfPxPj,9149113438
5GHnJJ3NPZPNVjYXKrcSA6XM568CMRxEwQsmg4FJSMXNFpAD,62571860000
5EsNQMySaE3LBLAEUn1VYbrWBgN1WFfnJJTy4AMstpdsTfcx,106260000
5CfyFtZ2Rw9gWmDHxDFNBAj4MRuFVPz9e8yofmPbLZRLKWBz,100345881465
5ENg3nrBtkxGPqSdm6tjsufFDgniPS1EVumtbzSqcghJhAND,11372047480000
5Cf9vyQBhhpycKH5eoRf7nCPsCicmZEnERUqzY1nff3RHiTq,3604447298014
5F4iSLxHMEYw9R3xjftAZ4NZZT9wfKkDiNbsaPtDnda6o8Fq,25178895225570
5GCJFVtF4XStUj8faNGr1b5mrHVfTGPuf75RzYq5eVRe4J8j,100000000
5Ec5CPRTJuZKEr48saTCaBFX8bY2zQwWV2jqwXtLCPFRKiea,24497980000
5CadpsLKJPj1L2jsVrJ1VQabeT9TrhmyDyr2TZtt6VpGvh4s,19987600000
5CJX5TSEokNNvgN23BKDLg5wPrC1hjmNb99hwndgEJK5x5jK,93230046829971
5H3tmvZGpcSyJRUFUiGtZBaMQwuZNW9n1ysVGJ2rk6ftiTkG,3019949490000
5HYH1zVDPdszvwKUjDKs11HLgzFT1X6d4ho94BUmJTxqyDSw,7127765644035
5GKmokaGjzhTFxcaiZ3rtteaaDP6QUzuBaCuA6AbZxyHUP6z,699731660000
5E7B3qWkJsetJE27wY6RvSboRXwStM5d6wCn89w6fcbUJhAy,413652933735
5CPxLUk6wi5xP4MrQMtRdTvm8F7jjpzDD6wzsR8yGsS5z2Kz,3387247920000
5FLWPuthC6Ydt8exXJjGPFNngqa7DHpCxASaGET8LsKixaak,8556839909
5Eh9Qap35XRYEZMqj6ZimZRtMdrEQagBZu4rtMzYj1wrqf4L,103233883894
5GrunC37Z5b4EtHd47rCto525s57D2G1EGTP2jhkwM25SkPL,109240000
5DRQDcY69K2qmcAG37FcoadFa9JH5yKhQNfRhtYFV9gTfYwW,9369989791
5E7pX9RoYz5wYL7ztcmg3vJ4bH1GstJgVAbbk2QLYqsmwQ64,228889679495
5CiignVUruKk6gWfBXmTXi6k7K4toxX5Niy2goaW1wi3JqCF,63546727297351
5FnRPjUJsUZuHFEwfGzaGud8KoxyeetpvKPbSBp6SqfSR6zQ,11863754504174
5GWEycmqFMR8xUhRDss6zt6ZFJ967961jCF4ggwNuHBXdhct,147950000
5D4ejSKFAKvahck5LezMqrKEd3AqmhG3ATtE6Nehamy3WSkT,280280337114
5F9u3o2pSftNEnC9KVJhoEAoEGHh9u4cXQJmfkbAkxKhZsJE,46018916939
5HeBAdbHmfVZCKtV2fLttz6Z9tSrwPM5sy4CYQQj9bo9KP2a,158410000
5ENX1Q3GZtrmEXd93zJy8nrrCNxfxQ9csfRqQpS6VJU1D6D4,30000000000
5FxutL7ayJEA9FChAWEvTMnnvYvkeieDSRrUrduqrPRWG2hZ,8162522491
5DvMKPGyqtXXZeknL6eNZpQgEzkLXkwdBYK6LXm6d9iriGRC,100000000
5DWntHtkniYkzWjCwcJoJnMyacwfGZBND9B9FH8npoCKzBz9,137362861316
5DJ7pgTz91Tn3rmFrdhFew1iAM5XJ2Uv4t4vy6PLpvWRiyar,166620000
5Hmd9nnZp3scs97dpK3SBXJwkPJsQVAVEHG2Y2C73wPwtpLR,51971185906
5CDWMma3HmkmAyZV6ddqr66KJYpLZgZ3UH1BeDNpTbTksHui,1486636020000
5HNMWo36zyNXYgqgcV7bKRRLCpW2CcmpVssDADgGHZvturjp,29601527131
5HdTygKMBLjtQd3GikeoNQH25gXLyjFfZdyYp983hbX5jiQ6,100000000
5CvZeWJK6KtptX3GvKm953gYdyCL9rGu4ZnshvYZTnuQjYqL,30810408811
5HYBh76QachKuN3mVqCsVytitAJay853Z5DsS4ABLUuvAqo6,100000000
5HK8Uqdz8EtbPY97dkcgiYVjS3o2Z3mggDbDYmxxeoNQksaP,158380000
5H1aLcNJkzVDQeRXtcJdVQSCXkUechCY1tmsNRCtaTQPYmbg,1009798726031
5Dke7BzcgdXUeCdhYHuVeQdrJHCfPqNZH8iPG6vKPC9HghAN,500963900000
5DJABNfjGaFTwqLhiSTkAzThg72XhEHT8Jz64SKgkmSTBP6d,11870000
5E23YcvPYct7EoKECNs8HVeqiUGT5DckdbHEhszqieDWYQpq,2861790000
5FX3ojgkXa8MNb77XzCT25kwPwVx3jfpCjP7dXfotVuSzSzC,158400000
5FNNXRQAJDyTZojrNRPuhq32RRCCppVRZ2ckQCJFV5Vgc9uG,6338872896
5Dq31Eg5dwrm6Ltqi2vpZp8AeNwtxesG212oyWPtj3aNK6dC,5114778901
5E6tTbTMHwaKkjDu3dZiAbHUj4v7LvTJWXakcZkwBLFNFgKf,8201681401
5CX1YyCTgz6CMLNvAJep5WVaPxeKTug3ACPtKmQPQUAct7ZM,3531336940000
5DFT8448QfhnddLCRtb3s1uqWMnBijSV7EgdAkoVhfykhDPq,11956367525
5DZz2f6u46S6DZhvUWdHPBBfJcj8PrdPS4TXWKFsrHB8MNZy,421303330000
5H3BGsJEChcPNYcsaeCSScfht1gxqtybrrDinWUftCpAts35,369727280000
5CyEC2M4i4Q8GZZRHTeHeMSQsDM9ti5vHMSmgHueoYXn9fjZ,652042544058
5C5xMoJs5RpsAqsHwgsKkt4E1ThzxqqoWvaCk1h976mU2E2g,160949474001
5Gc841nMMF3E9MiF2TSw6psB4NJvPT1KtBvwbjCdDQPV6Uau,12479934902
5DtWPq6XXabQTt7agBwwowtFfAwB63CZWN9ScdCdFCGe9DLn,32531173116
5H6DHYX3uneaEhnGKdreWdgcgRzrWkEuuMPZFqjckGGVErCP,46711932117
5DVHw5FfHnQpyGaQ1tUVLDeM7YjUcm7nBkThL42kDh9TQd69,108110335014
5GBetrBJuGmquzY8t6rVAsuj3ZK6Htj8AxJoH67GNCGdTLBu,31074120000
5G1khWPkiqCJJhnQMKov175Y9NyhWstbt3Gjo2jsVX6hU6gu,2125581598660
5H1VMfC9xJQwoghBUnzExNYiTqGax2MQUtprt36rXo81Be5k,41025112345
5DLbVMKst1pSvChpyHsmZmsQHRtH6BkQwkBi9FgCuTdJ4hzD,1230523790000
5H47jv7ozTvpxo8jSmGiMWSsKvzshxxEG44ByfSLdCqJipQp,59921280000
5G9Ya9f1DhdGhP6gyY5WBZ9q7V2VhBz9JobeCb9YXxPR5MF5,549381810137
5EEeb1iReujktfwgaXpHJMXGK71jJxUTfk7gcHAKYy8LzcEd,154430000
5DAnb9ghfxpgey3wUHdKLGFxWNj63aWnpapZYu2mMpC3CXAL,8199749291
5G4Lq6W4EajfEaeoHE7BN7ttHVXP8FVa2XBySUmRkRiSLnzu,158380000
5HHMTBaTA1oqEK55BDVW3eyA2K8SEAvJsZbDVShwtokze9QM,8565523755
5GHBkeQfeswEUVv2UmPhvzWm1tKrb6xiJgorYK1885vkD4DV,1277604486897
5D7TSx1EkQwS94zM4NfMgD57sJntFcrSR8XxK5Pp4NMzbafH,15000000
5FbvavWuKUnX8VbziLAvoJSHSuJLTvT2pChdiUUNbfFExatq,90359660000
5FUT3oPmttYxaEe8KbdXCwovvz7tSQHqmGzz968yGZtAcT8s,18596508161
5D78Abt9T1VXh8tSDak6yf7mY9eqsEyVZoAePhdebpmVRLxP,8208348151
5CDmmRXtkK7cSykeEPVYxAKnZYMZaELerWziZsdnGUz2M9hp,223437712831
5EyBVmwjimr2XNigWjf8cRd5gdwrjPuSD61ABLB52bjNmiN7,8220002916
5HEULgXZattyGsRoK57C5Pet7cpgCWdwZXAkEJTH7yD8utx3,158410000
5FLXTXyMkRnGQLC4LrgtD22yMZP3mqrgqs6nSnoi62A6d8U6,2378280414108
5F9KtF1EGwuWmiSr7GjB65a2SccKG6Z3oHbgL6rUxjcftHT7,20882252868
5GWSKFqbXfSyMz54GYk2GBr6QHMpq7knNkwdK23rj2Qp952J,8223942424
5DtkhxjwVfMmYPWQkpmLN79BiE9jqDXVueH2TCnmYX6H3QAz,82890000
5HMgLN7FLRXFNDs5gho2iwoExssRjhvnVUqreTiVHhZ5nYbd,73334338325
5GsGm1LqjNPCZd2WFDxc473kSGYSWn5QBpVM3sbQBzFzLqDX,40019680000
5CSZqh4mpuk4u5c5PEwMnA4AXiwr8Yae1q67C5kexDUgfW4q,131640609584
5CwUvmUCwFm5HvfKvDuLJQp2EpHp84FP8mYfvrxypcTKH9Su,101630000
5CLWUH3oHMumw54E9mt4gjHeibcKNw3GLcur3M3X11PfXEbL,104743147312
5DUDiSeVmtr42ffVpnwAFGKM9zogPkBiKp2BRZeeM7gvFukb,8198035311
5EPMKMUbytrg8YkA4RGAD4wr74arhH87V2RWQggozw2BamKP,73699740623
5GNHCjZzXryyThzRcoK1wUkv1PH3NUz54NMaj3HJ7dMR77gj,10284601731
5CqbPLxqxY5JBvRUHVWnyjWtkGh1DBXwwgTFCtq1EuZkL6vH,8278973585
5G1UWtXo9dxnzrmEo3hRF5itc8w2M1fgVyhHrSXhAD1x3yTn,10028605221409
5DSJcr6NmyQzJvVqJs84XZiqrG7bPzfjFXJ9WuE4kZ2s7iD2,6249428850000
5CJNHgzEu3DwXRyfjJ2q3ub9nbTietgNhB97CEsh9zFvpQwM,764876315141
5FWxGQCF5zBpN6txGRKnFUiR6uV8zPkcVuuZBpS927uND8a3,8276122457
5FHsdW75T17yFNJWGUKem6QVCSkbPVE9ivM1EgM9FW4HVgbo,8205121869
5CJySS2EyfSqhXCoZM4F2KevBDZzzzkywiYsSi6cAJH71pAH,8201251051
5FCnBGuZ3UQ8CVLwaAEK1YTpezSMaG7cpSkPnUsRavz3MQfo,154430000
5H1BqNAgtR9oCzJAWukKSfL9vjQA3TuzpgUndd9v3mwA6g9j,8200824609
5EZvHAfiEdD6fHT1jZxZ4kytZR5EGfHRppnq7Ne7TtsZjr4j,9668801587
5GNdP4XHp3STJncLr2XFHJ538DSWTUP2ZDYh1zUg1KvyjW4Q,8205341880
5FnXYc8LtuJZKMu7Qt8eWCFzzD896yr3DdvhHReYcafmj6qQ,1105936323435
5H1Fj1c4PQvFMsBXen48aUM7mX46xiTPn8Y6mWk3DRGXvxj9,1140913234803
5Co3ecRXbwehf56dZPS2nCwHaqet3Ntb1Etz9x3Q1ZCtnszr,8987094387
5H3kHNEsmH6FCfoVF2R3uFMkoiqZHJgL3QyBUmcotizb4vWS,82850360000
5HHUKYFqQvtSHzJnMnNnajsbavgNwmi27RZAF5dp2GLrFtKY,2781370000
5FEgYqy84WkN5BqLymv1inZhn7jrGoWJeXuAnnDC3sZAhNGR,70540297507
5Grw6wDqMuwqp1zW5fM2335hrKcf2dfpbQ4tb7ZCnMu9s1AC,282302190000
5C5E3wCuGJsBor1zYmYSAtPAvQfGnucYhwpzZK6D3vuZNq94,1703001134
5FxihrNjfZe9QchjU2cQaHJw79wSkjrrm4QZbXteQkwST3gn,10130489812
5FhMMRk2JNfPHUR1MvB29KZHkMFUVyry4Lg1XyEGz7hh3ShH,147960000
5DLHCCLAJukeoHxXZwNx6g93oWaGUEuAM8LumPjK3C7MTcVY,1230680620
5HarRgfYRdtUUUZGbqoiKjwLKhQeJ9Cbcp34zHRHZ9Ww8d6u,8228495371
5HL2xQhab3si9Yo7Mi9uVSz3FehZkaThtMUcSanR6RVXd2Wa,12404822638
5HHGCmVmXj6eDKMY9JoZgxeqkAGCmvbDSnKUhWfesneiE9ak,12459000687
5HNpf9ydo2C2TFBS1frahQeNDVdG2QABGckGsBNKxPq44Mgb,84247247276
5GNUPoHAMMHwzi1D51NMe9iVVmqrKafK6ADnDtNwqSeRM2oA,154440000
5Fbt7o77emqK8ekrVnp3c5GPTyHpvFNmWZd4CUyutyY2wLHr,88283632242
5GvCpqwuGxvV7PAacMZC8cWZAGiRC9TDwasSvtPgo3dSESTW,10865450954
5DJjSWAf5JsABiEYKJh1sHGhkeKZFm7itdMus8Q23gq6g8By,12585880921111
5EqjkVd1cXncYvGpbHFSk9ktFk84oL4Wx2VDNe4RuRZNPQ32,3993054620000
5CybtfNFL84hBrybc2BQY3eCA1U56xEhAq4QzFwkZAuWs7fK,10000000
5EYyf8mw1JWmg76pYfxZkBVUdeSinTz24vwPFs9VDSFBnQQP,42451263797
5EoJYZLbbjsVpbAErKtwbBq7G3uTF2e3t5Fu7wRmLCkx4ViG,72543063505
5EepQoPRoocRuBp8HzHnnGaFfj8DVNVXoqZkjbJ5YJYcUsj8,9865674440000
5Dtu2D65WXPBt5jkGSDpKYfJLvS5fJW7NEPGzro1VZg2SXvT,3570329778212
5DtPEPedsgNn8P9c4GuquksU6Mkgnto3p8AkUFjmAzKXjSGh,158390000
5Fmu43qLMNxjwWc7m4uPM6Xr9ATDRKukxZJSc117hqwqnfPh,2036983659993
5D7hvxfuMC1Zrbr18jYzctzcegzRCe3tsksUENyjMmajhgdH,90337400000
5H8VQyDte3R6yaMnznesK4Hww7HygUXUgJj3xwHymrAG3E3B,871274388434
5FRBAAMoPshaG4fJoXShYMBG4FdGneQi2DZgrsurWqaTr41i,657996363241
5GjhKhSuTaTV7FWhCmmhZDSQvCo9UvDeffo4hFQgLMUaksSM,23146124710000
5DJovVaXYQFVwnkP5i5DE5JFyudCdoEfMiM68BVgzbL9v28c,78182500000
5CCk57vH4CbSXybiUW92NvL1pmZqLRFu5nkFBgtZsAaBCMQ8,67513982748
5C5rWjRKfMExfmav864hS6aVXLG1183spgdUeQ7e1XuRMF2B,82487815961
5CK88gvBmMaYEiQwj3pW5UrBSNamuDQpSzZf74mUPn3ihERX,8221372796
5G1LnXqD5wyiGd9ZXeTJoR6aDBszJb8ZAhuZCSSmkUbvKZ3i,165602103777
5CM1xaYqrMc9SXcHVYzYmS8V5vRS1CLE4Lwc3hq6riAGRTcP,204039269601
5CojknH9daMVDQ6rZuUSsDjnzDcofvGWRtCsG6y35HJyiDvE,20269162980000
5Hq2s99sGRVwiUzi8ehoxrrZ62rtoBfvT4woBWhv6QQW5HvV,10146872090
5FREbZGCWLqUxnSqYfgMXPSEPwyPxYK9nbDsUyT9iifk7e9b,60216115024
5ETzqusHkBisj9oSKgtg4BJjr5zCNVBgW7yymxtNr4gtghmm,8922491090
5FZ5yxjtT87dBvrLT2Xw9v5VubRYT1Ki6MnfT9kk7Fj4tv5B,34185750000
5GmTYN43P49kehsNXzHm9RGT19dGGkwHDzcpasj7UFKjVW2J,477081160820546
5FPBih8RAKr1EdtCWsBv97faVaiKTktSoFCuw7pKEuU9s8Gh,100000000
5Dt2QpCNab76E1AxLkMeVuyTk8pyVwi53SoCPAAMCcpZ4yqJ,30000000000
5ERCUkKFvf5fF9nLPhP4mWJq1zaUeENzXwvihS1DnNedcsf8,4159384790000
5CPb5qG33ose2LjiGjcJHBgfQNa4YLfWTpcDu96eLqS4H3G8,8220220520
5CrR2uAhtU5xok9mgfLxuvNXct1PurExDWE9e2BzY23iMQP7,8205121869
5CcKzLvNLZkk2eUbzH4svJ19FrNZKNP6JmEomNACcwzzMMfT,3390470411309
5CdTRfp4QEjUM76La67E1TBeMnDfqrPUs22HLcW8mBDgyqEq,8206411723
5HWCCe7amkN5LmkVW6Jr2Li8AWHi4RLuZ78SqGdHMcsNc5E7,80015571689
5DcUXHtCLTrPVi7msTntiGtGHXQcZsvuEKjHoRis5BDFv5o1,65947570315
5D89rvojuMwUGsbehMQufthcwpaLQg15bHC2JRCkZD8sGgy2,8593271964
5GsLXdaF3ibsrotkhZz7yhCUrhTuXkZyHJ7FZXSmsTjjCWsM,8223291059
5Df86iGeKgZWNbF3ZSQuxLH2gT8rMP59QkZeuuxFmPFHL9dQ,35845810077823
5FNHG41VNY7h9d6SiYKiEdD14fqFYp8mGNZVRKMhNXSZz9L6,680130000
5ELUG4w6z4PdKdyGKT7PHg6cwjK7JG4vzDURBcjfcUVjTiut,8279412779
5H3yZgKvGHXpPwc3UUP5e7atN4nGQHGdP9aXgCbzc8uH7gCG,40000000000
5DqgveQmE1Tu9DukvLGsg32NhizY4FyMbLF8FQLWJXmaE1Di,1193342853856
5DAggBjZkgyDGEFt8biJLqDdz8N9ASHpKJUFUwfjCRamPrzJ,1026047265206
5G3WhaMPb4A6ijJz63fxtxZ73AR7ifMfHnDnB2sXM2Qhy6ES,100000000
5ChV82z2vGiLthrgjiSC1DjGeqow7ddbqq9ADXbMSbsJdqz1,8210936427
5E7K5xhKkQWD2Zep8Cm9jnaVZwktsfbZ5RJ5u8xHTXMMGx9y,256875410000
5DkmYBLEwjfy9LqRnxteBfcp5GBoVnD4Lg8knAToSzqstW3T,699806070000
5GmVv5FZb7zguzGftZ8KjpREs7UxnQA7xh9PnBrikqPn4VdV,154232830022
5Hmzd1HLMYSqDMSdBY1GXvVzzyHhnDRiXhxZiMKoC5Xe2byS,29840879179
5GeUyAHayJNFbrpdXu5rzs1gVMZ59eZxBStq2vJun3d3Sdqn,40530725264
5FUCdJWasQ6L2jQkVjHb1ZnCSuvDA7Hd1HqnmyB3CSPJa4sw,302040094725
5D4UKsS97Kh1Me4bRvN4KdV6uAV4xEG3gfxKM8ckmR53Nq5T,87890000
5GEbfxXscxdi4dqh2B3TjpWEgiPyFUd5JduFM9VXs227YgGt,1945390000
5HR8sT2viwxoEbkoPeRhTfYrS8oEQgaqUiS3o9TMZ5VrLfMe,38666105805
5DMR4fDhi89UYcd9uEhNhrE2xZbvVu9r833JaF8qa1aCb1jS,12443813234
5EHLKFhzYSzhCWXshhzCm8okzRBWR3x8Uw7iYDyD64e1kxg4,8275684771
5Ctz8D4TY2yRDUSJi95QqxKDaZoW9j4VCzbwoMudz8zXwNjf,4745770000
5CwSj4uTHg8rkktTnLgzAyGaofkVwA9PB91Vbb8JuPpcYgcj,9479940000
5GBh6kEXwAjC8wYdzGc96sXEHZH5e3SJJNNJtTNZRSXFrYWk,1397057218519
5HZH9L5Bppt2oTHuPjot9agZyEEHtytwVyGkpGjFMCwbNgXs,158420000
5EqWXLnXWk4UugfECZrzuScERrQdb9ojQSRKXPFzfzJQsGaD,8156053229
5H6LVSxfxseHPMZjWJF3i6zr3ncM51th6WiNZMQGRjpewBJx,1225407633
5FUUGLKXKLXkwzXvsBH3LSpfwSXyEG7CZc8coXu1fVZAPuQc,8562360922
5Fbn1p7VB3oMTkZPFQnYCF6AvKijwMoSNjz3vH8vKwA78SK6,21072972410
5EXRLyW24YwSpNNP6ETbqkbeyfeLa3C6Xh3TqUw2UPtXh1Wr,61611679890
5DqpSvMBfTQswWGCDvzVRhNqmcRMZrtDjcTt44iTWsK8mwP8,158420000
5En45vBfq4iDxpYqbcT4BPT54p8V6JnYQgym9KCmqKDFHjbZ,10528422562982
5DbxnJmwEJu4J8TiuAPeXfDKBaFxn21tgCjXDYJxWUJKaBub,923723027111
5FjvBfuknC6fxnVT6U6CaPYdndsg5X4ZTNFV9x7CajXtZjTy,8883935945
5CLtywPhnQ8KqmordN3Vr7Gc5KNe9Ebv7iHrLq3xJqU23SBp,202960200000
5CVFHkVMPiGK8uiazevyviXLupr9GJXHzTrmdpzFULQowbkD,158400000
5GqLVB9ho3ztEbAHkH6aZD9YxFGoEsudWfW13L5YyZMjeVDu,11114149850000
5GVkyxFR2E4f3sHkxY1uL4t7C6tUACHFt2dXKen4NXz7W44h,8735078612
5DSQZ2BYQrboecjbAWrRxgafA8ZBko3a6p5d2LGmds28Tma5,3167510000
5FRJkYjccvtWPEoHcH1TPK17mu3fwqhoSWtgBNdodnRBU5vu,40337640000
5DtGjcaMfaPnrVEbuJRsjqYN83p4YZBwNvkjvJVUZmXjD7V4,33798960000
5F9YoBC7apUc1eqejfMkggp7yGYSme7GUufW12FMFX1pTzPy,424265000000
5CAkb1LBDm6wCKSniAXdEFeGqxo5zhyeBg727MYXtbs8UtrD,9991495536367
5Ev6517A53cqiUC7Q8W6Y3vj1PCXdBggwzeohVgQLLhJSRHt,12326950000
5FtEEfxEdXX5nM5gekhuoWcwWfhW66TtDdcJiBDaCezpF6ex,192828659753
5Cg2DtRzeSvNPxhgcJ2ffE4TiX8pajP6cZ5GXh7N7sDdHrCZ,122208670000
5F4g8mDMnSpKBncXv5vhjWeovuAVGMSXGL3xdtQBhdk1YVFL,520731070000
5EWNs42A79pPN53rtSdFYPK9jzSuiD1zMKYfisDhipBzsoVo,22010003672
5Ff9dEzymtig1d9oP5dPoEGWQQ1xQVk7BHP4MNo8mBX4AVds,1393776210000
5DiD5n6Kc4wQQpMAz2pSC4y9Ect8QgKMuKh1biQDwr3pt4iA,2435788934256
5Hj4rKydaju9B2UzF8QTBxxm6SKToZ8KKGhZHEsUqreQhfYg,8226324047
5HmmwCjHEJHAt5Erxh9sbTFLNhH7dBp383k3g4vvUDJiDm2S,8219787042
5H4CTDB3X8MEf6aEmvVyXiEST56wiLXJXsagVW73oFR7GNAv,158420000
5FLZsBtwTeNu5EkiMDkwF4hS8V7Lz1bR4HQRLHc9fkrssB4A,43206093281
5Fs4FsAFSWUbKvU7CCoLmzXcJMAJgmo8bHBWRV3yueqkS5oT,2669185570000
5DLgJqSQVhTiBt9AKVebMnn82cebpbcqAZF5N7rjhHEunRQT,158420000
5HK8xzoz8vXvnq9f45XmLXrsNJVfx4m8H9kbaKyVEEH8fLBF,103549349016
5H8zXqgiFq7y9fN5D4W3h2YtaLG8Jj7mmB1cQuMcxJi1rBpD,40776330000
5D1rG4naxBouPF2TLuNjNpxZjDvhTUqistnzxnmpxVThrJN4,16915654011
5Djq5tVSyA8QM68FEU1E1q7ufPN1TEcGYg6KK2eZMX8jTzVM,8556838193
5CFpR5cEd1iJoKxU1nqJGw13NVnRn2xggGfqsSd2Cp2Ed3zz,20000000000
5FjuYMBQj8QyFLCActE5X46kQdVDfkz7KTnJf46E1zxKduuv,188500000
5Fsiw8f5FvEFPAhuqN67Y6A3gTcinhXHepxXgSsnrxsTVMv7,27196969535534
5HR6v8tt6WYNcAYFawvGJXZLQevr1b6LZgG7pcV4m4efs7kX,30000000000
5EZ6o5AspMScJMa8PdduAB6uxLYGX5hsehJU62Zuqk8SxHc5,681110980000
5CMJWyHqJCXXngYcMEVL7MMC9a9dRnxx5AnFsW73sXbSVop7,4967311962
5DfVUoo6RaTK8ZoDcwY7Qjyy8JCnhQAmi5gfJvjmj6Lm9zUR,18353904755
5G9PSu7Pv7HJa6LCqTY1Vfzj3tmVT9oVBUfvVFkrok2QReHw,43657061874
5EnKYAcJSWQ4TTSN4gBcya5S1vo2S9waw1qDGg45R1ZXtG5b,5820000133573
5Cr8Vzny78WDmmcgBBuyQBniha3bxHyFPyFBvmq5dFAUADJb,1546702690
5C4wk7gRQjxG4G92FkqC4LeU9KUdTBWuZGRMMbK9cANUaRdu,484490023123
5CwifAiGPuqStQVX5PjFMKkd2Uv2tkfdRq13W5EqsYC91DRP,467984110000
5Ckr4mC7esLVKwAdnxcNXGZWYjQ9oPZkpowZGRfxfdDtXqvc,300905260000
5CwWVVXn8du7GyuAFyQ2ynMV9HKscYw9sx6r2VUShmTd44UU,8279411563
5Eh5gLbxuEvezuHUbnChkXY7Mbrca8ViCi4TLcpQeeVoAKiF,8380096184
5GjS14uD9KoxXTjdFF5TyWvLp7tdKshDfM2z5bRmt9aHYNDp,44351290867
5HH1fbHyeLA34PtCzrFZugU6QgY5z4SUhKye7bGYBVe2G1Rg,23563580000
5HVVf4LoyAEcvSR1WNqy37d9N34TfwW2ipscXYEjPS93phSS,529732922760
5Ff3Xpnjp16uAB2cHatBnxmNYhHzp517YakEkdDUEfQvPsLL,715066382494
5CPTSAH8YpQukumneamLFkCjjpHmAg6gkdTp4Cfb98WtNCS6,154450000
5FjV1czPLVwSFB2MLgbsmJvAZ5eDHWZtFZpUbuFLS9xqDASW,324050857772
5Hor5gaoGwxmPZ4jwXuwLNPnQtUtKHLx8dENAcQJ5WoXGvgt,24110709306820
5HKHsybouxFnVLf7frB5YHYScWFs31eevAhCo3xkQPiBw96Y,2057408635187
5Ggu3pvMFr6WR7A21guz97NT5Ei6DDGsdEMGa5YoXaZPLacb,103586448106
5DJPz1BztSmwoxLiupNsdrMoC3MXqbaVj93rMYBKdrd5er5p,8196961641
5DcQaYU8NpvBaZt7Da9V34dPcu1DdqUtREyx7ofTnGbHMf2C,22264000000
5H9M4P9oNJJypqVR5r4yJALwsQdoV9wQ1Fq7PEx1fbCTCPCg,14830000
5DoWpSf2dDyJAp6SWVfLrKwqQaHdbpE6Y8xd1bS3ZNjXvaHK,6518413550
5Ft4pgzovXRvZEnwcnDPhKsZ6VdF1ynTvBQj7jUkp5rtPwcv,930873048961
5HVqHLuJDtoZhNHk2CfwSmsSwWrPrNSC8Xz6vQg7ja51xPW1,402992178340
5GgKSgp4zXqdcXEsoBgqYLCyGaXxp6y592ACJnKxvZWeWA3S,397189304576
5FHBLGYFGbKCRXAwA5YNazYf2HaM3UFj3ojcd7rACekgBzn6,73010000
5F1Jzw6aGCsZd4SduRimgReQvZjRd6rULF7NTWPA8nxTVqew,13736681072
5DGA4JcnS5RavpxwJfadwjzhKMEN1PGT1NHAnmHsnqu4X6Zs,506989790000
5DLCaXVK6zPide2LHN7AX1EBbQWcPucGdziRxSoMbe4weCoB,136797312626
5GYzc8MMnLSkKYHoopsGEfUUFirDQTY4uZCEAAaQoK4v8czH,12857263129605
5GpGXrXkrVTWewqTHYeLctBCtkL5yZDC8QgTHCH3PB58J5Sr,100548530000
5D2bZ3SkPByh2ayMDTEy2dYBKD34KFBaxp84dZs4ewYZCTeT,8279854119
5FyPLvme4q2V7YWzaenF2tE4xiprf8rrimFLZUgmXEr9yDvj,226998099593896
5FxFPe4y9RTosq9UgFoGBXhTD4UmdmRvwURpZt7czcut4g5n,158420000
5ECbDQdQi8BLMA8jjX944oL5KgKygCzojoPqfRBjLw1jRsMu,8205981597
5Gjf5kY5grkaKrjjR1cGNyptHMpvmM56fNRqL1Xt4r3z8zjf,1149175141880
5DyddMB3aZvcoVDfhxVHwKVRmyGDixVzNB2EnjZ8eSWDHBL3,160753396671
5H1PZdTgSsxuQFhXtjpZkeRKs2MT3iFVXekNH6BfAdwtL9RF,1276792110000
5FtAWE8ZLCVzQHteGpLUpstrLCA49m2Stz13g58Wd35jXxxA,100000000
5HibViEmT9yxbAbTxTEMUagNiofRezhuvQdFE4i7JkH4i8Zf,500500000000
5HQfXQWnN9zYZe4FqA5MkcGvJp7Qe51cJyfr2SW51puHtYeu,12457575169
5DAp76fsnTWdG5JuYK4D3Eu5qPPWbtXnmiLAf2xwsZgAgxqZ,8170280918
5EhvJwbxjpLBRbNgtjSVhw3gexTieApKpZoW8YXYhpbnNWRo,21667718426201
5F1iLbihHTAS81NBTdbVPmPuQo76LefK7XXRdLsd5WijEhto,1005316960000
5GpzAgJS83tuDytzue4Tsz6oycNdpp7F8tcai6kHQ1jPznRo,17681264469
5HNE22vhbWXsW9ZPzLgbGqRtaT7nV7SS9wqL975uU1fyucTD,9486600000
5C5oRMn9Bf73fBYNvBmUpDsg95w8QkBy7ksKDfPoNceVUBy9,14192442277504
5E9vMn7ediSKh1VHo2s4PFn1yN5C7abLJ5UhJZFWpduBZcgg,841536929155
5GYdvpiP68FGzexAVe3LZcdGttte9CHb9MxzRvUNoDSQ3j8n,509134377088
5HDgNPVySAEunMycZeCuYUdkUkDPhx5Cn4sXXQPu3Lgpbgmx,31920583849
5FbyhxshAtEA7GpUyJnEwek7gc9TdcJRcme6rh7yY8hATYMd,44361800000
5HbANGXhG3m7U8kQYXTfeULRahgauerVHFDhVVGTMEVLRvH1,1108331000000
5CSJbEcR6p3gqMtLqsv7wbSiMGcNAhLaggXyVkcfF2RfVU2Z,52660000
5HmfKVUrzBREbutgpejkr1EuH9qh59r8JR3PkFBYqDyvq1hA,9549454074
5DvhehzfCa69WX1WCB6dvrXJowuzmrYDD3vt5ZTVgL57Rn2g,147960000
5EA9fuJgoXtHcudEFm4en7n6UF9jFTM8yPGtFR4u9r96hCo9,22370340000
5GpS2JMCk5dbuNWYKVXWLEJdAuVowiRVkJw6LUsVmoSSBZ1C,48973910000
5CT5jwBEAhveEjgiSCQbkaKcKcUyF3VJ8qNXM9rXsuQyn3Kd,8333343756873638
5CZr6FVGYPHECodShXTyevNgHQ4E2YDGDFhNKj6FWgyNgpKW,1029377054165
5CFnoCsP3pDK2thhSqYPwKELJFLQ1hBodqzSUypexyh7eHkB,6409649060000
5EDCDQj8R5YymhZAEw44Mo69JSoUySJpYuf5zNcT8PEtHp5S,21436770985
5FqTBTAMufSmnaGSb3xfqmzL2CbnbaY2jxUiteRipSrYLAMq,82670000
5H3turEHbnGpwMjjzz1avM2EeQhqhKiUNQoSzio9B6jyFrSd,8604380988
5CyHdRCoYxpzVxAF8csCyezk3XfZhB8yCJzkSjnCjtjUrrvW,3085567213845
5G6viY168a25uEaXNLLNkzaKGFrjdzThjZiUsE9tFuzzEkDz,43196610035
5Gs6F8ew3pgEdKH3FkvLD53T5DJkCK8Xy9TDnEmZc8Z5goBg,8278318103
5EnMrjZEtLy4D5iBtkW91za6qA7xmwMxXRwNhVJxnHbEHFCJ,251109460000
5F4K3TY3hkDYGeL2F86gGKpX7KofMkLpgyVwxhxVVgM2ExWG,38668192917
5Dcmc62woAWmy5TYRUUBTEDQi9mb6hCV6frCMJxQ6YTtwbq5,34283990000
5ELv2QeJnFN9JVZSyoAryTGHWpvLupd99LoGbgL9QvcXFJZz,8209215045
5G3wBMGPbTqyEiF5cH7ZHRnDyVfs2fyheFqb3AdWVAgA6LuP,12467553922
5CJNK5rQgb4Sqq5oe3vdjgg5pSEm4yWWrraH8SZX5ZiZgUuQ,8226979021
5GH92cDtjNTwBVoNw7zZpY5hataiZu8UantR5ikxPYQ9Uxp7,3853795559
5HNWDs8xGjKQDRpiLi3Rw1fSxTpG9rkK7i5GCiGFoXsSFeEe,8207492008
5DVBJwGuokkXaDjRe7pus9v45ZCZp87Puf8L3hqgy4ozAvsq,2158230166
5DvibJKhceQ8gk52hoQ4CTbMG1NNMUYPtvDWBhqKs2LVGdr5,100000000
5ERoWpKYbCzwp5cg3ByHaKy4cUE48gS53xZiekFvqQJ7tTmi,335051536416
5H9YkHis6Jg2r2YwSTsNn2ziqwh1sFm3uXhG4BxJXZniRKiL,10822326350000
5HQMVy2rSejNvTLkgWsn5cbFA6iuyxvsErdRZnrhzgBJajCD,158400000
5GHtirraLbXNnFMyRrMFY1MfJHpPqZaaNw89n7yGiQx8d4aW,27623057184
5DPNj4vBkTkUi4JWwa4DpSvcGin6SWjQAruwViRtiurYoErE,32971628300000
5DA5GVJ5zRwxkGPqQ1ErVFh9pfC7Lgbu3ZrXcyrR9qRU6Uvw,100000000
5GuxbgNVR7U6X7BgVCK8JaLGmkvYfDq2UCzZZ4CDXX7mxKbn,8195247254
5CM9dzSCeegXkQnE575qacKvuugXh6eizgHcZskMyRFgdVLm,8727734200
5CFZzorpaiwjYuPg1dRRNJWtVpJx3SmkPL9YUngQ9xeN3e6G,8516063373
5GEJzvwxxefEdokisZAL2K7UbBp4mubU6hR5tzcPk2WEETPb,158390000
5E4EV199ANEXZQ4FUVWR4Y2eQvb5JY5USR9NNp2siap5GcYG,62509640000
5Dtapv2Yx6m7m38AxnHKXnmKRQEXDTLYcC7yz1RvPwkpxzsV,12454735165
5EZNW7K97Djq3CBNGnsK8w55WQVC65wa5jpmJqFH3VztfWsU,8220651746
5CDpfudsfCWbFHRtGnYWaVxjX581gtTD9ZJoTYHkPXNJFTX3,4671071175256
5DABYXiozQKGBTQhRWMkfoCbrJZznQmNHCyYAX8aL7nKChjc,41624470000
5DJe3bt4RrfWV4vc4mVv5U2WPVbqkgCqHrMQYh2Xmes9atVR,31037546425
5FNhzQLucxKrBrQS3ZdhmYy5iR65nJkEeFfh4dL79BT1S6wy,3882670000
5FWiZTCz3ojYQSBJLXbhuXTysruQPVNjQf3dASa9EJPnnz4B,26515838186556
5DtAgix9S2ZxeE6qRcacdRMkL8BxB78Pe6AESYSBUUiRTqsk,43355459941
5DvYWWafc8w5KLoXX1KkxTzw1C8aMjJhQeG28bacGYDsWzXJ,100000000
5E4uN4t24cKr8yfh6E2R7CxGe3xQ1YfLsGewDU9FGhB3hDnR,38357790000
5E2azjbmeL8ewzDCigTKakoesJjUw9ozSQPsMwGqu3ETFwdB,158410000
5FsoFFxe4isFdSPZU65HEAVZfceJRnNnVypySYHjpPDBK2he,8377287116
5Eo64o1aV6R3vUDUXHC6fBqiCUeChduX4zfDF7M61G6GTis5,2037056410000
5DUUaC2PposYZ61pbDtz5vcrRvgZN2qQhM9dUTW1GPh4vvwS,6111723372696
5D5gp5RB2UExQd29N7ojk3f3fcaeJq1rYf2eycF3935vvFy3,8210074913
5FvLNTjCAzyPCSMgQhtCNznPzfHrh9etbQpQM24QRgyneZJH,3324223770000
5DrA6EYh6kaUnmv1iXn7AKHy7FZhDG8VnXE3TqUhr1CMjQ4m,5020273211527
5EFDoVMZJhEbAPUcs87487Kt9XdE2LKZTJtxd9F2fLCrH4u6,10017855189
5CFhjgc6fANarxtURMUN19zhuAQ91CgBTrudEXsFaA2MLDB8,146076510000
5DoXSs7uAhqqcAYcZUo1qa1UJniRP1oKPFnFyYycff7Chnvr,8222656198
5HmfTzuxcBqMEuVAqYz872KpTLGNm1ALn6PQNaozH7MrXDrj,8381031503
5EMjsd1DGwJ4H5hwqRYc9UELsJHpnV5FYHVp2HvC5wAj7Zv8,23378139921024
5GdfxvLwrYzZ74VAbrVQBtRMGyXfabHRiHBXtXnPGBeNgXwV,432987033568
5GL86B8xNiWxiSZHxRNh6nrFcBAYe7TTkDkADjLyLMLsvNh4,1062150940000
5DAMctrzYjNSjT1EvQt1iU3CX248StBeybeQDyZsSMKqW2Bh,28174300000
5CojGNFGmRsHKLSyaPi8b8t2UVmQqxbFzGUQyidQhHScGkGZ,338589175010
5G77ZNzikX58KMvyN7jwWUM8FSXyEUMT49KQnAgpkxZwShL3,30000000000
5FxFjPK31SuFmKr8kEuimJt78tBcBtbcVvuFcfzu7zBzq4N3,60730025
5GxLS7vFRosviXdoh7uHG3LTYh782Zx6Fb3d6R87SY3YAds4,12060000
5H1Ja6XQ2xkRE4s79ajYexAfUNvGGyD9k5enH4Gb2MoWjrg6,329584764595
5GjCKug7Rzu5vFRFy7vweTchaRNaeNYqxmanRiVcfkZ29Jki,33436208701
5CG5QanQewTk8ZJr5qax3Lg51j6oM8zxEEdjBodXWZYkpzEv,31331160000
5DAf3Q9ibatAuhrstLTwyxW4CNjKGsWRJcMWQar91CqPN5AW,142421490000
5DXUCcxQ3cAgaaLjAi9kQpV4wgPCzbXqLRYAPazYuVJpuydQ,8197388276
5CPqoKXqRmCcbxejNzzduBagDqyPvLUZX9KwZA722QC9JPz9,13898422170
5E2QQEfWs1RTjThvQcQKuRcdbh2WXtbzZVFyjuKaxEdhZxAg,495001040000
5H1caEqpG44ou44SLrGS6UZpBd4Q9XoeQq7e8VLS9QRbF2ZB,101322180000
5D4s5hK7XxAtSyCLSyqNdCnnE98pyrqrT9bxUGMw6yaoJcJD,272688314191
5DVCd4s45EkMjxzcb2Azjwgb4pLKPLqgbEdzknywZousHTs4,8276341850
5Hn9NEDQtkDmFfd3BvoSiGzUVP35cxc4zbpG9W5Q7w4k8bh6,676918383650
5GKW3WB4Q37byhk6wGupoNAJJ8gXVsbGz6Ye1JAnpUfsNBh6,100000000
5EPT1Y96rFqwdcasBXNP6DivTEsWrK2yLyHsooXNWmY2egdy,128044136759
5HYR2pdURqirAyRGM3tCyAZsz6Nsmx3e7FZh7VjzvGZeE2fd,249900000000
5FHAPHQC4V4NS4WPeCNYgXTgNsN2yHBwSrWNcyHUaoLVTWsG,591037089854
5CfR43jK5FgBRnYijV1UaZJPBF3pSg9yTBJLrvUkhJeei6cn,10643920312600
5ExYunaktDwCsyZiUb6ZadaAyzCnFycm1HNN6Tw92N3pQZqG,8205121869
5CaXUsyMs6pLcKLBWZ9Wpbo8tXVvNEREmjgupnBMMFmVpi9N,1500495997
5DV7Q26MNZDyJTmhKit4R4gA4fCTnSUDAm5gqCX1uicU9doR,639646039823
5GNJ3VpZEainiyccN63GSHT1YXbAU8deNrQ9PsxzaQ3nnJBC,8202968543
5Equ6c29s9LD7QxAJMhyFNniU4vS9LuG4djXyWPgndu1Fuyz,10135506723733
5CPyr4BAPbMTupgiyopwgS1KXQcRfPZw5tnTf9Bq8MRXdsEN,2740384015
5HK4B2C7ripwTwQ7HxpGQdeVF5dyqeXuC3FgoomRXeKDMyEm,16929430000
5FX2QEWXVqP9EHJHCPArG1p5mhg4vzcsNgcJi9TdX3f41Fyq,1102530141202
5GHjUwXZtn4DgWRUPqbiEp1AYV4dg9TLFP3ZyzwPjm9NosF9,212928537242
5DsfmnEKwv68yMEA4wBLKv2mY1qFG837oTsuV8Uk1DA618f3,546400852488
5DCxJt58sz19dGqSJCzbqPgG7WpPKAUPosN16T7GNFnubB5B,66006299764
5FTiVHRACkYuy1zEPMGLp8GbPpddf5gD1A47gxHLCktgG8LK,169693790772
5GR8FqLRbCKbeT9pW2gykTKSzdguFy5L3See8eN5dZd19eyx,30086000142
5G1dvgZsEWniLNLBAApnVU5eHsCmyw5b8DdsnBeUC3WCy9A4,90360000
5EHcFnGcy3FCKZxX6eQUZ6GoGaLWi9csExuiytXrxqBEgPFm,5016049260629
5FjFHgaGgDfAakm5RCMmqbyVcV9fLo7yexiW6u2toLdoYbyT,21037687539
5CUiY4qDtHA69W2d9jHsoPjqtvsDLTeVmdtp7sbhTAcGrmKd,59180000
5EvZPT2oZCtbHJNKTNa4dyVZPeQ6WVnVXxStX4bgwbSZ1sCw,4383456576461
5DepwbsiThs2gQyM9bpm8QNz6RHZatTEnpCwkT5Nf3ccyZ2b,8226968178
5E762JWQVxvT9JBJ9GBN8Xb8z1e5wiekCZBBBxXExrE4tjiw,31104038593
5Ey8eRSxhGsr8p4R7WmtPUxzeLLmGXrdqRZZv71n7isuKhyj,10000000
5FjWPXpn5Bfb5NwCk4gtPs35khF3qoRyyhMcNUt1ADwSK42Q,8204695125
5CcCNqRkUgUnd6y5kTGh3eRgUVZqvwkgEezhBGD2Qb9BRx6v,1715532850000
5GC953VmZ9SefwLA75YMBodxjL83QM4aQr8bmY2yjCtmMaAu,8310000
5C4iaaao4MAtSKWMYEQSw7wqgN2sf9owh9vEoqzpCw5T8D87,1094542620000
5GsyG3TAg1sttnTh8t3nzgCvvafBRQMbJGx9ALdtNrmMT85i,60960000
5HbD5v2Bh8yw53XYaXG1TjAJNa2SQyjCEYRKLxcFVxzqHNvS,112133042630
5Fehb17yjcFoPhm9nqr2AdpzJnbkgXLyfTGdgkgGNAv6QGoz,141010000
5FYnfXddZqDRmzaySzicW1CtyKuyzDDKL4TuTYuxt3fCv83a,158390000
5ELuguHmJMLeGjDowbuY8sqzLRVi6D1QJ1f1XUYmGjGNoWgT,3379903077783
5GzvazTYgaiAKVevHWrqiYp4m1ZwEaaGxcBa9KYfGgLkK2oe,16790000
5Ggre7PhcgQN34KkNuZYNpX1riRE72fqcmPWjtDmfSKSMrgQ,8207918126
5DUD3XFCgai9WK9BbUcDdNHRytuxqZoUSaswQ7AVoa6rjRnS,3101143730000
5CDTSxF5MtgQE1wXw9Bz3x42NNdT62kpwBpMaCTEnU8eTRiA,84438951702
5EFicbRUuWGorzQzkzCgFQtVYigPb2yrhQDAVJrF7mqRXEuD,6318183704544
5EnrP6ky6oWTqMJfDuG8y1DxxNdMjEzdZeM7W8Lr35oCLBRG,16005056294
5DLdMFBH4xPNUQ6VXVXcibhrv2wuuCaAQhnfebMiCzGX7QKk,73341760462
5FNy4QWW3J7Wae2pzcq1A8wwJN7QKhyuJwNqvXn5JH1TUg3K,199887570000
5G6GoquGzEbyDWXx7A7Fvp1626MZQGmUnojNLek2UiVnYuSn,508577630745
5GEyHN7YTCuNhELAPMrQve6vT4cRJqMmusMYKwJgPiuaerMr,27524734267
5Dc77DVMPvTBLQxgcbFTZ5W6MzGcBtEjy88rHKXAZkQzyMoY,121147410000
5FPLb1UJAuJwLbcw6nBfirqSK4eCFkd8y9MjX8Z4NKFcBVmo,4043853022
5FsPcdj7f9ASdkHv6TLJAFNTMTyMcRKEgNE3RhK5oLzuzggr,15535230000
5En7vuU5CoeDEjJ7KiASbmMEUvWVUPWoxNW7KjRr2YuuXe6f,32342076519
5EvYHM5XjDkGCqKUKfa4aNTroCAtJTFhcL515nSMD7E9pcg4,10206951155
5EnM5SbUuvgq4v44afvkR5H4PX65doWwMHPQqFu42RJwEurz,158380000
5Eo2EcmAHPdZu83YmvHMes1Df8a79jxH8Kq8HhPQbFwnKAuZ,5663674823833
5FKvEZTZ1qTaeWfVtnxWyTPGjXxLpi833H1bhPKLvpurcoH2,22965560000
5GQqVa5xCpfLFhs2rRQFNnwMKs2aWRyu8k8yf6x9bkbmt1w9,8210076784
5EbspmevJnnp3Frxd5QcqF3BWYBD9HNCeGcAz9druydRwyDd,8384772032
5CJPaacVKf3U5e2arAuwwRNDZYKJS2eGnzh3Ko5983XVnEA9,845391022098
5EABd11GAjxsDXWDU2F7rx8nEgHsJXNpjEewcm9LmurtKeiw,8208781199
5FjjfhRycMmEvTVNoAwU61eA87wxLPVJfzVtRggXFwqtJN73,8279197637
5Cr1EEjv89KFqhmmJUHNpgmLk9jLCUFvjfjUAkRb1baPTHf9,8203706196
5G4ScB4GoPX27i4bErtX3BLqcYpe2N6VrgPMQWM3djXPxuxq,240891979330
5DqQKGjL2m2CaPWPvxui9v4qqWPtQmWN82soirZ6wnM8RN9M,5657496129123
5ELjG7rDGBv7t7YK1yMeGEMw9HXtRYSXDG11tSK5v63DF9dL,399791134264
5HYZyX93RMEDfkN45UeDu91WnutV9UotkSwQXjByzMyBL3Vi,8560785964
5EckUshihyp3r8JYx1MBSHtv3nHJkGaKVvbTZnkh5qMwHtit,8227401157
5FH6CCoukj4T933Wn1bJEV2579MsGBuNBYzwELRRsfyU1tup,1693674772
5ECHTmmP6CUMH8qBPFhtShAxibpZyWb6Z3S1reBt9vQ4S7jE,3268
5F3tgr8TbiXQ2FpFR4kQi6QhuoYSRH4YbChaPsaBcqnN7AVw,617234040000
5Gmnv21WC8p8jcxJk8hGzNQdTZuofNbYGgc1xBNHjBWyBaJX,7876319139
5FNhJGvys1dw8SB66YxnoiWXgJqNf1N1qZGa5Qgs8FcK5zPL,150000000000
5ENoS6KgfncjL9Yec5BHQcTfPVUJ77SYzJqwEWQkXtsjxT6H,100000000
5GZ4NS64jmtm47qYZrh7NxcKs6cGJjNyamnpypR2tVcFxcoj,1011300959159
5DMFhmqPcfMUXEzYdTDRmqLtv4wGBQTaKesuAhM5bEFSQawv,8221086756
5G1BBpvVPcj6sb44HuxXDPyCHyMK74AVvuHPn666BJgM8DvD,958301679586
5FLaj5NWVEpmt5MfLNPogfskQKMuJECVQ5TYCJ83WwVC9U4r,5234890560000
5Cf9V61adqFFCVimge6pa2vST5QwWjHdDAFNP9tu58VyuaZ7,463315507561
5HCEayFs6dwZ8nvEmGShpqwVZwpL95KtVbfYNEMNzL3UrYS1,10664650000
5GWQXH2Sw7fxhKiMuhBa44cxxy8j1NctCjDQiBdDAHcaw4P3,119638945177
5Grkw2XQhadBf2Ecr8wPCGL4gGEzc8Rg1T3Z8TkNmVRTVLei,26351120000
5GGsMhTB8B5rTzZdLQL3asESvPZDLnKXGSFAfTz5iqis9yS2,1011919030000
5HMrtzxe9dKFoCMohq1U2j1QT8iYjA28NbtZ5WHJZgmeQHKK,8225891191
5Gy9VLYddU63uNDeVoxL2262gPUSaUKBgZdtWSGMVCD8sqyp,2701424093377
5H9YaSZQeayv9W6xHgrrD6V2kUURHTFxZ4pHeC8n7MT27wyX,8219357745
5HNdoz5P94bM7f6UeKQ8sYSQBbcsz7GrtZdps4mNkzkJzUXP,1535681715456
5ESA6k3MCZ9zWgYtS8dqUzXEQGe37fYHgBb1gWxBjqQkZiQN,8386332901
5DtcKmC678vGsYbg3sNSq9KvmqKSRubXD7b66qyygoPDgKhe,4905021479290
5Cr8EKRWAh3xyytvQxyefMJzFR7ddzEFb7inEpaTKZkz6urd,2455117561426
5CPuUJGhgJgVLzYSmCfjZBt3sLMym34GJivUX4nSRtfgH1Yx,8210934785
5CMFVU8LN5CW5NbXxKJNP7aMkG7ayG7xS82hKzkVboXB33Us,158400000
5HMndvrTjn4X1FMVdrRC4jUotUv54fRFmtasaX9ntRwk95PD,25000000000
5GEaqVvmabtEkAt7iDHFLCvZgYunHXuCfzjTAm3JDanAAwVE,60733560697
5GjX3Yncq9zHZGLQdfwSKy6JAtEvFUmkFuXvs9n4rwquWCoK,136180000
5FjnRnrt7YfPbXyrwXLCESvLGdyyxkRV4AZfA6Nafub8E67U,23476020000
5FgdzAobt1aGUaH6TiSdS4rxjAGUEs2cijkJ9yWUTn6s37jd,209256760000
5GgKqNqyhw41PErE1MDWcqTHMQZUwTTMuC7tALhA57RzUeYK,30000
5EFKJ3pHRimprSYz8aGEPwT3JXBnbHPu6yLgJ9ErP45FJXMk,370783230083
5CMka2i8B6P6b1WVUFcc5g4bLovBWeKjA4d5yRRnnLvy1M31,20675144435971
5GnH5rwnEfnDADqyYHWQs6j5jwuRmpbPUeLrRhcQuFsceFe8,1014241570000
5EhDrA4ATMNGsF1CLPiqahVnFw2ATbKYRKNwF3cXUFk4GmiF,63810540000
5FUcxb7wMmaqDiAcrRpj4uzJstcFqtp3eDobBeZhjjnYteAR,84218880190
5ERWETkvSynVengb91LLTgMSD97fGTtMskSqLCJkLDcxSMYG,9661475877
5DkWTzkWpf7KdRDrxFBKYxW4ZRiCai21oTGv8SkR9gXsJySH,8200606281
5DcRt936Ew9itbcmynVtCTXKtc27wKTMTqsHEvk6491XxwRe,57301025880000
5G4JiFzTpqikD7R9v6YjpiLYSiRdCXH5Yt8YHFximAWjNFMn,62323530000
5EqjVfPGYdMbuQTkFigmqtnGiHj3kS9Ca9F5bpgebJ5RWuot,47678295374
5FTT5XXzmnbzu6249of9HzKKhEPqg9VtAZfHzT9vDyFQ3E44,54292183161
5HYcxCzk3vGu592Cv2rq8jGW3d8pin2U8ntf3nm1sfeGAmLb,42227290000
5HYyKbbkpp3JphVu8HbAuvag226xhVsx5XwnV8X5eD4CK2bN,100000000
5F4F2PXmox2a3nuhnXeF9dwvKNJVQUYFrJEaUR75Xw75123R,555820000
5DtRfcT1LnjqZFJbDsu1bo7WpDWLRk8AJjub1nX6Hg1cx2oR,211630000
5E7SLjnYo8n58e6ZpYf5F1yhjfi3MY7uSdQrf6Fy8dW6j7uj,186210000
5Ca4hzRNHPNRQ4JsbSbeftAehuXxmnYiKuMLpVLGZdMLuNLU,100000000
5F23nqkQhoXUCC77GfpHapgeycLkPTdFXvpr8NdtZGUgujSV,158400000
5G6c6VMFuPYh47jVf5cH4vf2LfGB5KBnKSd6AH3XrdWQuz8m,4099342190000
5DJGK5mxseWXsQUwLiD7DE2PvhLdJjrmZuMqzkuUxNnThPki,7439418243
5FvN75kMPodK5DV9rEg4GuDCp2jq5DcjeNNppg9aKRqQUcdr,190183890000
5Ejxibj4E7iCZBsusXxcQJQAyfC8moME9244yfjVE3RS73cV,258656180000
5C8RPQskJFiMATv4guZb2ZR9xtFeaWdpAC5sHZHgv2ycBuhb,124790108301
5EeScxLDpWkcgVY268jdFHS7RGYyyxA9qgoaYyMmf7zRu1ML,8383552294
5Ek9bLsaiVZxfVoREMakSszyLjQtFEHvYm2o1VtW989GUpX8,1149751680000
5FtBXvWPefHwsykjtwqPyCZviVf1PczZShkK7VnMzDjpkbs4,1057396823364
5GCXLJZf4KqYTTY61QjmNLnZG18Mp4XUg86YRhAMvJ3aE7uV,100000000
5DyYw4F3setwJkStEFumoB2xx6EDJ8oh9TJLCGnHZH7ZgJbj,30000000000
5HRSgFPpsS9exdMsUtf6dfBDMxEQ2P2TkfvCdmH8AKoh8jVf,36094080657
5HSzAVJoAgmBvfXMS1NKYGeL6ZJKjGuhJEoXeYVjF2Qg2t3p,70224369612
5FRuNWF9LA7cuMq756wbE6Vw46pDCm77pw1y7T8Nuruq1xnB,11804690000
5HETj7qc5fpYRLUhntsa6PQJ8WWPeTJGRoQdgY69ikauY6S9,34386060000
5DXu2efjgvmM24ByNqnsvTetXAW7xPrVqWSeeJZ5Jbctr8zp,121940000
5GZBJSciedih8Q5gVJkN2BeUTBRBH7Kqo6LTPQhGVQsESA38,301309921616
5CyXLq6XDAo4SYRbH2PJ9fzdkk7mGHSeCQxvsL2x6cjexGZM,30000000000
5CUgwtVCSHiq8hbiwzh2k9sZ1LBDTXTomqCg3U6anT3MvvKL,2307365150771
5EkZ5NbMpjUCr1S6Dq8DzgavQ3qE1SDca3RL2x3d2mJY1rRp,40217429207
5GeT7Aazhx5X1DWM2h1xm2ZQUy2WxrxnSnTFNRZTLbipKqcP,21416570413
5FxjrEsfpvN1ZvtC5wubt81nCSJS1V4SXBkdcfHEmrLirxgS,100000000
5CkWjh9tdPkJCFVmbSknjDk8MVuUinhu6fCnbu6DVxggLpbv,1988963113918
5DUPMUm9FNxXgXZn7zTJ1PincyEFL3acGMUeQRFJbJxZdzo6,7493458106
5GCUW2bEY4YTvyYe4FU2rVRYX4juU7xuhwMMhmeoDaGZm8WA,10451193424824
5GgpUqZXE8N8wRA3ZYZqHKoDYTRJv3igcShzwwYTLfeBEN6W,1040318113477
5EhmTJ8RvXoqKqyBHTV72Hg7i4JkRXhbJ2R34vjnFZuLwzqc,29857464846
5CiUEzYiC8bXTDqeZ8ccSFPrk9jSm7rMg8T9hDQVsAxtm1Ld,615356340000
5CDXVxDMBsNPFMYYAYcbE55B8d2Q49EN1pQGAebWteFHpJTL,151358860689
5DV5S1ZZiddR5JAPmv9q3xUjQkSxk3s1oWrYKz4cXe6Sq1VH,204900560000
5GjAxuHooT9cwWJWqjecSBZnWLRMUPR9hNqP41nUNgyHPr7G,610969660000
5FefwC1TCtbetAkiJFLHidKFquHWn8H37oq9MmEZuGXk871J,942090125548
5GLF3FGZu9DBdSnKrp4vzxwvATatFt2VWAaKDcAnCm38qdBc,190183960000
5FvnmswPzQ48h9zCzrNqkWQqjBesNX1fua32bkRVieJ2QFpG,8168991753
5EU2tPvJZ9QnUuRmpKSuv93BnLb3e2mUYkN4vws3yehCizve,8220438098
5EYCAe5fiQJsoL71D8qNrZ7NznTuLKXk24Wjp9pe18su2Yk1,7651547533
5EYCAe5fiQJsnzYGdTNgiw719xk2hhoFczYFMNqwMx6JDf7h,11222387767529
5FgbstWP2LoSBzeD5fvcgQ5Q427icpwU56HodnYneWo4jQab,196222510000
5C7x44XWpXM2GSVkJF82oMRH9nrW6DVgbmgZu1g4scz8tFvu,2009650548568
5Cwa5Wgf4T74FRUY1oY7iL7yg8VBzpSK2LXLwsXFVfkRJ3FP,10000
5DA6n2fyD1z5UYmCytM3ANfEE2bGS9TZgFpPYzjNgsGY88gd,178582834225519
5FgpfFe4HuFbn7ao4m9RpbR51S4QCpch5t3tAQQBcziaBmti,88680000
5CfNdpYraF8jLFztKtrxr1nZxMAi8TFjCvggTzqXanuEKWqH,1004695610000
5GVpqnHh5dAxQWYbhDtAu2G75GD3KwMbDoaeckBC4P6vhxqx,100000000
5FtCSFjaEQFpz15FZMdeojQycofmvKJa8eLUUgaX8nZH4LdC,21681620000
5Fy6bqhKLc3mnG1DLfaFgVwu7hnPRKAV4NVhh33HtFYSWt1u,34135063232
5HDqhU1L4huKEfHfKdEw2sXUjjAc3tu5RnM2W1iGpvtUyG1H,47858990000
5GZSX6EYApUsFK2fFYc9atw1dEp7RTmSqkNdLLAKQGA9xhbj,2446802800595351
5DnWLHUmR3BKnYN6vBPqHa2YcDsHoTgrFMtQPPhvvNr9xWhM,118212855144967
5EfQUym2mdVJvsYwfKPvVpBbc9uqSrksSpxUwFA5UqKvGwif,12460419601
5GduPRYxU6SEBfhS19sPb4azfyubLr1cp1TtbCuJX7Q4G6zX,1610625834491
5Dy6XZEfMNeDxLTw2kNXnSuCf52NuqLS8H5soBm2wveRfsjf,20082230000
5HdwjEouKXRRJy645sKWsYem7aHoibMGkzLS7vpherA8cej6,100000000
5FLatVBwAAfjX7yKt2d1TGZWJFxNC9yAnRzxxyQbQQeRg6My,10434016066193
5GBp9iGDmBhPbfwmDnzgCAAvCxF1WzzqoqsgrBDJfjaPPHk7,26247671324
5FhYnG1HD2EtjNTDgJ8U2oGDTaGgp6yPhYXZpYDTqdBFa1DE,8280072892
5EAYNLBXumuFAJiicQv6bbvxMkiECbLrLxnmWEt51ewD6ido,207437170000
5CVPEgeBnaFDYzDvgSUSPUVWdWsMcWfCXFyUqkF7Serr9aPF,2937380000
5GgMcgFqDUsnegr1ANsAtsarmqweMNvQjHNKt5YMrHFDCemR,25000000000
5CkMHPG288Sp9Bo95FNpr8JdYiLPY4EfYUKuQRs2sJrVZMgB,189406170000
5GjeU6HDQCs9b9VTUq7cWx5rYsqonU5j3CzW5KSBZ8qW36uu,27877722224
5EvUbQp1NqY21nNKNvyFotX4UXUjVPdHsaDhrGmkGLYmgsq7,194240000
5EEoGMbFsjL95dyJ2uSfZztVL3kdKSVJD3RwjymHziWNLCpi,8026139220
5DSYGGkxJPru8CqTnMyLa6UZUCmtFPiqnYeNwa5YtYFo6T2Z,8225240154
5DkcKH8bGAUqKGNyDw72A5di8EakfjJbHQVfvt7tvrSUxM1q,69881148090
5F73LWSaE5g1SKMRefByjWhHmWKHXwT8ZSabAvQ4gpu5QBYU,208461080000
5HptKtnTGhxG4SbLhsG1vmLQRDjdBchLRNxRFUdUQp52DbFr,194423279018
5Fh6SuTFcuxCmNZtqZQ7jNCMdv6TH8C1dsX1j45k6m5s7WcR,284207307780
5FU8XMGWVfTVY7Ks1JEZHCBksiTaiKqcMvZmtd6p1wQccdL6,31821454913
5FpbPNjVzraEKKfGn6vc3g8qkaAKWSXniVmTffGuxbVBrAvg,203672580000
5Hp6cLUGQVYdGMN9TaLhwiCNXdpYbw82pmKdrut8tLFTfsH2,128364831067
5ETkBtkt4tLioTJV84rebk7kqcv56xv5zdpyPGhfq6hqYcT8,1090671771356
5Gc1xGthG8jUsDYaCG5Q7dmtvodKYq2TThiGj85n3i1qtwPv,63397029920
5EMjsd1BPEmLpLFBbth8YCjtLHjDrvvMCXsrag9oAT8ZnLGT,247586866881659
5HYsQKXAVLFNDvWEuGpew4QW6F7ZyjLECrTWURZBQSFi3hnR,177917413791
5HTECABradWz9Sj6bTPv8X4V2soMKb4RYJNmNGm6jTcUutqz,21498783167
5EnkuM2gFLWn2XpugoYHCUNGTsCfi4LuRRzjEoPNKiZ3wkzP,158390000
5Da1it34L5Ser2iAM8zMRQ2aQyf7h3TqWHU2PsSjHLcZWjHV,572491392213
5CGPADKBKYXR4Syct1uxgDQ53Trjcs8xWLc9n7tmFzUrUpeb,48702607184
5E1tZbFM1vxdVfVA2J6YTqTTp5ZW6r6t93NjaheAE9Evs4Lo,8031745386
5HTQyLsqoJBh8ntbn9W6onGqvq8Tixiery5FNydAUq7yz7wF,174453630000
5DwGkbUdtd9T6UvuLFVMXzBdsJ5yjWUXKHZCeig494kXpvv1,8209646957
5E6n5Ccsc2mdRbi19uXUYudMxbrK3FJSdwcHCbDSHh2bfAqt,100000000
5GYKpZaJcWGixnvD39jm43N2XtodU39sNm85GjfRDomw6VsQ,333351810041
5Fk398CjC5eoY4gznUG4aGm9yUXygUhRJ18f6u8rThPTb6nE,61245752271
5GEZhJYjo8VYhFMif2JEJUnGwN8sS5Mi1exbbx3QcTFMCKfA,40150260000
5GEoFUfB8ejDoXng5btWpW7gaH5f5cKbwxez82kE8oMWFpJe,8682540000
5CFyZzhdiMt1PphUFg2oLAhZxjctJYdxo768JEQmbbR7GYSt,1276143800000
5F9fj6o3bHggF5WKuDsaJk8bC7sSxKLiZM4yveiuD1RTY95p,37251560000
5DDVgv37uQwiecQqWVzpSiCLEJvmPisLRPxVghjqg6JSfchy,42919957896
5Ey4Pqxfi3SJkKyxgswev6iddhYNn2i1HGBVeGjJYa2X9ikb,294567960000
5FhSQ8m9GLqyTMFNVGbgiP9edXoM4m94wFp2e9Haqrk7bGNh,147960000
5FX76xy48DTXVdDyGzSF7e4ABxQtK5Uou1XKM1yW3AQKPQQi,80762048880000
5HGr3S4ZKUxp1rofj6gkwbasaWksieJnmMFvtZ83SX432DXy,44812090000
5FbfjNGvTd2gqeN849dvYF3jf2T6DdoVpHoabfbqdZZ9nzaa,20016901360753
5H8VMLrgkQyvQmvqQR88xyWiZDA2tExNzVUNYdkVdSKDkDf9,100000000
5DUYh9hc5A5AZQjTT8B18dBRqtfHQabAECpXmJ729UgYZdaT,35072188017
5GE9y9GBw8uRazygyk1hAAg2s1cCkEFb1phsVdAxDSgaTymh,8216763089
5CvZg3kCQY1obsLJdbHK5RxKx4tVswLYAmLhPVSg7xyGjexW,15437350000
5EZTUGTbYgQi34VK3hrfb78yRXebjjsirBSdqJ8ewoL2EcvS,8275465438
5Dy5F7468sd3VrrTLT59XdzrWdjEQHzSpUwkDmWUh92yGuSF,10828716892
5CG4QEDvZdEZaLoDGzVRM8sjFpgm3cVJpTgENM3dXtoWUzfX,8227195719
5E1zGchLf5PByGKQB2juG4iQycEuWXYQADZYqsK3UWVbjNFV,110000000000
5HSwRSefnnG9vKZpiTvdrVwDMB4MDokHVrrtWnmWcj3pRSRM,43700000
5D54Zp5xQL9UHd2UxRvhfHsDKqtWHb8WMB7UUBkoXEP3zubo,3599870610041
5DkPeuxJWiNeX3iP3sURFExNMzkaGPrgWcmJ2dVypXdrzRgZ,18900000
5DZqK8Ds2NH4mPdFY7Lqjrq9nkdn5UTLUZGaCAaVcMrped6J,3342236966
5Gy6pwKrx6ygAVWfeT9iGWpUtmkq3GcknhhxD6QgRAZXrpVo,78848366522
5DZRYpZFHZCZpKfPwtVHDbssUkdaMcNdtqGahramkZUFFrsP,1226593140155
5EhtGDn6wRFgJyEQ1odGjvRHgrZ6c8uSgYN8hDmH112b3LwW,54759134194
5ECb8j54xQdWGM8Gi5cNurXELopMiK87qrYVAxdGuwRLjwXD,20028040000
5EXAV2RRGCnZUg7YHbNqaPbbcibdECChjjRSR2Kw6VCwHLkn,43618849140
5DnZLhZ6HeqLidtPeGH7N67YWY3Hmyj9GuDWef8qTid2P7vt,10966890000
5ENT4ZgNPMU8nYuuc2uJr3zQ5shScPC5tUZCd9DUX7SEBUBc,100000000
5FUXtY9zGvnYypAxjpWprUKP3ZLrJ1CnGmxY92mtRZZnUiX8,41960000
5CconAo6vbEQvHkX48C51xLGjSK6GYCaZ1rxnmdBAhq9szvh,791191184102
5FnvuCmfc6zC6vrQVTkxr2MUETZbVqFfQcG5e1W1AXHBawhD,8275904072
5DhVQgvdUBqpyuqgUpEHKHgRT8FKN6yhbvAQTHop2LqZCJMU,2258639076866
5HNpzq2hNm169gBtxRmBQAFRDGUq41yGPCvzs3YeFBYj8tHQ,62385470000
5DZKjEJTw8jHwsdbzJ1ADcsteYXB53f9oAS4x69LntirVa4V,1504500646480
5FzzkgJDmMJVzVf5k8xfkJzFiySsid7k3m8sDuTyEcFQPCxP,305117458309
5EUDh1kVZEwksfQ1HBRrQysgNRHrc1s3BjudeKki1CgwAktD,6575806252
5ERmFTN3KG6GAFSZwsWZSSkW68DFZCb25gEtgyJGDZCudgRc,67588030000
5ECdQA4AnsXqEn7NtBakRR1YGU8y5Kz5ADP1mwdUFwyVgwi9,76281720000
5CJQhwnQuvqMrThHNopxJZ6832Kjkvr278Fxf3o9FvYXgmmv,62696590000
5GEvXCzvKcpYbDbBYwyR36rpAS6a4CottpBkS8RZ5sRWwoFi,590616514443
5FC8d66y3Sb9EwEexwPGssoeVcTPqP8fD1psx4Ga3UcmkjSE,100000000
5GRYVYYpkaZN9Ugts6T5DLQvmHT31JU4LdoYrYUkGkPj4fgG,8639050041
5GNaLdhxiVEz8jCA4omBQVEY8aGwyPzXzcpA8S2PLgCcVUv2,60641342191
5DvFqZmbc9YRQdkH2LG3cxms8cUxyjtCQSALWFtqqvSzpq91,186200000
5DkoidQuMGTMudqNNChszmyGHC7zazQwmtfhZcgkXLHDvAhH,56931650375
5D7HwsRpw2HmSEyTmKXeEm9KNQbjGyf6BUpTPVrda5kVTV8w,5959507304
5EqHovAWRVr4sq8VinUgR6gpwvJzHmGBL2odKGDWxdUXX9NF,103301620131
5GRRPbz1WMz85oE4i6GfBX7X851rHBpBjYL4JKrdM6EkpaBA,31077040000
5HeGYQUMQ2sgN6bocjuNChctenTthnZroLs5hNdiHBC9gmjy,25195306244685
5HY6r1wf6ABKrbKD9WJ7rMZyEFjrGRnFwmNxavzP6u7NJSmy,33902639439
5CqNha6s5veYUhM1hG2y4uTD53bDfxBobvgaPBPRmxQ8n7y6,141744926498
5DkmYUaN6tAFWzW2tK4Ka16puXz64wM4tBqB96Ki2wfaoB5k,84441160000
5CrBReV3v7m2z6G8VktHYsFNbqiUGxLBBubmLq4743ew7Scy,8212659626
5HmgxDrKNSbXQRK4gvNao74zVu3FC4wL86FBnuaWAQ4tvtQM,1161628534017
5DSCwE9cjeiGqqimNAC3KRPfbZf7sVysBpjfHWc1B7aLXG7y,302954350000
5GukuZHF4wuC2bqqt57jrnLHuT9dJNgmcvYN4FdpZUrQiPeG,50061351944
5En9eBVak5hsgtE99nGLxHwtYsYNFZW76ARs6R3NS9EgieWm,1711880000
5DRYjFAxag59tvdAF3vm9xHe5JYn3Ha1cD4scEZrD1QRw1Eu,1940784972625
5HeU36FV5suZFpGHatJPz2gE2X3rTT2LkBwJJ6cpjsZfPim2,23038690647745
5HBzy9TDGGN2zLezLFDtbpk858q8fGrkYSR12DK242mGU1UD,1109490200000
5D4viQVxMnCzYUefiHfrf4kxK2QyFhtfmfdYXPZhTrqo5cGk,26402370000
5HMdXfKPDaojw8dRjhPEMZ458taVn277KqqPsSC5Sz2dN9xY,93921090000
5EfV1So6o3FCGF14gCSNibJ3oDRZpqMvV94u9ZL1i3mjxyHq,8714626466
5Ggaqm6KmTuczYpQwuxZUK3S3rCJYrd72matA6ScAbqmMtvo,8205121869
5HGKvqKy6NagrRK7myCQFsoqMDpmcn4LDnMqovST3DicM5D8,97697090000
5G9JeAvWgh63fWCDe22BsdZfP6yqvhb5CwVXyTbCmC5yKdsx,64706425621
5CwYLeNRWcqiMWSjzHJzemGNJ34M4fAdiZwgESgjSB3dQ9QN,43595035845
5H5q26BECoANiskfRVLWR3cnZx7vSa6ZoHsJSdD9BCgR9jDN,1020582810082
5FC972yM47kmFLVQnJL8twdvhEYKdEMVHvxQsy2z7xGfRkkp,158390000
5CUne6VYn4ELPu7vsZxCrwxntMASdy8iUa7DbBhQVezgiS2H,12446233177
5FNoLXRqPyWjZMJyCxfdASn8Lgt5dWCKXM98jRWZF8egGBhZ,149115800000
5Chmaw6sQM8wxkf4dM3eSBnj4uQyJGciHZnhjP9Dy2YU1eoa,104843604816
5H69ATpDRuyB6TX7ydhdneqZnsC86VqmJJdsyG9RoSX4mY5Z,100000000
5HdopcWk1LFMMEmboZt1gnEm3KoP5js3FtCEwVMgHmcpRc5q,108110000
5GHhsChEguttmZxcwNuGy4UQzymkbVKzg1sdzdLu7Ubji6xF,37772504318
5DPhtGM7FeR6k1fp4WF1M5saD2TARW8aJGYnQ1gv2aip4Kmv,8198461849
5Dt5FgqPz94WR6ABDznCNQWQ4551dtSMt4oXJAMAEo7FUPZV,10457466440
5CG9FbSpaRs6txC1uqbfPGGmN4nrQyELroT6NYNLhXXWE2YN,695307241626
5HQxBzzDuWL4pwhCcXFTBw7rpegYoLKtkuq5TiG8wM8RKbrL,41907055911
5Dh9mbKEFtniRUhB7y5ZcQZd7V8cvnJDGVQvtCwz9uJocdZw,8226762291
5GyBMPGucS9qK2Yz3yHQKBzicowvBNDJUvHghHqGmuvZXuhq,322039850000
5Hb6kgbwmzokHLBbLULZXShPfmXUKigYsY2tMJWYdwjr1Gqu,100000000
5FWkKCx5Lt2y8jH3XoQ3VdxaXRwjWWGe76WaUTDLc4uVkwMz,18064760000
5EFqVfmGPrdVCbDSHD3ThD6rYRpRCuhQmFHYPQ8WV9kQ4D19,59763209795
5CiPXaseHDLZy1SRJNjQ9RsZoDXa19Fubs8uLKe8KCy9DSNn,47476450000
5DhDv5XdcpH1i7jY44JGXrQ762CfSBqgPd37AK5k7Ftr8AEL,149985217700000
5GnY4LRpSF7JsNj8CFrAtRJ8qT8QYYkmdikG7LxCbi2ywATr,92876645715
5CrCzidiuvLDR3BttGvYaYro7eGGnYHhv8PFd3pGi3KbAhh5,103968941669
5Da8bAFyATAjdT2cnqJZK9gcHi15iN6DGTiLUPVCrmahUKWY,8219789187
5FZ1VB2a8uG5t3KvsyCcnGiXn5ZrNQkzEsAq4GSPu15gqhc6,2170550688915
5FXJ6ahrcktBJBu3q34JYHUbRRd7n8dDbo8RGwJy878nWFo5,8197794508
5DkQpQKwXPuWTNfJ3Y1xoXqcMvfuGfWzjyVj7JyCkzu5Fmkf,51297176969
5GsUwwEXvGMg1Hc9SFRGH9E71gKwVVnWiJYd8qAZcigkj4XU,249895540000
5FnvVMe4BXvcRnQVoi42uBXsWuNEjxRQfNqqXfkkWjGo9cJt,111233500000
5FRtVBtwTRnToq8Ac43R1wd89HPp8Qrw6Vy3KQexqLS6b8gi,30088602989
5D7b3SxAbPEYxunU8wqNftHuhpUbMcB1ySMXVuXFiRuMdVdW,110621475162
5EHRaery9SbutmZffPU7VbhTy2WkfBF4zdygAH9FkHkpEiaV,8384490947
5GcEaZ4L89CANZEkMqGGGUXBV53cs6QGhAa5SHDodJEzyrx1,8220869264
5Cojr7GqtdDaT1mKV896J4D6Wj7bzqtpye5ncp7A5XwtXHC8,3113890000
5GU7CiGpUf7Qgcnufw4SyZNTbS3stVVmSNcZMpF79JZrGzpq,939623929192
5HRQVWoL4aUhpiZPLjfLpY4tzLGjhnEKmjTCkjvxYccse2Qd,8558418175
5GswNS3RHxor1iyDq1NoUaAfbjB722ojszq5chRkymHH6R7D,4181448445484
5GmeSsfeM9GpoP5CpGSbbzjL9a555SfNnM6kwRovcyW4E2SU,8227834140
5DvnfTJhU8ueHzH2YpMGt29NZ4P4q2RS3UYjTp9E55Jxhk76,8207921326
5GTLQzTMdf4gJtGospZExPgvyUYWMYPKxWnP4zwgL4vD16jb,68214845627
5H9huswk6d3ZaFLwsSrCrtFmhht636TCUzdtArHTj1PZ2J4i,43015745277
5CoSsNpts4FqsaWa4D3GBhYW1KLGEpixD3BWB8skbtTti6e8,8153896807
5HC49gQkL8LTqeYGe3FvwAiyR1jqGyEwQ5s5GcZAauTL2RUU,157764230000
5EFiAdwmgp8h2PjqyDKpiVMfjYxMaUN3MxFdWZ1qsX5Xx3nx,3925915790000
5F3nFKXgseH94zgfxD3ek8sx42DytHMpVWNpmbj8n7t3PEdH,10136513557
5G9Jprf5tThxA2h7bi41MZyY1F2JsvW33eBrFfHiBjdYPfeN,4297
5DUtpE65LHw278DtnxA2oxfnMLSJa2s5Jy4kqBujEM1sYgSC,8210504846
5EXCA6r9tAkbvA9s3UTCFwWGjgxUJqw3XZrLnFSWpC2jrg1r,8222297936
5Cky2Xpvav5mnjNSTgAG3TbNxKe1ams8C9Cqe6CyBTNCgmGv,8204264999
5HNjLj8roo3fHVEUEafcmm5adVCYa23ZBu4BDaLwgyPHhSep,2029997717808
5EtZA1P73Js7EMTnv5bD4GA4MVefvbwZepvEdey5actHu2dE,8205771905
5GTMKMNZfJzdcECYtKeCB6hSr1LeKnucSfFhbqHsxZbv8rNA,38716078539
5CCGCVFJXhwYagfABr7RTTxDwT86ngTi68X3hkW8WHfP8CfW,8131617707
5EEuEcfhB5t36QLyX2pwJoZVNLUXcQBFtDXyeREqmgAonFEd,9454200624
5Gp6GadfQWVh229qb1Cx77bUDFY5TDDrYeHiKr5h52VFe7Ei,1008917420000
5CSKLETuATjsi3DJXxews3Hbqjt74pWCpaJoCCBgwsC4HWro,8197178316
5DfSmguKL82XYjLCRdmn7ceAhQKQ5PmdLKqfCcR7g5erhKR3,43372297158
5CJVB8Lt1HEWiyHhGjqjfbvybaiBnQi9SM2mWzd3ouEvVoVh,354949277421
5ED9pQ1J1rcMuLAKr2TsZAmPwTGuneQVhDLSqdy6YvSiZbvL,44913421546
5C7uwvsCf3T2yQ9dfRRJodi8BQm8nYmdf1nGyPYCgQWnNzpT,2074340182410
5FNrALw5bTvCjNzPhjAo4yqbr1Tp4ZdrrZ7auurPJABvzLb3,30056334983
5C5XHVhSQtFzHErL5AXSupZo736TwQfKj58x1Z3StVvdPAEi,4165203400000
5FvGmsJoWJ6Ns4QB2RPUigD295kUo7rqZLYRs6jRaLEeB1is,22510000
5C54vHKLtgoFjbewigF1V2ZdoFWdCjov8wrieXpXFwEkNgt9,62790382489
5Eego49L3kse7Bx2SzMmpVvDXBWbFMPjHJo4KBrQd6Lwbn8A,154430000
5CJ7LVzvZpaCgP4tB8NeEyGZuqwGpXT6aNpxtoUtJgHJfaNV,158380000
5CwZWy4LnZjmVbG6acX2oPTutwcnRQv5Zv9cSjDfWaw69n2x,571801194408
5D4rpfGTm6z67gLb5wVb3mmFFd988prGCiYQ8oz2G6Q2sMgT,47542780000
5DUPQ3p4Mq7HzKEExzk4Hpb5UPEQZsj2he6ydkt37HSeFpSS,16586150000
5Fxny14sMqWJx1zuqa2S9NBPjzS6VP7Xm4uJk1169CG615gv,8197818829
5HEFZdAJHeKkfecjJP2xmLZij5fteqF1YkScs1bLpWPVPEzZ,158380000
5HHHa6y7fp6P3j4uVqig21iU9MPkpdeVawpGGu88kaqRF7nQ,8171570083
5DWkVcA52PjHkrhKmg8VN5Y6tFw5nyZsN6Q49JVL1kZUAU1b,186200000
5DNu7yyU5Katuon797KRZ6a7MEEWUzfVwi957kGFt5TKGD8d,158410000
5EvqA2QLAu6Wush2NrFdwX776bkMoZoQDmZbmFp1rXiPeXHs,8200175829
5DywVPokKMnuRZq5CbkPPLGB2FvE9iSqiF5QZ8z43DmcYcPW,383368779580
5HVQG79kLb4tDDiV6pWXbarpxGJxsysCzYZTPSZSavpDfCzH,8026359700
5CrMatoayVFvGfVWmLSQYcAYWLGB5qmRD6RqrGg2NpexKzvX,2868570000
5EyANgu4HpJ1TJY8LxXckAWLDZT5FKFHWAcPEchiG9bEUHmG,3804823227426
5DU31Narqty5uWzzcKbgLXZ7vN2hzhMJbGy9cv4JcJNjzxbL,8168743307
5Ew2aSy8GWdbm6ixRyNmBWfQyPekPHYk5fhMicYZETJFnjYB,110531549
5DFqBeA3N4uV74uSr3hVEzFiLJLZ7fgexQFUU2YXhtcAPqkQ,13882092520
5CY5qj3xv4BEcZ6Q3REN9yg7VivNeBnfqZu9TZHiicrnBPrN,123621230000
5D7DDWBipEUa2aiWRB3UvSoUsNymbbCujZDqutAtPbe7AbPd,20000000
5HBxJCv7FqNvswRWv13d33iedWUoUGtkcGaRcE8VRn3jnvhJ,8077505223185
5HRNDvvtSsdFgD4Me1LCcdXgdtNcGC8ZdV6pP2xxme6MEWDx,250004660069
5FsxKHru1gUS7zNEj3tTTUUmqXaeKYyid4GvV5W4G7trWghT,354130660000
5GBPFwdjGahFED2UpyDUrvCKJPv6LviAEXSDx8VA7i9vhuEL,138522474419
5Cm9baRmyGiBSU4T6x16BeiPSXZgVnooTXr9fkJbFWxQY1LE,1218718291630
5FhNfjHkapAGJedooPq83sMm4yUMUWY5EiPVGmsmAauyoG5t,1024753536117
5FxEfmJVXvpZEzybUcqn9P1AXpZz4Yeihx4s6867KWsPjYDM,34855170000
5FxT9zUTSw9xTcuvPtDvABXPY7n8czjGTphokBmFWVeXK6ya,109240000
5HKaq8bishWWzTNZeg9stV4M9vjbqQf1WjDiG7pELQv5t297,29305428768
5HYoBpiy3nu2DFfLcCgq99iwXGGBS3e7bh7LZYxam6TVB2rj,11184269230
5FyBt13zj8QPxSjHmRw688nLb6ErWPUXCLYPd5ksks5RkAvb,8226324845
5FUSQS3btmJGfwDZQdG2xAq1dx5t97jppaj6snmUccaMVpgp,32655202872
5HT1QnKYJPF4XPsFudo3vsWrg3QUaKonwGnFZy9NxEL6VpS8,23225815651715
5HStG5S3e1eGFGQ1h9DgVwB5vsJKaDkxp1qdEXCdkz71jLow,9221857425
5CnwrPPxMRQVXmqmfEzvoMTgDFiqpc1rzajDa2KBZw217zBe,8378223994
5F4Eg5GgPqsVvdzLSPP2MzV6Sj2sLVasSeXEZq561mN99ye7,120451140000
5E7WxJ3pQ8b2kUzkyfMRiLbhUx22jYPtyUqECECxfwL33rv1,113879014991
5EWSDSMmtrqt6JcHPbRhQbUoubi8JbSjyZzJXqUBKFuHVzno,1186274940878
5EUbtK1Tyub9rA6xh7DyGKEYWbNHZDz5MKkbMT15erfwdqjt,42828440000
5CngPaqWCYb8mDtFKgRqcAQEsYbcqNEbV4WyAuxFuh82Wo5d,8198672110
5HGchGXpgUDZw7sX9N3tVnb39zMvU2TJaS1oSHhCqjtKjgCH,1893550096590
5H4GA815rSeLvCPfrMDEr32LKdr8wEKHMWYPiWWoGJXF8vhL,8228062262
5DaWtAqnbhMb7yi9TLuCgEXTAdVGeiZeHadfNi9Z7i9LqfQp,2077836160000
5E2NcUViEp5KS6n6aEgV43D2NCDHJQpamHZMnK6VxpAp39n2,8600122282
5C5XosGosHNgxLF7BpZnvUbiwudVXFJuwb5Ar3ebZ3ncQwja,77580000
5FTrzy6N5hNwUJPc6SuQEaq6N1P4Uxs6hGo7VWSh6fWYBKh7,100000000
5GBx3nG1HosTsRXijR3GTGWvJrVvtViwimTdQKv2YawzeGZr,158400000
5EaB7MS1JGRCyStk2G7i5Ef9TBkbKWocDHPSAMqpN1G1Uj63,984682340572
5CZfzeeocbi6KBmNdU4RBLnXqYqStXmW3opxzFP4C5Wkwc1t,48148370000
5Dng7zpxxNzeGaJFb3Ni2CoZw9rGuaGEpGjQieTTRgv9kAAj,8199537468
5EPiN1gu6F4UGxEmNUhD1f25PbUnGcMuJWYpDhSY2vQVEC3L,105323554162
5GmskFhSVkMvqdMKGCtjydintC88fMRqQg9SwYMAuAqjDNDs,521250643042
5GRbMz273K9mtJnAmfqU2Z8mVbxA2tdavMo7CGhCpvCuSPuY,27763580000
5CyKQaWPxVoagVA3VcNX6C5edxmMgQNo7bkcDb3RFCuyrMm6,26191291560000
5Do5MAVJyPESuGnm3H8acxpDr5UPZdr85EWz9YFCdLn5A72D,58889138322
5CwEBYBAgaob6z3FHyqL72jBVyKYw4kXvmuWjBus4APY3S4e,203249766524
5EjvG1gFqp8DvB5Tyqf2kAu6yWe1ifh9G7RV7VdMEhsuAJ3Q,1000000
5CGPD4MonnSeKb1TpykR613RrndcqWsQ9kvHkPrfGNiWSEtc,137452674801
5ChwrQZDgpZqcDTKeKqmYEeizwnVqbWtyfWS3jXGvsk7jFrX,7266104776
5CPptwbVMNNcKnWNC1KxVZEuZz4YJp9FFiWBmgJXJYa4PK6b,28709860000
5E9hhP8jkGhETbDcYNvWdJ6st6TcNJvQatxseD1J3dFZdDMf,29857086432
5FHYQNKq98tJyMdTyDKgCm5n5YWcbXTWv86rGoHPHr6qq9Fd,85527061460
5FEvynZCroeVbNvKUwQS34sAPe26FFFB5varn7TTe46bAPgp,1195282300000
5EZCU66nzCqNBkewWN7wt72JB9ou2ZVLQMGsZYg1JvZFrCdj,9995586759
5ESLoZNft2zvf9xbHsdmMYXtJyR7gj2ioCZ5zuJi3iD5Rcxs,1644389590
5Fenhw6gfmzUdMBqatC3fd7BanGbe9QUEdKc3czUzbSTqDqA,192674100000
5EqccoW8j3jVgobM44QnmvZgHv88xVzcHjGLR5QtnLBJE4PH,3030708790
5GeCJn5MVbPRRM2D9NoQrtD49LEFV5HRvCJTdhTrk9twFEnu,156420012757
5E9UYiPxCn1L3sKVfcueuftCXYTfZ4SigpM2yHfDvRP3xxJu,39152040000
5GgWAVbHhiquDVAFusdr5syfpzSU7HcRiJ18v1xP1i1zzJuf,12460612464272
5HKXHHUfwK59wkJFHjDqjfif2iZZ1XQxPhPyRfD3mka7ApC4,1290295871
5DXby1X7bHESRm6r4A3TVtBPe9fVnPo9FhjSGev7PvWRediX,91627230000
5CRnKmaDMAv4bfuiPrewJWQLZAZ5DNN6sLWqAv9KcXfjezSE,459590000
5G4m6QRukVLHP6oujRXmQSkFCULHhCpikPeL5ekxYFN63dCY,218860380000
5EFBE4qgXFa3auk4jNF8794nAb5MYQc1o84U88LhhitvqMoc,3656017730000
5GmxMi2SsKAVfwnyxVZFSTfYGqhAeEXLUXGiEjjXcPRCndB2,8212229804
5FzyUopuowkGGpPzCj9V5V9RpzfDT7t3q9gPqaxKRgy8JQSr,364744109172
5DJHBaXasMWLpL3JrMbWWF6Wa81SSDwwQKYTed85AERdfB2N,33026081309
5E1dYWtMcyWCjhQruYbT9amHWnQebFgnhFyU8GiA5TFPz4hM,6048650000
5GTXqLNvkWzgiEQCQKdUzZHUi98Zrz1MkcyKGMozjmnzTxf9,8206201935
5CvzfEt9NQGcaptK723D6Dt8zc1LGDMoTw7VTt9bJfEvPPjD,47506810000
5E4kDYoTkxc17fKMrN1A49nmdCUyYs56pGCEtmjSsWHTYCjW,90135990000
5Fk2pugNteVvhDZgsVBZ4KnTcKS3SyUxQfN2XrDkyBstebiM,8226535195
5HK9CnZqNFXtaNNCSW4KL5vJF5n871Sw48mUf1NLTJZiDoAY,740493800000
5CqXS5rZ1wkWJveQSxG9ZxGLzPWhU7J5X4qx7smbzD6ZnxCw,183980000
5DnyS2Cbkbgs96KPcvdah6PHMghZ5zL9JjYF5YU9JJb8A8LY,211091885952
5DZmvrPQ1nzDKaJ1Lzpkscm57YBZPSXSVATKpXvipyxPwfzs,62329488884
5FyRVzLNvGLePHLRCiDbdegTkpNygVEn1xuHCaU2WAZeqJhd,27893180000
5DZjHNcWKrhC4LkvU3ZZGbkSS25etHy3c2rm7GnFMGNo9SxX,8024818764
5Dz1DAgnrv8hTZEGeoUVMMxM9CQkdqMRiozBWXzaiQVTpJiN,158410000
5CiiqNivbWu4cYTCMwwRBsKhF9VgXUTgNWqJ7QbPCCAPF5Xf,1495642844
5Ck7arUhWgZ3MgrtWpn6o8Vjcs1UBTrky5A8YTbJKpbiv8cg,149160000
5DJff4g1JAFgMscD4p2ChTgTJXPS18ztmNFHRqyPZ1oMLnso,135170440000
5GxEUeeSD6Komc68R5DWBnGb86ywYg23c9kMDSRP9Z1Jrc2y,543553180643
5HKZn2pfNGvUDxfmAxeBh9tE21FjuNo5D1Quw7HXPyuCcg1H,323918686602
5FvLaPDYffyjv4rsNmRUGGcZQdyPZ2L2MoQ3T1pHQ1eyXaTH,104350000
5GBiCeT7L2NtAtYcSPt6Q4CN1nQ7Ge1XZkysKDqQ87xeFe1p,100000000
5Hbf5ucybAvZzvzP4ugKw4NYuxNw9Jrh5X4pY9YgofULWCCP,659607643824
5GpUBQ2cT1P6DGCbx7aLC49cUpLLXruEFapv8MxumqhwURps,60186650000
5GmuuteyKV41BM3PjFKsNGCzNf1wZHdaAzrYvtgLiD6urGUw,100000000
5DfU7CVGhHwxP8Ep1xSMwQUjHsRQRuVwyswN3QYJnHT1XrNY,58885418857
5G4j4CdDVDiRsER92asDQjDqHMig8zv1noGqadwvHFH1UJeD,158410000
5HZDWcVSASdEt9XmAeGUcVEqRQz2xUbNwHxd8JniLmmxn1i6,3002083834102
5FUFvHtDuADhawGmqWVo5TTYF12RSwYKmR5zJ32VaxqHR5Ki,1513337570000
5HgW7zPKvhpBpfB9x41ZffQxRPEGuNtjuM9peRZaPTLcuakJ,158410000
5FAKPUefQnZ5SbECFf3kxnnnh1DLkGWGVEQcs6sPkUqJG9S2,87140194587113
5FkEBFiBGDfA9PezYz5ReFFVkPSeSs1mcXBrkfSUknQrt5Pj,154430000
5EkMaSKJP59S2QXK2oYLnkiYDHNoQ98dmJyks9fpBp3gnfAS,100000000
5FNVsiVJ5PMeMf6TAZFCvei73KdYgf5TRkiGAjTTpEmsDJcy,61686976360000
5FTkwPokcQSMt1EH7H2iffGcRcKfDL4tKTvpTAMmduJa683n,7986450586923
5FZkjkrzmNVHsgAvpjM3bUmg16gv2Q7Hc87HWsT4avfYkroz,1976794916251
5HQWx9SXXDUGfLNjuhcYXAwzuKBDnTmvuz33zWZ27nGVYjgh,11189602959370
5EWjZZxiNkGH1jYwhoyyM5q6N6DeGQPfPpAiRhEEgTfXgHxa,8167702588
5HHKY2YKfN9Zw3pqMJ8PxaBPKsruxLzGToPG5nLvcJzhGc58,154440000
5EcHBTdFu6H8KHmXCBzpLN78T7x2JcKUGdw9z1pdYH2AdLHM,12799996866
5CmEeWpmR41wznY45ykEvCUSaPzvk1X7pzM6f1K97VAGUJsi,1026712700000
5DZPaGugA6X4BUo5ewTzQAem4cqBPtWTFsoZrUYriy5eu6Tu,100000000
5FRdKt66BR6EXWm39JxBH4ZhgRdETMpkJTxGeaW7YssaUutE,32502470000
5HWRSP8hx9xtCcZ18oXoz2p2R6T8NHNvo4wUSKfwxV9mBHFm,2222781589
5DfnhrZhYYgJakV5SogeYHxhfp7EKA2Gjz3kn9bWB2yvSYK9,44715347702
5D8F3qzM62nSSwRC6tfU41fYojzHHScATH9Hjhuw4TdJ2rsR,494107320000
5H61phnD5buLmqZJwop9F9W9JTWd3BymeobdijTQoD1Cvj1c,120616136445786
5C5UfFJBdABBQfkLXHskofR5NzEG79n7t8dZfbM67HgeFvA2,325712215
5F97LZADQfUsHSBLeNAiBq52EVnrfpRGZCdp2fjMHKAeQMQR,44979014029
5EypnpWbR3MzEBocGUjrJQ8YAXK6bMx2AQVrHQZqCqpt1jM1,58016559902
5DX1YDEojuVuEynUHzN5PJ8n3yVgpEnb2pyY1VjHKpQuQSJw,8207491393
5HVQZyXSPXHwq6qFeaeXMeDsxCmCyjNj9vdrU5TdddmuuULu,20491739683
5DHXS7rwyadq2K85oLEa9WppTGkH21XcgoZtgtNUxPXvD9Tz,212378941288641
5EFanQfGdJW3uQ1c4xBRyXFTHyRGmQKNYEDm1CGoqZtXeHn1,543047618793
5HbubbAaoave8yaB6Wtfz2sXB9Lvhk68ttqoRydpmce8YXAX,3263450485755
5CJ2fPL898AXxoCyg1JzSuXtQCyC12biaafn4jSK9h1vMeNu,25124112631
5FEodW4pybiANbJpeDLghMtrNPX6SGfh77jcA9C9nF46W7sJ,42940630000
5CAeFaFw9p5DJS3f6bnBW9ESFDvpw1sDFLCRX3yixLbuQvyF,218393800000
5EL8neR9j3Gt2DrYgs8SDjnG554iuhr2PeWg7x3bw7kSC4TT,10138765981
5FNncSSrpLjJHaU7vRokM4UapGr1Cpzgn9eDf8S3jCeXMpQv,9124271006
5FEuKKxg54NMkhrrMxETP9yr6zzpVuAvtYyjGk4JuhPopXbs,8207061984
5FFTVFwYEr5gj9xX2qdKaEDV1XPxnANH7NwWk7GyyjbUNiAo,8210506605
5ExkwthLkTUYpXiwFKVLJovjm7XG7q4BGMjn461SLVSdcTjy,11011522218227
5DArjrjaSwgPmqUeNv8pjYw8Y4H2khT4iYSqMf7d4Vg6HEX5,8278099120
5Cd1K9UM2vGkqpBeTqinwXiSXhdZNexe6qrzRZsqLK8RssE1,1396206952057646
5EKvG9Vn92nj6bMppHnctvmq2mMp9jiYs2qs91s7LaLDUYWa,146951710000
5ELzvPwUXudqerEkQu3mutuB7Z6fm3DrMc8DBw9EcUKKB5xR,3102557684
5F6ugGZaAdUSBpmzgfRFkoLJ96wHLkATukNEsVaDtofNpiU7,907925882092
5E7PvwZFE9htdueeY6WaVb7Eu5hD2SzTMuSYCkbmqTNxxfGH,100000000
5F4EaC3JuxjyU5Kk2rwj7iT5SQyivhMseMTRYuGxMPiKVEgF,15000521305
5DXfrXD8DwKLmDGPjHrtc6TWTwVH5sEFnDwAciYHQX5Bpa4v,20759820000
5HQbCbvptiY5f9h86gt8gh9K4XtZADsN526euLnF1e3PYDgG,1305648723323
5HKK8arJ97sJJ7YehSdnBb8NQYrmpFJ1EZvhjmDkNbyW5D8E,45925408754
5FvudmWf3AHwC9F5kMBfnLCWtyDH4xqK4SEtrZ2X9G8eK4MB,6286889491974
5CytjWztVowZsQZxy32PA5u5bUTcZpxq6ykS4JrzXbYgWezQ,100000000
5CK6ArdTExmFYPsbh8gHLDkG6P58YKby9ef2hy3gYBwv7HvV,46162860000
5FghvPA2ULr4kazpRekJnvBhz4hvvuuMwPXa2U5a6zD1L7A4,100000000
5Eqhqvm7aEdw2naNuahDcEdKnLsQxpi96SduAsLZ57CuWd6L,2326870622066
5CiKFux6F6raNYLMePtGZn1o9BLjwyyQkyi4m8E4KbFwh8nH,66457056300
5FnHGySjZJmChGvRCNfvVzccF1MkLrzcvtM6FhfMzr1ZpJFp,8670938133
5FZU8pnKwt6i5VvL1MFFvo84HuSg6jbMsow7ipRckSPEEGrM,43305495906
5EyKYcBS1M5gjFCZCvrsRapwV4MpTTuMsnfwp3NLLZLPwRp8,12437743338
5FpcuwsXjKS3WWyaUKfNfxMbLLrDvD1Y23xyYQntTY3wQg69,60490000
5Fj9Ey3bGDDuMwHsmyWakxBqhH9kHxPurgMbrgyWGCW4riJE,76711020000
5GmaWh17crtpQdSZZEdeoCFxxm4WdvPbJHggRUv3A3cnEm9x,8211370156
5GrhmjRoT2Vyqm1vQmvbbt2cvronW9mizKD1FjwZgw3Wxr7T,8542408580
5GC9hZ7JWWXwG4e32cAdVm7p3TmrVYHuF5NY1ThmGgBrpcyX,5049506032245
5EZiBTwedNbHaKUfHxi6W3aqWtDftT1zDSnC5H8oAQVGqtCm,8553689182
5ERGTAecRwAys69osnCUfYE1ZxvomizL4xia7gb1hqSaXtii,100000000
5GP3UHnZQCtDVvQWsXGtZUf335tWrKfVSKRwWVLbhkLocDt7,276796692713619
5F7LRoXAQnhKMVtuPQGQ8FcTxFzc2WsiDc2FPZRwYFo9EA6w,230009879259
5ECh9ASa9xLPBekLHMBNRKfxJYTmnUzpRvuE8Wypa2mLp4pk,6518570646
5GqA8ACZkeNFfceNKiXWCknZ5xbJBJbmUQrNtioiEGF2ZnrZ,96680673565
5CzKnbNBAyYWFYFcNkPbJBFyEGUK4hTzarBEk18ws8E3q5ps,8198245470
5HRRU6LUDYUowbneh4iH6X3iVThRBpKTRCYLhYWbvxsxrwxT,382687683307
5Hddou6XF4Ka3b71GFNhkd2CLKi57STxZCVkJS1Np9APrwtF,1887540000
5DcunUdmWqmab8UhqsRp24QJshRFEdV5V8ZyZu9uLQwYEJzE,492537040000
5CRjsjGHwcXea7QePdZYHUxcoqkjJnjLUwAAjuiHmP1ViWtp,828724726355
5FNSCNVY2heu73JXhPBSbHTBtDXaQaU11S1T6PYvVCRM1Pqe,1007490946787
5G1dQounwQGezKWmzqQiDgwJD1jwUwk922hnqTZdkJpY4pib,158390000
5GCBcTr7oisZ1TK77QzjsvP1KcLDTDd8jXrjZfJgMot6r7tc,33493410000
5F4bLfG1ZhgoFaxFCX7MjRqEzyJTBb4n3797469ALwncimDd,8209644979
5HRJiiJXegqMKjsXNFxy9k6AH3tdnmCR9FWAjwGJ3viWcD6X,98760699354
5Hj39G5g1fqPBEsD7L6qNbrZN1yf8bwrhxxEZSKqsw6xZzdd,1144500564062
5F1mDT43H52oLPwrgDEuvp4gD3M9DEDifu34oxBmbPcyvgwc,305784925491
5FCYP4YURFWpYaN78cBG1RPUU8vgRKtoXV3jAFxnqwGHEoCB,166670270000
5Hb5jDc7B9BECSfdXkYDvP6udP9D3thAagzTnohzSiAu5Pkx,291158650000
5Gjsuka5FkutS9bEVTwTH5eJt7u7Qq7uTWCK4RfwpYx9HTHq,8221761896
5CAyR9e48iRTA9TFCwxoK7ZC27ujRfuTteHL45u3LwbpvDPs,165930000
5DXS33QTx8FqGJShWHUEuwZGfaVNJTKSMUSnx9z34pM2dKkg,158380000
5EnATCdd3YDRyW23JQc9tKUCdrEay6YftDcUnKrE3tcuQ12H,102532316301
5CodCDevxzUe5kefdwhiPFt4BPQsKJPHU3P1ANc7JXJxbSq8,158390000
5GSQjwf3pJ8vG9QtbQd8sf9U4G77VaUxwFfAPgpzwDnQiF9U,40042727615739
5HmJWVHABW6wtPtD2sKTQyoSvWmRmZVRNB46mbXF8YjnWmk6,12669204017
5GBz1LJMFLJetkbweSEJmDof4xE2hxHKgBH4GbjhxWVZxekQ,100000000
5DcrCUujCswidWMAMHU1TNeZL5PXupBvKXgavc1VWLmo4e2a,10000000
5Fk5Gu74nHUC79u8xZXvZSmFJ9jqy2q5Q4LGkaPRTmTzJnHh,55149360000
5CyAwYfDZLGnNx33aPXhnV7KAYsZBADBjABiCB5hUMWajnva,158380000
5Gk2pj2BUBPtJqZFfiX8fVPGoJjakVCAJ1xa2eBpWRmsaKjj,158390000
5CzRqLPosHaraJacm6X4e6VJHccfWUn15xUpJKPBS7833aDE,8219140028
5F4AMJUraSnRBKpF8L5LXCDHqkhfzUbgM2PcWHVKHXTnbaag,8215248314
5CqSMNN4whJsf7Lgxq3Ru5ibZXZV6ajrdSL9HgWUCwXA8K2N,159620000
5E5MGyG2N33nuJtpWREWhoE1nHkUbofWT8moAL7enLMjYbkv,102972511721195
5CyqT34oJSpgqtxqF7hUoxzhGSEMWy2PAYxXSRCB79RaxhcN,498478320000
5FnKTVFftfhiKdsdyuUwTsNDvJjo8ysKwftcmP8wBQbLWGUR,183910000
5Gpb5gfuZXgneK3Xh2dmkwXzCJuM5WrqKtLrmxmwicRvJ7B1,8197604854
5CV3czezqT6eLwf6LWwJehCPcWYY985SQnyUbWNrmB2NE3pS,29448646104
5D28WEDH5ZdVLPePG7afFbP9C4VFDqA8po9tTdJEZKbYRRTz,1000000
5CiihpS1M5Hrs34h2pUfetvorgsAXpPosaB3jDwVt8SrxKoS,100000000
5DWfZwYL4jteGqfvm6vQmhkzTqNXnCk6A8PSA5zHdc8u3kfD,2034749138821
5HEXAuxrNsEAjwNEaBsv39ftYm72pLxRRNgNpXcf8uyFdUi9,8207061459
5C7b9pnsuMAfgBGHf6GuLuvCku87iL9Q9u3tN6FWXJ7L75Ji,43520243146
5Gc29YUiUS1C2aW8kiP26qs6Z7gMRgaL94LYphr9TLp9qMf5,100000000
5FLJ4J7RKoUGJojJbecNu5NE4iagvSkE92NNpk8jkWb8UbnJ,291111630000
5F4msK9zS9RErXkQPBaaadtABNFCQXsrskWsAeadt2nDkj8t,8276779828
5CkU67vsz9ZKhqNX2n1K8ATQA9ZhESiN4KF7DvF7KDNvBTqa,80105920000
5Dr6o4de927xQg9EvrwxxzbH52q2c1LQMcfwv64zn7pEdCEp,569040775
5Dceay4qPsMbGNkvSjHYd9pt5SaE1r8uWGDfJwUWrKrDeLnw,2101062530000
5EHQ1C8sZTSLEZ5Ao2yZtZ5d2khvtEshbs5aCNANt28a5zMJ,501047213230
5HDjpWGMDaR4ptStWZ423KHXzqrQwB4rMmaEoNMkRMx9tosd,30576495186
5GLMHiEMuLNt7QmNd6GCmgnFg4cdWWQkVMxZYktFWVMJ9D7j,463133300874
5CS7nMVEJegf7oR8aei6qAn9gSg671PqDjeynDvxhTHs5gxD,614288677602
5CLVAWStGbpBdSSjXtwKgmDZcZQ3dQg57Sjf9EcsMFhdme55,8204261387
5CwnX9bSio58RHsYxgJcEgxCFt3tv86WgVTqfGUgvjpLBtcs,798668690000
5CZnr6xr2jJhqEHPvJcgBCGhHQ3ty1NMP72uGuwakY5jn7Qq,8203834873
5GHZwK7t4WMzWtNrYXCrgFcb5kYmVSqKmp1apWjDGW3VtYpK,8228278830
5HpAQnmoK5AxkYavFK4RnJgYZC482do9jmmSRKCpPdgFfBLL,154440000
5FLjGBnD2ifJCb9SZi2N7FTMhEVwqrWy6jJ597479iCQbVSz,148488730000
5EvTVLonEQJ8NyaGAyHbN3oexXK8KvowUXPoU9fMBHGqQCRR,10102870755
5Hbb8uU7fJEN3kinBDEnzer9S4ZKTGvvh96mvsed3jYr14rZ,877380589
5ERkmhgzUHYTYXCFDxoJPGiAwEdr8oSWe8Fdj98oQAJri8R9,478229970000
5EnXv3JYfK6tEVBfGk6i8DNhtKQ8QFKybMaYeRu1kNiJN2Z2,58742996
5FeK52Ksg3ds78Qi7ZF1c41996K7CxT8t8cTVX611UPE3xnM,106340000
5Hh8RymUxt9Mi7oVguCFwWmt2ehSXvzE77qvhhstXQ5mJR2r,40238900000
5Ct2dZNx1gZtBEcCmuV2QYivbZmvfoyeJFpRQXh5V2yGAEKA,158400000
5F7Mfz9AZgYLVyXoN4nm8R26PZuC4qMCHt1rdmqrnDCSp76W,3190470000
5Cqnhidax24h6oKgbrXFCer6dcZohacZ3rTFUBBNMsFZmgmi,1738058549801
5ERkg5ze7kuPBNWCvsuWpD3D9zTBpyS8WxvuD2PDTUFrmvRk,1000000000
