pJX8xiftB4jJPjmQkrD4G4fCTujLZajPXyek6PzPFVF6DoE,26879.857664100193
sjVutJ32RxL8CnrTGG8nnZnMrPBAgQMRTfxCUcPprunk43P,76.999999999894
qrKh9J1e65LY8Yn9uSNberU5HRJt3Ad5wkzeYtTLm9MiwgF,14.96246803
pZrQTvTF21wVJCkmqU9G36bq1iGc1VTw9WSr9s5J7tmtdTj,1.99400321
os2dwQMLLzm37LZmzCRAp9CPHMfycynT3BpRNdu2717QkPa,14.96086825
rycMPo28Bv6E4wDzNMFjdihzyfypFHit2JCBfGcidAt2BEg,4.999999999644
p5voAPsubXCxfjjyEXbhy86XqQBDcMio7bNw2ondkSNmFCM,49.758696771935
qoVVSG1AjUPMHhEwU3kE7wSavDEQRsjQqxNC8msipezAuFi,474.28237119
qUvFn9zWeNSEgGpkXR5tR2d6usa3MwPXHvChrNGiwgBSJz5,1008.412247565258
pu4h5PPMgibpa3SpqdJa6wX9oLnqAm5J6rCPgsXz28Bb5ek,14.95670306
sCziFvfrNbw5HaeQcJno1e1nKWypFq5bz4pHLbnm6M5GLeP,84.569657943026
rc1Qe5pxovBo3YkuHGdkeQjuifaYM4JbTAzB9ggk8CmSQjD,199.894412401041
pA7vPcT2uYB3oHJSGrLX3V1Ek1Vgz2ULNKrShBYGpJmsXuP,908.113132651143
t1N8Hbo8F5RRdCXx2nU9jNBV53oo9BqrhmZ2wW3z7JPcoFi,14.95541403
tWTKqA4QyQShwtqekw8mTVuVF9umFMxZTt6yYyyiVw4EdJi,14.95539402
pimqLTM1M1eRyEqnvGBuJe96KUKX7RzBFoXqZ7hpjhHiT9S,14.95618549
s2W7UMxYDFUnw6dhMrA1PK2FxhbdbqxzdRcimdmRT4c2CAQ,14.95539438
tpzQKpEKeenDxWaWH91V88PoNM3utSGRV5hERqx7y5xgPb3,70.826926155481
qyXvsKMADyVFC895S3oZfMj1AL8uZwXj3Dc4RsFUyCrXkuM,14.940792450283
sUNTkFU4kzWVY2uHVyhys5EbnDfDNuuXypXCnszPj8vgsgc,4945.482474751924
rHqKbMNFc3t99fuJhVyA4VpDBr4BNvJeAN7iC7S53YYyC32,453.322368169624
pA8rmtc2SA7aXHW8DrLEQe6fULLHcsCeaxQnggKiigqAg1z,50.216266271987
pqhK5TbfGUQdhvvZtLf7UAQNFfDzRFYR73ude6fiUTneEvY,33.647652198641
s7e2xb6rdhDFF3ApgJargq77zmF9kNmWCaGCVcX51eJptb2,29.999996276878
s4FSXtANoEpqu4PMZJn1swpwMfs3ebCShRD4Sy3HfxJjcMT,59.92604591
qyK7nZ7nj8VYghFAA2ss9pVaLBiedo38aVBf2xZ6Kj6vrdv,58.579861174287
q85c6gpTgrh9tMot638yJqogg5BDons6PJyhPLPW844aH9Y,14.95686976
pttX3CwKd85WqwALrvwex7sj2R9m1wDAh3Ars3ey87NXHbb,194.262852058063
tP7ni9hahFCqWMBVax3NTSamycRRDrG95ypixGYNHESZ7Hq,14.95539305
u1M9UKaAQYTa5V6AbF4kpCtQCR7kxQLi4uakq4gj968eeus,14.95617417
pXQaY2UH1f77ZYt5joDgDKcYRQyJyeeHtm6yY4w3tUC5qWt,200.265391581124
rqTL4hQat6bpf15hguEmSDwVURq41y56anbHF7g9uKTNFjj,132.361938184594
p2REgSxb9p13ZXD1g3m5urxqAv9CdnWE1o6r39XhyStny1k,40.836434769838
qJHH8XoskRXdtZpgme4N2ZSDATi3yw2BfPyWgVmDxyzUcVH,19.999999999829
qc6DfdZW183vXsNFtQAJ9pQDt6g6AjvTgbNVaZrkEFReNfX,10.263899579402
qVDAyvVptj3wUxu1caeKKdK4qMTZQAi9gciUhDTxZyY58fu,108.489855845521
ts8V1P5ByuRcGtUtvXDHKGqaTUvsh6DPLAfBuqoCuJrx9h6,4212.52214955
seorgCZDzP5G3JEbsBjFdpQ4dTUgCWoPjQynyJqHCfXvZVW,658.069382623427
rhHhZ1T8rpCf2ETbFMXyVE9RKmdnrGWbBDemiR6Tgg6hApX,30.0
q7dHzzcnhJe4UqfosMg23diq7tS5UuNdNDhwYgVQYRfstWh,1003.433074066853
oMrVQhBhLBsKXxZgnSSpJSb8eVmDGvg3PqzZJUsmNy2T1Qv,47.397375018467
tTnWUJbPmY7U15HKyLTgFmya917G5EfLEJmo6EHb1t46XpS,1216.901912564247
p3JUdqZhY8a1LhCnHoKkVqaVzuQyjBZaHdx4UmAxDE2hymQ,2663.119439630972
pg8BSCQDW3zhzwKumFfkKg3q3LHMopQJYkfCJKN3SfR5jrq,474.291706975921
rAbniZRCcttT6yBdsTxLscxztnkX493fgrtoNgKVP5gDuYJ,14.899999999857
q8L39rTZqNt2on9fsD2XuZa8P65rTGosWWFtVporFjnRhNi,7908.551122888522
pMW7gpSEZgm7EUqH7yfNVBx4n4aU7xemzze1jMn2WA4bwxa,21.111775790656
qexh4BU6MgJcDvXSqZZGgvcimXDhw2thFfepByTeSBNY6s5,166.430209832067
sk1XXRtTmiG3zKHUSqDRYoeRnVpxtM5xn7APnBcyxCEaCrq,14.95539038
pfQKGY8KMjQ1emtewSP4M6PxxGGLLx7A5n2aiKRm9pr8mU2,47.187197851351
rh3fU6ywYs2RAT9DEZ5fMaxDaBJEa7kRq5ZAr26cQR829Ax,43.118504374829
phqrZVjyTdNuk4CZCY3Hc8PZRpPQgoJQy4Ggm59yJeCSx4T,47.275128236454
q2TCjduNU17qTby8swQYDcrsZeWFGfarNy7iRkDJsh5bcpk,567.113265940664
og93xf4m21Mb5rJb92YwX1iZE5rGKAwbrFeGqtRD9G76Zb8,14.99020498
tzsiksT7cNEaQ8SEmQeaLkzx1uRuL5ixCDdrMf1PUXCwvLw,68.493434255573
qc7w2mLxwXfDTdxghZUEYWstXrPf2pdCzPMzLtTfgQWQ1RM,4611.683640058687
u1p8RYKF9rkMtbcjqqAf42Gu8Pj8uai6jtxmKPoinRMCKw4,1713.627542249953
sKzip3XdWMe9gm287v9BHPs6TC96RPrumF7Q8QccX4KEYYM,449.999999783607
ryVPwW3iJMxenjgJNBPjkWBp91gDHes3PR2EiExqfKJzcLA,902.91108219
owanBgKFiC4TUiJqA5YbLW22Kme2tQgvHJizVyAX7xKPSma,115.900573545474
sqhGHNeHMJWqMxUEMY8GBpj5sSvXDbdUD6UgVLPULAuXGCC,14.95670297
ptQ9sU1Pp8KNRDaMVuxHmLY7vRZif3YNqNUqDD8uyQ3QVdV,14.96168061
ryc3BGfpkmDPDov5PGkDgk1dpa3ak5FzgXZccMXE7fK5Ucb,14.96089318
qd2DojPnN7EKcq6PRTaFagUUk1Wz5dGvzTQtZf8mhKT5sfq,14.95735363
orNzSPPrhVhcHzkG2HGBKHpkwT6QJnt932VsXkwRdcaJnfx,722.170928812624
qt1qDvWkd1uNVnFJ2ppQePfSmgz7ikTRhy7djVXv3mrKugK,14.95667363
qytJfQAMBKNY2SBG8gXZX1VK5XYznJetiVYycG2jG88t8K7,292.02175887
qf5SjMDP63nLnvpLuRXd3JzEeFfQEUfTmcNQxSWb9QNsJkT,14.999996772325
qXWnz5SnNAV8GbmqcXd3f5vtEkns5VsQP2hDZwZXNinKTtv,27.898398004152
oyeJpywVkajF7Ugv4TBDdzaToKoGKs2SRagtC4WdNkAA6Z5,210.510018744989
pJSHxuQU4SB8ySZesvZnZkLFeGq7dSA3AmVZ2VhMuNDjthb,59.68721837704
oXwXMShchKjXqL2qx1pu3ddqwNmCk6pSsjpDChHLVVz7RXW,14.95539257
r4QLRjt8T7xzGDBZVWdEUSDjBFd3dKb5Y926LkLEFGfS2fV,83.752261165016
tWBuY87caUrd87kMG95f9YbBVVvbo3cATBLX3py6ffkAXjr,29.999994964327
omf3zeFrASXJZLdFKKZKLdfXE4NmxNyRb4gYKRUyYeCcdA3,48.999999999341
sqe4oKUBDbtBB25md3AYeqS99pAcmeNhyA9ju2qPfZQqrot,3.999999999812
qS2oNLWygK7YL4Pdwi6kpJxFrd9A4ZUvf8RXs4SXTejNp7D,0.499999999708
p2UZMkZVyjvkhD4PTuMmXUo3odHfMYb9UMfG6A63ZDX6gT4,1349.572897144055
r7mhs7oyFCax5opmMBdurWbuShwzFQbR5tEjpdfMmhkinDu,36.833963353745
tWqR364TqMvuKbmMCtkrKcPmfQCuhBX2oV1nGoR8iS8f6Jr,14.95670532
qkxvHLSwmaX2tuaipf8GasPWahSg9mCMZQDuWqricvY8DFP,14.95686572
txG9kzsRATF4kuejDKxxhD2skKdCuvhJb3LbvsMDEPvoeSc,14.95636324
qCrsvTydkS4JvPZna7du4y3DFpxqP7TaAameoXQiCwSNUZ7,261.885668103507
pd1c2gHw7ZSbNBbzikUZDCubfYshnHniZ8Qen726XiRtvyD,59.49600151
qvetcCFqMBwguXhogHtutVfP6zchu61njDzRNxAuaHDbMfo,14.95666825
pDubmCs2dJFuyvQwPCjnbbYTLV93PSMJmfqFPsFJhia5k5o,842.540238750959
tei5idDf4E5vc12bYWtd2WQTdwEYTB94jbasub7p1HGmgQD,111.78385286
u1ZqGsdHei7uMgrPS6ThHTZ2URhuz227j86o7TZT1K4Tq7z,11.99999999981
qZVUR655941nbc42Bsp4HjP4GVpHWJrT41QDmzsbW7duJav,29.999996626022
p5tEBHhnvyqnZsjjwYf6YL6QuhXfkUJtZFZmcjoe4o6HKyD,739.939902023601
oYghzbsRxw6VEJp7BembVvHWxNGfbi24DK7aHcNtFc7R29L,464.307936333042
raKdY4YHy4SFWSrfQZvpsrUQsnoChcK2fg6BZp79TP9fGmQ,5932.604006450404
sbrR1AHTyFG9iEephQD6qiU2tR3WFaNePX7ooR4NZ8qY7UJ,0.99699891
rcuoH4b71aE2bsAJgGrtDnzLZnCPXDSZAXGbtgpdF32cFfy,3268.867307076509
oacUKf6CU5ZGrBAVUCPgmcajbH6jQwy7wmazNmJmxUePjbR,4.670025471126
omA26SXXHCNDQSV423otctxo7xFFmmCPodB6TYXhD4JuqqJ,14.9564548
tNufnkWzwWV9NeAphu9eFExT9PYhF2YxibNqvMHALiDnf3q,14.95669908
rc5TwPrya7mcd5bLeWY8zZngW5YZY1QBfTfW8qKfbwUU8Zb,45.847805701449
rZMgVTAUDiFt2ieJXVGAVWNAUgspmD1hCUuPEVYyJCX3UmM,5832.814428339664
tbD4yAe9C2xLDqwDYHhQjDJvpWaqup5KT6gY1eKCrWZvKEv,70.132945866414
sLgmeb1gdLR1NBCa1q8fqJgGwfyNEwkeAUwrvpb1tMMshxH,9.815073977349
oV9D5T7WqD2EuduDXWcXfUSXKSxBDN3yMK5ZYpAQtRnUqWa,14.95636527
p5aSWLD4FaYXi1zWNNZz3itmesLLErEKgu1FWZMGXMotCcc,14.95541562
omAGXxVBfjNCLCqqoMJ1hBMzufXDzqnaG65dN6gjCyumDVU,287.186407014221
p4wuqhA22uqAhbEuA8AEGQm6YjDoin7Bwr7TwXC2tBZDCMJ,49.96804328
oKEiq2AdVgHKSk2BCtM86n2LHizeKV8Fkf9yASvW55yUBYa,91.557923750422
qhPEdhFWmQaKHRsJUQDhiEU2r4x7RVnFcpnBFGdveUy57fM,14.0
pkPm8YAWqBvURBpVX6NQKdkXm5bYHCCh7dHbQHY6gGVJ43t,414.932640277867
s7meXKsAWX7g1KUmFiqy6NXeJon45tsifW1ZSiHPiLhVBpy,14.894317219545
rSWPwVDeBZZkLtqLVTh1x35WNNdpXru816RvjgZpstqfz47,14.999999999994
tvXFCVSXcVVeg7d9Xk1LMP13M2dkdWGZEgacYQ8huc3BGGG,105.778980993115
qFwpk61AvLc872Kn8mgDQAaPhMHSBQtMJits5EGDjxEU7db,14.499999999552
paKZLzcNx1PeVpHQ8dgBPBFEVhRDHG56kfSyZteJeRJoGJT,132.895066432279
tyLqHaDHhGZGhRv3FWBm3fcQ9XGk8HMPfTc81Ecr5eNpCSk,19.709798854326
poaw9dMGBhwY2xPZ35Yakz8SUo7pp496JdZUdaVYGPywrR9,191.298258176083
rLxK3xe5d8R8KgqgfeZ5HXBa1TUCHDkWQUw53c6UJMZUspo,1.999857227285
tWvfTAk6857vKKJP7ahD1vi3pGSMwWcTakkaCqi9jYR53vc,14.95637909
tj22nwETUcynmTfEf6FctkKEW7wL6H2injH1TgueN8ejG5j,1030.31149742
pkPjM1vUJDAaN3aTXz3W4h3FAThY3C15BMo8p4wkfaDd35K,990.623333607249
rCUZxci4Pbdiy78hnELae9dTSk6ynEU2Rje874mPeULKjUo,49.83482761
u3YW74Z2qgGtGhDVTsEtwSHfJ3zMYj6RYa9SJtpUgDg4NmV,49.782343191535
qoD75idU7NiR33t39juQn2GRy2Jf8s1cuiUYZWP95BRcWxB,14.912259152768
pJaPx97SqwL3iJnmETDctb4ZgWEN1c3i5AUV4KXnaeqFfut,44.458432841421
tzy1B5DKQSk1EsNKGecGJnhXKopcbYEg2PKjahwe2ETvK4D,401970.6085651005
pJdn5gFLSQkydGiAL1tpepmMM2WRMiowCH1YwtZnAAUS3Ke,29.999997567732
tjzeeiztGEAtcoELhd19PmaSbb8W3yEP671X5oiDQwBcGuC,3.98815257
oasjEt8EJnpUgnqZ8aXGiJkB5HdZZZFfBwnxGEp8TNrvoax,8.97313571
rqzBKaHwhcMFHRnXn24S7jf27faUssndbjnWhPFMiJYBxEh,21.073131886589
qGHnLSdELG7Y9CtFfyE4T2bUUBNM4qpZEUovzaj5kDFK81W,14.96353007
sWiEspBfUjDsW3c925kyu3FcPiihfinAp3xAUtieUBZunwS,21.94987363
oY4PPwAwPVoQyXvUdvvpxtXd5rBvBJT2NCJbkkp4q2LvxAU,109.99779289
ow5iEKL1k7RYcVFMESoEbPtfk9EWmrY1i97GmR3cim2spHm,9.97675805
rMEKztg1TB78mdbBrvDybyS684c7GuCYLDttcuY7sS5BtcD,9530.97086768285
th7fqioYJudndMFSWe3rFey4hYZzg89dcSrdAFUip5Vfajf,329.194523627175
t6ujuAXypsAYp8yuU5K94A2tCbufXAGsKGneHaY8PX9daFm,14.95538701
oMXGL7okdcJxSjyW9DDxiNqBHzWDz5zBnr6ymoq8YmZKAKW,395.101400885784
tbgKLcG1CMnXF71SWqAQWMJ38FXRh2oj7kMJqJXEJf6uLam,15521.219276196362
oi4hrNfRX1kYdpABabfKVRAokrjAFi9Qar35fEySkeyzQFP,29.999997152374
ptyooPApoMr4ym2kMH3oyQr9aHWKBb8xrwRmhMa7KQfsuxM,123.137639946524
phwhnvzm5txeGrNmFkeMThaFkQW1sZsEGh9g8wUigPkcHGQ,29.9999982962
pBNoubtvNtwxECLUUYFH3AzHGq5ZDT1sShz5Hb8HKJgVXbA,1.999999999915
rUFm7ZQzd1emC5aBg1Ct9XFocsrQa6cEZ4hsYLxJoLb8UkY,4.999999999644
owLsZNpTiBUCyphZrvS71qCTjzuFmGxAcNiTewZEzrorJRH,252.716277126908
q36f8iC6p78JAnqmNtCzvy2LHrRWnPcyGwo4K7Nvatd8jqt,14.955387
pMSbMqR2bjw4itYogyXNmqoyyQG269c3xjKCiE3ofuBWA7K,196.9412578993
qPqYqPX4LhjNsC7by2SkNgWLMV54VKhUf4u9sh7pJ2yn3iw,9.97017388
rXSqmhNP7PFwNYjUNQqvTN3DwtbXFpTJwWYKSUuWRqhvjzp,14.96243699
rZMEqjVK41Tuv5Wg1E7atg23qXranHndtXoDmq93gx9mWWn,14.96243699
sh1fTkkpMzMtDPgBLrJpjLizPiG5ng3Sie3c2WF5T8gqt9i,14.96243699
ozaAKEFbpc569QUfmwaMwDng8jbskgKEdHxVHNn18EPR5J6,14.95773675
p5zFAkzpaMFVkPztZSA5HL5eP9Q3cqFoXPginKknwq8nTNm,14.96243699
oa4Nn3BCi5UKSgxjo2Wr8B7e4Y3mBGNhTuCDzkdcBV4Cisf,14.96086786
svA42gchaAugZ4e9p3kdfzz5MLJgdDQcnkREraNRXdBnkhX,14.96243699
qoMuczQfAPwny8U8Uxrysc45FM3KZJG4kYUdEJziTZwMFzN,14.96243699
rC884B3pLCVZyowgVBkjzXj1VLnPkD4bJXuBE4uHHqEqcjy,14.96243699
r4yozByempQsm266S17TR6uMrDzYML87pkQ5ve3kCf5s8Gg,14.96243699
rvVvksmrvqv43KnncnczG7gLa5asWh6pR2SEaR8SqCidgSn,100.0
tBtmnDFWByR1XcW1wQTVQXoYdpehvdNqwbEJT4tk1wEVHQi,4.999999999647
tEpwHCMKXBY3sRkrg9KjqJfo2C76V3hN9hdrGsoUM3xMzWV,60.127371675555
sKzydqrV4GtsGW6rs7bkyBiYJGyqDu4ZAPU1goSccc3WLaV,2527.356222944959
qqszuMpc2CZ3tveEcFFTNsDZtL7izHrNLTKpS2ZCuMNBZyG,19106.073570856694
p5nCzE1r2bW73S86B1jjupM99QGvJt1W9Ynhox2xy71bfcK,4.999999999576
pzNvu1CHNiebe5ba6o5A8vpJhFzim1FMuqEeNpWnG4eLzta,3.09878568
rCtksmiwTLyRFSnQpx4awnVWZVpbEVfToqUtoW6bV7pNVjZ,14.95669528
tZcmGSkhuCCJJCK9zbgag7o7wwTkAojrzJ8k1RYKmh9gC7C,4679.08005659967
tZ8ioMeQSrp4ZLcV7KvZ6i8T8GZJq63juB4aCJbVcjdKEtU,20.213464529922
puYWD7QcwzgWE1FY6crJthTaeqzq1rCUhGaUor3dd4JMzL8,192.16208432
tgnNTqo5FMRjZtkGDkGqutwUfBm9HJ26XQNYcrh51oMVX1j,4.99999999975
qa3ULXPvAev1eDVXMCaT34AyET7S2fEaEdxGNsRsQH9tZDz,14.95697464
s1QqHGfBhJcbhUX9FKSYRAMBkZc4133a6rw7oooc4qD5SSD,642.78981257
pGVKf1jcJZUMurQZwkS1APbtsGSRYvEahoxQZZi1HdiaV6P,457.053803188392
sy5Zwzb17GrNHZH3ewAKa3oi762WLi8Wp6BProM9Lu2xGZw,15.0
pAz61ArZ11ppvigCeHEEEvcn99trJmpcF8mf3T8UiL5jAU6,14.90790837788
pLxjLBSoneAH6N8gK47SJsDEoTgARAXi5FWYuekJRXsJPnX,1050.747822727812
pQNBgdN9MXUSbfTqUCYHEeA5kpymiSaRqnz7zxkRGJEQv22,687.806403546418
oitqr8zA2FHgx6ZXJmvM5kfPe51Zrkm7xmMi2jQ1cvo91xT,49.86750402
rCki3Y2et7KDNxuidkKmnadi95rsAVjo7AhG6JqHXWoCXvT,14.95538697
oufjdijXxHbWXh34Wm9pAZPtwTPCvsKJfByd1CeMcjKSsFW,99.999994297234
riCAriEHsr7uiQr4KuvEGwruPkFyfQMEEy8GQhTzfZyKoPA,30.0
pAGs6xSdPELENPdewu3bqy8VF6w2voAax51a4kB13tF6wfu,99.999990759427
rekNRx6Kyxrx4uY1RXthi8p5kmGvR11cEjDwe3cmmMtH6wP,29.999999880746
t4jLRnrgkdYMctbXcchN7k77TjJK5C54S1uyUwUVC2SzkBG,14.95655211
tgud6ynQpj26accpkYBGeaaXrYvaxHLy8LVRwQHRTCRA187,11454.2549478
qmK4htpDzH9bHRSF1oFEvkYbr3PgiwGorPiR6jtaVXzMrFX,3564.803551363321
rqGknnwThgzyBzuEJ7Cq92m2hnPCEjELj1sqAUAsPmDW2Tn,355.581624170028
sEkQ6WnKizPZbJHVp3iNkvkKUVKEpkoWvSvrrDrSETmZPkp,29.999997864544
snD96Jg2EWZgfCPhY8XiyapvQ2eGxstjP8XWgc949DpUjT9,29.988780786002
svStDazwvno4fwVdpnH9XkSy75onyuGJu7dfGge4aRt7nJL,74.88178617
s1rVF32VR2VPHAeQGm7fMaAGWVkUdavWuWdLTo8FmnzFNuk,14.999997513612
oiMrN5qiAVd5uNA5U3Q2JvLurJSmjj24bGkfwqAkan79c9v,14.95669986
oPvRsj51KhaeURPZzPKqd8qPyrRoX6SrBD41JPC8FDuYYQA,29.90701319
r76FZYxnk6pTNAkaK75Wq9cypQzcYegfZCKqTVVhYgugy3r,685.156261539358
rS7bL8mMMn7EacLLWGTAnM2Ve4gZ6V77WDGF26Z6s3hfcV4,49.8689112
pg7UYMFEW8BpD5gzG4XjTS7VhutPAK9NZov2LDK9U3DXWME,14.958538
op6h9ZeoD5dJKaQiTEhyxkgv2dvW11YMkrSuYK7cBYvFhcQ,14.574253117095
t7HyVLBk8MAqkEikDnFeVnuKCjwH1M2pvGVyfzCkWD6n1US,140.04582293229
tEv3k15Uq1nG4TKA7hubuzQzSb6ESu6WjhoeGGZZ1DZXRJD,134.943947083176
tc5TzgfFQM7xF34L2WLHLL3nimmvKaovmJQecS7K13A6LrX,41.79365282
p5TZdX3jmbszSfav34My5VFBvpBwV55d9ucHRmpHZ2FN7n8,10.410863892363
prFZMJBPi595ygMYu1vQkgRr1bzBpgm7mcHbxi8Ynr3RDep,359.12761074
sRMwfzve3ziws8hX2Jq88x5Q39py9HuydUrNkBTggKUSoUR,40.151683743243
tZ6VZ4xsRLSdkYUVdK2u2gD4DhZ9J1FyiZWWRLp2gMXbzYj,14.0
odAJ6rKyv8viLywUdhVSYeDRsi4g7Fp3qmkyuEQbmDUi9N8,14.95538952
sCpfUpRQ8toforazYiXM42wPELugdtjKaShtdjcsh7dSfDD,208.852193239498
pMj5CQ2qUCkxsqsuFW6qFfAyKiLYSbPBJMZPBLWp8vHhm4K,14.96191053
tWZ3JTtxpexf2ysUPLQfEb2dfSmPHcpvN4E95evPJJuh9aG,898.898516368531
rS9vBBgUBeiSYECjiRRcF24NsLz3qxarK9bMhxPf7vJJbYD,14.95665921
pz5gGLokmNcKRU6A9GWiKTcavrCiUcKPUSTDCtBQcKHjn1V,14.96164264
pQMoRGzc55yLyJAgBiWVdDWXss6BM76Qbz6dfAXcjyTdLYs,14.9600791
rAQNHzd71MobswFakLq6t4f86tMwLPhonj8r1wn7TVp5TB1,14.9608573
oiZVd7UcZWzy4TbmPruUdcRS5Zntu83Mqu8uHSj8SWRuUTi,14.95929376
pQXLvTNeZtJiTCc8XnR78XtZ6kggEiNmtubc7matTnGTrhH,14.95851556
pdH6XwQBkgPS1v3GQLCWSq8EXbAZGistHiKUmpgHWWEVEjN,14.95773022
phnviEni17Lifuj2h2MQdGuBVwgXWn1uqBiWKnQc3ULgrqb,14.95695202
t4AHxGCVdx5LKHktvixvJVYDp3MDHT8uuWPriuhyYDLjA25,14.95616667
tLdB5wTWYkTcensxwWsL3RdMeqBmCudq8FpVaqtFC2GUyUT,29.999997075511
snqUeGGD2253pcRYgYtLPrbTiduBpRr7GMoChXcxe51kMbS,601.999510331891
tn9BnjLMTVWMkcHHNjR4Vy4pR2VHFQCLU6wcVKkFHkbm7d5,14.95362219
ri3UbupFSo3dznA55NEVonDxwfyN2hW9dJ9tJ2mvRLapnCn,14.95637326
qfv1pxxp9GDMACpVmixWuVSLUZ7pVd2PDid5fSUJdzVrqpr,2.99102966
ry6zpi5vaHnaUGNANcjgGcPUwhKgUrkf8h6NCc6U9miUEJg,14.97642104
sUYVdhqPKAfPEaPbFwc614UUZkRSbx5VtX5QhSSeeh15tM8,47.22437338
rvffB3YZ2DVTNp83TVJtj9ufRETQtnKDtgYopDWMgsHYSwR,29.999996533848
pojZx88cmNFwFS5Sf8dApnyv1JAsYTWnTA7LNmYjbLUzd47,58.250448844492
pDJx656A4TYeJvDvGhMiNVoWskncqii4mVQxyhE8TTFEPdV,14.939057871124
q7skaBqrhxj3yXmHGrhr7T4kojdC1Bc599JBAE2zfxDG5nZ,2079.62674180463
tYtLrSb5E8az7nsuLiyLx5vS3zmx1tJpb6EpXMWdXkvW5pp,60.982600170503
tezgMvm9ek6dc2stxoUFt1GWxqRKaum1DhsnJeNBtfPHyoh,1315.974464237041
skWLhTcLuKsnFEgZ3QjBpbQzxTjwhbAKwAADAVhHionRWMD,49.415059981024
sRqSotJm7dc2sb2bcuk1UeQ3RcN3ohG45hF86tmEYy5TC9L,2.499999999939
rJHecYaHLpDqRJBwZyMiRL7axHwo6LXJPmQfA1z3ZMXEMpQ,669.787385719329
rk7BV2F1r9Wd4FStfG3eXvcLwJeRXjLod7iamy7o5Ngv1Qk,14.9554044
pzLkSvXsqwFqM5ezryqM2aN6mKodYoMvhJHrvbZhvdJKV8V,163.19999999936
sRNNAajnpwbDxr2dKbJxxQbM2z2k56Y9y9mwjPy8kwWkkF6,5163.405816720952
p2nptsVB1m4hzY2D4MQTVKZe5Vx9Pdjg4V7rUW3ejKmgXWz,717.465858423091
qnwiNuS3L17jCRbUgxWJJ2dXudCDrXsfkzJPbP3JRnK6cZS,14.95538728
oa3aRfay5RrVahC7MdstFqa78bRb69GdrVzmER9dNESv3of,580.354975053545
ty5RUEH38ZiF2Qq9swwYpf6McB7nhcg8dxS1hGScRgnum6k,254.580402528072
ozKJgZXv2UGxpznum6yYZiEAMFaWJtT4c14c5PkdWFrmFzW,27.956661410951
tghTswBbkiMJuSiiXEe68H8Y8C8RMjTb9wPkwJPGcLcEMrZ,21.265498906061
oabAr98nTsS8XrWhT5jvo637RZS8xvXeN798Txs7dwgrFJL,3.0
qFcktWgUj9PvoZTQGxKSrcPjyQTCzD4DcSmne8byZzvyW5v,49.765116537715
ouMnw9vbmrQU4MCQkRrMDgXSZvzQDXzPJnasoAYqdn3FC6q,49.750301523887
sZvVypeqSeAoR1bpzMPw3johZkdeH145P86dX21mR8iaEBC,14.95640487
sRHQv3QG8eArtnqeHyHZR9v3HY7QQbq9n9QPyyAP3k4gmf5,164.0
qATyCebWSpJyR8NaNM9YVN2bGo3ufkjboaoaJiWU1sw8cYy,29.999996533848
oaXi4ErLGaSVcdDTPTjDPqsAjrqS5y9JWahsw1CFtiHHTjx,249.81513196
sLAyDcUb7K8qftWPufXJssaxiEdrCs83FAA79TJhtECjDg5,13.199004010598
tL1h1UEBc8Jsjd3dMjiiYp4wxJLtgVwkY2SFeJ19vJqZ6iC,131.749312715806
qA7inAxYFCN1M3kiuQx7pxV2hGaVVtzzfRZDMiNXU1HxBgB,58.541947681837
sRiuphbScoDx4tGEWFpf85N4xurdJtCq6Y56DqXXbyHFjYe,1051.59577134
pLsA927s8Z48FDgyDcqQ86sPujjQkFPmVyzUFzPq1XutVgs,1.430137917179
rXd7j7mx1KK5evCxWhbGqDoDaHXn3pcgGoCeJxTPEEuxrjn,14.956699
rhhjcroRminE7a6DCKkSZ9JuDbar6RuwwjJyPEaGsC33jWe,49.86751657
ofFsAK7Y3FmZtn2LYY7vfgFyS3LXsptisu4Mobn6kqPn18M,161.005205591722
reT3W8ah54E7ezuxfsM1a2M2j9A2ZGdJpF1q73G2A98avTq,14.914636990469
rh6eZBuosqvu9HNa7N5mqwMafpgsPTiopQj8z2QhM5Wt4bY,71.117843712986
sEnfMWrBDemE53bkiXAkL2gVBCkmKLtczC2F9b8GVYP8Z6Q,14.96539819
ri1chdtpsZZMwTncXME7XnZfTDtGtL8QbtdxYuEsYMmvjXe,14.95709289
pJVvg6FHtUHEUttvBm3pRiWLXYyPUUyMgo5c9hTindDWVF8,79.717493764624
raJUTNVxpvatbPfmc7ZGcQuijdwyd7GgkTcDsBsQdyq2cEg,29.913474319088
u3b51eZ53tfL9m1P48G39ujzMWMkCq3iHT33wJ6htDzKMNx,14.331073055611
qDCqcmLWgBuVVTturaV6gSyoUQDrj6HxCBmsVgtuNHdiEyg,29.999998470852
qZhzv1Sf9YAiE6mtmDdP6jp6aCj3USKyfgDCiBNC3XrdFk6,26.92172144
pqXzaNEARALz8hx74Uqh2AsD5PxuncCGDu4JJSimQ5k168r,99.999996284193
skM4qvP1CKzJH2P7o4g4BcbXgj6c7zVced5s2p5nVtpw8G7,5.98206214
oooZQ7pgBPugNC1ZMrdVyH5tbvDrFvPZZm4Vd2bVWvt7m6J,13.107434614097
tmrEG5WKk9HcwZhw7R4ANEtiVPT9Hgveixg8wcXZPkGQ5da,6235.014523797187
qhnuHLnVMD3ZfeEV5X3aLqEPvRrjnTLmm5Aj5tUG8UMc132,9.957166929501
rP3ZS2RXxDtqKRhLCNnx51hfwvBJ7PzpDdtuE41MkK7PC6G,5832.81443072448
tbUru3X6gVCrZaqY64vgsu4oLucnJLpDnDxuUexxAkaoxbx,285.062808539053
qvicrQL1dgpvZc4vzeuvvPSP8zEYMGV9vEPy88JywjHGhER,14.95774309
ro3M6NcszMzmWAZDFLT6A5cKQagEWBfTq6eoaZP1NAef5Mt,20.145056994626
tjvfiVPJgYj2711dQKL6zgGZMJQ95HNgDUspKg5mc4kdi6j,2519.999992820772
r5WWppuRY3HfQ7MSuK8CRtXgGUHU771NBZAinbA7UMnzK7Q,12.999999999489
peyRt8P5RJ8TcQVF1LoxwaobeSHDjuzzPpxneg1k5Tt6Y5H,14.9565407
oYhLxWUhTqpvifAvwuhEqojTsin2z1831jCBpuEehq98NGX,14.95538753
oSGBr5R6SD2zfn1KAMbJ1FuGd1mYnUBAcVuKdP6ATQhs3nY,14.807078269055
rDQ166tM9dGvC3qUNq3Tm66C2T6j8YKkRfPNAhbTmcJSezk,2.99999999992
tHgxBi6vaC7eoNxefMuWsQRMS8sqjYXr5Dj4Ra6t8cj9wbL,29.999998916247
rRpePhukpBMgmMFaC3Vg1L7xhghcXs14ZMFYHmuzNy8P1xg,14.95673094
snGXFBPFY5bR7jKpAM8M3FP3d5dk7SJjHofyFsrjSbTZiUa,47.159398649878
tBogvEj9Cb6TcLMcyJhM9E99c7wgScMCAutJCZ9QUnjHkmv,69.428359848494
qjwyteFDSaGyQqWWDnCuAYgqHeagvZNBjHojkyocFW5mgRS,2.17078808
qVQhwMZKxtmtbTfV78era4QZvxRLgHiMGT5UAGGk5XpVDgF,13.999996365245
sJ1pSeZjVnJoiJpSkyiCYJPe3xeA8goShYtVGUotfJpPxVN,14.57069668
rndJ5QvjRUBDtdgNVSLD2jm97PMMmX2SKWXCRmWJMySP3BL,58.522917033271
rnrZbNwjs9zm6d1inbkLiv6r5G8e1DTPGKn3bx5yCtsLQXc,74.8331392
sWkxuzxazCXAWAFgfUu6MUK3PTrisZ1thyPd58tP1iAeBYc,119.70314737
rLvtFjTVnodByn2ZxsxHmyeR53CCbwVsuBPiXyd38ysFBm6,49.783054105766
owCqjUSFeSta7THBwnRtZ1vDgkgE1QCgGndRng4B8Q5X4y1,64.831771026145
sRbHN5SsN87HvWCZ7U2XGTyski2QPWXT6wrAMMBS3EjjnLm,14.95667013
oaCTMSSuxSKHKoPDGJzoruHMYQFhEgFEVtLvnYq62UE2DxQ,14.8
pPhrEfT9XF3YeYfY9QFrBAZVLZNjtfgM1yPa7poEWo4H3Zg,36.458214304632
q4nRUmo8xkoMKaRd5xwZjbBnk629j5PTpxrKY1dUtA2JTUM,235.26894145
pCj5hGBCdStKTaf4LuzELtKwV45ExmmZjWbx94jxr8Gc3ef,69.68229177
qF9bBPA8CfkwE2YcTt866V35XtpQhXguUUVQh2ZQsnAt4js,3226.474034167603
pStdEtAxQHirvTZDE8CeDRmMcRM4cCa44Wgpf2tso3Ado7L,26.08667695
tcPsRZvj8TK9FRfDZwmrmbvEzmGAAkUrduowwW6DKcUVSMn,29.999998060342
s1e58PC7UBf2ihUXcVEKM58RbpgVTbGoMy4zHBdvNwY3JLa,14.95666851
tZcAgHsXA8zqZ3LZcF6eowbH9qZtM41UNe9XLvBMMGx4Bbq,290.70871536
qSmRgKRMBpGThoPSq9FXA3hKwwV7Cu88vpd58kDPK2Jj2My,14.95400078
thJLjT2hWHJVUPZqLnHytiRAURQ9A8ixR7QipFDGFaoLrnc,44.88063047
sCHv7y2bfuS6cwxfvhbjeGV8f5StWTAM5a6gJ2QfgirssQe,14.9566591
teEjg75JGFqFeJV34AYuyEULKFQmqbutzqP7CdqGkgiKm5v,14.95669903
sjzGASw68GPeF7xwYz8K979y1zTgQur1h6tuAhQ55KQty8E,187.719775939973
p5uvi8V6gPTk3Cz9425KxqikbzvrCsRMhRcGbCLtXmGTo66,543.83752139
pyQJA5juGPh36NUSN6RBC5TgtW1b1Ca8hFrPnnKcSv9tpYV,14.9563726
tbFYdhYGXnY4E7JtbtDtJknzP1RsUX65W1PjDrFYdLWDnCp,3.0
pu3KU5ZdQDF58V3DrXZ6mSHKNZQZg6FZu6u8Ag53DERxuEB,14.96142161
syDgMsWLK8SH9jggjCogK3QaNyovEg2dEA3A5Zwp4cvTxTF,47.759872100955
tewBoWf5VDsj9crY6FEA2M9VjaPejcnBZW77Lazn4PN9smv,9.99999999906
paEQTg1yyTkwwpt62eJdrHaK2WbCEkyrmP7icdSyP5pNyc9,304.68190916
qi4zCibiFJXjykcBayUij2n9LcBwMRUoSTsd2ZHdJvLNyAL,9.999999999996
p2crt1pY3uzM5LrmHXDwZtqcLntB9UtbG4XEiBAGUzKDfpG,14.9572878
qhMXYTner12MHRRiGxVoo7V9h5p3177fefkyqEZ3vFbes7z,14.95670356
tj4sKw6uGVucSfEiGwACUahPYCToi6LJr39cJNVeMvUFxbc,29.999999999424
qk6rctWojMNNHaYsMBRaAacgMUuwLKJwnYE6Y4NELjWaVc3,99.999995943571
r9fHGhT19t8QUSLc2bHhQtH2tLXkxGzY1pLnFpAbGUisZNa,331.059630648253
sjmDp6BFGXRCEL96PBVyXsxBGWpVAw8J1vKtMAP5nhJSqHe,389.71577636
sZH11nKM2fihotLJnsTic8F8Rq6HttUG35NjC56f5E5F1UA,647.999999999635
pkuWPTotWkKXYvY2RKSGyT6Xs6yxQ3qbPzRPvt9HzEoeLAg,10.0
qDWhfQ3FU4C7a5JQVqaYhDj3m4EHV39JGEwdu7pJ9Z2yUMq,194.679237010588
qfKyyHHQPokEXSURrtVYdfixjmrGa2pE9RAouGZf66H96fD,392.657629631679
u1EXm59vHgXHv8v2Ypx1NCTJeyhCvSRtSCvq1KK69mMG29q,14.95657301
pvp6UDmfHgySnoQdMKL4QGs9pU4spL5zkcF6AHCEHScL5GF,58.547151081903
tC8PUSzmpoGiJMmsn95ZCFGxvTrdv5E87Zfqb3KuShmXGro,0.099999999646
u3mh91Xk6oEGsoGzrBeLx3Z3BPFGKSAKjfkopHPFg4ySNXT,0.099999999646
qaVEgEbiMdRzVogBhG48pDqYL4M3bDSjMxogSTufrPwgNPJ,14.95931025
rJAYvrJVox5wbCUQRCYtnno2USTKMf5d8Je8rGvbsa39z5A,14.9600937
pKG2M1TxaWF6dGNa1tvuQcbh7ieSbcA8gCC4NNoPxsMM6Dq,14.96087715
piU2VgNGQCJo8U7zrFDyKdLNqaJhoTNtzEHux3VVGoHyTeY,14.9616606
odUgZrzcQwn2znfy6kviYqbtqVytoeZtk61bpvCgpT6hv8C,14.96244406
qaJUPSWCJBQa7nYDsSqRbKVAnftZK2poHAYyCSrB1pdgAvp,93.509510386092
sNt38FNpZyEr2wLoc9CWvw62kAK1h6LdfMPLRRUSfQxpixL,33.619087107772
pi7uRHu1GLTFQygf2GCHz8ysPoHYMBTpDz4r4EnQQTxzjAF,29.999999674567
sgudG3eZmKxztX35ieS7keUzygWVJydYXwv9m5SazhdSJ6m,29.999995511297
rWjbYzUzbKf84kcr6TjqtREQNW373nF2sfuhjREqj7utUuc,29.999999999686
sgu1Ks3ry2SzjTAnjrHwYFR6EAGh4jaYyTHQk4HUNRVaYHo,147.499999999453
pQ1LGiv43mCnHXavXiYJHRiqShjxbH5dJz4uW2JxC5WFPCv,143.628916491015
sHWPcrgXa7FviVJpBCkSnjmzzosASa1EH187vmGk6TaXLuZ,14.95670686
s7jiVirGJmH6J8sUiRfzErQMhJ4HXckV1AakqGGsxs9xrzX,59.096369753463
qtbWpa9MLond33XnP4aJfvEP6iWeqwHPax2uf6tdy55q9Vj,14.45807564
papv3RgYmcmDFEmqMJcwCJSwa5GKB3sug3SFTUqrA2rqha7,14.9553918
sehU6viXJatLTQ3hvnAupH128puPjfddTpBDQVqtVQRauVY,6.99999932581
pazGvozeEQmEcsP78nZsDBaz4jvdfk9i4Cqf1GbpwMd1thE,14.589353670281
pohoRrG6ZS2KTGqzjPkUWeAKD95r8gWrUssZ9cy7hN7uK8d,14.95539144
tmg4HXx2GScYbZSMQPK1iXXFksrQCNZXnYVfh89MptnjjaE,29.999999608597
qkmNNSSpH1tcAQ6FNYPRJTpmC6UScXM7b1ss1aH57pAHkWp,14.95539134
oMzbgU3EMydrUAHtoenBvNhzPPeiHE7kDFQNKRTAxm2d5Dx,14.95668453
qagghtH19T3P9MhNz1DLFhqJTXVvHW3aRHzrJwpDiAbrj5p,3.9999999998
okoueavxzTKeRid3EPxVhGJDBzyaWhTwrhyax9E7LwTewcg,14.95538951
u3gTNYhjR6EPx5eccBF49k25ofKgEKicgi3fGgqwwXApsom,6.212473730475
rhoDDbHZR3L8dkneGLQt14ShhScqTxJGmc5euEfyRyvwNgp,630.99999804908
odZ4KmTKhckbpvxBhv8qnxsYukRoAAEfuwzjuKbPHCx4zsy,4.98503904
s9yJ4Pc76PzPT2bMmNotVHfFRCRaEDrLrDaeVn3fnFRnkvX,266.63522598
raA6knE6Gw2D8DZ5viCcdX4Km6NKvZUNTAW3jYMfLRr7DFw,80999.99999999613
tiyUNk3GhLAuDxiJibikwpNymSy1kTWaZizUChCqrbe5x4n,14.95540782
s7NTXYvzq8YKSdnfzAUPXT7h7nJZYy65zzWXJRW5Jzbk3vo,14.95666456
reooprVST6menh4kZmYgkPnRT7Q6JuTNcPQZjauyeTAYbEA,104.758615725996
r2P6PRc7SgPAirkotpcMDaYuFCPp6569dGeQnaJ148LDjwS,1029.999994177598
r1jfUDuyeUifWGGWJhM3gRkfMNb6s8yUEn1s5yzJpQKq2dW,29.999999748402
u4TYANkCpDYkSqZumMD68HxSisdKPHe1Q7xLEmEfjrSej4y,342.07494881
tKT7C8NSmSEshQoWNAvzeu6h7NvmQ5icEzFa6oEd73BsuuC,1059.38379951
qfuMx21j4wTL3fTtwGFq4urphJqxTjPap64HM5RnfraBEoi,13.943879218984
tv4f9mb5UDi3Qeoc4uLmQS6yoNE15dWma1enR3cNrv21h1Q,28.999999999387
qFTmrqdx3DvBfjPECBjdCR1qahWEchBj4YGfTmvV52MJ2dg,14.95540562
rcRNcXNXaBVRPEcudFzELo9sWbpCLEASaH7zfz9Z5yMRRQa,47.87768949
orW3gKVLKdhHUFCFbomwfa4z5kQMNgvSUs5wAZWo4WZznRR,9.999996316379
tHU87paXtY7dMyyCt6n5hynfuqqq6JmxRxz5UvuS2XPgs3G,14.95694894
t6fTQFDyvwXKKXGTf1XNS116iSkL5iqZAckrzuKs4LW7hwR,14.95539374
rLX5CQM17FpHVcW4QijSt5UUq7AEfXTJ85P56G7D8A8RA92,59.456788902374
qwLfZiire581rDQVMaJBedfjZSkZJHtt3aa9gsYWVgmP3N4,6.9793805
poJVeCoFxxUkM19fwekRxhzTXDf24ZMC42JC2v1cCADaSmb,14.95540304
rjmcxVPnjie76bPFkQXsFfUPQJ3C5c9XHnonSeoUcHN36YP,29.999999567713
tqEJBDGXHBrgwEcGomX6RL6wTWwH5SzfYEMcugT4bFkwHzY,19.840192197278
r278JtqbRNAvVRtUeBuHaLFupY8Y1vHBNk5jC2n1JVinkQs,4.98519467
tdnUxuYaHssKY9M9R3kEj7YUWzh72G2Z7ayx5aMJkfwdFQU,40.89015364
qWznvTG5YsCamotsHZJexf1zXeknwqNaf9DF3H21DYEfZuu,14.9566714
tgZNku66o2UcfmaduTWhdbt84SKs3VztFy4jJdVVxC6U1v8,14.9268237
pZt4RqKyF1rRSsvPxkJmiySge2djiv9tQxJb1R6UUN76aiS,63.485404117855
tjmQuhshrdN2mzihzQ3BhfgC1RiCBwD98Hyv2m3cYeo3CQK,30.066173214972
oufkd5WG2SrqTxCvWeWXQ4mKpQ4xJTuWxFyMWBH5PjC8nr7,239.999999999649
rkKXUYNGzJFpjXGjhVEezv8Yw5jeGrwh7g7ZDM6rzgvC59u,16.337415535583
t4ZNwtj4AABuz9E7Y9f3M4N17WdxahYiun7nrt3ewWpRnw2,9.952402296735
tnScb7TRSWeuvkU7Aur6RN47kFa7VvXnsd3ZBgwfN38UdEj,15.44543118
ocuC8zrumazWPXWDLiomNtFPuzjDhyv2TsttZs1aQvwyJnn,179.70379972
qFA7akL8dVQ9j8Ybu7sPWHLd2FpT321XJCa8Rw1nVuvCdoV,29.999999999622
sqonped4FTT4ZUyZjMTRqUjWaBczrzaHBjcX3MZtE2RQs7H,14.95538958
pUumNsnCEYTfLstnRPiiT3ugTsDe1FRSkme9pWFVYJ3Jido,14.95518778
pFUnxZtduEmADbDFqJcGGCMD4EwRjFam4Fe7HwniSZinmmP,9.99999474099
pE13bz6oPr9GJpqxzcFoTSrK7kfeFNJfyeMP5Wwh2uTURBd,14.95539017
tbvj4dPw5dpEh5upPCnUnNtEKe2LPN85u2kEyp2YViKLi2g,6.99999883996
sRt6XFvYQG3g8fg3krARBpmpbMUakw8zgQSCRn7FhDjLomW,29.999994411216
pLhNsUSP7kpP98fRUqJ925KZenr11Zo9pLBUTmQrkYurUnt,14.96086875
tc5S8jFCqaguS4wYc8d6NczyxxGHdLchjEoHUQ24Tergci1,14.95930831
r88NGyPyR8PvMi27ygQDd7cNzng4NXsEr5miR6qqYfiL2Uj,14.95617318
svRrNyzYnfej4ZyaoejYBUZtDZEEoG9CnZ3peMXvN6rnjxx,14.96008497
scCbL7ak9hjznra3vcSSf2b9iaWbEyL9EiE6kcSGFiQAM4i,14.9553894
sh73byDgdFyQEeRcDig9vF2jeGZzkbfLe8rM7wkzhaQuFCB,14.95695697
rUUXbYy1AdeSi75ZrKeYWwQ8W8pdfmEUa9GMWC5AdBEFNvA,14.95852453
pVT2ns1R7uGHb7EHspDqWuUNzqu3RzQ3itLRiJPh9xgF1u1,14.95774075
sbgXS6GHFFUZSQpkzVvPZXo32iXozfgKmypWW8JmCUkzM9y,138.181003324819
oYGzB5Vo1e3FS5RiSSGofNYSFLpcKJedNKgLyixppgck8sH,49.859486814847
sqbAYUzCEzmZDnoQAAbGzjSxJmKgbcm3isootDYJdoGL83j,4.999999999644
omGkNTRCe2KgEHgLuhMssaxwyV7PvnLz7eUqDp1NNB6dVpF,49.854045427065
qCeTNeP4ytLBs6gYMALgzxQY8sEY4akQW7HJXeEx4pPhqy8,14.925288047715
pYM6REdq2ywcECoBKNHPfJ1VS4vvT6FGT3XZELZfFMFANw6,14.9566618
s29pp7tkL1Bn2xQ8zG2PhLedXuEacrF6qBH9bZWkiSjUXfY,29.999999902508
rbnsniGr8HejLzN8drHRbwDMs8NVzUtEJE1QgzE9XDjUsF2,74.862153859688
tBejzgb9swdgEFAbqRqn3B2KzwHB4R5gZyq9F5eYFqm6gcK,49.719681563602
pQ62t46qDYRUGyu8cdi9bDkpnZKUM6MeZZe62tHJZyLqSPo,14.95669839
rxvF2Ns6WRT1xZ1jFhy3AwhzvvjaS4bVmMgJbNLV9jKxWBW,14.95775058
svriUUiUkN6HB4yYk9xZSnZ1wDR15KBcixT1rh7fg9pdWwN,1167.49860072
rw7zXba98WBRNhStCDfCADmV5QgwsZhHZh6uJME6YxfzzK5,14.95538981
rksJrJ9Ys9TzC9H2w9VheS9Svm7uuDXBpHxMhSjP2vCwDj3,14.95541569
qo2gY3tUnfzj4jYFbwrkU6XT2nbsWU2SCcAv4GRCj7SfX8K,14.95539451
s7XXZTBwnjiozcTvwyecqSKs2ieTKa2D5STZqdpX3gGww3W,164.58450428
qUUStFz7C9KnQbCivv8UAX3PqcXkAmZUEhWjBNc2bxEDLAk,15.69164263606
qRpDNmnh5xJfUDsQhoQ3KhPUrRm8e77GNUB8JuDrrifWBUq,22.275604018332
txbsh31cJJRjhgfFVUP28TD8VybTaZiTs3V6z3RzGE91cEo,2.999999999872
rCvAy1mMqDqmFiC2ryiaQNWbsLdTp1nvwJAuFXjeKgfFgNf,2.499999999893
oiFuxF9CtT79Gogs2sgdKw2LFsEbxbucTMCnjoFy89Bq35j,1.999999999915
rtUFzd57WT5yzWmn8DeKAU5mQzBMJM53r85MLzR6FfBfMRY,0.999999999957
tCkZesCYYR812oDFsNbUYxGeK5vK8oc4wTDn3y32qhyxwjJ,14.9569288
oSYmJqXiUTB5Ei8jzQ3YsGS1Sb3d3iaQpfcbTsE1QZ6Bqvi,14.838016579775
tEsnN7gy51hv57LMUpjpK8DVt4GQjoTL6pKMpQMHHawAePs,529.85526613
rJEoakH3osDJsoDskpCWydnyWu2ajFXQAZPGxzicg25LMUZ,45.955595661973
ra5cBUz8Cova8uBjCpTYcLLiLi7M4QWYBc7Lzatbo79PLKp,14.9563756
sygcua484qMdfDeCD1LLcks4eqqKnTW26a4oFeZL52faAog,14.636987042374
rckvxii6S7Hve8RimH7JUd8X5rKbXUkPGNT1sx5VqFaJ3E9,58.503911237005
s7F8QxDCpHNgHTfxNdaNTkiMR7GdzweGvykpPfFajzNDtVv,541.465226162542
sutexQMve6vJXV715n2hhAXJ5fxwsZNj3KjPYTjBVJ4wEHP,226.091528001741
tZ8zJQxJPBkuxuzNrjNrWqn3WPk39PNo2aT1sRHeugd3dfu,55.08759436
sLVvobP4gHNbEpkaERZvMXsHkzjmm41Kat1wzHeWqnQfmoJ,74.82481809
rHMTb7yokYRkzvuA78quVqW5XMz23x85XYMrMru33fTpAVZ,14.95665991
tZA3QC1oomogTcnraF53r1uBRsbyBFK6kPFLswzbLhWK61c,6.9793824
sNsrSWocoMLMWSSqv7P2zXDQc7r4UBNnxf54Diy27sPkiEC,13.95966682
rd1L7WhXGqr5ztNPsLo9HcKLoKzdQTh9pL2iFJGCQrsA9iA,1.999999999915
tW325ZFg8c6t7zyDy3uhMtenYT7SrRHEBJRCmbfh1A7EBzR,271.58640375
sX99aiAzcdHCtd5kRJ3qca97FgmdDRdMqB7uGryXRpvKV6G,14.95539099
rbp9JdhD5KrZZZaBGc6u6qRmGpMytEgySfCz8CXvf4juY4p,514.470176108966
t6UFcqRiMQnhgpnRad2EmXsUfJTBHMC3mAxYt1rTVotxtMe,92044.59805266434
tiynF7jKdZEX75UrUjiX1BRyhuD7Vy2jwoPYqbPtZZLLUjz,14.95694463
sKr27VZvLsFuWnBK4CT6Axe3bVZY3MnNptuRQsnjeHCyvM6,51.393941185129
rFoeW9eVjZMy7HSZeZXYmEjAtNDRYajGMj8UWbgiJuvdt4e,1749.26189579
rHtFj8LdrUpxeaFT2BsRgn58pwfVWw8GzfV3U6Fkc8Sg4pm,9.035241609464
tpnJBcUdFFDm3mmnRMCd67rQ5ASYkKVpZarRik1ktnFiYUz,14.95049333
sCm6GeHfEfgeSyWyL2HHVjtcbNreA4pnMhvhqte1nrrBBxJ,14.95538992
pQRx8KsP3wgTqisapE1tutgZZR2tU3NJZcNSRFPKRTWi5Us,14.95539477
qMWzAv3t57bmA8cuxrjTJZZmnrJdkYxQfTDW4QPBWCss6LZ,9.97085223
qXhia9tatS6yYFTUgewwYKtZPt3bVeSU4xhg2HuggRNcM2k,14.9564855
qoHPjXwZUraGKitVroHfQYPYPMg2DcHoTwjA3GZRLGhH81H,14.95637721
r7xuhVSZBaP4Sp1DkULn7J5gpr3hoVRmoiZ9jcqdfn3juni,14.95748875
oSFcE6x3jVm5KotFsDBHqN18HGMxqbtHRmLar3JMRMsFWA6,149.22764143
ryJsy2GYU2XcTjc152fFNbi9d5xUA5cG1fRWSpHWsdJjPer,14.95539584
qUNUdBYoqbRmeDXEoXrjMr3MYtdTD5bo4bUpju4FeHnm3Vo,14.95540646
sUAtE8AZ4tzke5vE58euBTniDXyPFDNtf4nRudJ7woXyr6P,49.773727041509
q7MoR4rreEGKema7LwdcRPuARJkQuqyh1CwAb2h76VsWh4r,74.80983314
orsXhaw2A8j3Cp7brNHXnBTDdzJz4a5mkGENS667HbSWRjw,14.955752308751
qtyhFMKhjkbcsoAsDV7fB99df3qadMB2r8221Hqjm7LhzkW,14.9567031
tpRdxFqMk9mAUoVojtuV6ttMCYeRunuCqCc53Z3p5JMZdGX,14.95539046
seJHD1aFKzVmLBGEGJEFV2iZFscAaNNzgX2MqhTWbz3ApXA,29.999998197285
rRhqMhFyYrRvwUtAqUU3EmCX7bPy9ixo2zR2pQLJQQCBeq6,43.421844180668
qUo1kwrEoVsrPir52CFHUHSB2mEA6us3L4VhuNnvFzGiK6K,68.385910236651
s9uajKV77EftSbucbyPYMjx2ARrpvFCBRywRnCAgcmD5FgV,29.99999971045
pdCEAzWZGBsiJU3iDi1Sim3m9m2vip46vU2MrU4JbgpUB7A,62.081864121237
oJoGCoCCR8UVrGDkfddLFLiwuoGvgCrHxzXe5DyJrgyopYP,129.999998311072
rLUtY9s6jjisq2DtZWSvAHrAc5HUWkmVmXmxFhz9jSoFiTL,30.0
tKnVp7Lqturvi2VXXwqfzeAhw8reWqDVNZ6LbsP1C3ufo47,14.95665225
pMpG7ae293j8wfRJnkfDNd6qF8HRDCU3JJppU3hKPQiTnG6,249.48864033
oK3sWtUZGSU6fzZjBxwy2NdQVNGEvNRU9o6kMUrNDU4gypk,1822.14686104823
tRXHHf87g26BQPYSJ5D1ArVDQpAe75ZWfQdBiufVwCkTb3C,14.95667186
pzBXYitCGk81GdCRqCDKSbG9jikoVttsRfD1eFfBnDuPXx1,5.999999999763
qX9M9T5DWv6psTrWyJtbQLQtzJeixgbVPGKFAtaXVv22oF9,0.099999999646
sBpweuKwZAYTL6Mx8zuvfqfAPKcKfBv5x4nhS8fNuyRGB7e,0.099999999646
t9n37YCD5BmoPQopFePHyU7BmrRKv3XXc2z1eXT3yQrfZSR,14.968511447459
tvYdBs2TRxn5QJr9tharS2NP73vf7ivkDzx2eF4agTyALgM,104.79212057
pnpbigYQGA5iihmGFd5hT131xb4S213qAjbS77fPsu6yt7E,14.95707304
sUdCMjfTZZg61ULdVF8GFrUC5VXHnAbLfwQL1NjhxWxE8bY,10.078610743633
pXyCGnHpZ3EVxax7iU4oDKMDYVXyNAoKADPSJK5tnQW5iHx,14.95851451
p2FbrRo8erRTE8UXaX2mXMnu3jcy8pu55gWFg62AcuSwk2z,14.96163592
sCNBGfAHwmbe2F93U7dJj8wmVa6d9hqM64qpm8rQ83WS4Uf,14.96007878
pDtzrxU75onwYVqaeUnTYDXFmcKCU4JAsLmpmGi841UFzi3,14.96085735
pm3QtYgyiRyGaaxNcEwaBScyBXD8N88vShhUM8KAR6FLv4z,14.95929307
pSAgbmbfZri55ZnCzzCNVin7cLQrW2kzesGuDq66X8xM4GN,14.95695023
oxH4kWjEQovm5NuRjZVmYQARsFgaHD491CHcNPkZUorQov3,14.95617166
t9XowxnMDjPD7Ruh6QKTwHpoG4YnzRL4EA6dpKynSuCPNMG,14.95538595
oMVACTVb9iKfQPrsKWVxzfgCuu8vKMwF2wp49fxwLJCoq8w,14.499999999972
rFLRieLDBJ62QC5t7L76B2EEYV9Lzp2FvCbtiKXrKQQMtku,14.999997808682
phxZkMSBVDpNXp1KtYVAkgLeUNFTpAurNeBVBP4rEjz51cD,13.839028265265
p2X4ezFHXfnDn5zs967xiREEkrqxNcAabtkenSwproRZ1ed,14.95666728
sTjBQrUsFAiH1DvBe6tKXdatWkCszqtbqsQaPJiUNTztz2X,14.95538968
s1wFNHungR3Pkdsv5MamKvD1hUMdJRqRHeQjaBetvbCCpja,664.732036710712
tf1tWz7oYQwedc6gnkHo28mPTNQA9cmLh5jiXQtRFb7Zupa,153.236371505626
p2Ho2FEQC2dAPZBVFQkhL7nBpjtDdQVZGmmr2nsVTiahHv1,14.578509007631
sRPiCMf4Hod1HN1v65TaN4R4cKNYy9ZFvvBequAyw4HeR4s,14.899999999995
qu4DiPPj9WUxFFHt6XZsxFbpiZZxbxE5AESEKTmxyZAQ2Up,14.944203792851
rWeHjYJxHmuQX7LAJgLjagMUqRps6iUtQmrrAY6uitr7DDZ,40.713859339676
tvidN87rtysk8Zs1vfempM4nH6weGA24JnGU1fVMFQ13hW1,10.899999999745
oRqQkqbTpCqGguPPkCccpumxxG6vT41g9ganWdtmDSoZLwL,14.944451966218
tbxngvM11dNuHY7iLDXkeEAPYAT5iCo3aK1GqvhRTGwgxDR,29.651894035608
sHtRHjoH7HJ4gdefSmPQabxhZK5yz9UBZEaTKk6ZT7oALPq,19.0
sEuzoRW24EzxdPnjYYVxn48Eh1zSMirkj56HCaY1QPLkq1J,14.857011644668
oN29jgaiXiCqHxjcbYP61DCELiyvj6fByDaNSog68DeTfAG,1.9999999999
q4hxr8ptZTE4Y6fFHfxwjXwNSPPupPrnzwFZ4JYxD5iQtBM,1.999999999948
pqfN2dRFuUa4Tag1x5Xw9PDfQgV35nGUEabdw5sMReLDg6D,14.96009523
ow4LJaKrNydai6uwcXPAagpgLwwFQDuRrJhJHj7hXej4gat,14.95852203
t1XZycjoRRnMx3DAPeSbpd6JLqAn17e4YSFKVsHsKCdDckx,14.96087828
p5kdv5LrE2Kg6WMheyUiECvdLrUQivUmvmJRbBsJySMYRqf,14.96166132
t19ixbQYyA76dgnm8iqxZDWzGCWmgyttJrDWF3oQyQCfap8,14.95931219
rV2hXXqAxLyRACkEjiWjbB332XxuvxahQ73psQkEfNtovi4,14.95773899
qyzd3LLHKR7siYvDuenZ7cv6qDSQ1YH45BotySEi8WWqBTE,14.95665948
owX4g9Wcvq8JDhYrDvxhbcH2SvVyN7CZgfy8Vf3BoXYA6Yi,14.95534992
oV3H8cZvJ7qpbELDrpmoYyY7CZNEb43krj9YPfs19pkoCSW,44.88346258
qfjK1de8fRHCgo7e2j2eMUnRmn3FS8bGCkYmH5wzmCAzfMN,14.95667237
oftYW4C6a1AQ3TXjrk92QF9sF27Cb6WQbULGxKTCnyUic1r,14.95538847
u1EgGWFYJ6dvujQ3T5KGPHNUqQNtmkeN7YwTLwkY39GwxVo,14.95666651
qtWTdqBDBbaLSL7EuzMog1n1cVVADLfrHZMtw9DoQxgRuE8,14.95855989
p5AbcZ8teLasvfhVPbz96USmmq1Lx8FXhcnHexmVqMAmNpL,14.9609413
pB5hm854kAPxz9PTsVE99K3AnTskKXTTyGP7FcCxhF3V5JZ,14.96173277
s9NvnrerCJvxjbWmFG98tiDQVXx8oh7jqvVGKYpHKrLtny3,14.96014283
pfsHaPGKJXSUXGPWujgbW7gyxG1mA2jqmtkrCoTfL9afmWB,14.95935136
rJM5akHNFgXYXzdb5fmjzqiCsPCYJUATmgQFQiQ8xZeBt5R,14.95697696
r5Bq56Rf9znNoqaFxVywHXEKRG96GauskRsVqYf3FxierHx,0.99699531
oXwVxaXq9VEDSDtwC82DGYhp6binfGgHCJeH11TQv3MFUSm,1018.96418894551
smu2qAbYcY1eoASF3pxDQKaZPwdbokAxnHcMVoBUjZMXYsh,29.999999999963
tv4pRnht9UtUNoiWAmmXv2LWd2zEdUhUaGj81rqCvQ9J5AA,29.999999694753
pALJpPaE93daxyJSm1iZjcPRRjaCdZp5ZjLkaDpZLG2vFGW,366.0
pGHoz7vXs4LksBi5sjDphS8hw7w3N2oP9dCxzwDFfpS2SNq,13.99999999992
s7J9QFNC2VY5Ax93GBJhT7bhxkivU7bEr84mD1Z7tesvcM8,3556.8722112061
r4s2BkoMc7MZqNivgZsaTeNyRSzRXrUv3yAQ2MHDZFwxBj1,178.4245694
s4ZdtozZQ7Nq9mkUGV2utuYNP9pucJZgEXGv6pNmvB7JqFZ,14.95742772
rcds1C7NwAb1dnrS4k8PKNZ63Zhq68ikKVBkW5n1ePaNMTL,35.35972329
qXBU3ruu9WV1aCkJYVfiTEMJ5UWqvDApz5G4efdDkxf7FVX,29.999999304671
pmUYm5643xkw1cQ4EtaSGPfEaYDY4WnkWrT4WCM2xGZmFqY,99.77278014563
oa7ws7vskW5txMHGJWZAKazXeH2yRwxusMnQXMcJHHSnjsx,14.999996804592
qPGuej2gNxX9bTqkH1hnf4RubbcW5WiAv8Qiy94JZ2z4E1x,6.97938144
q7bd5nfWhNNv1RBYeSqfGw1mdxydiJNdTxjTvJ7TYbyW2y8,20.067075690164
rkXUfnY26T7479BUKQyQqfy8Qd98ALv5w56GaZuH3gne9DQ,14.9553925
skNMJy91S4qLK2FNk1KYQE6sTD9J7hM1wA71M6KdLL6cRaL,14.95539152
sbsFmQrAgz5QyrqZz8TbeQZa2jAbuDwxsZgUe6kqKqDDKLX,14.96242772
pcUZM99LpAUgCVLEhUmfwMaf46dJq6n1bmXdUgnmzXWWZTy,14.96164274
tpfyeo3HhNt2VhTkmsdnqgsTroF6wQ8TXmQhtAbVnRhnqi8,14.96086491
qLTfs3eE3qcSjU8FXeuKxF2ka47Uh3c6YkHhKthSG2ngjFZ,14.96007994
oYYehcXumi8PXT2mF9SBgcUCii18mMHXjiQXUENRE4XSeyJ,14.95929497
tEm3dkypXR5tzYPioqWc2HhxEYABEWJQheKiPHgJhiaXgso,14.95851713
rF26zot1XkjuH2fn9sHcNnRriHT3Hq31LmR8bD1wgaqBkS8,14.95695432
q2FLGRFtVFvxaYUnwTuBZm7xezH3LrYQHtwoQbDgchaB9n2,14.95616935
ptBs4vMpzphn9WEb3ioDRC5TyjGMDomGYQSfNAhbuy3Qx2x,0.999997481347
pu1yxVcGEHpEjaRdXryGybiiuTQDAMvvM1CHNYsw1SH8ZRD,20.80850987698
qPVa3hwZphcP1jWzvxFYcjZzsDCFMBdt6eEPKPH5ZgbzfSu,30.0
qWuXXJHUZFytWn6uc5PvVmK1vKWYpYS4xHFcz6yLzRSC7zB,14.95539449
svSLEgHLZbrzzdus4qUAm1jrS46bezxfZ9gP4TbGAcFiJUc,254.3372572
seQhqgF8vvcwi7G4KVSY9tuMNAaeCaCimJWjs5urgPCK9eN,14.95695595
pd7NK16gFP3en181KM9VTkfwKhMoXQzqK1J5BKByCeMTJpe,14.95538986
qAqxs4vpjQjnVB8Y9aYhM9BtoDysH4puJijjUopPzXxFneG,14.9561729
qsu9eQfwqy9P26CNZASdHoq7qcLJivWLwL1AEidHD5zJNnJ,155.17729648
pD6Z6gp9H4M8YfpUvUVK2xBnFFmQ42wnS8Tx6AiMYX5PFKZ,9.807405266296
pviyruXC1417UwQKsAkmmXB8zGd4YtWrWaTxy5kQq6E3TPW,14.95539256
oikUYud6CbMXGGAdhc7JiXtN26i4pwsDzTKT4EdPybYreNw,10.0469868
pthgporZgBQb5qoNcRteoED3j9Z1bK9zEoiFV8hgFAbxzpJ,69.99999746744
rU457SawYuz4UXHtWMs2Xip76Fz4pXeWGaEppdPwvbN73bu,29.487724435465
oaFMGENQKADrR44vakL2Xp8XG6mzrtDSDfLpPYvajAHFk2y,0.99700251
q5g1LDw58PF6gPU8m3A8MYq6Xy2jmvhwdqUzrCm33bf4Cci,0.99699542
s9Yo1y4Byi5ZGT87SKbicStrPFMxXYWF1UWgf1i37wrdVQp,64.81162017
tCg3Cv9tDExrVktrMEuRsn2vGtqB3D4NisVHrYSg6LxHxJx,14.1255905
ouTmSmaboTb9MovdXAxwdZnrKCPhbQa9jgzrMFzQpkHTY5t,4.98754056
oairG2VakwpSR2TH1B2jyHUwQpXpsF2ahT9edt8EM374iFD,14.95639227
qtU9ec5EAHcawWoj4XyGV9F5rEBqSbKfV3C27nohidHnzet,14.95733077
t1Df9FwHFY7VPKS2AXnmMgtB5D5DDFgNNGJ2BwgsuHUejDf,14.96325546
pYAWp7QBG7PabCJev6MEhycCsY778eziFZbzMnLLTc9Dkgn,14.95673806
pGAmK33KJEyibDaRMLABzVjLiB4T1mtYqHbiKzpusKydc3a,14.95539143
tuSxHYJNuPHpopfiDhALiJmTMvL9mXFK11Um3Ns3kv1c2LE,40.45695746
ofg74LvufJZZNCGmL37Kppsgs1FKJR6ZW3SEX1zDso4wXdn,14.95535993
pQAkzL4m68cHK7TE4uzpZDvVXYyx7yH6i7TEy33T37oAMHc,5832.814435525347
rA2hcQ5AWZR4ypVNsNnXQmCz2T8ThQF4YZLYuo7SD4FqJTj,14.95664754
qLkG773EyvAzEGM9SBd5oZMT35T27fvgxNKCv4rvYNtje4m,29.999995025747
pDTwnbBRvCrZQpCAw7aKSrdcybchbZ8gzuy94zknXL6weG5,14.95684153572
qnmgMh5vK6eskuAiGD93TyrCewuAL5dzNSQeJomZrLgHGjX,14.95685207
qFycWFoo7gkRTx9cWVX4naBdCAWffCJ9WRWpfTMDAR7zpfF,267.6386928
sAUr36wyGZDt9VJxFGrwhA4vUMHCjRceTQRwKAHQBv4k2YH,653.84289656
sfL2XQYL7z7JAUqnmWZDfwNMmd7h9W4gYdXRAYL24kvDPD4,3.999393978085
pDSHNRFThpTd2ppr3rdbYQLorsePRsd99b4Pm6ex7wLRQ1g,2.999545483564
qDNLzogXa7kFdMtUr76M1TqnZJK4Eppv4GEm6UUSUSbGjqH,99.999995997266
resxpKuZ39o5F3WpB6eYfxfoQBg5cJ72Y4DG8mZtiCbuDQu,179.999995435564
qtgFL6qNPp2PMqu3ruxY6cyvn5Fzo9tf6ntVu5CABTAFkEj,9.9701745
qWofapYY7JmJJkQz4xqU64GWGXgy6ffn8eRUgA1GrcCiQbC,29.99999918338
qqT33FDEu46jG7BpyVozbzjY3KDH3xWEHmi4umdAuQrP4u6,14.95666752
phcDeB9n1ENbXFDpDgsVtWfwsAi8TwcBJ8ghgC4sEAARjPb,14.899999999922
rEtDCgsCK8rK4gs7Koxqnbxx4sRksSmvGGuYGWvPijsw4Db,14.871410235258
qiASNm4DuVwPdPE3dWAZrDRJo4EjLhhgtfUvSw9XjfcbCr1,9.95554527
tHqNPbNnYudcCdu4FJS1PytM8z94zuawXhvoGeZXEJfZwTE,14.95539144
shZMNv5X3wZ3ToiPHMSivgeBzVogjga7NuuW8X3NnwJrCgJ,14.86839088
oixSxEUigWWEzU9tLZdYqT4f21MkHFW7H91vWNshaeGaaWk,49.734949021697
qaa8fXmU1u8LrUyco8y5Frj94Eftop9wdHkGhGzsQ6jc8ib,4.98513006
poQXPp9xUYMTPsUk1S2uDnhpFmnDF3e4aS7GviFsHeF5tAt,4.98503781
s71RzUpncTDvP6ptcoCw7foJKcH9dbRgg9dZyPCiWpv28WB,99.999999999501
r4juxva7W6va6XECDttbUYMhuhYZRA5JtnKyUVqa1WBgSgX,1.999999999531
rtMxyV6Z1zidr88CLeFfGoJg8xWRqSU6oVTc13qSWBeFPgR,14.95637992
rCt3NWEUVDtbRBJ67ZW12xSo59pP3mNFepgbsqfbb86xWWe,14.952190322299
sZM22AZg6xjwxrovT944Fc8biX6YFbCmbNSErJMptkhuZr9,162.61
sxdyrwLWR62gkVhRHr1ZxTwk1EUMqSzfsFqVMuLXKYem3i2,30.0
q7eTxRgvFKo76QQRtsPXmTx5aD1mf2fU5y4NvUvVitfuKjc,14.939717707922
qCn7FRoNisFeCK3r73Cpt3u5saeCpMomjzSsn4zaysToRqC,29.999994998702
pJuzT6e8YoyyBKQ5jWBdDxHGpQRvqybHgFjWSy2iQTycCFS,14.95539234
rcopwAKKdh6Ei5RVR3igqajUBV7hA9zbSmkzGg1MYSiwPN2,30.0
oTLyh8BgRNu8yzsSHak7XHLb3VZhzvxSYAFedmYXQmSnGHQ,94.207083209015
oKJm5s8znVtnf9kEAASUbFSbkbrqBAZ5Bsmp3tDJqfAN2sC,2.99999999985
sunLBaMxZ5u1bVfauDtvT7ncvK3f8wWsVHbwBHpRqFQaaKG,2.99999999985
piR5iSM3xcuZ4oiMnXRkqyvM7UUs8RcB8UDYKDKxMV4AiTb,60.226526632365
q4yXYKcxsHVGPkd8rzuKH2Ps1XtYY6fi43LocgsCi8YrZSB,3399.999999999823
rHjZa59WZ3hsL4ULEAXgZAqsFqg8FByw3Z9b3d5YTFD2eiJ,14.95538874
sCfp7HcGiK4UGFSYZfSqruT9CvPZ5knePfEmoB49BKrwi8r,13.999999999634
rHvcbgZLoU5sssEhi1E44vpYacpcE2znh4AZxmkChxMv2wn,14.95673022
q8A3BcqtD2QT3NQAgNWh9isSuNXMDvrCDHX4mZgesYFPtey,14.95669814
sjk6u3bj8rnfBWYmKQrqNqXCZxrjgSCZ3Y741ZzFt7oxQrc,155.234304731469
tbS7GYw5jaYVCc2uj6fC5xxUdrYrvcRxd46AGR4pcZ4qU15,14.95538934
txe4bZvWrARs2jDT2VeMKvK7wTTwKicuHs6N11F6nRq8haL,14.95617631
teyhnPczgjzWiocYdkXyu2T1qQjqYpdMkcjqW4ioYQJ5HHR,14.95637784
qvRSx7Arv5iLvHz7qanNKz179ZrFSyCn5rsV9n5BB5b4K4F,29.99999655988
teg8QVB2cofJAnUnr1TTtWtSA4r9Mge9hReuNcq1zS6J8bq,20.038414570355
r1pPZtP4uuMJtN5KQq2Wb4GU7QUAPU5BN9SjLZUTRFAK68u,14.95852292
ocigVbAbs4MAy4otQNPF8QWRuuKctCau9ikrFYKseeqS8Qg,14.95538632
ry5boR51HvsmPBRwxn5ZDzdnCP3ya2HZiX9TF1mR9irkB4G,14.95773877
ozYEoRDX2M4UjcffaFTCpYvypn1iYTRnANNirLjSP9d7st4,14.95695462
ryXznR95Bk8vvCVSe2uUT8VSGWoVMqrTHwUJzhBqwcxjdjG,14.95929994
ooN4NZ8xqZzXEXd8ChsLZEFJuBu6mxey8CSMg5M1TsAD5WV,14.95617047
qSARgDheESd3ANxwREFEAHdMBTyoyb7KpZNkBKVbro9rcuy,14.9600841
oVbLFm3QmH56bqiYysoJPCccF9mdLbnLaeJG3FaawZ41Vxo,505.15158424
pMAwRJSiBseVjbPDZ3C3dE6c9QCAoLbFZfrY1v69LvERiHB,71.82199703
pAuJfMrGFs5isG55ybhKLph3kFxe26wm9Hn9a6ct3eHoRSW,14.9567809
rTxjpBs82FokFFmBWYnmBr9d9XZGdV2HmAMVpnd9debXWVM,14.95539246
qPkqGbZ6rE9uXkSfvLK2K6LGBRsSHy8KFpUhXH72qeJkbhP,14.95851967
tKiDd8wCN9egYBJkFU7qqvmGma126Tp7ATpGnhP8EHy1MTV,14.95773622
qAMsitzQFAvyzXFkiSU3P6vaZX4xo1jdViGYaGzL16P8hXq,14.95695276
pkakUq6g1mBvz2hVtTGYf6L5Udgx1Ntcr956Fs3akCKqK46,14.95616931
tU6PBZ9JyVTRwcTn5y7CWdSaGF2x7Yj1PquuHkRPqkg4gGD,14.95538586
tKQEMmX8uRfQsztdPRhaQaLbTFvaLgsPK2qXPLuS8Tqaf6z,29.8365586
sPHaUmBx22Ew1zLzm6UV4BPdEMCMpXALgrphPKC6Er2KeyL,14.95804071
sZkwgFYSVpFGPaARRCjwdvG1eDcE77gNFEWRtCKYupQoG3T,14.95704280456
rfThTVEPY3kVqNPox8cBJagAnXpGBTEgX8aQAnj6GDX2LM1,6.999996294098
oMBQ83LKEWPB6HUSD3Y2HkCdy6EQcuCPur2qy3Rwkkyj9Cd,14.999999999539
t1or6onSrXsfidxqcFxZa4H9sYXPDFsCUzX1oWYriGge119,944.227367221482
syT82ANBsBB89qThN2eSSbrud37YbiD3XMr9Boi5UjZiYBu,14.95570184
r1dJBmxmAyWepo4oWYFLkQd6KGVE5Nqzi9JE5LY6Ezfiv62,28.999999999121
tjATT9AFeqiKLGPzRjHFEWdsxhWNtgp6czbgYhrVeNpWZnN,5.499999999587
tN94goNGqqUq4a9gX1wg1NW4iMi389U5Pb6hpyyKA3FYQFy,0.999999999882
pcpy2JTbaoviE1H33hGPBpCFaMMmQswfEqfTewEbaePUtjb,47.15166058
tesvytpao6e1k7kaA4AK73iJZ2dvXnijGfhphQ4JrVw3M43,0.99700354
qUtWKQaMq37YSoDLUMRZJQbL2Knj3zCgzWDNuNcdyrfjWDW,29.999994288398
rtF9Tbk8zrwaAzwW9RUszGosQRWutsLhpzgSXNLACKAZG8Y,38.278732665082
so28ihYZgKEMZL59vqpbk2a8CBdmSNPmoVbpG7bU49onqnf,14.886665822997
sjLCDqhxLKwjsXzAS76VRqfDc2UHxsZU3o4QQupdTmXvy9c,14.96759709
p2KqM1tSrdfQZTb6LU7PcVRw5NtgMhFVpjbiiF55q2oSbgz,594.51793733
sZ8rrknZGVdTyvbg9BoFyvLiE61G7mvKqbRUzzHh22xjNc9,0.99999999973
qRrg3Mg2Jjdy95Qb9o5c48Wk6xa7HBQ94bYwQKeQrBUsLqU,33.63336255996
oVxRKx6ithw1bFh2sqcFMzytHmcyHThjn5pq9zRXJVvsCor,129.224024061773
qJtogGVMPSJyrsjWUYtxXpQEpXBgcCdqJtM3fbEqDV7vqND,14.95666118
sHj6ZqvoN2BGNHRpPP7jVjMkRHpmzMPXRCDLsWN53DCaem8,166.03755412619
rcYGg6nyQNoGeH4CWvCKVuVKsFQTUaCtxYP1HuqZCnsusGj,14.95841459
u4c5QkACXmEQVEwLYo18Dp77XztvxGE367LGGqgMLBvW7TD,14.95665892
pVjGaD5NBgscqDAWZfq76xFLrNN99rkbPShsXRe3mgUx1ds,49.87148806
qGKQe6YPFmqmcHQ1HFjZhZkRVoB5VrrMd5H7Q3cneqw3b5m,3.9999999998
p325eRBoAX8ZakoG78TM4W42pUGNbKFo4M3Fu1WrpFK9QcT,14.85109957
tWrnNZQbvMfjjK8hjosBNg2ArXkxQEoAxyoMfFu1WcqgGCF,14.88328879
pQPKNGAiZmux5Z8kD9QCbrdrtXWjf86MjVhjo6i8VTb7kJT,14.88094077
sAMz9XgvWKRPAESCkU2usNPkgnsWHbyVbCZgWZFya5SqCCY,14.87859275
qkJmqZ1JrXZhjoAui5AWSnePbMeQAyxyqLFWTMzwPSx7EMX,14.87624473
qJUziWpnML56ywkGoamm2LoXy8UpsTX6hGTS6tM6QnSm3mN,14.87389671
sCV6bhsuQVSqFSvNQL7cikLx44knVEX2T21wQ3c7KCvh4Fb,14.86680996
r55jcNpSrKmbguTQTxC4oZnTMYdivQ2zTarc9Pkvv5qJMkh,14.85502717
rcMpi39kSzayaiM8KtwWRS8qmz1LbazNAokjtZoz8RwnpHZ,14.96930213
te6AR2pTKjZMLcy7bhjgXuYvpKDvENEW1Cb5GgnNi3uytFc,1500.0
qemwr6DuJYKcYTyWXGkDSPxLZtGBLNnEm363Y5R11SCt8qi,0.99700824
sxg5uGQc1WxgwZhuY4egDEFHKqcZQTVTB1Z895LqhbrzuC4,49.87310924
tNNf86xKynQ77f6fPCPpBLuAYbufeVubJPoonDHMRbfgMxE,49.92070508
sX5ubJDTFFKP9UEMSKjz5zqLa52v4JVL97R82AXjuQGy49v,189.999999365814
t1bmpNXA72RnVVYAiKqZjDtkuSjSdY4RFjPqNwEj2jwVWQh,14.95688408
qokKd2JENgVfT8yEACuEbchUgtbTHPuoJYyF7yacw3RujD2,29.999998803745
p8ZLUekU9EhuUgXv3Ac1KGmc4wWHVeno1mUt83QF4mxN8zX,297.416938567521
oVdcVpDVjVrGM3SUtacWVqHHKpmBP5cQUqmT7BPnpavv9Do,14.95539249
tnnit5j6YtXa9mzNYMfmrCPSv836FBgXK8AD4vUbhZPDBq5,14.95691388
rckmeBY7yJZ8G4w9THW5yTtkNCqjYoEY7u8VFYH86auhCGL,5727.12748095
qwMtPxdDCk89mmb3PC84VaS23AaP5BUZDf6GB5ZLsYtprTV,4624.999994114536
ofMY3AWHHBMHg9wbkk8TsMtafh5M8xQTMgNFgH5sTTA5vT4,158.827266082261
oXxnrCnFmJkmeGp45196nKmb3TJZoEaP1raQZCuNyJvCwjV,30.0
qUShcoruszHiPFmZBEwfG1eXK8CwFn1iYbP8FGshLzkSbWG,1.999999999948
qcvXd4tv17xpYzPGKMMNRuQ8Zirq3iR53b3VSpaFroc1sw1,89.80495547
tgTUM2La7uYwGeEu3JsfJ8dxNSKhzMGQ31AKHLQ1utSAL9K,14.908436855995
r2skpvtXr8nWbQU4Dz8kYnfHZ3TNoEMU6RSChZXb8YNVjLY,14.90019732
qhc6fWbVFg5Aug12DY75Vzjoqj3moMn8mXc1hzpEaUdAC9Y,14.95539199
