ooBCmR1WabrdmgkXpK2juuJhLvM5q9f9hRjcBxu4wCPaEuH,7.43515272617
pieeH9rejthmJQcypF2DKSHSFaxspTKPY25QkCNnZssG1tH,0.15367472398
raA6knE6Gw2D8DZ5viCcdX4Km6NKvZUNTAW3jYMfLRr7DFw,2.287784581889
p3Jy3sSZgcmuQM5moZe2ahM1ikoogrp1uNQLs6oLD6Q9JDJ,50.173185728164
odZ4KmTKhckbpvxBhv8qnxsYukRoAAEfuwzjuKbPHCx4zsy,8.252073709979
rc1Qe5pxovBo3YkuHGdkeQjuifaYM4JbTAzB9ggk8CmSQjD,2.261741846074
qfKyyHHQPokEXSURrtVYdfixjmrGa2pE9RAouGZf66H96fD,1.095313282702
pct6BKoVFgMdP5uAHA4jJSAc3gbzXVunb9jYGjVk65suD2U,0.02207113635
tv4pRnht9UtUNoiWAmmXv2LWd2zEdUhUaGj81rqCvQ9J5AA,18.509360087742
r1tkSCbNcfM9TgbGaGp8w2z3Rw2ZvXtX2zkMSBqfwLxKAjf,8.546579282782
q8L39rTZqNt2on9fsD2XuZa8P65rTGosWWFtVporFjnRhNi,34.572794574882
sYnb1MCVqfMaMcan64h5tJvfe54fAFuEWk38hgRfXG4TPSx,1.257244307371
sZmXHp7j9aTpvShz64L5ZL4Xqg4nFTDDNgtxbcVe3ndZ29s,0.011658423621
pB8jEedig14BbWKnWcDxkRTvSknZBWP9wK9XVMRmWiWaWmp,0.558051213173
r5JxmDJYe3uEvX3oBLduWiSHFG4w6epY3ekTQCCAMLnpU42,5.993814986643
rc5TwPrya7mcd5bLeWY8zZngW5YZY1QBfTfW8qKfbwUU8Zb,1.768486486778
pAGs6xSdPELENPdewu3bqy8VF6w2voAax51a4kB13tF6wfu,41.657443215962
sqAywGAAAiMuimeGaMeiKecVGg5M2y2myz94f1CxfjqvdBS,0.167960123379
pzLkkAf2zRYCzkG6D9WjN4Nw386ChwNUCziDrTUHsT1DtmR,0.084441164606
rU457SawYuz4UXHtWMs2Xip76Fz4pXeWGaEppdPwvbN73bu,0.13505207786
qc6DfdZW183vXsNFtQAJ9pQDt6g6AjvTgbNVaZrkEFReNfX,0.159656490642
ry4DtagGcCiwBGaYah4vfsiaanDRHABqaz1gfP6h5kFeNjh,0.6567178407
u4FbU1V3khGCxm4vofuJ8s1UW9RjSiiAwQ5px5L4cGoZpXy,0.001942900427
thL49qnbi6MqkEwjsAfcmyPZRSqURTrYDQ5ck8ZoKEV4Axu,0.002045146803
rCcmEYSMDniVRUqkLzrYR6fmD1cTZCHhFxHM7A36gMRko3Q,0.001738374685
rHtFj8LdrUpxeaFT2BsRgn58pwfVWw8GzfV3U6Fkc8Sg4pm,0.065050038278
rjmcxVPnjie76bPFkQXsFfUPQJ3C5c9XHnonSeoUcHN36YP,0.253180934056
pmBBH7QXPVj7mM5G48efF8wfeoVvAPSqityMR3serHr5c9R,0.096627239054
pXthrQSRSL8EQsTUyBm5XqAZCosXuQWuhjaB8hB2iy3GTje,0.049912504885
qDCqcmLWgBuVVTturaV6gSyoUQDrj6HxCBmsVgtuNHdiEyg,0.177052755442
pigcHgeJfVFzU1vXcyFaRdi6ALTvD4WknFDuxenAePtad2v,19.532934837315
rP81SnQWvjthf5swZSwr3mfzmgSuQha4vq35nP7WSoEu33H,0.846347855431
q7skaBqrhxj3yXmHGrhr7T4kojdC1Bc599JBAE2zfxDG5nZ,4.377391999675
prLpMdEjGn4f5hmdNZNcbAxjeubETnngh1jS56AMUFKNXUF,0.034284001166
omAGXxVBfjNCLCqqoMJ1hBMzufXDzqnaG65dN6gjCyumDVU,6.513710842834
sLMTAGrR9hbAeehFwmdgPnopMDMGqYakoZ3r6bMNgkNyYsm,0.950577972927
s9gXwqUrxAe6u15SYSMSzxPNF2Er48NiRKmZBDFD5uradGX,0.062293661046
tEpwHCMKXBY3sRkrg9KjqJfo2C76V3hN9hdrGsoUM3xMzWV,2.102017848057
pkKXaALcmKBQjprD69pmZ7aahnftCVFyji3Z2hksLhzXJJx,1.000193419124
t6xmP6KkHCj5tPDTrtqYuffd1SL1KFAK96vqKB3bSuNefH4,2.255143191608
oa3aRfay5RrVahC7MdstFqa78bRb69GdrVzmER9dNESv3of,0.853847128024
pCj5hGBCdStKTaf4LuzELtKwV45ExmmZjWbx94jxr8Gc3ef,104.027567444305
pJQznjtJPi2AUtovGt8ZReSa66TSP8CyytfBPCvEdNhqHiV,0.200199406933
sFZGnA2hqiguPCAefBtMSPugCtqPuXejBFYBpV4PVS6i6AC,0.509973419531
poaSpVvFmxhYwp5MwocWG1Qi2o94Z1xgjmx3QaQZttT2XCK,2.104883077773
qVDAyvVptj3wUxu1caeKKdK4qMTZQAi9gciUhDTxZyY58fu,0.399994052075
tWZ3JTtxpexf2ysUPLQfEb2dfSmPHcpvN4E95evPJJuh9aG,15.494164985465
tYs6FC6r4X5BLuLskGGheVze1PsAnExWBrjsp6WfKVcNKEZ,3.19899729807
ts8V1P5ByuRcGtUtvXDHKGqaTUvsh6DPLAfBuqoCuJrx9h6,19.106730635438
tHhHHGYVHtgzdNv7phLdEf8Tdte9T49xxYKqwvpBnoJG2wi,0.777796401375
s4i7TmhcMVngYGpF4jgMtjeL3AXeD8EuG1DczTNfxi9qYsa,0.02211917417
qnpSWAcoAcHi8f3UzTrp1ZYQaA6MSkyBJ1oM3E56d38hPjv,1.352423696067
pqhK5TbfGUQdhvvZtLf7UAQNFfDzRFYR73ude6fiUTneEvY,2.782691724792
tuxV92rLnAtit7si3fv2ZhGKEGyhQoW86ACPXdWY5EmRNiF,3.393036858517
r2P6PRc7SgPAirkotpcMDaYuFCPp6569dGeQnaJ148LDjwS,3.550065023069
t1qbiYraYMnT5BdSaZP4W6QfHidyeUfQg8dxBJ6Rw2CZr2h,0.022089896394
rtck6P2k7NBrBGqVUyNxKivaCRzwqbR8bumqPMEVbCLpqMw,12.013323406486
ri2G4z4pzpFGEtMXViiNJmUxVFtaAt9MJAXDrGjXVfb3mJt,3.216578256409
sRFSWxCg71pwJCDU1AUYzjdAwz5dkTpUsMoNXhe6Xr8RSVV,0.022071290131
p5voAPsubXCxfjjyEXbhy86XqQBDcMio7bNw2ondkSNmFCM,0.125604710783
s4UjMRrkEqqjuBqP68m1jZbe3x3ePHr22Ktc9L7HKqNtA5r,0.492298214569
sjzGASw68GPeF7xwYz8K979y1zTgQur1h6tuAhQ55KQty8E,1.285992766206
r9fHGhT19t8QUSLc2bHhQtH2tLXkxGzY1pLnFpAbGUisZNa,1.44375851676
oKEiq2AdVgHKSk2BCtM86n2LHizeKV8Fkf9yASvW55yUBYa,7.453579086438
oMXGL7okdcJxSjyW9DDxiNqBHzWDz5zBnr6ymoq8YmZKAKW,3.34418788373
sZ8rrknZGVdTyvbg9BoFyvLiE61G7mvKqbRUzzHh22xjNc9,0.036858825681
sgu1Ks3ry2SzjTAnjrHwYFR6EAGh4jaYyTHQk4HUNRVaYHo,0.409870824747
sZM22AZg6xjwxrovT944Fc8biX6YFbCmbNSErJMptkhuZr9,1.01141844358
orkqLbAe7qW2uQCsvU4s4AcWi84Skh77UKmcMQkmC7AJgDo,0.022071480743
poM97ygwuFW1aYEYtux2yid93KZXD7k5BcruJ4V5ujpNs4h,0.060670912622
svrzdc6c1tAha4gTmzwQoFcvBMkD6XiHCWBHbne8DHLJVv1,0.022119139575
sUYVdhqPKAfPEaPbFwc614UUZkRSbx5VtX5QhSSeeh15tM8,1.530753652217
tZ8ioMeQSrp4ZLcV7KvZ6i8T8GZJq63juB4aCJbVcjdKEtU,3.086703010137
pthJyrwFnpo4bVGmLW77hEahxGrV9fSzmjBzg622K2hmNgN,5.382419161152
sPJ4Hx97M4HTLTRKg7eRCw77G3xDQ5vywRG8zdFNqrdrnnY,0.022194431297
sBpgbesWP41YuHW6xsPVZyQkZtp5piTbvgiNfC5JydapbS3,0.011684952656
t7HyVLBk8MAqkEikDnFeVnuKCjwH1M2pvGVyfzCkWD6n1US,18.636778514032
ryUkcmhfEgFwLSPpnKGgR4JS8dDoXaQuUwqjpDzGvjk53j3,0.007888505904
sfAaFcPyRR4aK2PyZvfBv6KX76AAfDtWNxeH2py5qzKscEM,9.987763587959
qRrg3Mg2Jjdy95Qb9o5c48Wk6xa7HBQ94bYwQKeQrBUsLqU,11.768711058849
ozGv5SKvcKTFBkFWMSkn6grcs3R6iuabDmAaxoaeYsjvGDf,0.022119164359
phxcKQMHwNagKUUAtqFTBYdVtNQheKLHfGWiX1oNDE4gmjM,0.016586156025
tULWCEHp1RfQjrqkuEHRe48P8RTTAK7VFbggz7oTPpZTDmZ,0.531170022158
sKzydqrV4GtsGW6rs7bkyBiYJGyqDu4ZAPU1goSccc3WLaV,7.846170900601
rw5s8ekCDqsxYDSGrr7YBe22B24YBYwSwJCjcVhxPepMJrD,1.37557894551
rZuSds4vbc23k6zx9auewnDSFqtbvdNnWixCxNoy5d6ydyN,226.126614584729
qqszuMpc2CZ3tveEcFFTNsDZtL7izHrNLTKpS2ZCuMNBZyG,272.395858722664
rhmqa6soWMcijeyhdNnAvjkUR4DHssvbK1KrjJoTNAj17rV,0.302040094725
sFCd5W5sWXwgKm1CjVuP3trEWswciLSc3sKvDhQ1EbxVbww,0.011658396604
rbrUKbnJeNyqdLfvSQuPzAZ6AyFgaj4rPj2W5VTdTDzQswX,12.41268013723
pA8tKLVLeH6HsaXqVNWEnusya2W1hvqknWEUFaSNtkhAWS5,0.015437354038
tgWdiExitXScKp3vN1q1rtmNgCMMaLb5t2RbYuGseqErY6c,0.063143707556
qZVUR655941nbc42Bsp4HjP4GVpHWJrT41QDmzsbW7duJav,0.190482612911
ryoofjqGYyzEDZPTKUW4QG6u4uMB2TDRLPbS2uRxM5SGoC1,0.022089766431
seorgCZDzP5G3JEbsBjFdpQ4dTUgCWoPjQynyJqHCfXvZVW,5.936877514483
qt4Tjg1axLRHHHw7cHLKXX9Qqi3acC1aBhGgPrJNoksYisx,2.196041617409
oQ8JkuL7cmAgpqsmPVjWbyTtHHwZXaWQegaebRF4CtxH87J,6.036148032739
tjUs6TtdgSVUjNYyhPEvHBvMPGLQA8F57skMQGoYFi34tuy,1.035596295182
qPVa3hwZphcP1jWzvxFYcjZzsDCFMBdt6eEPKPH5ZgbzfSu,0.838152779218
qUuWy34xCxEmtfkfKLDgsdh2CSt4ubonqXUoazB7sFmhxBR,0.052629622183
tsuYVZdodKod9cpvFSHesv9bJfiMoqm5hKQXJRNXPLyAvrm,0.011647957791
q2xfahhdZWAoQAv2C74fQSBut4GjacQdvBj11uCyGRsUoLY,0.792466792912
p7tWtnK2twnpg3qsRehpe2bDa6MNs3u5oDNo6NWSKn1xcFn,8.257541214243
tRjfQGMQ74XbLjDFVsvxmeFA3G4vgH9w8cqjK9aWNBFhtZr,0.022071181229
oVjEP86VB99ZRA5brLQTQaBzUgKHbSNSRnJo8zncTLCxEe8,0.006386211915
qsu9eQfwqy9P26CNZASdHoq7qcLJivWLwL1AEidHD5zJNnJ,0.988845151155
roTTysuNZub8ujc9muLwhLCRGGUNxkQvhhZePqgbJCprcbR,0.022119223705
ofMY3AWHHBMHg9wbkk8TsMtafh5M8xQTMgNFgH5sTTA5vT4,0.97003619381
rHNgS5ki1LkTRs2WWVpCB2Tvpjd7C5KhMzc1q5dcRHJoy7U,0.011654452165
rPtbkExLtpN8bURTZ8x89kLiWMLt36a5Fa9ws1A1QcigxGs,37.705338884785
tj4sKw6uGVucSfEiGwACUahPYCToi6LJr39cJNVeMvUFxbc,0.927666303837
paAhcvAp85jcCx4BBxxj8pxJw2HDxLiXmMFE1oyAPQiVaBH,1.230523799134
tCg3Cv9tDExrVktrMEuRsn2vGtqB3D4NisVHrYSg6LxHxJx,0.064367506287
rMEKztg1TB78mdbBrvDybyS684c7GuCYLDttcuY7sS5BtcD,353.204077841633
tf1tWz7oYQwedc6gnkHo28mPTNQA9cmLh5jiXQtRFb7Zupa,4.376318067631
tcQCj6VuGyRqUcD6y8iQj4Y4DPQ8biMU8Z6uTuJZBicmPjc,0.011658401949
ri9zD6t9BLxZSZnzpbkF31PXSQy1oZeTeSSriQgwbMQSoTp,7.451925192278
pXMS3PEheZudsxncyCzW3s5nQUWcaAUG9YBXL7BmWDjVWK8,5.885718046913
t74ACpprNcxhHrNe9WTSWBf3BTwdGNpJKiADbJKseUBAA4T,0.249895551927
seJHD1aFKzVmLBGEGJEFV2iZFscAaNNzgX2MqhTWbz3ApXA,0.107367687538
pcpy2JTbaoviE1H33hGPBpCFaMMmQswfEqfTewEbaePUtjb,1.556837739876
pzDKTaucjnmLCsvkBzgombQKnLfXbxrs9svLs45e7vi7kDh,0.500963906613
ryMe4TB3evgHYE69RRPPostJ97z6X1neBjCErWLvqNYfDfG,0.023476026928
tj22nwETUcynmTfEf6FctkKEW7wL6H2injH1TgueN8ejG5j,5.298593001967
tTpmtkbDkb3MerxWH89vhXGkaotnbqK8mc9wmj75SAupEmE,0.011658384131
pALJpPaE93daxyJSm1iZjcPRRjaCdZp5ZjLkaDpZLG2vFGW,8.769141372289
sZks3AfygUnZ1YGCfEwt7VcZzvpP7kg5ULEJNZu56foGRBD,0.011658407707
tv95BVsF3AEzW89b9eP1GVNcdYPs2Rthmh4CaAvP4hhx4Z4,0.002045809185
s9z5HuFPRJzyvuLVsPa4aHRKpcvGjKF49TSPPv6kphhBunU,0.022080805371
s9yhfihKiJ79yGcfuCHYZanrC1jAFR792ZZpg5kzN9NdV9t,0.002165855504
snoLEkiccmjkoakgbudiLcDi3RkCjRbJ8VWFfo2hN1bf5LB,0.002362738046
qLL768RjFbTxiErRkumu9qYkojTGJMVyusKy58AwpyXf5aH,0.001968959198
qk6rctWojMNNHaYsMBRaAacgMUuwLKJwnYE6Y4NELjWaVc3,16.117280792395
pB4934VsN2MyvuZ87zXTmmaGKRpFpqginiD1d6k5YEji4CV,0.059901632431
pM2fDbXgXCiq5EaGGkYqa2ftovtPPSk19hVPqXaKJ9R2a8x,0.038839782737
sqbMp51QYGUiakMxcUDGCpeacpMZTAdj5W5uTyuiGbaGNdu,0.080005143536
tH9wrRDw6np8cBijjy5jP472Da6ayNrB7GSzVUitrhA3LxL,0.022071245892
tbT2iqn7s62zsnWoKN5xrM2HhV51wpL8EuVqj5WpyXjTx8z,0.022071241935
ts6gLDWwqibdE3ojLPeR7BYKJTfed49KVF7a11KkWmoKArF,0.461969831643
ryVPwW3iJMxenjgJNBPjkWBp91gDHes3PR2EiExqfKJzcLA,2.940886593315
tEyGfSyNDEgFL8Kz2FnqBVPT7Egry8cYfLLZpLDsuLNfB4m,0.022089941009
rSJ5dVNP54LBPvnw7HVr5inWAVAMTtNZ1Ytv4w3Poscc7c2,0.022083620703
sZH11nKM2fihotLJnsTic8F8Rq6HttUG35NjC56f5E5F1UA,3.304487837472
opD38vcEVzJ22z6hkPCemY9fxHTzUNGp11ZYL2eMRbhMgRN,8.619987600509
oi4hrNfRX1kYdpABabfKVRAokrjAFi9Qar35fEySkeyzQFP,2.211869434442
pyxsBYbSpdwD3xcFmZcQbuvPVtaQASz6dvq7Pdk5TRHRgpJ,0.041838909275
rWX6Z2LyoJzjYb4LojaUQYtA2LseGPS5veecZL7DTKkz9f1,0.011647962516
ro3M6NcszMzmWAZDFLT6A5cKQagEWBfTq6eoaZP1NAef5Mt,0.270951718984
r1dJBmxmAyWepo4oWYFLkQd6KGVE5Nqzi9JE5LY6Ezfiv62,2.030472761137
p2KqM1tSrdfQZTb6LU7PcVRw5NtgMhFVpjbiiF55q2oSbgz,2.253712031616
svvTbhxTYBBWHa2gQdmLucdJnSbtH1kLB2djiiW7KDoft2Y,0.011658379064
qvt61KxGHz5ESyiEi8yiWN6RGgd67tFT49iERDVpNYge3Bd,0.022083754221
tYdPHnQnq6E9weLVruTZzc3GamyyR8Cn4RDtZuBna6dnxxN,0.017929437961
pkPjM1vUJDAaN3aTXz3W4h3FAThY3C15BMo8p4wkfaDd35K,6.948414057813
s9qz8u6SQMfZ4eQEKUft3AaAatUvtT99MhxwrsBqG24c4MR,0.051322513337
oiWZxQ8Vdrxr8LPFyrYeH5VkNznS3dDVLteZMi15ak3jsnk,6.025786767133
r728osMTAyQbJvzMQkJRfjwbeSe5enqXbhio9b3AM2rs2ti,0.001052949796
t6V6LEfnM4ckwCGG8cj2BsChjuwQSUwW7qFvAUnsATJdskg,2.004675268363
pkFHjeFk1pD53YYmsHd7Cam7v62mCKDuhN8iNyZCPFhLRie,0.527622197566
pm3AX8wtyeBeM427kcyTGNfU7pBTV3RHyMs9LhWfrndeeV5,0.001159659625
tzy1B5DKQSk1EsNKGecGJnhXKopcbYEg2PKjahwe2ETvK4D,583.189108786801
qQ7abmpqtAXrJxwpK1HkxtWPFrELMw9vyxJb11qGaidXXKQ,0.415505925659
rHotLryKx8nceEZeHUDXMSeUEAsUGBB2fgmebCrGh9ZbFN2,0.180451151088
rS7bL8mMMn7EacLLWGTAnM2Ve4gZ6V77WDGF26Z6s3hfcV4,0.16667027851
tj8xXDtJUWZecfzRBwBPiJE2MJkDUMRye4LGHokC1gqUqqH,0.022071433164
tnnit5j6YtXa9mzNYMfmrCPSv836FBgXK8AD4vUbhZPDBq5,3.922686882084
oVhoNuQgwHFjuu6v1p2nVdXHRyjgRWM3Q9SfScRWWKNYRoU,0.167167634103
oxHu45mo1b2ngktPRreh54J8pCtwj7Nxk8ZmZiGGsVTjiFe,7.492972434067
tN1EEksQeVo7GJAieEXjpJdZpUzUevBMT7hKtcXUTy6x866,1.059946104174
sEigPTF9DQgAXYn7C8BqZEhFws6rn1d4tNapoFpLaF9V1TX,0.139550379141
p5tEBHhnvyqnZsjjwYf6YL6QuhXfkUJtZFZmcjoe4o6HKyD,2.542463344699
oMVACTVb9iKfQPrsKWVxzfgCuu8vKMwF2wp49fxwLJCoq8w,1.817388315468
qUDoHJib213agBunRuUTiUpLc9jSj4mFmHDh3J5otumRvCc,0.01165443257
sX5ubJDTFFKP9UEMSKjz5zqLa52v4JVL97R82AXjuQGy49v,8.530457283425
qJU9CrPTYxzNeuAyhRBdWw8Tn1etNNtk4uo7HtFJtssdCTN,2.08735906602
q7Ez3pct2MRfMUPGqGXVGzKZWyFPtdRPV3SZtcWG8wWS865,104.032592229791
pojZx88cmNFwFS5Sf8dApnyv1JAsYTWnTA7LNmYjbLUzd47,0.140152568269
q5neEZrWZt9ZLyJWJV99kJDjKCVnZJvhV7UABfXfJBEaf7U,0.022194441646
tNqvJM9RjgUbW84VAECm4zic389gH5wX3A32SReWZoJyBiM,0.022083707053
pB9HnGwzZNLwRimDhdJsh5XhddC8b2ccMgt2df1kbXqjCL3,0.022083719735
qJpEo5vJbc5K2V8n88A4tBcDenv9RhDus3BCGuUGqy1SL8r,0.022194483998
q5g1LDw58PF6gPU8m3A8MYq6Xy2jmvhwdqUzrCm33bf4Cci,14.21002084086
sUK2UEZKng1yZRRdw6ZNs8TEExCjYLk2cYnokXWpSGCKLge,0.02208997943
pw4cxWvQJ77fv5ugiKUUedyUdPKVsa1BwKwY3waHGcydDbh,2.612552596905
tKj8caKHnnTnJ8yDfn2z9KR6UBkGHJAyDys54imEhux4evx,0.011647956611
tjATT9AFeqiKLGPzRjHFEWdsxhWNtgp6czbgYhrVeNpWZnN,0.042523785207
qofYLs2H8o1fmCCuZCGUy3rp7WXT8WkgUPEYSt4R55xbxLx,2.652163273407
tP7Zqbs6mNwAzCXq8raSRLJoJbXCXNHLESKvZijAHDjAk1Q,0.022111714825
pJX8xiftB4jJPjmQkrD4G4fCTujLZajPXyek6PzPFVF6DoE,17.985386357152
pA7vPcT2uYB3oHJSGrLX3V1Ek1Vgz2ULNKrShBYGpJmsXuP,1.994517457572
q25YZ54M9ScUYcL85V2Svz6dj1HwEH9qP3wU9qhBJdaPcJZ,22.64289083657
pr2HRQmxjnCuiLstbLzQwbftFLvgDfaTQottAMN8vvE3cbK,1.231845772782
pQNBgdN9MXUSbfTqUCYHEeA5kpymiSaRqnz7zxkRGJEQv22,4.114351235645
pwchBGQbNQPfKQmj9i6npjG479btgrCtBcC7mofU6zNdmLM,0.002149359551
tEMqU2enR94JTihgv7aq9JWN976RvrTeCdiyTdTH4ySdh53,0.011647958432
tTmH1TEpqA8EBPxRV7a5qQzAKaQhgt4VhEnBxAmxQhRpKzb,0.01164795569
p3CQVFDu6jvmkttqqnuYcqcCtYsT4yb44YYF8jsZT6P2e8B,0.011658397029
snD96Jg2EWZgfCPhY8XiyapvQ2eGxstjP8XWgc949DpUjT9,0.14813151302
tunDKkG6UTdCaK5tgZdXdj71m7B6UrrVYrztpaZT5E1Zgne,0.030681721372
pKF6ip8TzEmqfZrtidacVS2U83vG4JX75HQcR6sj9VLdK5F,0.036127531861
sutexQMve6vJXV715n2hhAXJ5fxwsZNj3KjPYTjBVJ4wEHP,0.798951253887
sRXG3rJDv8kZRmwwK8TcdUULMdw2GKFJndAV63noWjR5NbE,0.011658400527
rCvAy1mMqDqmFiC2ryiaQNWbsLdTp1nvwJAuFXjeKgfFgNf,0.039480201781
owCqjUSFeSta7THBwnRtZ1vDgkgE1QCgGndRng4B8Q5X4y1,0.380506644393
sAUr36wyGZDt9VJxFGrwhA4vUMHCjRceTQRwKAHQBv4k2YH,8.544590777147
s4NSRyyMdvAFmVqNvy7ykLBGGdhXi32XJPosZQuXxiEXR83,0.022071271323
tGkV8tX8osg4Ys6nYHdbydFuWpxyfZuSsPFsGcS98bbKyXV,0.617540146132
pDQfJf6EZ5yXuD4T1nfyKxFHwNMejcgka84XBKwN5D1Pivq,0.49847832007
resxpKuZ39o5F3WpB6eYfxfoQBg5cJ72Y4DG8mZtiCbuDQu,0.609283939181
oqmb723Qnk5K7DJxMMtD1PEVzhr4iLypgAEG2LnfWvbs6ZE,3.437240879209
qcKNSr85iUzmTeT5YRU7AQKDoB8N449F3ZwpJJiZffY21YP,0.022119198935
oYghzbsRxw6VEJp7BembVvHWxNGfbi24DK7aHcNtFc7R29L,1.519141157433
ozibvTMN616AktJY35B9942jXVqVGsoJeHtZQakB3K3KjBE,0.022089796143
sUdCMjfTZZg61ULdVF8GFrUC5VXHnAbLfwQL1NjhxWxE8bY,0.337994578871
rJHecYaHLpDqRJBwZyMiRL7axHwo6LXJPmQfA1z3ZMXEMpQ,31.124250320399
rvDCSPtp7qZAaXKfcXpbRpWkfQUNdcvJkuqEjeEihtHUBAC,10.29925676497
ryoPXJUCKvSqPuDktAcocD3mtaeadc5CYMPqRaF1iCHJw2o,0.011654433524
suu3eSGe3KJ5F6TDFJhnCQqNuhV5E3fVDHRF6pvL3DQubvG,0.022194474658
sxkBAt6jZQudWYk3djobYXLXqZMcA1THPzv8mvEdckhprA6,1.223840129171
s4JvechpabBvd5EvX7Gdpwm893CKPKtXXkREuN9XqAeBDS3,0.146816298018
pcULFZm1RrBbp2LM1QciTXfNjNWcmFoXjJcCWQ291EjhKWi,0.011658414298
rDQ166tM9dGvC3qUNq3Tm66C2T6j8YKkRfPNAhbTmcJSezk,0.08927273301
tHHkjFSWPRrVjVEGeaFzEGR11L32H5EAUu1R1ZnovMo57xs,0.96650135733
rvvZhLKEUvfyUfEZpGDJgWqmrPUdkTGeMqYcjN3F3V7UTDB,0.011647965408
sCwzxip64QZekyUu2S3bdoq4BCtNCiK6oPpEyc1eVw5V7Vm,0.011647965524
qGKQe6YPFmqmcHQ1HFjZhZkRVoB5VrrMd5H7Q3cneqw3b5m,0.040495368422
tTjcmyaMvwqN3GvuCvtjxaJE1K1cYRYUmuByKnPCqw4qxUX,0.434037602094
ouTmSmaboTb9MovdXAxwdZnrKCPhbQa9jgzrMFzQpkHTY5t,0.240988228485
pXQaY2UH1f77ZYt5joDgDKcYRQyJyeeHtm6yY4w3tUC5qWt,3.228090552349
rS3GcuAEdYwX9eShhbyjYBtgaUs9CfD8jVa35jUQZmEGQZ7,0.491314441653
riCAriEHsr7uiQr4KuvEGwruPkFyfQMEEy8GQhTzfZyKoPA,0.16309588291
ouMnw9vbmrQU4MCQkRrMDgXSZvzQDXzPJnasoAYqdn3FC6q,0.124234208848
q2TCjduNU17qTby8swQYDcrsZeWFGfarNy7iRkDJsh5bcpk,1.571385412229
pDubmCs2dJFuyvQwPCjnbbYTLV93PSMJmfqFPsFJhia5k5o,2.64780468013
sk7zC2ndte9YP6zn7ZHACRHskrV7f7cgRr8C7PJ2w82JR3D,1.351595705879
oKJm5s8znVtnf9kEAASUbFSbkbrqBAZ5Bsmp3tDJqfAN2sC,0.044168299994
sunLBaMxZ5u1bVfauDtvT7ncvK3f8wWsVHbwBHpRqFQaaKG,0.03268949985
tgnNTqo5FMRjZtkGDkGqutwUfBm9HJ26XQNYcrh51oMVX1j,0.048628788107
ssav4XsFuwa6wWzx4haNUgg9DShh7vhHjEw27QbZzJSaywS,0.001772261463
r4aZehPN6VeDDG8evbGQAYsPWxc1sXLdJ7HhTUU1MLUyXcs,0.00187073069
ryMXoDMCyBAJGvjWwK2QdfscgGKrKgkd1i3zCP2x5DttsWP,0.001969187425
oasjEt8EJnpUgnqZ8aXGiJkB5HdZZZFfBwnxGEp8TNrvoax,9.477934238152
orNzSPPrhVhcHzkG2HGBKHpkwT6QJnt932VsXkwRdcaJnfx,7.674702279598
qVHNuY4cvPyiPz5B7R1srKDm46MiExLwyRAbK9c8SrxNqtu,3.92591580003
rA3ogQJJwoJhncYaq4SyFUcW2cjdADbTbPEw2uWXGLC7paV,0.03319424889
qPicaRz3jCRYW8giTV8SPaKiK8q1VHGAoGfzZQCnfdcwztg,0.08172910456
ryeVAhMiPjUoA9NATd7ioioKesr6oRNz5VoqLXBihFQjzJH,0.215075400338
r6wcdZjWLJcsLQTgg6ghxp4DBW1e2G5tKdW8vVe9kRHtpYC,0.006906264206
qWofapYY7JmJJkQz4xqU64GWGXgy6ffn8eRUgA1GrcCiQbC,0.498275416452
rxiTEdtCKVC3wY6ysbmvK9PinHkRizDShX8wT7GX8HVHj4c,0.076711020462
oiuLq8hZyubbdMjibcCtnQiYNCWRVESGG5WpL7eS5f1xkNJ,0.271643945587
snGRGR5o5YWeJiDWBGAoMtZbvT9i3Ez1ySYfuUskQstungw,1.044055283795
sF4YnMCitTgiJWBXpiD4xGVvgbRCyQ9t4ZVnTxUzbpC1Ydb,0.022071404417
pfn9VjufkyZXqxza4HEUnMDd4o81GaAmquCNGjmS3MkxMuL,0.606887894714
paxY5o6gydPYRBKs5yDimZLb7Nu6rA7HefLsjGrCeEBDRvW,3.011449086897
puJU8jJePukynfPNS13ncKifiKwj8ArKfEhLG3wqgcRAzKB,0.022119151967
sZBgjCSqDtqptgCbVkteiXgwAfR9Q5DnFJ2EJdLQn8P5gup,0.291301667559
oJHnrB5zTSB8Kkak8Ve6UuPhsAsnvQFHB5mtc8aTrrsZ17d,1.094542623787
qjwyteFDSaGyQqWWDnCuAYgqHeagvZNBjHojkyocFW5mgRS,0.065109724669
sySUeUpMwd1VkZDLBvXdm6ETcrQFif1vMYxTuTmg4wSjhzS,0.9988276198
s7e2xb6rdhDFF3ApgJargq77zmF9kNmWCaGCVcX51eJptb2,1.144513002878
qRe5Y38KrUTJc2Cb78rgBAm1ZAxxYwqF6n6TVL9ja1p9Vr5,0.022194405955
sCziFvfrNbw5HaeQcJno1e1nKWypFq5bz4pHLbnm6M5GLeP,7.530928168587
tmrEG5WKk9HcwZhw7R4ANEtiVPT9Hgveixg8wcXZPkGQ5da,164.724097302201
oTR5g329PLD3XTdDHX9bSfVbqXKAiTvBgwCSdvRpx3wjHiu,0.000815397788
tbMrCSkftKohFbiqkWPE6SMuz45CS1ZMukQfHHZ9MjAZro7,0.059066854897
pJN9LaVMyJGsvuy7vKyj4dBH5dPVxTXeSvVhdd73r4nSt6t,1.131770261776
pamjdmm4cNmbMf3J9onktFK7fkCaibKGbZNDBhK1fZ1foUq,66.033830590255
qqeQf1kF1pbvrJN5UYPjYD5A6g38BXp53uP2J26TK2qkUw4,8.424497983855
r1h9B4N8uuVvjYLXcFdm8JnWReVcA77YPfeQVZcHUhKxXQS,0.032342076519
rkLWMr3DytNAwhN3ugwfEwVabyaKZMtYYBxcURVNC8CQezr,0.984549549441
qng1LmAkThtzMpMbXj6KY4TyqgGerJBEiU1Anhg6fusP8ni,0.681110987033
pciSuDoVyi647YXnJ4NQqzNxwP1r9ZQ1u7iYvwwPyCRbYYG,0.022194394852
pJdn5gFLSQkydGiAL1tpepmMM2WRMiowCH1YwtZnAAUS3Ke,3.54691830876
pkPm8YAWqBvURBpVX6NQKdkXm5bYHCCh7dHbQHY6gGVJ43t,1.18420529889
u3m9z8xCy7mYHwPfV61RhR1KrvBLPx6htnTent8BUzMxK3k,6.68133316795
rstHHvAc9u9o8ewKTLCmQxhAbT7Lj3SU9mzaHDmGQAeUw91,0.052606344524
qfNNqDwKQHoWH33yFvmiuY5jJLuL2k3vAuMDQ8orQEpGoXa,0.18011416859
rPQDauX1ckMHY7N18JRszV3ezut3bJjWBCbtEYarrDj7rnE,0.006155061129
t1vtRk79oDRzAKXuK4o5ZRK7qQXaRDeGP5gKZm7VHdsbF3o,0.001641350771
owEADP4xJa6BjmtGjDA9YTJ4ykB6XKC9nCgEgoMoXM221E9,0.002256848415
smu2qAbYcY1eoASF3pxDQKaZPwdbokAxnHcMVoBUjZMXYsh,1.015341777235
sU8ua92jEkqPFbwrvPRTqjpxsGsZqx1bg88giBAsP2mdeBp,0.040150262827
skD7XJuN4cYGWm2BXyQEex3CLdvKJHCGZyb4TXsnxHz667q,0.022119285649
tei5idDf4E5vc12bYWtd2WQTdwEYTB94jbasub7p1HGmgQD,0.33666573905
sEZxwtWhTZngVuJx33rufwokUasrPi3dnJQJfbjVY2pp2xJ,0.261175152667
tZHwiXTt3Fnc7jrJMJ69Gxpi6YUBv4twvghmR6SFmnSXYtE,83.69476504727
pDfLuNk8eme2ZXKhhCZ3Y3sz8F3Afnem6hyWJgRExHD3HVu,0.951238592822
s9Yo1y4Byi5ZGT87SKbicStrPFMxXYWF1UWgf1i37wrdVQp,4.670052577574
pLsA927s8Z48FDgyDcqQ86sPujjQkFPmVyzUFzPq1XutVgs,1.894884640901
tBmmWMrzbf1FMkKsktqUZQPt48XY7ZyJpYRHkXmFHa6j4fJ,0.042896249223
rLcYn2sABwJ8KberZHAtseqo1THfi3S9Tk8FgXpwkgVqBJg,0.208461080628
qfgNdF9Lzbt5uzqhXbm19cRiKtdYgoCtozpvTkeonSRDYUE,0.022111584465
rvffB3YZ2DVTNp83TVJtj9ufRETQtnKDtgYopDWMgsHYSwR,0.319734940283
rkHmioGyuzq6SRXYRgu4tRXuN3QXFy2zgDAFChuVEBDDqKP,60.078217354429
txAhyq4PGFFHAqhAMKYdwdvkJoRnmJDWRnnJpqsZg4V95V5,0.500542667074
svu4jmMsnejztYG47c8WS83FMHiVwxk4GgBRtnRL4gqAyhT,0.002965670802
ssmX3feRhei7MGSMGtc2FAcAqNFcqsjWDTziTbd15gMgFLX,0.156420012757
sWzTrnC6CvfyScmfDcS7cdtfPY5NF9Wk2TXwkm1CMyb8Kp6,0.022194443927
rt3kGr3xzpu6jch1rfkHin99r3G1K2HkaqjFumoTScoZxPk,0.022194485811
tsSHUd2fWBWkMCseJQ5SVueZxYZsdwhEwkEGrisRYjabnxd,0.022194516787
sbrR1AHTyFG9iEephQD6qiU2tR3WFaNePX7ooR4NZ8qY7UJ,13.879736407532
tH5QAKitoTHES4MsWqHFdQmpdiDzQ1CwBkG6SCW4gBF8ybp,0.059066854897
rcU44AvQNEg4cfkWeYnVTa2qDXUKjN6KKgnvKFuV9iMwRSN,0.022194382709
sjQ43sz1jSF6Wnpu7yN4PDf6mM3ThwtopkBhWJxKJtM91mL,0.054494761237
phwhnvzm5txeGrNmFkeMThaFkQW1sZsEGh9g8wUigPkcHGQ,0.19422030133
tZcAgHsXA8zqZ3LZcF6eowbH9qZtM41UNe9XLvBMMGx4Bbq,0.804328126806
oSEUfFMLgaq7WE8GrZwBS5A8Pn8yMAMpKspCujeskFi3q1X,0.457953447266
sBpbufG5Xj6ZqPht9tTLtf1EZcmmY2EXVbMeeFPFYhJVYCz,0.011658425862
syQ6SbzN3YHfuRDgBSDk7j75FiiGMiPH6G5ix29iu49dYxg,2.012521643309
q8BY2nP3FBZZYquFmTdzWHUoLTSZgBpo8kdBc7jwjAe7c9F,2.620364341405
qtG1Kjcys8voCCFetSxyrsmYgebP7z2sKxbPwzAt28N2e2H,0.01165443783
pp3dLyz48gbJtu9cewTGztXsFfDQ19XjBjJViiHGxwMwUQJ,0.08396284429
rw1cQMSCT7G9MVbhAgssk7Cf2wMCXjNXGyZiuRM6nXY2GoE,0.011647968128
tsu47bmQjrRX51tw5vMrkumct9MW6BBtkh32B5QPsDqEFQA,2.10597269097
t7WahdiE558hjDT2uTzdw8DdEK79oQ3U1zchTZXEh4hXZFx,2.38598827333
qPaw5f8Jcfutqe3nwtNNYP1VoPtwwyTrJ7xSeotXmHhiPft,0.799624769746
qogKNpnE8XNs6KhLMzpV6GZDY7Gi8TJwznG6L9AwMHeK1dk,0.022079674303
pckhcCJPxWYfmk36Bk74bBXvXssX9acEayYcBFmSsQKWoYa,0.022089911265
qJCkEVzJYPUtfAzrXPuQFNr99WjvDWZizcLwsbFfBuVpPgo,0.799115322021
ofFsAK7Y3FmZtn2LYY7vfgFyS3LXsptisu4Mobn6kqPn18M,0.256635786468
pQEFfk1Xh9Tbi776EZ99KTcDssKQe6itdX3VLyuG8coo33C,0.142421490851
rFHYsJzDZRip1cQfXggZ8MTSJF6URFchYgxi71PLSW9fapW,1.005316968893
rUsjiph2SDBaa1fKTmpcDvbazZMPQoQkEHR9eCCWhcXcgEh,0.002147349153
r4h6DXrNKdRk2Bb75dDzwt6YbGCSVM9sFpCzVRaemPVPM1i,0.00184058727
pFQRdFtqsqeWiLqKfHQGexUYH97EEDgr3mnxnzi9VPC2AQb,0.009330999317
rPXyRzvym8R19B61RSpm9sD3sbsx7BNZ2H1hm7eVwL1vnmq,8.019681143623
scPZK8XAp7BGFuGbuRpY38oN8oscrrAFjKkrC5GH68wPp2F,0.022083612229
rhHhZ1T8rpCf2ETbFMXyVE9RKmdnrGWbBDemiR6Tgg6hApX,0.181798883563
sRGK1ppsGzUpwnsCAhLGEUnK4R5mp2btPXqyDWKgNJgHLia,2.229228801908
qFCknUeZ5mVRhf67SgeJwiqYHYej2H6HH91D2qvLP2pQyca,0.006048652591
oK3sWtUZGSU6fzZjBxwy2NdQVNGEvNRU9o6kMUrNDU4gypk,2.682869194279
orW3gKVLKdhHUFCFbomwfa4z5kQMNgvSUs5wAZWo4WZznRR,2.199050486684
sAGaBx2Mix71yf7BZL15Cj9pCTyn1ZFZdefLEQyuKPxD3Jv,0.38587529566
pGHoz7vXs4LksBi5sjDphS8hw7w3N2oP9dCxzwDFfpS2SNq,0.510900812714
sZpFWrrqFUUKT2Z4iA8AKuUBxitPeco6BjrJNJYTgpZGtps,0.190183968105
s9wKMLeKutbmDjP48mFSGAkqXsqCzD3EPYMuSHLaMcpuvmy,0.190183898706
pYP8mApUWWndnzcHcAQPSFp1QmCmZpxwjWdCwdTFX7aLyuS,0.078182500499
sHv3N6MAgzwvau2V8CNXUrSJzfPG25scYMWXEuC1MVrmuTG,0.011658388479
u1x6Lp4SfUmHVVPp84xnsXysdyEcg6NuVLCtRF1Y42qAUVn,8.996931872114
p2nptsVB1m4hzY2D4MQTVKZe5Vx9Pdjg4V7rUW3ejKmgXWz,2.074003401539
oQKoGvU9sNDtKh1v4cpPcbpsTw68UZwmhGZC7gJ9XeYuvWp,10.971465174302
tc5TzgfFQM7xF34L2WLHLL3nimmvKaovmJQecS7K13A6LrX,0.262671892693
roB9wMFosqDaruwJcTKyc5uj6kKR1LFspzsCsGDCiYEeM85,7.74788124797
qskxS4ZMr1PbYXoygqSQs4rc2EUhWv11vKaKwgqia3HNpcD,0.022089926135
q5eBuKzrxQPEauDYWinpJpy1xnu66qR1NmBwoxUwqboLvfn,0.022119211318
s1eoNEdYsQhrxm1WgXMeKyR3NTPHsob3khP5xAT9Wf9cY6K,0.022111762259
oyeJpywVkajF7Ugv4TBDdzaToKoGKs2SRagtC4WdNkAA6Z5,0.803539160341
q4yXYKcxsHVGPkd8rzuKH2Ps1XtYY6fi43LocgsCi8YrZSB,20.122085977319
oT5a3ALDt23ryoiJXj31T3sL3xLhT9M4JAiiyWaiXFBJFt3,1.486636024384
sHs3fkZYHZDvycJ2LQbgZBzgWcfmeZpwcHYJnR3vNdw3g55,0.022119260867
roKx2THhUkaZgRA2dSEkqjE2bpvAAhbC9GpbdapqrSyBpRM,1.929259350962
pMSbMqR2bjw4itYogyXNmqoyyQG269c3xjKCiE3ofuBWA7K,1.183465522726
rHhKaXn9MCmsu1PBYkoyuvk6VEHEgbcfVZugeiQRbSa218c,0.022089955883
t3sG854ngGgF2VbXqGpv7rDj8hWsceJRMb8UZyegWUKqwZn,0.038451206024
rZVSq3qwwisLWuj6h3i8pLpm36LxUiLdJB8n9T7BkhH3XK3,0.02296556733
qJHH8XoskRXdtZpgme4N2ZSDATi3yw2BfPyWgVmDxyzUcVH,0.309708022741
tzoHqyutZ17wbMJjujtYbpALwaXriKHZYBbNAuTMoc2CN1f,0.189161865864
pqgKV5eL2iU2RCupVLeiSTePVQcKeq3Z9JPN5evpgCRQQ2H,0.121147427443
tv7bCxGznVyxDLTXGvCEf7WPo9UtJQVKjueXmoReQ4E5qwx,1.043217539157
q4nRUmo8xkoMKaRd5xwZjbBnk629j5PTpxrKY1dUtA2JTUM,0.596201999224
pVXrwFvQoToqbn6ZdRW7s1F1qEcv9V157Xx3EuS1LJsWyku,0.022498653123
tdnUxuYaHssKY9M9R3kEj7YUWzh72G2Z7ayx5aMJkfwdFQU,0.07209142202
qCrsvTydkS4JvPZna7du4y3DFpxqP7TaAameoXQiCwSNUZ7,0.353129032746
qXPjne7xo3G1hM4tjkEaScYKDFTVWLqKS5mRx2E7dnjx5Jj,0.012462320856
rWeHjYJxHmuQX7LAJgLjagMUqRps6iUtQmrrAY6uitr7DDZ,0.072121057109
sNKmEbqq8uu7KkhKTt3a6kajYSntiaCyMe7PiTy4RNQb4wY,0.022089139492
tKQEMmX8uRfQsztdPRhaQaLbTFvaLgsPK2qXPLuS8Tqaf6z,1.009431838322
sqf5B8uHszv2GysF2b9oTcsBY6dsRn6PkBvv3tchiHno5SJ,1.462483071737
poZEvhBzChNuZx9gQiUYY9DL7s8XdDh25d4b5Pe7CxYngVT,0.843385166579
tKT7C8NSmSEshQoWNAvzeu6h7NvmQ5icEzFa6oEd73BsuuC,3.7516701449
oQDTqrE5vLVzSHtJVsNfWBzGj4q4nTWqMMxbp7VDGPKqnw3,0.218393801262
rfZ6eWdjLB5Vp9oXyViemix99zqR4cMyKk9GTsgs6i6P769,0.022089781288
tZKrC75RCqwY76J7nKzmc398ErMvTk8HL4xmWHr2qbMAN6D,0.00256462167
t9HgwSwYgsf1axJooFFN6GXWF7jiD8z6nvgUYE5BQeTqbhf,0.003590476711
sCtX7AHr6zyZEad8YooLpxTtp59e2QgYFMvuj3mUECsNMQv,0.002051714611
t1or6onSrXsfidxqcFxZa4H9sYXPDFsCUzX1oWYriGge119,2.323328564766
qFA7akL8dVQ9j8Ybu7sPWHLd2FpT321XJCa8Rw1nVuvCdoV,0.169418906819
sqZsTmUdvZfaQfRJaNTTUVbGhkcG8myVmuwXbq16XGhwxzF,2.619946300431
t44rtqL7JAK9VQXuELpmGAgq6hfd1W8bJJJeRbwLyrhtRMJ,0.050571234634
rUQqAxBGwSMSXSnCV4997nQGECzDDDBFs4uGfkW4NjBJaCi,0.02208367376
sLr3q6bHnXgHRoLsPKsKMisEmRdnmUnbf4uJfhuAZyp4fe4,0.363102425907
qfafjDbA6UWEr4SSrsnia2dLBeykZW68hCM7S8JqbkP7e22,15.907163683462
oK728s6oPdyeLVLPiez5qZGyQmVf1uDXcEhvonMoya2r6X8,0.026077586238
sAK3NjBEf4mN792TccZY9Ugjxej68bu7XnxPygHD9xKiLoh,0.022180666539
tZA3QC1oomogTcnraF53r1uBRsbyBFK6kPFLswzbLhWK61c,0.050530634333
rUFm7ZQzd1emC5aBg1Ct9XFocsrQa6cEZ4hsYLxJoLb8UkY,0.087525286749
rZsGZhiFujYzoyXoYha4SKn6Dih4DLXj3XuuWGW1SNYucet,0.291111633038
tFBnWS7CAL6b4JfYkMdFqXND8CQHJPwzrHBDFUCQLD1g3RG,0.203082299498
qAGryax8gMSCXFjQ5Bq6DUrqT3zud8Wo56RAKbFwFrXrxfM,0.011647961337
tcNdQshrQpxjNUgbXVFBccRuFtkfDfFdNW9YN1Fn1VXNG8o,0.589282932053
rSDjwi7o4yPrAP8YSCBpPHRGfnyKEj2fM9V7aSC9EnoSEW6,0.001503406299
sv5NmBadq7BuVQV7mj3FEwDrVaUF4CjJKAfzn69GdoRRFKF,11.879061376873
rHPdKwDuiXnE5WWNyXopw4oyKN2yeJSKZf1kzuXgNvUAsMJ,0.001881511696
rhoDDbHZR3L8dkneGLQt14ShhScqTxJGmc5euEfyRyvwNgp,6.919717438803
oi35i3ZPxuzjAxiCg9tCaWm8Pqa28K29qHSSyNr5WMmQmLZ,0.591272226557
q4voU31GZ6nddr8uGGKFEXqVKCfqb9grLZzqx2cYTmAHKsi,0.46229688194
pJDwhuY6SBsPczJYZ5Z1DGneYJquTrLkV3mB8nTqhkTwbhi,24.386637033709
rRXnt1Vg1nRuRyT72yvZEPCTRzPsa8dvqXkJ8bYnATx6pFN,7.023207298361
qSVdn9SYUHcYwwQDD1hcNnXbooj1giFBHNRD9SjtTtuP7Nk,0.022089861919
poaw9dMGBhwY2xPZ35Yakz8SUo7pp496JdZUdaVYGPywrR9,1.007909957043
sRt6XFvYQG3g8fg3krARBpmpbMUakw8zgQSCRn7FhDjLomW,0.630215145885
pJZDHjxVZwzdtBJa4nyPxXZKygVWpu7iHuepVAQTVK8sTbF,1.91639639928
pJVvg6FHtUHEUttvBm3pRiWLXYyPUUyMgo5c9hTindDWVF8,0.120047142368
r5UJscSoFbVoRCPWFoAQjkGVa4SH7VZeeu54GXT3ZgRgpFV,6.098922466552
pp66SS5XocsoyxNfEzPqbV1C8dGnV9wsboCTUHKNdvmGfdY,2.07783616963
tYiR4A8JMoBGNcReQ9WVSsrGav8En3Ee9w1jmW6iEM8eoXE,4.240493804649
sWkxuzxazCXAWAFgfUu6MUK3PTrisZ1thyPd58tP1iAeBYc,2.975943767439
tUTY3iUsxfftdCAPwUr4kWxPSxddfe8sv8SaZpVFBt2UBxL,0.022089810996
oufkd5WG2SrqTxCvWeWXQ4mKpQ4xJTuWxFyMWBH5PjC8nr7,2.020218147233
qfKtMaw3sAfsNkS8mzhyZzmBVbBxk2S6z6SHnWyiQ3HCqmy,13.580125205457
sJJGUDWRKyiZEfNEUxQa6BPJrrgGmWKNpSNfQ5gYB4RuRHX,0.011658416487
p7bqpyEwnqAsErRyoaDZugUd4uvoaZwtGyxVHpqjxkgbNGW,0.011658403478
r86RiiYQ31TbGFVqUSvQ3eDt4TFR6MNqx6PJ7Ssd5tPWci6,1.083577357425
r2fH4bsRCgLcUThjBHHpYoGDynCqQVpf1pkKsUrGBsgtgng,2.001042102145
qCeTNeP4ytLBs6gYMALgzxQY8sEY4akQW7HJXeEx4pPhqy8,38.605761509586
tmzF6DmMwz8ryfVYwyQ8XXS1bWsuidwhGjECFsmBCM4ex79,0.938005966757
teg8QVB2cofJAnUnr1TTtWtSA4r9Mge9hReuNcq1zS6J8bq,0.270815775264
qyK7nZ7nj8VYghFAA2ss9pVaLBiedo38aVBf2xZ6Kj6vrdv,0.14059285995
rRiKJZdzE23wLjdzCRL4JbUijgKkzwnsx7wxjAkNt45rgoY,0.011658390156
syc2zcUQHfAzqoUsccKprLpposatFnTt3877QKamMZJ1Tsu,0.01165839893
tKnVp7Lqturvi2VXXwqfzeAhw8reWqDVNZ6LbsP1C3ufo47,0.045588666695
oVvyPVxZcibyn1Le8ydcSWFh1JGGiY2ZHpTfNs4j7dWTLee,0.022109796285
ptj7t17pHBs53V6Fx2SdWzmfN5UCJkruqinD5ovE7oeS9q8,0.038800652737
tuxXerMEkxV9xgdazYAr5dcWCzm85NFP2nAGHcszqjvFL4k,0.022119102404
rRpePhukpBMgmMFaC3Vg1L7xhghcXs14ZMFYHmuzNy8P1xg,0.294207910449
scWAMzVNLy6GCLLYAJSt4Pw6ggNvxTMeSNuwKAif37XzMwW,0.022194363412
qPitAtyje9aJusTTf9qwUjeVkHjPDwSZQSRLBCfQmvX8MAR,0.022370347536
sRMwfzve3ziws8hX2Jq88x5Q39py9HuydUrNkBTggKUSoUR,0.073006119542
u4dDXkVvTdhnrA4CTiYZEjjHBCwaaXDjrUSYKJ8PWEMnttJ,64.42469430712
pDDfa9LPrpSUeWTYNZLLWWjdcdkPyArhxADKXwqzqbBQZ7b,2.080351701713
pQ5pxMW9wesnYVEUUAA63CouAr3dmn9g7K7pgdukwZAnfJ3,0.015609613829
t6SsW546QShXrRCWQuCWtE1JnxHkkGkBgHcp187LWBRBg7f,0.007865639518
tjzeeiztGEAtcoELhd19PmaSbb8W3yEP671X5oiDQwBcGuC,9.779330250845
q2XTJ11aJ2mb5hNTYVKRsKDXfC2qSdZE5UHooTtNZJ4juxr,0.199439138854
rcRxGhHbbsn67zvNjnKSM9uzrZiJLgHoiTpCsTsiM1Faqty,0.800956147781
tYanV8yNskRQgLvhHgz3TidPdvfhG8kVgPnksyCiwvA2GgE,0.010443921589
q2uLGoZcRNSDDXyp3MGEDqKMkdnWfANsNEJMUfE9DuAf87u,0.011654452868
qyfEuAmUdMzwUgVfnj9exBx5MN7BJurhRXuoGtWYPDN9eps,0.0221945148
oabAr98nTsS8XrWhT5jvo637RZS8xvXeN798Txs7dwgrFJL,0.293375536319
sFHE4kpnUJfQgkyhjNzAiscZf1BcNFEwkqKB4Hoe2Pn5nLV,0.022083782802
tW325ZFg8c6t7zyDy3uhMtenYT7SrRHEBJRCmbfh1A7EBzR,0.809434973253
phwJ4dWWscymUL69pgMjZYPED48B1wqMWGsU7ASFmaGTmuW,0.214490524684
ty5RUEH38ZiF2Qq9swwYpf6McB7nhcg8dxS1hGScRgnum6k,0.845563735532
r77bm5uWPmatWGddksEatu8wssbprk1cx3w1GSqyy86tiq5,5.753975378443
qLkG773EyvAzEGM9SBd5oZMT35T27fvgxNKCv4rvYNtje4m,0.549022146229
tqEJBDGXHBrgwEcGomX6RL6wTWwH5SzfYEMcugT4bFkwHzY,0.398778378786
sNt38FNpZyEr2wLoc9CWvw62kAK1h6LdfMPLRRUSfQxpixL,11.735272394904
t6WKCp8J2D8W2EjHZSDCQ3FspkfAQG8BRERfsgy3HgaJ6oa,0.282302198298
t3o1f81QkzxpUQBUQdYj4JK7PGTCLdu8wkQidnK1PiJsG4a,0.975649645831
oSL5X3MctPStfyoexCKN1xHc2HsEt1yahoQNAY5z5KJG9Vo,0.022090141603
rtiqWbGhzyxhdQ2ayiaxbE4Ru9xYGLQmJYbS8vu27JUbdk5,1.393776215574
oVxRKx6ithw1bFh2sqcFMzytHmcyHThjn5pq9zRXJVvsCor,3.026093687728
q7xSfEvone4pPPqGB1357q27rtgvfPMQ9LHZ1sXRv6xASEq,0.011658396037
rHwvQSMQ2rq3GbvPbBfkkywWtmKHK3SvdRFHBBqxqq3h89f,1.683309265619
pFy1FaBYgb1kHHwuvqMyLwiVe2cwY8DwAVFoAje3ws6sdZd,2.006654566456
qaJUPSWCJBQa7nYDsSqRbKVAnftZK2poHAYyCSrB1pdgAvp,0.648270142033
ooFCvF6YhyP1C1bqN9cLhk5s3yT2JModpzW51WpT1JBNjTs,0.04844837629
t1E2U6Tcz1h7v4cGXZwmk6XtJNZM1hGsbiMaGY7Q7GNvPPS,5.684540871394
p5uvi8V6gPTk3Cz9425KxqikbzvrCsRMhRcGbCLtXmGTo66,2.201350001783
sv1RK8eCKZySbUhA15eaUykcvpq6gKHEDCftUV8skbCaH8P,0.022111809708
q8KvELERmd4EPkdxirXXU6jjjHjxz7oVfSZXxvXoSshUVL7,0.053582890239
u3jd4N6FBSFSYq9TD9cwfe6ahC8AQPTKnvyW5LaeZTg6B3C,0.01165444871
oXgYmbDVvqVNPK7P2TqQLE7wM5GxJ3QAPzVyZceZc4j6Sgd,0.011658389476
ten2VdwUPNZRSwonwhkEmmiKRsHB2VUrhCwrCDAM1qedPRr,0.008133972266
rLFu5kMreijznjpEFyoEreojte8zRyTVpjgvKqD3qfYcCc4,0.022194365686
rHqKbMNFc3t99fuJhVyA4VpDBr4BNvJeAN7iC7S53YYyC32,1.451144941682
pacM4CoqXQz4z3Q5VZVm4fBfaiQjbWSL2q2hEixEe1ChAbF,0.02204451059
sX7qNrCUCvNGgEXNfthj9JPd9T5Yj4srgo4mbUNnrSnRzi4,0.022119310433
q7zst3JGu18FFYpRmzCmA54qieLZWiTtm586YerYbo3P4it,0.000211638139
oXwVxaXq9VEDSDtwC82DGYhp6binfGgHCJeH11TQv3MFUSm,1.494283698329
rLof51ggkXkU8Fk4Si2u9UmVedCQ3N1om7CL6UheVsmyDtj,9.456501110898
qD89KqLomADzkh7S9zxxXzWybNDRuPzjUTsH2v3pCtz7JD8,0.05902067878
qyY1ciALeMPn2mCMrUQWADVZjZj8ytEE98NsPHMuwgoKL29,0.583853742829
sxdyrwLWR62gkVhRHr1ZxTwk1EUMqSzfsFqVMuLXKYem3i2,0.157851848254
pttX3CwKd85WqwALrvwex7sj2R9m1wDAh3Ars3ey87NXHbb,1.212562095504
skWLhTcLuKsnFEgZ3QjBpbQzxTjwhbAKwAADAVhHionRWMD,0.605196557611
tZiYhhgifToYCt8N2qoHKxMWUmArCodqeugVsyCywthBPh9,1.056523526965
pm1FJzktEX7xJgviBZS5JWph5dNSDujwVcL2v7oKk8T4NrC,0.011658388587
p3JUdqZhY8a1LhCnHoKkVqaVzuQyjBZaHdx4UmAxDE2hymQ,3.173775098088
rCfHk2yHtN7fnwVs55PYHr6Jr73ozjTLErS8sChdLfXt1H7,0.320612414729
tsD2AgpBAarjbMEU9TtuyykMpr5FD4G9DfHPC9954wpHuUb,8.321887544071
oitqr8zA2FHgx6ZXJmvM5kfPe51Zrkm7xmMi2jQ1cvo91xT,0.057825393503
tW3QFYuJjP6NYqanyVxf4FK9X4k1n6FnQxuoyfPs7dmvFy1,0.054178499186
tF7VCWCpkjjr49K6mijXo8eMmpNceN6KCdNbN59b9Zy4HfY,0.019885308997
tKx2hzeHaYykeqmHMJcF2Gbf5wgS6V3CiwsZ9VJSYkbmyaL,0.154554265932
tGvLEiL1mQzbFFq38TgzySCWvGWcpQ6WDicpqwCVLRJSMot,0.022118409676
okamEnkd6MV3Ld9NCk1EsT8RTnKbgGLkDZRQXY9fPx3KAHv,3.631697901619
s71RzUpncTDvP6ptcoCw7foJKcH9dbRgg9dZyPCiWpv28WB,1.230884048812
tWjM6GvnbBtYgMPToXaJhwSzNrYDtWh47gRpYKMpcJrxzxB,0.011654439486
rRGzR7uo8nuSHHtNKrwX16NYoym7xUWA91HqUs97m3Sp67V,2.926653896789
sRYHz3c527AgGQrRXGSnbf397H2NHPvMHW7YDiQV5ZgmxhL,0.022111726682
qPqYqPX4LhjNsC7by2SkNgWLMV54VKhUf4u9sh7pJ2yn3iw,12.972317763702
sLBnZMupU5ebNFxh619UVUay3dsNUxr52VH4JZxGZgC9doP,0.020788336626
sUNTkFU4kzWVY2uHVyhys5EbnDfDNuuXypXCnszPj8vgsgc,27.681393420321
ry6zpi5vaHnaUGNANcjgGcPUwhKgUrkf8h6NCc6U9miUEJg,0.502196902732
oraXR4dy2Y3XpRsfjoz6tfzZCmZWRYwgs2XWL1bbEurJzeZ,0.085792214515
ofqJqZ4Z9ty7c9YmNobt9QxGZRozmQj58VqGvjdnMB4DjfN,1.188723956701
ptyooPApoMr4ym2kMH3oyQr9aHWKBb8xrwRmhMa7KQfsuxM,0.237338913196
t28Yc6Lr9jKa7JDfg1pb1JHzce3T2DpysJUST2FLMXSbW7X,0.157752603771
ssFBBwEnfFqo4jPokabMFNuJUffiMsjJJM4yHv9X7Ro7dUW,0.432987033568
rq3eZD6hoXSU1CgeH5Xxc9fGE6y7xj366p5kci4GtQHNgqP,0.010383588031
t3piHZHBz3zMwhAJhjHUNUNRVmx96djj9pucg8mv3XiaXHC,0.022071263703
tW9RgFj1RRHHjHmtVW4RB96vv6to43crcMZ1J8W19rZXx6G,8.081728655307
oKXa4uA1Y69rr7X9axWvF1n2xr16cS76wjjpmpuN2YtT2mE,8.008313922348
qV9zgFZZQmLbQFqGrGd8tD1KUZGuAug8FPJ5xQa6Vfx55kn,0.455160678973
pJ5ZzRCdChjnzzTah4PC9VEQhoCgvHMXgw4qnisBBbmQ78x,0.021126675408
q81DCTjpt4PDCvovXjyUS4wJ9Kf6EuLFQcw3PpNWsXvA1av,0.04722922497
rJEoakH3osDJsoDskpCWydnyWu2ajFXQAZPGxzicg25LMUZ,1.764161212995
tWY5jgdboYpB7r2UzaMoHcPiNCphkdCNed9fabFj1wnq4Sp,0.220447798157
qPbHXjG38ntbGBM7KPy67MjTimzEpK9ugSqudVX7xHgrCP1,1.3818606936
r2W7mz2PJwCn2fuq4vJBpB748b3vwVU5JwTRhidmgMDCTiu,0.022183568917
s29pp7tkL1Bn2xQ8zG2PhLedXuEacrF6qBH9bZWkiSjUXfY,0.065475976948
pJqt4mUsqS8c9xJYWzRwAVQjxvVSGJix9krkLmWHZgGrdxj,0.026588422537
rfThTVEPY3kVqNPox8cBJagAnXpGBTEgX8aQAnj6GDX2LM1,0.050530698059
qS3DdmwkdownZDuK1MF6eVTth7cW19XhbkoMauHCTHZycGe,33.746527321689
r2oSubW4WGuh17Q8Ye3n1edvLi66m9fCtszrJpJuZf7qyXX,23.822326355246
tuSxHYJNuPHpopfiDhALiJmTMvL9mXFK11Um3Ns3kv1c2LE,0.072779266983
poRMqNzKrjFCq5Z5NAf2mhJpdLyVqQ4cwuiadVGxhCCN6nZ,0.575749661421
tU3Yx7rX1AFxsg2WyCPEkcS97xgLHEF9YLHK4b3NtzZLrKy,0.011658417232
rXjHRjxwiLSUkzRaDn9fJWjbWWcUco6UeZCpEMFwc7QfEEZ,0.168783630058
u4bfym11TYcNFkKKWgTCxboJqPRWrAXwX3XJmnYRX2Xra7j,0.02219438893
tv4f9mb5UDi3Qeoc4uLmQS6yoNE15dWma1enR3cNrv21h1Q,0.149652359178
rL3pgJGhndyuaAMW1tWVdS878wM2d2AdVZGScq5TfN3WT7J,0.517675307977
tus64JvH52TydyzXrMDWsmRAKWXz8ghVzgL5P6YFtQFsk7Z,5.943454721671
t4CB5Qg4xa68JKcAPDjhCFGC7zg8zWhGzU9egevtja2Lb1S,0.040111400281
pMH9EGCHJGrYc6ELdeBnFxAgC8RLQeCTn31K97VchNA8gqY,0.090337406936
rvVvksmrvqv43KnncnczG7gLa5asWh6pR2SEaR8SqCidgSn,23.678816400168
sqbAYUzCEzmZDnoQAAbGzjSxJmKgbcm3isootDYJdoGL83j,0.080382019162
pJ7h1yPeDdmzEkmtoyxJXVpmZBacexw8H3Z5368tWEFT5SF,2.017002973268
tZVp3kcyB34CUoRJRTMyRpmf9eu5mPGsqqorYJ5gVNRrtoW,3.683307732714
qQ2iFLD2gpS9dv5PHNVTD92ThwnPzw8XheJuAGEG3e43Tu5,0.049299114281
qQ9EdTyyNUR6BFrqcPToLyKYUZ2RULXJ73mLwwQVFrR5pCv,2.508014240045
raJUTNVxpvatbPfmc7ZGcQuijdwyd7GgkTcDsBsQdyq2cEg,0.248320068403
tgjEMtgD3EBAiLHx5vgEffGB1YwYnrCPrHEfBPayKjJvgQP,0.344001417467
rCdc7Yxe9hbSLEBtn2r5TgBfCgNuoJJsHM2j2s4oVowagDi,0.294567966579
p8ZLUekU9EhuUgXv3Ac1KGmc4wWHVeno1mUt83QF4mxN8zX,0.82205869257
r2gFyvbFuP5E1RkWFK6ka5VJk7pX9iCWYoSV3RgLfKbRcSj,0.011683918078
t6UzTdQVBrLvtXrG1wQ4A2a7ND7LnrJpHcv7VqXCGoVsrZ4,0.000209245036
sC2NG4kP3RF9dA9bnK7KYUwZcv8kmKa3qsLpwu1mRRwk8U5,0.000209245044
qfm6nt2yNjvg2dYfUn3Wq3ov4gnsRQopzwHjXtcbK8PcADn,0.022194531314
ooLJcKdW19XW4ude5tQL3CjnjB75zaJXFbzsAXUNhqaqjHd,0.022089588893
pzLkSvXsqwFqM5ezryqM2aN6mKodYoMvhJHrvbZhvdJKV8V,1.011234864715
sWiEspBfUjDsW3c925kyu3FcPiihfinAp3xAUtieUBZunwS,0.082875722003
p6ATdNgANFMh1J66gfQJDBV2gkVTfywi7YF1MdrpYdakVwY,0.022071308928
tYmtENM2rtDpgmtHjHEepqEkGX189SjraENhyNX2mcPeQAm,0.0220837406
qCn7FRoNisFeCK3r73Cpt3u5saeCpMomjzSsn4zaysToRqC,10.034605837731
sxkjD1sgx8DtdNtVgAZ7qUNCPgXDhYeH5Ty4B1n1KvEmkjo,0.022089164728
rLeHPDxRZhwXdnaD5v1mExzkzmMYz92iChm2AiUVpoM7fv3,0.01558972108
tcPsRZvj8TK9FRfDZwmrmbvEzmGAAkUrduowwW6DKcUVSMn,18.406500873181
pcUgUD5vXT2fFcrmYcN8CfaW9VArsWSW2s6HBWA2B5SaPDh,0.001683561876
oMMZWKvMsrh4of4Mwh9pVgZLDHcLwFhK254pCjb3P3nXd8p,0.022111774121
spwuiVc4J6mNU1MJFRjBChy8wCbM225Kec43EAj9pgbQg1f,0.022089654658
qhKQAMAzzc1VTYiKxwqm75Js845EjWPaezWU2qS62VFyuZ5,1.190671773896
sHj6ZqvoN2BGNHRpPP7jVjMkRHpmzMPXRCDLsWN53DCaem8,0.999139352482
pFwNrWZQHLmtQ92FacXjKh9sj8MPNun2tGuEhxDFomhHL6U,0.027612916056
rvAeiYYJcAuwGkRuvbw39v4ZT3m3KZzVWtrLfx7k7TczbBK,0.011647953072
tHgxBi6vaC7eoNxefMuWsQRMS8sqjYXr5Dj4Ra6t8cj9wbL,0.204599519682
t264RMzPsds4YybbUWyUVdCxubgYingoH1LXdtAy9hryDrM,1.172881287554
qydSJXWAP7fU9zjEV5sk74SktAwZZikJ7EsGkQzGqHhET7M,0.022119186551
rkKXUYNGzJFpjXGjhVEezv8Yw5jeGrwh7g7ZDM6rzgvC59u,6.068064760311
t9ihicUdc1WujSi7haGgQevuxv1Leka7YcrW3ovT27SNUUw,0.022083623426
rHpEf84k4Hrjo9vzRjSJzuULsSVYF8ZSKQ7ZBEqnrtVS1UY,0.000555826221
qSALzfMtWtnxMNVuyha5DUnNJxMr5iRRsi2Fim3AsCmBFU1,0.020028042108
rtGoGiGfiX65i1NzjwDKznYLHjkpHwHFUSAmWp2d6hWqEUq,11.728141012071
pfsq7gfi5gGzvk4WmDFgvgPsmFbXmG2qYTgbfMq1UpHYTsV,75.145338846718
oViTs37WY8PaxSF7jgrYdEKPZvrYjpeSpcdTJW6xTJvfBe4,0.666948923008
t9n37YCD5BmoPQopFePHyU7BmrRKv3XXc2z1eXT3yQrfZSR,1.997161680858
sATM3LJuC9ujDArjtVAoiDceZZcVcXjiMZ25ALtCHkbz2j8,0.718664213372
oVPdMCXZ7ybVLChDgvVSHxbPzvRuoYzGHqNxCknTjof4BBw,10.686441436433
rhq8ZUWqGUzGwX13QazEpR6GWARai8dMSFXNoAFqtchr6Yo,1.513337578595
pfRp3QKrxAMzaCuKDHRADviqbTqNdnbf1hvn9WLAdTGs7Nz,0.030061746982
od2eRsRUvgCSv21rUrXR7AHmKRmJSgzLedM8xoMQ4JJo2ne,0.011654451969
ozM1UJ58B8VBtEKM3R6tSvpM193JLgwhd3bWS39YqcZcTLp,2.009089520672
qFycWFoo7gkRTx9cWVX4naBdCAWffCJ9WRWpfTMDAR7zpfF,0.989429992337
oMzbgU3EMydrUAHtoenBvNhzPPeiHE7kDFQNKRTAxm2d5Dx,0.184213507853
pV5ApW6bK2CFzSakjn4Md2FVyxCn1BzHmqwuXVVNkT6fFpz,0.618834720232
rtF9Tbk8zrwaAzwW9RUszGosQRWutsLhpzgSXNLACKAZG8Y,0.61952776624
skM4qvP1CKzJH2P7o4g4BcbXgj6c7zVced5s2p5nVtpw8G7,9.02689918558
oJaEKmeoZbsXBhpSvNPyh9MZmCEvRdq18RmuwVJsGLnJGGQ,0.022194361434
raKdY4YHy4SFWSrfQZvpsrUQsnoChcK2fg6BZp79TP9fGmQ,9.826086566579
pLnMyMnVdkyS12Hz6UJMHxEr6sQTKBAn8BJ79fhodSPCL4R,1.035968157786
t1bmpNXA72RnVVYAiKqZjDtkuSjSdY4RFjPqNwEj2jwVWQh,0.089838970789
qcomPRNPVzg8q5fZzxbV7hQjnX6KjhiPbFckvUdNLxDm9rj,0.01168328995
tt8fi1wWxeEuXpRwLf5PTamhLufxb1KY6G8B6dPdyz5TFmw,0.022109807971
tjh27vSt63MqA7wPkrhSu4apojcYZVkoUsC5qFA5vvAL8FC,0.765560050819
sRiuphbScoDx4tGEWFpf85N4xurdJtCq6Y56DqXXbyHFjYe,7.106399388635
rccfCCgVDBTRmevTw7Z4teJoM5kzQGjdcQ3xinKBGNqZFSY,0.02208369539
rfFgtyrrcFjgGFh5xcB9BHeEuCTLdguZcCbwq2ugbiX1Zsz,0.276730223633
u1p8RYKF9rkMtbcjqqAf42Gu8Pj8uai6jtxmKPoinRMCKw4,2.341197087234
q5dj4qEBUgYjvUq4Dd52FEgyj7KXEooaEgp4pYheb7jAUv9,1.965866074737
oaXi4ErLGaSVcdDTPTjDPqsAjrqS5y9JWahsw1CFtiHHTjx,1.779255249829
sCpfUpRQ8toforazYiXM42wPELugdtjKaShtdjcsh7dSfDD,7.085072005689
rcuoH4b71aE2bsAJgGrtDnzLZnCPXDSZAXGbtgpdF32cFfy,7.018034799761
oY6ZoBit28jSPjsSkT6Ewp12Gywrigth42mH5mTuUwTBy65,0.022119114794
rWjbYzUzbKf84kcr6TjqtREQNW373nF2sfuhjREqj7utUuc,0.408193193098
qZcNxf8nr7BbQ1RA2EeXS34rnFDN8vXkoRsCFpiqChBhARe,0.001842190628
sXJhD7rptKWNWfhbjguQAxiZzCdov3dqQD74m59zgvoErgF,3.102554890699
qmK4htpDzH9bHRSF1oFEvkYbr3PgiwGorPiR6jtaVXzMrFX,12.263260806752
snwia6dj2KNx8mdqnUKm6UT6dGQkN8hhqUn3fzj3cNwPivK,0.064006815601
tnskM78GMUFJYUtBmJyhJ66yFKdKU6Q1xFL27WvyyySY6Ef,0.022090320557
tjWq82ez4fKQ6VWgsfNA1PsgAVRuJM42afbeL5R29EGis6R,0.022119189146
p3VXpMufe5VGqm9NgTHT7EZwoN9xCCfz3Qxt6n7ZNBcbszi,0.022194523063
qfqk8hehfDUNwVrcEbQddFyH8cATw2Ras5D9WosBttrqnUN,0.199537300754
t3fUrDxLckyi2Q4nuJ9GUZ2Ekg5aypA8fTFQcDTKxGg5AXN,1.008917421169
rDE4DqkVjxgwLmmuGzuAMWkLqdEa1bw5xLQdM9g3iqs8dbG,0.02209033549
q7bd5nfWhNNv1RBYeSqfGw1mdxydiJNdTxjTvJ7TYbyW2y8,0.270885793973
rckvxii6S7Hve8RimH7JUd8X5rKbXUkPGNT1sx5VqFaJ3E9,0.140630577148
rkgKEZM4KipBdUCUtXSH11iDTYtSr57V2grRn7GJ6BjpPRd,80.762048881766
s9uajKV77EftSbucbyPYMjx2ARrpvFCBRywRnCAgcmD5FgV,3.374146280298
tvXFCVSXcVVeg7d9Xk1LMP13M2dkdWGZEgacYQ8huc3BGGG,0.39263536448
qDWcJNvtiUMngPtjWAFPVAX5qFbqmw9TL8KmqER3SyuZz7x,0.294654144886
tH3GW2HmqeoWJ7NkGHaey5WYFtjPVJ7nZnUXUU4dv6CEEDu,0.011654440639
u3XJyN5CrK81SDg3CZFZU2dS2tEo6E8TGMNiyaCtUE749Ud,0.370263320172
otwr699WMQ22GF7XnxA1Nk7yrJiGDr2nwrDYkyHqigekSNX,1.00469561369
trsFLJP8NtY1ZWLBX9TJ7vbxZiGwu8RpSj7a9mbpq6FPmY9,0.040038597807
pfaD3zWKhvjRy3VHdMvxMCn1jSYDXthDif46dEeXn6hNEGa,0.022090380288
syDgMsWLK8SH9jggjCogK3QaNyovEg2dEA3A5Zwp4cvTxTF,1.745679768505
ooRJX5ZUVYWtosfuRZApHLEJuCEAJoZoGruQVE1mcko7jZu,0.984458822179
sRqSotJm7dc2sb2bcuk1UeQ3RcN3ohG45hF86tmEYy5TC9L,0.033377994999
qP8VjoZdnqhTHafv55xX9SKh1D58keL35JxhkPx7H8dpugm,0.016745363551
pGYnqJqhb1ScfsiYEBAgxS4untm1xWsDVMRMcQmquD4HCug,0.373275302056
rcds1C7NwAb1dnrS4k8PKNZ63Zhq68ikKVBkW5n1ePaNMTL,1.927636935495
rhC9BrwghoV3s4L3hL2Mkf1JTNS5QQgnpi6doR695i29KTY,2.683182838204
piACMSN6rbq5cvRXzqhyGSzta7VyveB65upksqmpXk52aS6,0.022119248478
rXTuDfPRpf1rY3hkLwsXVNqGWuKJW1kiaqZ5nNNdNyPxEAj,0.059066854897
sHtRHjoH7HJ4gdefSmPQabxhZK5yz9UBZEaTKk6ZT7oALPq,0.042712770418
sjdqNTPvYZ5GGgGcdkxTEuNRbKsyYL2PvMTwxVAuTgXX6JS,0.022111702969
sRgKgg6gJaog2RLavCz9PtJRu2JcPxWuky6fdGfXp284oLv,0.12292719857
qAAz3XGMdN9XhNtYdzBYX67ufJ2L1uwYGS2uZgjs9PJsbpY,0.024559568738
pCk9pFWVSY54xHGnHctwr4sC41ZJvoVKBMFGwDTjHJ1B31A,0.011658388886
pZt4RqKyF1rRSsvPxkJmiySge2djiv9tQxJb1R6UUN76aiS,0.100013839647
tTnWUJbPmY7U15HKyLTgFmya917G5EfLEJmo6EHb1t46XpS,2.330609815719
u1BywkWK7w5marur5yqYkgr1BVrEhk6SMUcM9aRUQUDed3i,0.001533802409
pJu1SunQC5KN7GkFHkZbCzW1jB1z2oy8237jidGyXdDhuuF,0.001636075147
tBmXN7RYcCFuGZTgTW9mNNYpUL4iFH1gPg6vKrjC3pm1sJM,0.001473073689
t6qyGw8fUeVFdGjT83oDU1JTmgSeYfhmqet8djASv3Qn3WA,0.04001968064
tbD4yAe9C2xLDqwDYHhQjDJvpWaqup5KT6gY1eKCrWZvKEv,0.072369456238
pg8BSCQDW3zhzwKumFfkKg3q3LHMopQJYkfCJKN3SfR5jrq,2.359678124292
tZcmGSkhuCCJJCK9zbgag7o7wwTkAojrzJ8k1RYKmh9gC7C,15.690828011703
owenQhwncRBcKhG5Z2JYyoYFgATBoLGzKjCMXSFvmuUXgKF,0.049913984077
rkbcW6pRweRvHYWQHG3RNmdoCp54mDAxhmqnubPmySUSCSx,1.102530141202
sJLQygciHMFhFU8rox14DrPjvhzqfyRSivuXuDHgXKARDp4,0.359594461275
t134ktXEkopoGzZoGMuKs5fG74aaPaFgz8pABaMPLvcehzE,0.022119161789
sjVutJ32RxL8CnrTGG8nnZnMrPBAgQMRTfxCUcPprunk43P,1.963254886119
oTLyh8BgRNu8yzsSHak7XHLb3VZhzvxSYAFedmYXQmSnGHQ,10.145733201054
qnkudwykmLgPHFv5XmoMtxpPJGhAd1mr2in2dcAVg6DNvQn,0.022071488364
oMrVQhBhLBsKXxZgnSSpJSb8eVmDGvg3PqzZJUsmNy2T1Qv,0.159451877236
pnxnYVy6CnLsV3JrqZBZXcK67yBXf6kqty6wEgcyts5L9Qh,0.063181221844
s4u8ein7xfsoDCPvER3uYhoLZRTXHwJ4GkdnMTMRKCvRNNT,0.136785878936
tboEJWzXcoAC9odCEmnSCPSbxFnct2jjxzsDsDfiwTQLggS,0.009486603951
rCjaxVMDvZJ9JnMYrcouXTtF4b5P5qb6BmvKNqUX5NeuChb,3.650569719651
rUNqmf7uhyT4bZ3r7RsrirQPtf6a3Fzh8u9EuKv3AqWw9fX,0.047940631063
oftZRkZ2wCv1cbL1po3Yzhc9chySs8umhEmGCidTApw6EeL,0.022090350421
sNdQMbyPFdRYJMs3WYyE9QHn7HpRp1SseoafihWY3eR9v6h,0.680489310567
owLsZNpTiBUCyphZrvS71qCTjzuFmGxAcNiTewZEzrorJRH,1.140557265227
q85c6gpTgrh9tMot638yJqogg5BDons6PJyhPLPW844aH9Y,0.02247646393
p85zdFnanXGTpWVA2VAjJ3AfWwXCBtsX3aikFR2VTR1TSQN,0.005179841744
qMRc2vKV51kips2qbfDpHZqjco8Su9hWSjDU7uGzyi4XBPx,2.024003599848
ocz47tzXQqHb8bKKsi3JHt9V2uvVZQZTJ8ekyLVJrcfw6Ki,0.001367915388
oqmmf5NNLSDuBQB1CKWX4hxeuKwZGNvUkmmEh5oLUafQFes,0.526118870903
t8yMoX9A5yaQM4YmpsFCSprAj6Kxe7sBJeensWr1t3USkke,0.241095172342
sNz5RiWHJtYLFmD8F5jsF46VMeGDxrK5yNSVvKbiw3juugo,0.022111738541
pQ1LGiv43mCnHXavXiYJHRiqShjxbH5dJz4uW2JxC5WFPCv,0.804098560065
ofK5zrasinwG7esbXejSqvAqLtjSZKe4xKhpfr42Jnv9U2q,6.227561410896
qndmbmz831yL2Ecfudj4n1rMKKRmgHMyW99JWrUiKnyhouz,0.022071356169
paAZ4EFzdYETwGv39abkDXJo1Gw83hLKRHQdHnQrPn4vBK8,25.477328679631
rekNRx6Kyxrx4uY1RXthi8p5kmGvR11cEjDwe3cmmMtH6wP,17.560830189041
rcYGg6nyQNoGeH4CWvCKVuVKsFQTUaCtxYP1HuqZCnsusGj,0.229815270516
qSmRgKRMBpGThoPSq9FXA3hKwwV7Cu88vpd58kDPK2Jj2My,0.040469899455
tCkZesCYYR812oDFsNbUYxGeK5vK8oc4wTDn3y32qhyxwjJ,0.64169192555
qkiWCcyhmiFLL5VmC2k51yA99vetxuEi8uk8umZBX47bGFY,0.001636070607
paD9W4ikSBZApN71a5ppq4ct4WaiDxtzeNwqmo1CfsitRy2,0.002658624068
qCpDh8Q1j9a2RvjM4VqAn3TWFS9rAuacBVDAHnCVmvtKb9p,0.001533801789
qwTUVNPsXWxzyUdDhiTuHNqiMh6juVkGZXfmyu3Fvp1U5Du,0.128755372793
ptBs4vMpzphn9WEb3ioDRC5TyjGMDomGYQSfNAhbuy3Qx2x,0.01383708546
prUSDtm55Qcwjkib6r4VmVeRkKhLnpjAeCLDdVb3mjZsxk6,5.925761660903
s6gL4fFJL6BCCEebwoCNVniRYe7iem8ntqn4t5WKEBgQqPR,0.02219447328
qV6BMz7xxb5Yt13Hpe5noXdoBrZQtez3JFAH7Gp7yWCm2By,0.09274186098
rd1L7WhXGqr5ztNPsLo9HcKLoKzdQTh9pL2iFJGCQrsA9iA,0.043517552446
txbsh31cJJRjhgfFVUP28TD8VybTaZiTs3V6z3RzGE91cEo,0.027329473019
pXd8ywvcDpWqybpJvJiKJowrrMGCNxEmr7mfrbR5NZFcptg,3.757681233999
tdtA8m5Bgo1mqk4Yuci9FkDPaWdSNcKHuNoXTvu2sSjQ3bu,0.735777677639
oa8tsQqKdcLXfCQT2JNf4JCovsBq9WXysJ3VF8GXHQmGCTS,0.940572279589
pUnkHxUJpD6pHgNFd7x4cDe6PtG2xis4N1HmfbdYvAziy83,8.827553815156
ozRH2nQaybn1wQrzrhZgdX4aEY9wAA4Qq76MBoivZ1JxfZY,0.300905262416
t4W6dsKicQHryKdnwJe5T8SxP387dMxU8sRRcNKgR2PJJqR,1.116075373794
rL5ciGC9CCm2R9zF56aVuixhqvpGsez6DyngoQhsfNL3tQA,0.022194365933
q7dHzzcnhJe4UqfosMg23diq7tS5UuNdNDhwYgVQYRfstWh,4.952651298429
oiFuxF9CtT79Gogs2sgdKw2LFsEbxbucTMCnjoFy89Bq35j,0.033490295227
qP5gyTU4WbkdkPaVHQmVQMUzGNTgWXrRi36SmdvWBGKf5gp,0.02210144294
pXLaVG2B98JRtoQYgMMWsuqChFZbDGXZz8yEHVYzPMPtDrv,0.011654429761
tbUru3X6gVCrZaqY64vgsu4oLucnJLpDnDxuUexxAkaoxbx,4.123915208867
qCifGWS4vxqBkRkDejZ2nitmzivxNmpNwjWrirStFFYzWFm,0.410585062144
spZpFyaGkQu4vhDwFUu4xrrFrL49JS15HpdLwdNJ5yBL29Y,0.359523337258
pytR9wvJq8XoDpkzp4g86hDuZmXv5iHYKs2ENP13xncK12i,0.022120948073
q9q3qMtYFoi6dzWEEMEnKjRA7cy7WUVzTKsb22c6rERFn4M,0.011686208712
u1JQ597YgcPrP34So8QFitdGwTzf1xWbMjuYesDUBfGvGsd,0.022111417522
t3qk883nbioLx5gVSjXnF8kvFU67KoViRqzMxQoe6rYj8x8,0.100548534421
oixSxEUigWWEzU9tLZdYqT4f21MkHFW7H91vWNshaeGaaWk,0.125631653029
qM6AZe7LErKSVEzBZScshZFWTA2sJzCZVzmGzLivs7TUjQZ,0.111140595236
ts3Bwue7T1B6dHVvejzXmEa7BfM7Vqy9f95tuFoxXJWAfnN,0.06486260488
tjETc6pAsadgBm1WGbkqLoBBda7JoJZAWSeU6hzZbMkfBAv,0.026428900012
pr16QdPB3R1abs1Bgb5MpUsv7A8563f3s2pKgsrK4nxPnth,57.301025884357
qSRp6YWTByrkvQYiBqYxfpntUAXEsSnCg3oeqgMyitR5Y7N,0.011654440344
tVzm8dfbef73tg85NQRKT2Jio1Kc3CchkugB2MRZ6rYjVSx,0.022194505104
qUkSLRyTMqLGuzHwGLKGW2LC6DMgBCKP9E1CtUTxegMGGk3,3.656017734058
svEjaHKxT3j82AsCcShgdYjd3Em3xHAnqXwQ6WfsLsMcPxg,0.022109819658
tesvytpao6e1k7kaA4AK73iJZ2dvXnijGfhphQ4JrVw3M43,16.338105948591
pQRn35JJ2aERMYE1gqE3b5ddfZ2XgkjJwp5Te891kHXtVh8,0.018513128066
tsWwWQCFdghzyLHHmQi2ucK95RorMwaM1VyCgxTumwZ3jYt,0.053393848103
tpGTxBuFhzQiNb6dg9UEumdAPUQ7cWtxZuxApHaJXRx1BhG,0.021366554518
oiHkLRWpPRNqWGrMdP4xkhPvS1DUEEoMf4MCdjTi6PhHgfK,0.054759180674
t3uiJBzQRAwq3usEvTKoJ5weXQZf85d38EUQD5XYYZcDN22,0.34296050354
r7SjCKjPDdTXKwQs4XxUxxKxAKUuxaNFxiZQoePzKWGMYU3,0.022071448692
p5uL41QQqu8oR9toy4T2S1L9w4VbpqahLhs9fCH64wvtN75,0.311957681422
ryseQ25QUKZ1w8PenvQcyZTSJ3ZxAYwCjNoh4bqJgDGZps5,0.001265270081
qc4YbQ2igLEhpJ2qQdzuGP5nprZsK6ZR6AU6xCGhDb6orWu,0.511416681961
paKZLzcNx1PeVpHQ8dgBPBFEVhRDHG56kfSyZteJeRJoGJT,0.545019167749
qXvqMw1HwA4SeChz3pNevUw7e9wXsiKWPffGsjLrBvL7WFv,1977.971110755348
pwnJ3gcYBCh6pbQBvudMRvhG828YSufVLrYgUXzCmqFKLy3,0.815787954199
sc3c4sTHTZEgiFSGuTYoWg3XGyrTMFcgBPKJeWi6NRqmxYv,0.01165444806
rRREkpL4NYST1n6Hj8poVCfBcCTE1AZhf7YJohVdxJLio35,4.142894364886
sjk6u3bj8rnfBWYmKQrqNqXCZxrjgSCZ3Y741ZzFt7oxQrc,0.923493510576
sk92YXKbeoaEBaxRS7H45T11dmu8wspsXFkBMq12m4aB5BZ,0.022194413411
rHv8d4JgEBLgvffMCCQSneMBerqcH1DgrzqxvJ3JxuRhV6N,0.022089751577
q9wVMXPz7wD8ZXndWRprM2rL9qV5osXietNskibbb7Jq49o,0.074680898579
oygo84zSnpL3h77iisHxVTHeN9UKET4Z6KfdDj4akP9M2eq,0.011649168852
te6AR2pTKjZMLcy7bhjgXuYvpKDvENEW1Cb5GgnNi3uytFc,11.236300680884
th7CVh8C7MushyVDwYtgtbbE7KN4XzmZXcKDMuRkoEMRjy6,0.391498753181
qneZeHuGhukQoAhbD5cMV1a1Di6hH19ThCtis3UwTQkwPia,0.022090366882
qk8nanQ5XvJ17in15xrBYdZJh3bYFpQmUh2aidXEqXvMsxd,5.929530175594
sTZyXamKGMrBcK4ssptoXKXpMscpnUcYjBdVHAyxyeuxKPN,2.653750191324
pgDu3N4NH2bZkwGy6XGGuxr7mVqZNEYoyHLipGFVhncoooE,0.011647945095
t158LqrXEFybzWu6TDWuBNntccxvAkRYiJvrwzV1mBCVKDz,6.022731566851
pu4h5PPMgibpa3SpqdJa6wX9oLnqAm5J6rCPgsXz28Bb5ek,0.010035026701
qytJfQAMBKNY2SBG8gXZX1VK5XYznJetiVYycG2jG88t8K7,0.839540385759
paTvEvoBXpdmhDNpcoY3X88B3H4NgGEDFV2vc3eqmqwXpAa,0.371316572575
tBogvEj9Cb6TcLMcyJhM9E99c7wgScMCAutJCZ9QUnjHkmv,0.355457615098
rSPkGEYDy6bzJV18gti8RHAVF7GgczNLEc9r9JxgPUV4u2J,1.922860901041
oSp5EoxKSvVE1J4zvPsjgpaQZDbfLNGZtKupRxCz42tFwFm,0.052972763639
ochvc2u7cT7gcXh9TxVtDbK3mmTNmZgJyTYTmATKuhQX8s4,1.656429696457
tWKPorouxvjs355YjZQqAPEYuwBmdDPa1YbZYuikyQ5UhvK,0.022194376408
sZvVypeqSeAoR1bpzMPw3johZkdeH145P86dX21mR8iaEBC,0.138465353493
sXHosSQudNCqCZWtL3rxDQCZgRF1vjAJRocGx6mbYFnvtME,36.781513824155
rP7Eq7YB3DXNmBYQXPxCn22TabSzAZBizkDk5DpebwmMhyi,0.150357140019
rFtGvWkhDgeZ88p5wmd8zcbtNXnvHF28bR7DDPgyjgbaFcg,0.02211929804
qtgFL6qNPp2PMqu3ruxY6cyvn5Fzo9tf6ntVu5CABTAFkEj,12.019677884995
tKiNjQWN2ETnTmMBXnpx1o7pNL8EGS4tKoR42HC4NJVCHoe,0.077999581005
tbgKLcG1CMnXF71SWqAQWMJ38FXRh2oj7kMJqJXEJf6uLam,17.240964739393
oMPtzAECDTAZhu3zaMxtJUxJa1t6mxiViyq7WJPmJL363bt,0.294651427747
sLBJkwYqVoyk7yiryhUEHcaNAQBD5n5uTndF3BJ7ZHqLjP9,4.099342190104
rFoeW9eVjZMy7HSZeZXYmEjAtNDRYajGMj8UWbgiJuvdt4e,5.622062739132
pJSHxuQU4SB8ySZesvZnZkLFeGq7dSA3AmVZ2VhMuNDjthb,0.450593942466
ri55Ym6ViEYJbFfw1tuegpffHKKhViJVSFxoG9gKNyut6Tj,0.001846546715
tEPzJp2gbgbuine6B4LnekuZWtz1exgodWf2suWNgAXdyrs,0.002154298116
r2SWvTAGTM5BusU1x2XMi23HEvNtjPoEXvXQefhiQv1ZQVo,0.002051721252
t7VJnxn7CodWxVcvPCwhD5qg6p1xNYGdRdceXwaSDKcdC2T,0.022119090019
oiAQPLUSp8tFACtd2xYx5LAvJQy4Tz7QxW4gS25se6NSd1N,0.011658401898
tCihc8vZaMLbNTshi3XBP3ahtcSiEuVGaoRbCQ7k7zZJkL8,2.636463515927
qDCgcSpPmZ7f2CtPrWNSoUr9kuqbUdVbybuFvABxDVJ3vtD,1.697798423198
pSWtAtBLzekXv48v5CDU9UKRevvJUvzzdtSrek1f6Cn1m9D,0.022111667407
pPvqATHUqdjRTFU8JyCspzkYXC8aemxZcowJjhdhH7FvncV,0.028774302609
p5fhqvwLAeTEKddFW7KQAXLoD9rRoSht8cXHcgHkjYL1nSL,0.000738469241
sviy6vz8Uw28V6ijYDTzQZQitkmwCnNuRS81rfATuNbZcgG,0.018738250974
oyvVerK4Ei6qC3NH9U21VGBaDUPfppy8VVSVBzo8EduzT3R,0.189406175023
tmkuNghWixcbNHzhjJ4fLrGufSb6tfM96PQWpHwbQhLbmLd,0.125570753473
pfymHmqLxs6LcypNQwd83YDBdhBtZdsgqFA76QXtnoYtvec,0.003167516067
sA9pnFUv96dCBYQGBtnnukkt7cbeqWA7ud3hz9H961bnwgR,0.492295592096
pdaSiY4tJ3X23kLRqXqTHGhS6reELa4w6b1Fs4DzmeZ8Emj,1.295934015512
s9RVWofiQAY8PodiWx7dVvRiNREmxXrvw8FQGU5nYmmTLpw,0.002104451223
s6Z8EpjBXt7wp5afutXRocgyvqLsXHvTzyRqiUk4nWUhndL,0.022111643703
pos7KiQNEeaHguNzeeWd35BGwvzv5qqVZHf9Dwq1pwJzG2j,8.199833728932
piR5iSM3xcuZ4oiMnXRkqyvM7UUs8RcB8UDYKDKxMV4AiTb,0.172303969363
qjtXR5THFsB12jshibNxUkciHzEGbvgtU99epXgu5KgkiNi,1.977150413838
rRbeQN2AeHjKjHH81a4waucSbyKMfmGnSn5q89kqysdkmQ6,1.072176398339
pg5k4gcAvJQexjjwdvy3s8W7e7uWRbCVp2827x7qNL6LQik,0.022083708074
oN29jgaiXiCqHxjcbYP61DCELiyvj6fByDaNSog68DeTfAG,0.038483503097
qagghtH19T3P9MhNz1DLFhqJTXVvHW3aRHzrJwpDiAbrj5p,0.043053182477
qXWnz5SnNAV8GbmqcXd3f5vtEkns5VsQP2hDZwZXNinKTtv,0.100120217035
qUvFn9zWeNSEgGpkXR5tR2d6usa3MwPXHvChrNGiwgBSJz5,10.404727359184
qXS9et8FcB9SafTpnf5KJoEtUAaDYFu8YUkfkBRBNSLAzRx,1.009338767677
rUd3jxKwFyu5CvFDJmEZxLN6qd28bD22gdyzQrsf4mjKjWH,7.952994882131
oYGzB5Vo1e3FS5RiSSGofNYSFLpcKJedNKgLyixppgck8sH,0.181196668562
oqq3zm3fNyo71vSbVpoFRg46qTGWckYmUpuBtaLsQxSRgsm,0.052804566336
th7fqioYJudndMFSWe3rFey4hYZzg89dcSrdAFUip5Vfajf,1.632983399539
pVjGaD5NBgscqDAWZfq76xFLrNN99rkbPShsXRe3mgUx1ds,1.587776552009
rt7yTqFW8P28FUXh1URRdzBfY9RgD7NdKB1eTrhcLKShw4T,0.022194435004
p522rSLnjiR9TGJkNZNXuFxbfkimJByGD9Dm7B7EEqBxYAH,0.002483206304
qnYsQNDwQn4N7M3ka3kuYT2f9aivEaKex6vLdHFUN2cDayr,0.041430447733
scPsrs6oMpzXNqnJtBGKSDMYgZZvaKb5rNYnUHycCoRvBmR,0.041241766217
rtUFzd57WT5yzWmn8DeKAU5mQzBMJM53r85MLzR6FfBfMRY,0.024786776626
pJNkc4vk6x1HJWB63NpAEcTK7ccHRJGsQRZpvb87eFYmdiT,0.022183578877
tNZk7H1BwPFqfcJQxbErPWSbqQ8SVi5MCB9VfVPDEVSHKoQ,0.04077633063
qX2grgZDxkSQmYwrSc1qsiEbYm1r6PpQVGbp1k9hHA5Attc,0.022083791941
pXh2x4H57j4js1V4XnSpHyGBrDXRo5DeuEU3rX75rHrA4tT,0.011666622188
sEogaHroPwEvu3SdzGp1B3HXVwbBiBcMoYY2Cp2ppsTBWGZ,0.022109772914
tv5LFycrp5UWfRP9x6kq2NWStNH39V3VNKMjBhLeP83LSQ3,0.011658419133
q5PfBwUbZgAdWWRRq5gb4LPo7ZMhdUXKddR8prDmo6ZCxiq,0.011658428452
sv4bLC7EnvSuFyvhXzHm7QvAPs4Rp6PoF8F1cW923PVL1Bd,0.001739440788
ri76okHD33qfpRBwic21qGw54UrRmo5ro85DnuegVMCunRW,0.031041960486
oJoGCoCCR8UVrGDkfddLFLiwuoGvgCrHxzXe5DyJrgyopYP,0.701754683639
sxbfHJ4Xd4HoFet8ZvUVcZJKsug6YmUV7Z3VUhmcqoLpY3s,0.022111631854
sCfp7HcGiK4UGFSYZfSqruT9CvPZ5knePfEmoB49BKrwi8r,0.075796145784
qwLfZiire581rDQVMaJBedfjZSkZJHtt3aa9gsYWVgmP3N4,0.050548919867
r5H4CMQWLuDinpc7UnQmbasor1R6bJSgToSFdUKL2zKwoue,2.326870622066
tHKVdqAhPMXtg3iSvWF4cKJqDyZR5GddS8iZXka9en1WCoP,0.102850365814
qvn5YFAroUQLEVUr428bKzPJxLZJrLj7kMJT4fcN1NrepCC,0.043394878223
q4uwc7KBzwrSstdYUvrQH8vUX86LEP1Gp3QkVpPSGQWjjj6,0.391485386531
tX3Xor8M39iyzZ1ZgTyk6q9cRpP5YJKhSihKqmaHC8GgnUe,0.002781375082
oz3JPXAvFpcPqckEg6WHXQxBehhNDJfeLQeJgNsa9ALcXak,0.08010592337
tC8PUSzmpoGiJMmsn95ZCFGxvTrdv5E87Zfqb3KuShmXGro,0.012334971459
s9yJ4Pc76PzPT2bMmNotVHfFRCRaEDrLrDaeVn3fnFRnkvX,0.825192704814
rqGknnwThgzyBzuEJ7Cq92m2hnPCEjELj1sqAUAsPmDW2Tn,4.388046347901
sxcn7RJhRBXwyeHgyCxm1e1MH3cbsWPeS5gJY2HAvC8Umty,0.072364079596
tnScb7TRSWeuvkU7Aur6RN47kFa7VvXnsd3ZBgwfN38UdEj,0.005277117204
paGAbCDa4EPofFvcDwKv7pQp2zb4s8HHPcvHVEJ8prMBK98,0.041311376536
oVWb3Ra7Gi9iayHhwVyibbQRtxS26WoxJvFm1DV5AX64QVc,1.021485995807
oyt8e6a1TeLs2YdoQnsjZN63otznXjWkuZHrpDsQi9unau2,0.04978274807
u4TYANkCpDYkSqZumMD68HxSisdKPHe1Q7xLEmEfjrSej4y,0.772056370195
sFKumz3ewTazi2dZDu7AU36At7heeUuU4SGsnsdkSt7uGPe,0.151607287869
sBzERnL8aVbnzkdbY5y6zRkUKK9viUtYPgugVhiHEbqw4VL,0.001575155057
pfD3EpZaM78vzMdZrytdd39gdoHjawxcxrpdQGLRSqjpgDz,0.001772048578
qCiTtaVtRfdnPS2GcXUY3378a3HcWscx46kNurR9JYWiwtn,8.613045073223
snGXFBPFY5bR7jKpAM8M3FP3d5dk7SJjHofyFsrjSbTZiUa,1.718510268237
p51ZdxMsoaAM7avAj8d4Sg9b2hVEMLADTVgNSeETsJaZPKE,0.011659629954
okjpiyA5KQV6vPJPxwFWyNgUAaN99dwK5MhGfjw2wNzkbjV,0.015605803439
qaa8fXmU1u8LrUyco8y5Frj94Eftop9wdHkGhGzsQ6jc8ib,11.376361848562
tjCb1rTph2Np4nMzL9zjVPxC8n6oYmtBSiJLu3oi4pr7zev,0.049912559714
sFD8xAAAd412NaQN4uyeq3CKNLn7hftiEoQrwnESyHdQGpX,0.041390363418
qnmDbH1yhahhXpUpCXE3mswvKUkz27AW5Ee7KjfKmfPXtBr,0.101068039485
phnFnqVcgySCKPQoNhQnjEz1Q3xyLPn2c3UUsJG4VtHAWYz,3.101143732254
tR75MAzFNjYXyJgGnDFf8kc5Y5rwQv95QwNqF21HFT4Gymh,0.206438420055
rnxaTWYiPx1GyiAf4sDTLYxVfMZepYxZ4RXgKkqExMZthnc,1.006641656454
odQ7DBnHUdu1nkbPuR9evCTbVCYSajYqjfirSSHZUMUpSEB,7.718709866367
tjmQuhshrdN2mzihzQ3BhfgC1RiCBwD98Hyv2m3cYeo3CQK,0.080875431295
r7mhs7oyFCax5opmMBdurWbuShwzFQbR5tEjpdfMmhkinDu,1.017037266754
qfv1pxxp9GDMACpVmixWuVSLUZ7pVd2PDid5fSUJdzVrqpr,10.78162029427
tpzQKpEKeenDxWaWH91V88PoNM3utSGRV5hERqx7y5xgPb3,0.072092078159
stSPigHRmMHdndyZjczLrExmPw52sT5iMxt5m3RTRYJJ6Un,0.022089946671
pi7uRHu1GLTFQygf2GCHz8ysPoHYMBTpDz4r4EnQQTxzjAF,1.100307033438
oVYnGHveU9J5pwhTa7zVXf7zEktSKEGP8FfNzYXrXCXhakD,1.276143804121
sEkQ6WnKizPZbJHVp3iNkvkKUVKEpkoWvSvrrDrSETmZPkp,1.078236119908
rqVoC7CFb3opVrDvEG7xfPqUQSLbh3LQDsAoEc8rb2fPTEs,0.190695341181
s7cr18k7v1PbGUMEdvjiBue49MRyjJRYbmvF8yPz3sujt6S,0.38679142484
u1rPA6dqcJkXceWYUXbqrzqSN3snqLo1moETRgT8r1SpUcR,0.019759849582
oSHMtQFTNQKoBDgEFcbEDQP7CzG9zfpQFfxjEL6axm5ELHs,0.022111655553
sxmYBGQN7ANcFfVB228opaFbvWan999YnkKWUdNvgLSaS5G,0.032244687008
rbnsniGr8HejLzN8drHRbwDMs8NVzUtEJE1QgzE9XDjUsF2,0.062905626064
sWK1ydnq7kUvUgtWiTjnmU6PKZnEgSK2G5uf99DHPrA4wSx,0.022083655935
sRMotFNad5o1KrAFEZVxSkkLeonx5nrzwtvrWwsNFStdkhB,0.022071380294
qANvBdWrVqXhUvBZYkmAfCGfccsZVNDHjg58LtrP1gMCQ2j,2.00143376959
txcMXfxwn6fsF7SKEC2Xxp7PX7fGNYAHz7meCTc8rtP1166,1.103715288307
pPhrEfT9XF3YeYfY9QFrBAZVLZNjtfgM1yPa7poEWo4H3Zg,1.002757490321
qexh4BU6MgJcDvXSqZZGgvcimXDhw2thFfepByTeSBNY6s5,0.990519196245
snBWgaFjmH8aDfa3EAyH5ppuGmL6MjNG32qFBmkLrDyffMB,44.608554769304
rPAvZXVAbSFjdnEEhFi5nk7CYhw2awiCK86knZjhHBJxrJi,0.283560533143
oXxnrCnFmJkmeGp45196nKmb3TJZoEaP1raQZCuNyJvCwjV,0.869610201548
tHBURh6sd4co8m2z5tcjSFihnSCtTxTb3N2W3uwvDZgQziZ,0.022089636683
qLkt3fJybHP9r7965YybYDfzHcLgyfMmbiWMBpKMAyQ6Wji,0.038501462482
oSJtNmb43tnJBKXfkeuKqwXMTrBCPhuud4fvVREE4jTrM1x,0.291328248862
oJLMZTk64rJaH3oyRtbHHYb6fthF8i3ddZB2nsE5WRj6kve,4.73152529159
sJ1pSeZjVnJoiJpSkyiCYJPe3xeA8goShYtVGUotfJpPxVN,0.199499256434
pA9jhfgPGNTNgh7VvB94pdU7BBMPECCW8YxSMXMipTtrsWR,1.984248410354
t6bpwS9gdm4ie8zQxxxwnk8FHBueNmwaEqZe22MjuvV4SMA,0.059733786952
s9uNceDmgr6ifymTeoZwuz1KDBnS5iPMPjR19W4gjisKyPL,0.022183533292
rRPKvqRLSygqcm4E1Cm135Wr1Wz9pum8Jpr2KSDQ7u5BVrY,2.76207845722
pGVKf1jcJZUMurQZwkS1APbtsGSRYvEahoxQZZi1HdiaV6P,1.44684386324
pvo8M7vYvYJQ7ymFxPThDMf7XLfZxRyyeCeF5DWNBgGZ8CX,149.985217704116
shEhpoyDYKi6UqWHvSHe3v83xHirBZmwPoEvqPhBt5jiJVA,2.449692171335
oKCAYhGzRcNLgjVYhKX7DU2W65rGVdycBtipLDew1AYQEJ7,0.022089124692
ofmGVD2npDtGu9dehM8eg1fP7xP7NEPjs5hfxHETYWbetM3,6.937087445276
u1iaVohprV3wfsGPptdsdx2WtB5kjCNacyoEGDANrrAZYsK,0.850877054634
rfUamqSGGNubN5LH12nPTTV5bxDLXhRQxBWCDG9AnhFT39k,12.254775043384
pkEnD8czr9vxqv9y11bw4iYVLWXuyLPk9YyEr83tXvKUpEB,0.907417447479
rvB6A6fxT4isztSHa1oqm2x5XFikbXmf7TLiYgYuSaVASe5,0.393084764424
pYJemkx1R8SsiUmXCnD2eEFn9TZPXi2UeXSwtXnJccX7Lqy,12.283230865243
rChrh3FdP98ppJeKQs5YqvYfqUmQJSwRSj6zs9YNefKkkEx,0.032096273246
tqAMB4QbQVejky1P7KzA1ohTZhKb3XEHAGK1dnPJfLGS45b,9.399877380589
r5RSE6CoWJuJmihDu2TJ8faw6FpX3uDpJ6rgvteFq3B6EMN,0.09624851579
sLDSZNUXv1jkX78tHVaGviZpHjCkcUXkPkVPvsACFqyij7E,0.641105741185
rndJ5QvjRUBDtdgNVSLD2jm97PMMmX2SKWXCRmWJMySP3BL,0.140752846636
pPPT4VSCerfUQHjQaSdLBgTbp2DNDALGUXTCW6WUiTv6umX,0.04408818865
tj6K94WvXRPsK7xo4mUCmFcoc5Cf9HikbZoDn3QF7vFh4em,6.998347586954
qi4zCibiFJXjykcBayUij2n9LcBwMRUoSTsd2ZHdJvLNyAL,0.077397236544
pCxeA78P1ABZMBbZzwpMHNHCBCkenXSBUKK2VUkVnTNjj3S,7.522954594404
tewBoWf5VDsj9crY6FEA2M9VjaPejcnBZW77Lazn4PN9smv,0.032346720264
u3mh91Xk6oEGsoGzrBeLx3Z3BPFGKSAKjfkopHPFg4ySNXT,0.01233497511
oVGwxCPbGdsYy8hdFZZAWxFvfY98yGV3t5AKJ11q5ommUiu,0.146076512322
pAziUnwQpTTjbwS3Wvq7L7ntjgYfc1dckeqczSnCiUzB5T6,8.923757146798
ofRVVN67nFPo8VTB8JBT8THGsLkkRLZqcjA5cobQNLHqtiE,0.022071327441
sZhJSjFJpnFQSoXAKTtG9oodgJYmt3mLEuhJVUjbH8JMKXX,1.06215094284
oPni4CwdE85W1sVYL6pzeswq8nVrghubQvPT1Cn6vrDar4f,0.022111797845
poFsVNYqCekoXdsX3jy5wS8u9Ckhctie7y9cbiwBEHVR6Yq,7.524558730877
oryscGcHsWaDeX1HFRMenApgzCe2bq7FWcPJCYnrD8hv5a8,0.022101395776
sbgXS6GHFFUZSQpkzVvPZXo32iXozfgKmypWW8JmCUkzM9y,0.567879814928
tBhDP6WLkFumdxnrbSH7BsXhNYdDKrZaHfV9dL9df5QN6zK,0.048200083711
oVguE4sS74FBGTPaMiSCnHaKg4oAjQV8JcpVYRStRjcemPf,0.063082061956
pfQKGY8KMjQ1emtewSP4M6PxxGGLLx7A5n2aiKRm9pr8mU2,1.595062223859
q86NNZqvEW8AYxsBeSjTFMbWGeNBPrKtUmBa5BQZY8b3BpE,0.022194418768
sKr27VZvLsFuWnBK4CT6Axe3bVZY3MnNptuRQsnjeHCyvM6,0.413879314934
qGAD1C4aSPwdzTRvaYWk7mCtosV4vQJ2RZQShQc9y1sgvGR,0.011658416885
qyiocTsebqFMW3eSFfwcExXNEYtNztE8nCL6G2GQ3vguq59,1.106761461362
qnYWCQtd48HdzSPAf1La4fRRCszrUrnZCaf5PTbmRet9E9f,6.87817639657
pM7AA7T1XVauc2W8f9L9ADZN9FKNwTX5rHo8rG6kqwSX13b,0.022194404692
tgzBcU8jQSypo8pz3bHy9EPxLGTrjJxSzEnTjkvjkuQRQAj,0.174453637999
rX7cdv85F9bfMshB7QsN83L73ecjJ3pW9GPMZR9YmtGGBn2,0.060028271862
s47wz1eEgpyDmk8PU61qGk4jWkkdGjcxC9CX9q81VQhEXNt,0.465005416167
oXn1u2rwfzm17mdZuWwHAsBVZqgj8SPqTjNcZaXBHJPuDCp,6.012702189786
rjbG2uXnkD7X9Z4UYoD4A5YP8Zr3tjBqg3ucnYAEQPRmAZ2,0.011645168141
rCsxzgD7F35kbTuWmRy92U8yvd1u4hpmu6iJppUWTsiXfQ1,0.371686186329
paTPMFwKNBcyV3LpeAb7su4FGgUQkRVaUseKtinzmZUJb4R,1.024477508652
pmF4noRA3adTDWcwBx5mTR4VSdHDdpZNF6hhUg3fSrcFiaR,0.020759823275
t9vHd6GstVc3hjiRj8GoyTiW6MbR5Nnb1qDCwyiHLVD7z6F,21.919720566272
pdCEAzWZGBsiJU3iDi1Sim3m9m2vip46vU2MrU4JbgpUB7A,0.184997718724
tHmfUmLTEcXM6pTypbAh5BzUaEwr77c7tkDaGEp4BCXhds3,0.01165842225
tL6C2GfFZSMCNpj3nPqYiBt55Qu49LQZoGvBhHcdav8Bcov,0.002001369563
rfCY9gP7XMXDX1GMD3NSRXFhvmEb8R3tV7ojLdsooezuxxf,8.862502475428
oVG3hMCLHfP16RpGMMBneCmEPjhDQsjw7TyR7WbVtF7xXRS,0.022090104597
sS3QJTDLHLeFTWUL7f5E1XwRbEVTV4SjZ3uh3p9Nj4fjY2f,0.000523739517
tbdUx33fPMXWavCUkbpCBAjucmVvs8QLTuKPjTJio5DQLY8,0.022111691114
pAZsWUSJWXuGq8YJv8QFaqh279LPyx73xH2YeHMZb2LpUd2,0.048506814331
pm2Rm8QKJFzt5KB8D2uHay6GVbKHjXNyrm5og1uxQQV1JhZ,0.022194408217
r2L7ccyBSn4iY58thdUMqKpVNLfqpwD1TAGKZX8aeLUNqZH,0.011658397724
rZ8fhf2EjEemzjP9dKnsQFkFDpGREYL51exP2CgQ98TpXzc,0.410896655063
s1QqHGfBhJcbhUX9FKSYRAMBkZc4133a6rw7oooc4qD5SSD,2.477959831615
rPEwNPLXPwxw5kZ77xmU769Dd1T65w29NEX1QrfTwCsy5dD,0.047251568012
pXrPr7soTmdWLHY4Fghfc44bd9SZzYEzLhzjPFqRAD46CyY,0.032231910413
sWtHon2vqWXHNswzxepXhTmkLA1Zy5dLyqgLCxchAbc4KVQ,0.440275460163
sUDGQ1UnQPdU7qbzgFVrwtLXLhrYPKJ9aEKaa61kSDgWfyN,0.022111869042
pY6pBeqLjtPYEmDvcNjbcz16PDcCLbPHCmkyFH9UAgZ9pTf,0.02219440626
qqUgNjrQKJ1FHqDNQR98cSr6paXms3hm1DZXQmqhbFFEHM5,0.022180649711
tUBJmig2V3uf2XHhfjjBeCk3J2qAXgXw3Jx3e5TYF3DH9EL,1.386646949105
rcopwAKKdh6Ei5RVR3igqajUBV7hA9zbSmkzGg1MYSiwPN2,0.308249150862
pLnRmn1kLjriaxjd58g5om2tt7mjMoDKaPNzeJeeXRXbbox,0.03911394818
sUJv3XV58LNGzhU6YyZdYh5388YDKcwZ6XoZZzZhxwYeQ6N,1.351325113899
pBHsSJZL26jaQjkHHpSWgiB3z432XFw1rAaaqNc8TyZS6ZJ,0.467984117259
rSSswhhgTbx1tTcQJsx77CzmnTyraEbMfi5zEJPaS8gW7MN,0.022089684346
qPGuej2gNxX9bTqkH1hnf4RubbcW5WiAv8Qiy94JZ2z4E1x,0.050548809864
s1wFNHungR3Pkdsv5MamKvD1hUMdJRqRHeQjaBetvbCCpja,2.055502480646
ojASqkA18swo89YgYS4xjetvBDaw1NMUd48omoMMP6T2E5R,0.059066854897
rkd21H3TgPe4bMLjtHeBSiVRSdxBWG7nkYeiHoa9RgsREaT,0.011658405319
tEVoG3qcgyT1Vu9VQx2sumcnWhwNMAaYdM7E5gRXc8Ajwk1,0.073616796292
pf7wWmFWnLSavsPSx1xKKFC6ognB4AKCEEQgzhcTwBrNBP6,1.894115330957
oiGAA5VNPz7phqx9tnDuWq72qKDbJ47MrND8EEM3NpnN1A6,0.77101322789
rTsN1nT5zK65X7bfc1ksW5ot3CD9FrDXcYgF8HxJifVe1Sz,0.022080329141
pyZpCBxsBdXdYtX3XWxucBpaCVcM9N3DebN1KKeWpKf2QZ8,0.022083719921
qMN7UU8cXM3dCMFySvdCKvBXKL4BJ1poJuM5xmRmxr9HaoJ,0.080275652136
qWyDTjAVZhcvZKPzw4m3v3B4Fqw21U1BtF7H8J98wuzX3YV,2.01039993225
tF4ZvnStQgEVgwQgh5S7jWGVLQb5nwi4uzPxoEcniuRcnDx,0.040038594479
orsXhaw2A8j3Cp7brNHXnBTDdzJz4a5mkGENS667HbSWRjw,0.044010939256
puHo1w9arJ8shNoQjJsUa3ZHiVCt9gCfeJfPgW8RJtqVpTC,0.985909818416
r2q5RCR5CfGoERPQLUbLCN24UrKTqGF43CUQENiNQKuz2jj,10.430118056571
tRooErA2kCqpoATyAXtzCu3bSxLGqvC5cq5SzV9FFpuHZTs,0.01666465773
paEQTg1yyTkwwpt62eJdrHaK2WbCEkyrmP7icdSyP5pNyc9,0.825840291561
piUnefAF4AccD4D5cNgW5uGpF9S7ub6vr61iqwdyezn5m19,0.022089763079
sRNNAajnpwbDxr2dKbJxxQbM2z2k56Y9y9mwjPy8kwWkkF6,0.360519294807
pSqRvZeSz38PFNk1WdP5axxMRqYYsmNAiqPXSQoymKAZ9C6,0.004624363152
oXQgVRGKjPARXp6eu2nvJz5fjxurRAL7LAm4igcorXeSuZ8,0.160252312441
tpSzCWtHYjGvST9vLV1VPapQ466boXKDJLfh83muiiCjedi,0.790230073438
qFcktWgUj9PvoZTQGxKSrcPjyQTCzD4DcSmne8byZzvyW5v,0.125609307866
tHjaQwYghz4ZnUVYFbN7CPx3SGkrYPYgSUYuoyP4ayD99Wz,0.010047150123
oaA96cs6SajuD51GFTDX6zXE9QyHgZA2ZHPqGDHvBhQsGV6,0.182350169785
pMAFiYTXVVqev2hLqvZqFFTjKcbVNmKZTX4aff1yMgn4Vup,1.000065954558
ra9wLxoRM64a5btYGUzr2qJRpVuRznnz6d5H4FomsGcaXX7,5.234890569329
qUAYNFTTsSXNYjYikmvtdT5qUoTcKHPHPB1D5kGBCERWLiL,0.022119322826
qtqvUPf12W8QZLs4dewZFM2TTsMNozKmEFU3vu14uD2UapM,0.126540578899
oT2fDqNHzwgv2Bm93HBDK1aPsmTDoM8XCytexb13Pv4tUfP,0.552880481549
r4QLRjt8T7xzGDBZVWdEUSDjBFd3dKb5Y926LkLEFGfS2fV,0.251401500092
oaFMGENQKADrR44vakL2Xp8XG6mzrtDSDfLpPYvajAHFk2y,14.538324926958
tut7E2NoXfCxVRKekgypjAVn39dSPkXkBFxZXGBxaDZHxNS,1.00324153969
rUjeaDdTH6EYih7ntMj7y7DatFwYakSL6vjtG7FEWC1ck9G,0.280991751709
pAkYAp1qVPrhVHUybVEVGF26ew6jgxUq6hVwhPfvVzoAj1Q,0.03128475854
rWkYY8YChaV7XRAMydZkMWD3niMBEr2dpu9hsyvTaY6cz78,0.061073015368
rtZYyMKJ9FV3TM5yp5jampJkxqs8BczWiyJqGHBxUwPejDY,0.201529284549
rHNmfCzhDdnnBuHAtKNwxdWa92tV5gVdZFghDYy8xnagnqP,0.022071456322
qfuMx21j4wTL3fTtwGFq4urphJqxTjPap64HM5RnfraBEoi,0.997571293416
pMAwRJSiBseVjbPDZ3C3dE6c9QCAoLbFZfrY1v69LvERiHB,0.456863945674
thJZq9zxnKu7mz9dmdKAY7u8cvavGa31jwJiSvXLfowy6ds,0.026672199802
sjpBtN8BTgReUweRmxJAF47GoH6EugKKDQbmT59ACxx4n6B,0.011647951362
reMqP7cDcVsQFpFxJS8vQmQjBPY3GkLxy8d4d5viS5btXnP,5.511566746718
qvmosSDc7TC4W71uiP3xHCWHezwFSAzJyRGZb8A8kBVS8XW,0.877278353084
pFhiVoa1ftn2PtcU1frQxLhDZdFMbkSQpKRYPRzpFNxreJW,0.077615286099
tTqgZqc9PJU2PuK4gJSoucmcTkTjCPJEMBHUUFFjVurdRF8,6.898328666248
tevSjHZVrbBWBwKChf7mcwrmHVaNqA7RbKzf19rfwYESaKp,0.23126767228
pZmno5c36f1KeGZVGCMgNBjcuecXgCaE1sy3Cw7rZrN55jw,1.000097834626
r1vHiBmr2x7kvJHna1waSEcR2E5ma7EwJYwv22pHM6Mg9f6,0.011658384984
pqynp4RJwBUGa8LRUEgCRaweQ9Dmc5C1G9VCZoE3CNhnujH,0.024264003157
qFnc7Q3MnHp8z9LSWsZC9ab6BaE4cNgAX1vSWPegcJRiVBa,3.024905453852
tL7hEo494cQ1t3hfKkjq1fjvk1QhFKgYZDaVRYE4FYGi7ad,0.022111833439
t9jtroGFuq9Zgpm54ATBgREER4t9svAPCaya874EZkZKkp3,0.799116005091
sU15uHhXVMxeRWVJCAxCjbcFADM9w9jY3onshoTVMf5VY4Z,0.022089621825
sEkNaM61Lh4o3k6HrU3qrkxwAT7Ws3QaWQEGJW7f1jyztNS,0.022111857175
s6dU8kYNcjt1viLQ6tXwMVAKrJJpYPSBJM3WFBkAadArs2n,2.66918558686
t1rJ8Y5An3VrE6CkBbc2TgdmT3RubBh4fWPWTkBABf35Eb7,1.014241578779
tQePowc13Huka67QXm6xE1F6QzCuLDRW48LnEJjHotUxnft,1.1047309746
qokKd2JENgVfT8yEACuEbchUgtbTHPuoJYyF7yacw3RujD2,1.024500248717
pfV49J5VxT1AA9jTLcN6dnQkdJsG2pzvMyzm12dw1UVPRLD,0.040143305694
rqTL4hQat6bpf15hguEmSDwVURq41y56anbHF7g9uKTNFjj,0.542030767703
qDWhfQ3FU4C7a5JQVqaYhDj3m4EHV39JGEwdu7pJ9Z2yUMq,6.993254674749
pqXzaNEARALz8hx74Uqh2AsD5PxuncCGDu4JJSimQ5k168r,1.119551177111
p5qxydCDaQhZabqZ27xCkHA7x4mwUe8F1ayo7Y8iVoHrJ8q,0.022119176751
t1c3EAeSiBNZwJkhpD6DCPJHxVRAyQ9JaYiUmEm2jz2FBmn,0.022080378611
p2REgSxb9p13ZXD1g3m5urxqAv9CdnWE1o6r39XhyStny1k,0.072116842008
rFd17LhdunktCMLUZuUkBeD17UkXEDZ7wzPD8mepCG7LqMR,0.011658409624
tnieWdvzUGJnJbSfD1nPJJFKywAtAC6EddhVMYmS24bzC7W,0.755016371145
oaXfgUBEXuLBg3yNesFAauvHjkGYq2heqZRwDMzNh1EcHXn,0.691050064787
oVamS6kmvqZwwDukqXPaA2KuQLGGKT3mBYWS6F9ZdbUKydG,0.022090305626
tWtkJ8cbUQrd454ZCDb7w8wMNzv67aa3pYoAYUgsEn7hnst,0.011654446402
qqbRKxgJA1op8mZ2XTfVFbLouWZH6nxHnk4hZ3wmUFofsMJ,0.75551271247
oVx9f77rkx2BAbeMbYbQmbgw9u8Sf9X1gxJxQCYWcgsMtXD,0.022083771697
p8hsoEvtTuUS6NUniA2m6J7pJMUpWW4r8cWuAecLi1BwkY4,0.022083703548
sf7hp97ggpeqUw84zYGNhNUnnb3954Mvey5wJcWXgB9VZ3z,2.477435244127
qtPEHZcuYhdYWieGChekm214LSkHpxTaTwArwbya4f1qV7C,0.022111596312
qJKRpPkh4sHofZb4G6MDWkKehcygdfQQHMmyXsD8S4syP5B,0.090135999335
tWBuY87caUrd87kMG95f9YbBVVvbo3cATBLX3py6ffkAXjr,0.65431017552
qY47Rnu2d3qjtN8CkTWeXXqPhCBXUs6Lkb2p7mRbtaLakR2,0.063741222895
pkeZw5koLiF7x5LwTSjSvWZZ3b7E2WDMwZYu59B5qinfxU4,0.022071118523
pJx6LsuwVpKFV1Cn4np4j8gapoJtGqZfMdMk7nL1vnjfbXm,0.010607003517
qSMGWriH7sd84WUkiUJULcNwkxkoB5sfJpfZhjZFvUuXsnR,0.189328963059
ozornR4MAHEgnnHHsqS5ZRzbu8vsn7RR1WdjmSuNQwguDZT,1.026712706909
s4C8DTpfRhLCXDogDkZqKK9MqzE3ybqc58WdAveiTqMqpZ5,0.045360499317
oiFQrK2TfxRkVLQfkBHqgXQWpHE2BCmh7ff2w4JWFaihUga,0.181802940532
tbCjvug9h52d8sewbURWv1dAPiVunhQurzvxCKqhup3o7jh,0.093921098758
os27WQoharfcic22JPZpTiaRVwN3qxC7Tr9kRwbYibsQKJT,0.022071371706
pMpG7ae293j8wfRJnkfDNd6qF8HRDCU3JJppU3hKPQiTnG6,0.999051701812
qvo4ReTPTdZZFFRYHp2k4TLHSAAbMur1LYUKokHjBXUhvZv,0.032760835407
qConvpnyxkKGMJTz6FhZdbzhPgUea9bgGF7gEszogRXhf5V,0.789005468685
oK9cdFBuzGyetoAB2qGK3qxrJkbSiuLiij6DfJLgkbsgGiQ,8.849702615069
q3Cx1WVgrXtvQJKQv8zGtwaJXa4VFL8MxGeTT1aYRQiCDN4,3.018446646367
owtUBYPBD7s4YaarHyTj8yMAgUk5kZiLzsbqtMpaX3N82aK,0.100578781812
rvADbQ1v9iorjCADanqVvdZ4sjMNmCbSa5qNgwvNUgjCEfJ,0.003004940153
ooc8xskdZg77GUmSiWVqe12x8YZpJ1eG3ydsb9R1ucWeRff,0.022111679261
qJNRNEn8fTJs4BPG5caYkUVP6RCKdWBojJNcd8H79C2DQKT,2.823669098137
piQrHRhfGofkyGTVuySo9kzP2Zqv5926qyDqiPn5PRdrWoB,0.00235330545
oaphjidJBTnmNqmADPZYUXummFb72iG29CEQktFrjJbUDKi,0.011658409684
svUG6WeBxMo77QFDb1BJUL16jr6LysBDFWoeqgZnWLomdTQ,0.028599220897
ssUbh9FQChWsfwfD3xakRYYhV3bUcbvQ2dRfy34n3BUh1kb,1.571895456219
thJFg4RKAJpEwbL9mykNnpo4GLHjCDcNM8UMSXCyFf5TVQc,0.11598332904
pCoQHwMeAfQxZoeVMjUoiPxtiVA2UgDsNcJm43R4UKCahGp,0.513221768549
tKb2yNW1iAdTqoY9huLQWThKxedAxa5EpmAoVbB48ndMkKr,115.01834748098
rXWzefdMvmGi8x2vupnM1YSFNZ6q6SGc3zmYKskbjLUsSnH,3.900988973111
sh1gJNHXRLf9KRsGD3BDwWN5JKkrf5GqxBRB44n9x9XsL6G,0.025040716993
tZ8zJQxJPBkuxuzNrjNrWqn3WPk39PNo2aT1sRHeugd3dfu,0.625181304367
r1jfUDuyeUifWGGWJhM3gRkfMNb6s8yUEn1s5yzJpQKq2dW,0.129605916491
qDNLzogXa7kFdMtUr76M1TqnZJK4Eppv4GEm6UUSUSbGjqH,5.588420469584
sncEotUJdimokoEMzfbP5rUWotRXvsTtKWdjTLwn2Spzzzh,0.022111620005
qM1Z1NqjF3MpeLo2SkGQNwFmAr3VJiD2eaPjrPjPZHXA7NW,0.011686210816
svH8TPLVZgCEY3cfG4qA3x7U9YYK71PnBo1a5Kebz9egaHi,8.988574069467
qDaRSH5o2Pz9ZUVrhZgWiuuAhYkmbwjJq9ibJ8LyLGtFGHg,0.011658413864
sfKFgKGboRdpSCM3R2dp4KNeQkJ1pmqBdW4m1HzCzSE3oSK,0.601329262667
qhMXYTner12MHRRiGxVoo7V9h5p3177fefkyqEZ3vFbes7z,0.183550530659
pB3JzfZweyqEmPa2r6ZdhGhy9Ki2CSpYq8Pwb5mSYoaMQUb,0.530982036355
pB1wLVkDnQ9Sm8gzEnBLLE8qAtW4vjgmAB2gMG5AKc2yjqC,0.009479946216
sUAtE8AZ4tzke5vE58euBTniDXyPFDNtf4nRudJ7woXyr6P,0.124708150279
sNp5PjKjGj75E2tUaMSbSKAx3vjhb4oDWzgxRkhcR8tKVJG,15.326070547652
suvpwr89b95Lh6ENGxN4EYQoM5eV9WiKJXrxqg87D2ddR2W,0.059066854897
s7DvJMP5wDSBbyTTe382w6pyewd1Vc8gUfrptuvQraUxRgY,0.059066854897
skZf24SjacgYJ3aryqAswPTMwSsxZRw4bcRfTkuCHKYdXQJ,12.674722253119
ozghPPkY9yF5GawqXakvkjiRpsEei91Vd7qxPvxt2UD8rFc,0.022194499037
tnJEStdae4XP8swtktnirqKEmiCdgpEU1KCjuDissPt4eUc,0.011658408253
pmUEvG2d32di4SCajt55pcSYfe86ASoRXcBj4gqZXQKHE31,0.004921948751
theUSgmw8VHjjRuxrpLi2xDSrFCDxMpFssP6BawuSeawTad,0.049912035252
oVN1UTfyvUbitwvejdb6gBtKkUQ9Tn7Ds9yZjxRDuUY5DAu,6.409649066994
rJFM2oeiZ5bsnrm7z1ttscMxQJVQ82prMDVieXwxZXRySqP,0.520731075266
oa7ws7vskW5txMHGJWZAKazXeH2yRwxusMnQXMcJHHSnjsx,0.030713542322
s4AbeKnvxqX1KuVz11oD36Pn5JKeD86JWvzkRQgDXGcHKga,0.203672585653
tsP2t72wSWe3F1q1TyCr9CK4pwPDWTLquMn2FVSYhQErgW8,8.50010811779
pAjs9wAhv4LEwUJEzCJFvjbd2jrcx1T4j6kQgtXVDPXLgme,0.576009151488
pyu1dEr45CzSKXy9XzmFKuc3S57DBkwvp7KaBfhxBqjjWpx,0.203563668963
sxiLic39wPsM5RkVQ8FQo6fCcL1isAtLxwNApk1SRhsXeN9,0.022109761229
tpewVCQ7FSWtSurjedR5k4TetHDBfHUAi9zsZqkhdxKWNv3,0.291158657544
pQFtTKrgoEVxEW7LVoVWCBC1dW9JCt7uKdnZhoVTMNBprHZ,1.001374122371
st2KSBHe4LohDkaEb79vPWxWUAX6dZ62ocnTBhDbXWEm5q5,2.263566838624
rnMsoDvVwUiTzqCetoofNASzq3z7yocv5dSYK3j8ySdLxbY,0.011658396212
rt8So9jMd5B6BzWw8W5bvwnoxnzEii8NASScz6yKeNpfNke,0.011658407262
sbZjRorPD4MWGH8eFTEZ8PC9mYn65XWShC5ZC1Ltg1mtDuD,0.001683565656
qoVVSG1AjUPMHhEwU3kE7wSavDEQRsjQqxNC8msipezAuFi,0.671440355792
tTQujbczpAbvfXtXXL8CEV2mEJcBfVP1oWZamr35rfuQ4qK,0.048358995441
qc2GqGfKTjRUZA8ovzW1Qwx7NqSk9nPUVijhuMEn3DecaCL,0.064268843743
scgqHTwDrpL2ViYQM2pJu1Gm9ieahcYCSYjQek5rdUDPKy5,0.022089733715
qyXvsKMADyVFC895S3oZfMj1AL8uZwXj3Dc4RsFUyCrXkuM,0.726258683406
rsdZ3tujfDYPNwCrGEciHoipnPECdc4Jq33nabPPLDypKoK,1.438440934494
rUWC49VnuunHPAYgqVdCRpiR9A6P1qUfwkPrsbDtyt1bNke,1.195282316439
tezgMvm9ek6dc2stxoUFt1GWxqRKaum1DhsnJeNBtfPHyoh,9.828897903942
r1pseT4NvtMB5vPZ1VVyfjQhWGpeNE5iXyvbnt7G2zoLLtw,0.042225627751
oQYdREM4pgjr9hUQr3zUUWk3d3jZSVmUfSs8r2obsPFMKQ1,0.048865933836
rcyZkRYo33gkcjmx18TjuUKPnLTMg5GycJnp8UYiYyuVTU2,0.011654443594
pXjPeG2CgWkdqavvLYwLMRFhcAXpzskiL9d9CTT1hDscLz6,0.004241871133
pu1yxVcGEHpEjaRdXryGybiiuTQDAMvvM1CHNYsw1SH8ZRD,0.27161915366
qUtWKQaMq37YSoDLUMRZJQbL2Knj3zCgzWDNuNcdyrfjWDW,0.387798144642
so28ihYZgKEMZL59vqpbk2a8CBdmSNPmoVbpG7bU49onqnf,9.85795978852
rbp9JdhD5KrZZZaBGc6u6qRmGpMytEgySfCz8CXvf4juY4p,2.505111915811
pauUrNK24LVVQkYMGDuBygeuwTPUaAafTNzeEermK9Gadwz,1.495150602713
rxxb7Wx2yvRf5VhTGXoEA3LfWKp7iNZ5PpFsc4xiwtdMk5T,0.022111892785
t4uhSjzjAGAvbQWxBBmia76ykQoNeVw6gfY86DKEV9A5WR8,11.114149853935
rXdoHmSfe6AQXUh6GFJe34qG7ht5M8B5Erzdg3APnbF1YQn,1.115665703916
qye25D6P9K3tsA7JDa2W8obLM3TBBA9rRBuYeX3XxGHgx8J,0.774680388047
q5oJcRZo2DAss4gXyPJuiwPc7TcpR94ooWrpvxDygKHQAG1,0.048562498602
qUUStFz7C9KnQbCivv8UAX3PqcXkAmZUEhWjBNc2bxEDLAk,0.026344162881
tnrMbfUkw9KVTY8bdu5Jwe7zjNJ2kVF5zSHu2s1c8j1oXGd,0.01165842309
qyGeshnV6XQsFAT8zSkjYut4PmWHhVV6sPRytnjzjEsyJK2,0.600720425398
p5hSb1o6oKFfz99cs4qpiGYGvFdmkpZB8tKKaiDaVYQY1So,2.396079863822
sehU6viXJatLTQ3hvnAupH128puPjfddTpBDQVqtVQRauVY,0.050530594112
ofsoWCi2vJyXN8a3n1K6xQGNmkNJTvtGhhWaWkRVxD5vGjB,0.041252665484
pJaPx97SqwL3iJnmETDctb4ZgWEN1c3i5AUV4KXnaeqFfut,1.146615961667
oXeZTMSuNk5enQR3TbH6EAEfh6cd6KtGfiJqERo25siaBMM,1.367829655989
oY4PPwAwPVoQyXvUdvvpxtXd5rBvBJT2NCJbkkp4q2LvxAU,0.327208379346
u3y46xv6b7CFV9g6S7TdVsAf1BidW2zeHjjcDmug14FtKuu,1.993141736049
tjJ7JgqjdY3hbDNor87K45ztZk3E4J7TBEMtdztHGrxK6U8,0.011684953708
rSWPwVDeBZZkLtqLVTh1x35WNNdpXru816RvjgZpstqfz47,0.087525309307
tmg4HXx2GScYbZSMQPK1iXXFksrQCNZXnYVfh89MptnjjaE,0.77209204082
pimKWg3EqrXmvU8erZLsoc8tk3sWWmcoPwy1Lsrp6Fp7qbG,0.011654445248
sn8GfAGJeg8Xsa6sTsR5yMqmAbGtG4A7ikaedz7vAv84ajQ,0.415933860489
seAJwjS9prpF7BLXK2DoyuYWZcScrtayEN5kwsjsXmXQxrp,0.298123599937
t6p2N8KhtPjYA5EfnVZAoXhJGcymdvkqTkkZuthNfYj2s8X,1.018743424185
u3YW74Z2qgGtGhDVTsEtwSHfJ3zMYj6RYa9SJtpUgDg4NmV,0.125556330898
t7YUK3Tc89BanhvLn8zA3AUx5oBZAwttJ7gF6mednYmt2Hy,0.05256096552
pJ5kYb7eUuwr7eUteuNwdEFNpD8qxxE7bLf6zDfsTMZLtZE,0.022111821573
p89n53fd9hNjtpiCeZRcLNzZYKDSUFzZfJeh12NS7QZApHw,1.608228232179
sLgmeb1gdLR1NBCa1q8fqJgGwfyNEwkeAUwrvpb1tMMshxH,0.159511662603
rjaaoFW5NQfRFTNpvhtwyyMFpAPiAc9sQN7qt8c5Dyp62yq,2.686470157477
oacUKf6CU5ZGrBAVUCPgmcajbH6jQwy7wmazNmJmxUePjbR,0.039489451395
ouHKhPLUjesRaKTNhyriSaWt3Sa31YRKbAxT5YcgKdTxkov,0.500020553288
s7J9QFNC2VY5Ax93GBJhT7bhxkivU7bEr84mD1Z7tesvcM8,21.576698634699
rnmq4zE5iVv3YUu2a1uMTHzrumfnxtsWnQY7Xcf8XSQq8Gd,0.060136396193
rtMvCgybtFmKMS4nnHEpz4jcHQbmuzmpeV98P8FFXDtGLwh,0.192674102749
sbdV7msZdi3pJczjRjJFQ2xxbroYnuTHb92Qc84mekABqwd,0.031213206009
tgZNku66o2UcfmaduTWhdbt84SKs3VztFy4jJdVVxC6U1v8,0.060170159184
pkjMeoxhtbAbK2q78jrp2g3kVpo5VwgNaLtMZTyitNZjH5R,11.397978358323
s7jiVirGJmH6J8sUiRfzErQMhJ4HXckV1AakqGGsxs9xrzX,0.140776303815
t6tnj1PcgkqCMGHcFBae1ZqZNnkEwyVPh3p3C53ZfTatDcM,0.022111880913
tHTzC9ZkiiFzRiUgcN5iYXuST3ZWGk5c132M4Ad12TK9GVn,3.019949491455
pdB6FWHfCBTgC25KyydVUKe4M3UNLGtGxUBeA2mLvofSyzW,0.007175157734
rnHbQxM6Uq7bttbX5nzVVEQFeq3vJ3VNaC6LbCj3LWaWtKc,17.829115182935
sa1ZpnQDx6zxsjUVhMP3reiZDFL4iZw8wqhmPm5pGAr3S9x,0.022194510303
sbyfbXaixUfdErFHAjoHeZNGDk8WD4Qw9m68DcFSjmcMTTB,0.582827200954
sL5SSLAiGUHvk7U72p2jNRJwQthMvi3VEPpgWgmKSkBK9hq,1.431850692766
pMH1PNs13qEToJHjteDAESG6ozRqn6j5CoKr8DRuifPn9u9,0.022071140308
tNWSo2vK6YxJsdjxSCgdrkHka3oxGcwxGe7qd5QGVmc9BzE,0.011658389035
tBuePWYMv9DQXt2u1zURQJ1aCF8ALYPqcDABBFshTpxbUKd,0.031312067162
odiayVMDn9qKLezFoMpTVjxj9VWBZELqvF5UGQ6KM8L8ups,0.049912450069
snqUeGGD2253pcRYgYtLPrbTiduBpRr7GMoChXcxe51kMbS,3.377790026639
rHTu7ikXpngiG4UcxqbsTNFwJgSZ3erBDs7UdhwsmZnYBJA,0.617234040205
ofVQ3Gx2vsdsiFryYcw1VUMynbunSiTt4ydgjePwbUipbgE,0.197554377308
tN4ZcSygXFD6nB4cKDL8LUGaiJ321YgaWdudPtFtN6eB5CN,0.052654499801
oVbLFm3QmH56bqiYysoJPCccF9mdLbnLaeJG3FaawZ41Vxo,1.458526809186
sP7nRFJ9otZPPLvBSAhLv7P8zAVpxaStpmBHMHJntAqWT4y,0.536170948061
pJse5q9tCZjwT37Zf3Z3bBxUfJm88CBSCb2sABRSvmDHnPJ,0.00728090602
qZgMdcyTAeKHLThboD4fEZQpcemhfZJ6uD7Sss7KWGEfQ1G,0.022111608158
p5TZdX3jmbszSfav34My5VFBvpBwV55d9ucHRmpHZ2FN7n8,0.15966992759
rvPsXEME1WtU7q2GfEcyxNd2wCQLbCzfuDRFAXwsvVzcgvA,0.020788681652
tbFYdhYGXnY4E7JtbtDtJknzP1RsUX65W1PjDrFYdLWDnCp,0.087525331871
pikLzcPT2TNBb1EWojBYeJMLwLacp4hpSz5tVL8vvKMhAoj,0.001683729189
qS2oNLWygK7YL4Pdwi6kpJxFrd9A4ZUvf8RXs4SXTejNp7D,0.019313369963
qXBU3ruu9WV1aCkJYVfiTEMJ5UWqvDApz5G4efdDkxf7FVX,5.045779419038
qwZ5ygAJavhghpKCgzF9cbsxueYvsdsG2AXLoLzCZLpvpq1,1.213449897103
s2VhdEM7eBu7nej1c9E4YVRYQWEsj1iFQ1NcRtWmf4DafvE,0.111233503169
tRaBR3WCNdKgLuDY9K5mBhg6dy8o3T48TaY6ySnJxYgtuwy,11.909490204067
pPkkoK6vWaYsTevdQSwqAA9sohzvBMfsE95FHGLb3ZjdfhF,0.041624473285
tskNuBahmkqtL8iEZS64M47BPas59wPTzDjdAYVQXaZkNe7,0.011658418787
rME83yA5AMyUvkU5YKJgujfS8Dxq6iC5cveumqGYmBP1naC,1.084372082095
pcS1Bir3U9MVwEXe2N4FkjE81NDFnydCGSDVydzZV1Qs688,2.207007781281
tRZDhfEWocNaPzVMYt9HoGjDNSESbxoq9o4b3LNJtzdEjxf,0.005056977397
rExUPShngF1vY8cVm9SWHhyhDwCQHJpkheALxC5zdxMnqh7,0.022194479744
rLxK3xe5d8R8KgqgfeZ5HXBa1TUCHDkWQUw53c6UJMZUspo,0.043560300085
oJj241djzoSXsCmh33D94cYMP9zfE6tBrQihbB3mQCtAw2m,1.048839177213
rtk1SPxdMasmyBvasfHRBmzedZriEWoLsaDg5aSbCHfuu9B,0.011658385458
sBpweuKwZAYTL6Mx8zuvfqfAPKcKfBv5x4nhS8fNuyRGB7e,0.01233496416
q4hxr8ptZTE4Y6fFHfxwjXwNSPPupPrnzwFZ4JYxD5iQtBM,0.037975738174
svriUUiUkN6HB4yYk9xZSnZ1wDR15KBcixT1rh7fg9pdWwN,16.14813341013
paFX72hRoizstPPXPjnX9jg47nbxND8kaQcSszVxD2LDS7v,0.011658420725
pPw5tLsnaZPyxFsaAeh6JbP3JoCJvXZgyxdVfNPXd4U2R1C,0.044121017115
shoSLJzJcebHW3nrfStbnBvkx5N69PnSicRNoBLriHMHRcV,0.022194419419
pzBXYitCGk81GdCRqCDKSbG9jikoVttsRfD1eFfBnDuPXx1,0.088263959564
rycMPo28Bv6E4wDzNMFjdihzyfypFHit2JCBfGcidAt2BEg,0.088230741513
sCB6DKeDAVJJ8HHPQoMECRAs6aYU5pqeXWYSYEzC3KNvJMs,0.02219452934
thbmMH5dHs7WouQbjnEJjqmgXyeD2NoxuMRHZj5brNAD496,0.022183581945
qemh1uYrmLwwA2ZbbUFvsGP3ViUmzyJ7y6FnC8z3JS43tYf,4.159384792797
t27Gc27NMNbZNyMQ9wN3nFgrxGQgKM5DjuoC75xrdpQNMKu,0.092876645715
rRnMJ4LQ6L4JXe3oGmdC6abGZHgRPw4CmJohPBFMHSG7EQq,0.331666508294
sRtjMAU7XNXYwEgrxLApJPChcu6TNrJXhdcqfjQeUnjaAoF,0.037508589355
p56eMSqx41nzvtderMLjKDu1tehbstP761VCduNF8szE1ip,0.011683985499
t4SGrvj6fub48Lh9dxDbHAN8dcdywQvVn7qs1f5T6nZTyhv,0.022183574584
rcHCfwCZ4b8srefFTitvuvdjvE5v5LYEGqE9PTsQ7ERsAoo,0.003882671776
rqzBKaHwhcMFHRnXn24S7jf27faUssndbjnWhPFMiJYBxEh,0.063354304526
rvH8ekKQT7MSbF3dYqVxH9G1Zqw4gVfXQh77EDLMuzRm4SG,0.063239501347
rPUG4d7Nn9evnSNXPPtxb8MFmRhHfev7RUJkWiw1t77zkaC,0.005441016549
s1zc14boaqByFVAsB5mSGagMK6ynRV8WLZ8WwwrhmSrr7y6,11.308298972126
qVKcv8BRsQtJt5BXKnYpy8sB9e48R6C9rdTc7gwdUyqMwxv,0.353785361613
tN94goNGqqUq4a9gX1wg1NW4iMi389U5Pb6hpyyKA3FYQFy,0.025457906079
stD4nRR89va8Ndgd9FTsRf4ahjBYjz1VoXrEmPUmrEkmXMK,0.022194434464
otihMbsZwWXtVxztYC1jPszUaYweVsvoBQuTv2fL4HQLLzq,0.20292516296
rHvcbgZLoU5sssEhi1E44vpYacpcE2znh4AZxmkChxMv2wn,0.040381933378
ow87GmP1BTi3DNngKLynP8iQKTvRq1BJSpCYWtYCfdfMERj,6.424020064152
tN4dEpBa9gPfac2Cgk4URFVxcRypF7nGKtb3hRk2mwgUMpk,0.871274388434
tHy5DMCL4gw6gHxX4chJMkr3VjZUyMzmzxhzoPYP6LFyD68,0.022194686417
tsnrt1EMAgmQLuh4Kya83irAPWpt6ekhV1nF7GbVByHU5pA,0.022111904656
q28Yy9PDm6dQe8crANJXT56Y3BHukKSrvP3jRGbieQSp89u,0.015966896247
rZCftdh7VfdptE5iWYrW2EZKDDYWb8Ad7c6ep3z7uhtgqKU,1.692490109694
rLvtFjTVnodByn2ZxsxHmyeR53CCbwVsuBPiXyd38ysFBm6,0.12590366395
teAQsX7ppoNM9wMJayKr46s632ZHzTff3GBz6v1GZpoyCAK,1.274252069066
qX9M9T5DWv6psTrWyJtbQLQtzJeixgbVPGKFAtaXVv22oF9,0.012334967809
rwM5mfh4auzvemY6F9pAUGi3J5KX8kNpKcx5KwG3rSUPs6n,3.153785620439
sJLJg2Cgbba5748wKcxZohoDyUHpyR2LQosAQtioB9WUmvm,0.21886038114
qtDAH8CVZD9S9j1LciFeDQqxYfAoYYMRikA8v5b8z3Nu6rZ,8.141595158731
pXmUDgC2jN741G876ameUk6Ui8mcpkNsEcPiWMpcUk7zy3s,4.47950954678
p5PWbbU93gn6hmwgw2c4CijCcRtScQsjYbvNyjARdWLNYVJ,0.002154296166
pA8cXbMBqZmER7SbDDNqzvJqfhhJrfxgZ1kxqomPtTbPCYq,0.00297498194
rq56JUqrsHwgnH9wH4NgfE7CffoeciEK9NrjUp7s4KFHXTg,0.002564628887
qXRsJVcp8GavYNZHPi8Q2oCYzhxmkMajtpE1bM1nz3oCNbb,0.022071318856
rRT7YXL32NGrbMSAzBFTsFotXbYm5PXGCX5xYd3UqXNC7Uv,0.001367940402
rLUtY9s6jjisq2DtZWSvAHrAc5HUWkmVmXmxFhz9jSoFiTL,0.94002726751
qMPjR26V6MEELNE6WrsDHFccn9H1etz5Bm8pnY6omfCNQqp,0.228889679495
s26ksidq1Zr1N9LcnDqfZDZ1iG9EkSLof6ENBnJsWTC9oyu,1.06652532241
oipW25eKpXbpuxpCZ2B65UtwKz9Q57baV2Jib81jGCENoM5,0.011658408785
syT82ANBsBB89qThN2eSSbrud37YbiD3XMr9Boi5UjZiYBu,9.278004057636
qJUaLUJzib8pyuvJ87cGZupfZ6Q9KFeTHpUJEH1XcxU8BCa,0.038857799
u3gTNYhjR6EPx5eccBF49k25ofKgEKicgi3fGgqwwXApsom,0.044485864988
tYhh7EH4M9t5YPLqehssuTHTYw2gpMzGEkkdY6iuj9qBogF,0.011658388824
oajk1nxwxSjbsc15umVdjKJVN7s3CEXjYTXkwhtwETvFwyC,0.022194491256
tgad3uqEVWMDQ7V7XtF6EUQhYYUi6Q6XHwnejH9DA7WvzWY,22.137430274585
pasTTeBwvVjcYeBtoNscDkvnHgiXwdqTw83fiPGVuEpK19R,0.31673831177
pG9F8c7jWC3HsyavtkDCrWvxKZeparRaSG9hQn95UQhq6gC,8.405917331219
tsYFBp3X8VhDQ9LQ9REdmgWHNTxa7Cg2Lh9ucih36GrWP4y,0.022071168996
tPEGL86fbCd6zeqHdXV5s5VwkDyupiHNqFJtH4TE9Do7vmM,0.011654441349
qATyCebWSpJyR8NaNM9YVN2bGo3ufkjboaoaJiWU1sw8cYy,0.282164589817
qG2wvhBwb6vPaXLwH1G8GDh1yJwVx4CR4kuUjMo8ijLwFUH,0.022111845307
tgm4m2hYNddqXdTnmysRkcQGthjDstBu9oahApaDv8fNrMU,0.200021230581
pvp6UDmfHgySnoQdMKL4QGs9pU4spL5zkcF6AHCEHScL5GF,0.140549933429
sPabQF4k8JujJ61ro7oEbktedhJ3qoZHTssweXhjTHDr84q,0.022194390967
pX8oRBBUPfdhn149mR4Ag2UXj8TaBkhhnEX7eHBdrbp2QQf,2.019805204862
qqYEHwKKVSNmLTGQkQvFLcPvu9Dt2M3jGtMW1CNhx2JTv9p,0.011647965039
oQFofJsUtUAwE51dPAQi19gGk3xj9ugH47yVyLPW2WGuMdn,0.022071200991
rh6eZBuosqvu9HNa7N5mqwMafpgsPTiopQj8z2QhM5Wt4bY,0.072526130692
qUShcoruszHiPFmZBEwfG1eXK8CwFn1iYbP8FGshLzkSbWG,0.032391180218
pzcRScNG8AaNogjgqUWaWe8yMJPjqtgP4vucnWtk4UWbvuY,0.022071342957
rhL9fQ3YWhea1UWKB7uq2EAT7TfM6fBuV6MXvVXtq5zXD8E,2.713343757421
rV9guL9hZMtHc7RVzBBm5hnVsRCNUYsraQ1GGH7Hh2Ue8Nq,0.022119273256
tU2wPRu1n5q7LivznxmFkMrA1ePnDta1paAmJDuygNKxy9v,0.034386064879
oKRj11cbTWFMmq9Kz9tbTY3YqQ18teBQho1jAFQGTgqn4xG,0.959059483967
sH7zTgMNjxw3QwJgYYmNRhaFbAPuQZDWuSvV5gqV9xouQgd,0.011647951244
sA52ixRmKD7hYTj3HB6BepKFe2yGDG5vB5VyqcNpsXnV1ke,0.281014835893
qVQhwMZKxtmtbTfV78era4QZvxRLgHiMGT5UAGGk5XpVDgF,0.111202271884
qFZif8EUAqJ2m7Th9DaoZe3LBXGaLEpVKxw8FFcoXddLtEm,0.022194396898
owanBgKFiC4TUiJqA5YbLW22Kme2tQgvHJizVyAX7xKPSma,0.140530733259
owrkjsBZy4bQUnY68RuZzJu2BAc3BpeGEEXdDbtkEyvijmA,0.03881975871
s7F8QxDCpHNgHTfxNdaNTkiMR7GdzweGvykpPfFajzNDtVv,1.555569792973
sfL2XQYL7z7JAUqnmWZDfwNMmd7h9W4gYdXRAYL24kvDPD4,0.043529549741
pDSHNRFThpTd2ppr3rdbYQLorsePRsd99b4Pm6ex7wLRQ1g,0.030360713062
prUzkE4Sx2sH8iw3mX1BRMruCZFNQ5P59jWefHfbLixfcvu,0.986563319693
sFEq19oTCeyfvAkAdxYwQdcCPtFLKNwuzkXmemBmrF44fr1,5.383524175133
pD6Z6gp9H4M8YfpUvUVK2xBnFFmQ42wnS8Tx6AiMYX5PFKZ,0.159525098829
pDnKs5kSKSLEBkzGcweaAapEihmFHqGH8A9689MrtNN6umo,0.040322434445
oYfP8DkB52YEQ7pu2mUVahp7tD8g6CGjfpZnjBSo7jLYEQD,0.04616286061
rqYvETz6zVSoH4iBCsS71hfi7HTmNtjCnodwTFjo4UatT4k,0.044361803996
r7xuhVSZBaP4Sp1DkULn7J5gpr3hoVRmoiZ9jcqdfn3juni,0.003829124973
s52Pikeqmi4UaWfnx3s18wt3hjnjM8LKyeFyQZV5Ndxm5sy,0.01008267582
qi21xNpLc7BcaWe18TLFnrYYLw94MxcvFVhkLqz9JUMrrRw,2.121422296549
sH5uqwgXARPQjZDHwmA4KWf4fZ7rRwxsoPKFo1HbxC8Pzjh,0.038794366541
sWSFLYusEfc8BaCFDhwqHDiKMYG815dvQYYoTVx7tfXbvDp,0.022194454236
tNrpZU6HeTxc9Chrhjjy8JCG2a5coYUpqgHLaoEJRmmnL7P,0.109646662841
tWasrtGaSRKkQ8SCkLm53ReSBg67q2nHM9BCMQJSRRSh8iU,0.008027621042
p2NuyPUXfKd7kkLa1EMgyX8Vruvum46pvB9JgJ5Vx57DHU9,10.047479223097
pLxjLBSoneAH6N8gK47SJsDEoTgARAXi5FWYuekJRXsJPnX,2.776905370187
p2NrKQxZpbNpZ3uNbCRcaydvM5yTrZTypYod8Wvo3YqSx8p,0.110334601759
rvVG9YpkmWvGmLYVVXLAJWtE6hU9oYf5r9Qon4MHUVxfCaj,6.005697055925
oxJ3eKDXdAMJYhRZr2cMEHFGedgfF3yxXzqCAj9T7wogCCP,0.001495642844
sH8kbv6ortckB6hq9iHoUCcFxHCzh294EwBb9otoizz8mXN,1.817691900216
tVtJME11KBxicei5Yk27qkjVb521CDjWyWxhdMcvG7WPcw5,0.0221117504
oVS9YTMDAx7b5S52AcaJpKVNhSAFq9aGcpHuRHENXZjNLPB,0.320714712457
pYAWp7QBG7PabCJev6MEhycCsY778eziFZbzMnLLTc9Dkgn,0.251427722778
so3WzzXEfJ9j2axnXAZRwjgGnZHANgDhDc9kYGxXghfhSU7,1.841951449021
puYWD7QcwzgWE1FY6crJthTaeqzq1rCUhGaUor3dd4JMzL8,0.752547641703
pLrX3891gEc8aSer2iJDPEzhb2B1qnpC85Ci73J9GQo5Bq2,0.022194449982
syGXy3CPgimoFkvQfrtiaPxwhw9cgoxFgxbn1YSbHG1C4fm,13.098645493135
qfNj5uqXKGEW5ruF64UjgvcdyN4GT2NdyjFjWPh6L5YKTgm,0.335051536416
sL7ogLmHot8RAhehc6mfXjArjwQJpYMkZHYwMaoVxAZNuu5,4.516986532399
tbvj4dPw5dpEh5upPCnUnNtEKe2LPN85u2kEyp2YViKLi2g,0.05004113337
p2KeSM5nJybEQL24erqfN5MM9RiY8focmocbU41GPsYAdZG,4.68255420913
tC9dJuxLujcv7Cu1Mo4sbapRdEtJymABZtqVywxL3Mr7qpv,1.617691712012
sS3iJBXUAokcynsG9ZE1rP6YZsubtZDHxWtnXnZUW3zCJPS,10.199875759485
u1CN4NrkA8uZ9Ms2D8dLtGVmtSsYFknpJRZcnKsJsBNL1Rg,0.050588245435
pDB6vxYGEKyssDpovGbhQbkBWc5EipzkrDx525Wp6gwJ6r1,0.034771316229
okwxv1aSU2tm1XAunx2XMbZS6iHNRCAEWkfEt2VaQmW93Yo,0.034059131584
qqNk3ZbsCj1cCR3kpB9R8RkCMsyfVv4nzubuxDBjCHJ5CbU,1.009936502424
rNwYgh4gB4pWBbvp4uUxRec1tkdAdEiBCpQX21hHmRfbK8s,0.022119236091
ofjtDPZm2uUVUXwynqQeaQfGHiHvjQUyxR1mPcJT96xzBmy,0.010522961891
t6Gz126P8mGXmG9cg1nmEzAxMwndvN2aLNYLW5KwrpwPkUN,0.346698684384
rXR8kijdnMdX7Tr1RMUUKMoRMz9cemqMQWMWsnYA6QgzesE,0.03904490802
oxHv62JHBZ9Z3JvEiZrpFtMtC1Afaz7TbLaoz5G94EHPY67,0.07379820681
pMW7gpSEZgm7EUqH7yfNVBx4n4aU7xemzze1jMn2WA4bwxa,0.203523898122
q5BGbSWfdvHRiJPehiyLqXs1bdvVLgG4NmaquSVeH42tGuZ,0.022071227393
ooqLJcv7wftXfXuR6fbnvLsBxRH618YkaidTzxgrfzGWGyi,0.022071207625
pSxQbktAuajMgbbr8pxYU44MiYM8WuZ48GrKpP7ooDzhDKn,4.062848950229
tsai2S8SycBKaFLuFZDn1YeYx92uB8463ViqaaW9Wb1wcu9,0.014569786991
p2FicDRmGXjt73pxxDQEaJNWNwHctjiPzo61F6zc1kU6nbu,0.022089669503
oVWnVKAr52EJgFEHgq3Wt48DBT3yLdaw5JxaLwW582W1jnU,0.022109784599
pBMjRBjeuLR7J7nAaPoQ3ukHPBu3tgpGWdNk2cTBfbkcokj,0.798668690207
shQHVn4JE98JwCYjuzD1ohPTLsPYQHBxjy46xMWALPV1ZoY,0.022111785983
r4juxva7W6va6XECDttbUYMhuhYZRA5JtnKyUVqa1WBgSgX,0.034625003542
sTtDCYFtkvXKozx5TFXBg52cgx4ugBmgiacykk9zxHefNzM,0.011658399706
qXs28b9qAs5sDkkCCSqk9E2o7VCw9StwkUJ5br6wGy5ccmi,0.011654442946
u4aGpn1B6QZKBp2JXEe3ZPyojWU2ChuyNnhTFZmVD8Rf2Mh,0.101066749361
rhSjRbxkmdzg2Eoiung1KFQvZFv3W5dbsqYAJReL1AcYh88,1.960345074515
sy6FpNumGFaFGadqa2dVL3rCPNvPFN3qvhTwuuq7sdKwQ7Q,0.011636189496
s1huoSNwucUU5sJdaoheBMmA6KzoVeytnSKNnAghdeywJU2,0.010223296933
sRiHK64VFhwMwaPJydYMAbWkqG3Y7eszsJ8rJAjz8gBnNbJ,0.053708312209
pZrQTvTF21wVJCkmqU9G36bq1iGc1VTw9WSr9s5J7tmtdTj,10.480134434726
p3K4Ns8pjUs921Yh2EHTRAeYEFc8cV8ZfFKhaEvLTjJx7hR,0.003113898634
rqVFZ1jV9RjQdrWtvctWCn7FzZCa9SHP7Y2BiapX6cFXY6B,0.022101517605
odXYkLPspMF54c5cFycnptK9kFjsbaWo87XxBGjXoDWR8xU,4.387247926697
svfVTErEaUGYRUyRW56uQYgS5hLH8oWvk5iyUv2qkeLLaZ3,2.149317045927
pkKhskMxVzaSrwYyaDgXSVeum55vkAAx7ZbE4d6GgLtbQmg,0.011686209761
qaFmm1BSXESzNk4KBcZiHtXTuv4dWUjwbdHbvbQt4EmfiT8,0.011647949656
pBNoubtvNtwxECLUUYFH3AzHGq5ZDT1sShz5Hb8HKJgVXbA,0.034918840314
sgudG3eZmKxztX35ieS7keUzygWVJydYXwv9m5SazhdSJ6m,0.079036715515
pwjdiHLjfhX1oj6FhcT7NCYLfgaXBukNquy4y1SMVx4K5Wf,0.022194422657
pr3zftatRA7BFhdzhZTMwiLW3hGma6kMzAjZ9rjpnfsKFt3,0.022194449757
sBot2tnU35qw1DpgWvyJjxiZKhzCKF2HyEQAtDsaSepAdbt,0.038855175928
sqXRzZ4jXde3WgbjRQdAwPbFcwLd3ynYp4SZA2DREyaumiz,2.406563533425
tszgEp1s4DHMxu8PMKPZk7e9RhgrMkpmMA6UKJUBCCvHyJz,2.48520972604
pDUYM4V4FEWTkaw8xYALmcU7GB2PpRpsxJvkMsD3WLagpDJ,0.039517081775
tyByK5JgaiTVLTmnTeoNwrv2BsaruarbZe3zxfUgupaqytQ,1.007629056879
tUMDpVAsLn7XpSNRvKDB9ASWLpdS6zK4gQPaZuMXb5CkdsP,13.225996428555
s1tfkqxpmy11e7sBoa8dEKmwosoGkTdXh49r9GhSLNkwTen,0.01168391913
tmjj3NdCwpTvdFWWj1exeBFECm1pahLEssF1TGppRegbJnj,0.02219438925
tewSCXBNytYNDJaquRPmzVEfPWcPxisDWGMTo6j2ZsmfPRy,0.197004513331
qDafaHtryfiBdsDFDxa7qdSmyGnuaXmzWrbYm7ZtPVsYed4,0.22098538028
tdviEd9NkzfcTaytQxyEyYoBbrv7jXApsnxeYzUFbxj1i7C,0.011658400926
sqe4oKUBDbtBB25md3AYeqS99pAcmeNhyA9ju2qPfZQqrot,0.148931033905
qA7inAxYFCN1M3kiuQx7pxV2hGaVVtzzfRZDMiNXU1HxBgB,0.140489044431
pJ3Y92S3RxJ3eJpdpTFUzSevfd55zrMGh7rRtkX2LrTohk9,0.042187898041
sndahgMftA3k85mmknJYKZstbkGSVyHAnxN4aYo9RPgPeuZ,1.011300959159
r4s2BkoMc7MZqNivgZsaTeNyRSzRXrUv3yAQ2MHDZFwxBj1,0.509259161821
pPjWMMYMnS3ZYsUXYPRaLu7D48aqMXgJiQWV3A9bfnSKQLD,5.685426916576
tsN9ceVYaZwzVxEqvAV7Uxf2cfy7pdEiM3GEhEtgYJPza3C,0.022071400459
rcNYo28L5n2FMZCQrkpKojgNC25mGnd7NJfpBeKW4S6hNWY,0.149115808235
qvaefxYyyHnvmZ5K8166UQY4Ntk3ADeffzFjcazv114S1Q1,0.001261381275
oxCUKWkjJZw2ygZCJWjp2Q8D73KEekafqjg6c4aUEWTidPP,0.022071424571
tNHU2gzR2EvsaKxpck5VZdYpzxUHHrE2yeyqPVFePH3WvbE,0.03113548665
u1ZqGsdHei7uMgrPS6ThHTZ2URhuz227j86o7TZT1K4Tq7z,0.267229238074
s9uneoqbnF2c576afWfRda7S97PgnvKwpZaXmx3ewSPxinA,0.06846435117
rSMPYVqyafQtVbAn4KWAuRNgVaMi2hvQTuvsF1BqrmTndcD,0.011654435173
qcuQAbjnxUEqS7hX6bTtgyXbHsUNn5HNkb3Y7oyrR6o4uYS,0.049798035401
sWSZy3U4HM99zorYJREkEBzwthDUYuprTQhkE7qymWHarMR,1.011919036594
r5Bq56Rf9znNoqaFxVywHXEKRG96GauskRsVqYf3FxierHx,13.312482519451
tL1h1UEBc8Jsjd3dMjiiYp4wxJLtgVwkY2SFeJ19vJqZ6iC,0.971103289463
p5nCzE1r2bW73S86B1jjupM99QGvJt1W9Ynhox2xy71bfcK,0.090125012448
rxpVxAZcKvTGm1Jd6Sxzxw3dzHfUZiHEyt3BfAf4GRDyfrU,0.021037687539
pw5YawV8Kf1GyymBDAMEVweMiU6W7F6aSw7onuu5HB8wWMr,0.02208366077
qcFG4SUpsDZ5qgrxzyw3GcoFBviXCbY5vwRgkabscUj87Sj,11.372047481467
tTkF7aZyjiXxfXVSQ6rWV93xc8y71kjvS5U13cg1dKhCQim,0.022071502281
p4wuqhA22uqAhbEuA8AEGQm6YjDoin7Bwr7TwXC2tBZDCMJ,0.100558845214
tejD1dB8dYyDe49zrqt55soz4s9kDZZJYkHLFX8Cn1vCx3d,0.022089736724
tRnNtfKtRPcSYxQfe8BiuHGtXqhNVLWp7WKTSRYZ2E3Dkd8,0.001581526555
sU7ZWtnHT4FDHbYQxJNMoYZJ4sKT6iGnbCTMyPvG1oaSFjy,0.872030676679
sCs5DUTMtyywvY16cNDyGL4qT5tRuYRYPisE5ZvXcLoS8GK,1.00232980998
pFRULNstJ5C5FGgYoTvYBv7kj4hbFS2TuxY3YubDRF8HJRz,0.019928139284
sejv726XwUzKWHG6cv7UxMziEM1N14VssvbYgp6cf4V3fcj,0.130998778763
prRQkW28zD1KWbPZBZCcjc7MaXY3anDuYr81N9FmGZDVbLq,0.050758251853
qyVUHGYmvPWcBKhBjkDuXrf11n1rSHSr8b2CFm7VdfKbU9s,0.038890310386
rRhqMhFyYrRvwUtAqUU3EmCX7bPy9ixo2zR2pQLJQQCBeq6,0.140847711773
oaUCCyziWPcXn45qG8h1UEA6pWeH1CDhjTPRbBiZmFSUUHq,0.202960203357
syEJ28Ncy1s1ryxcuhTYLnSJrxvu7fQFPbNQmfeKmqQa1bA,1.098928124079
oubSA2HaZBf5xwupC7rpb21k2GpiVyQCaEocTF8No13ih1H,0.122208672342
poQXPp9xUYMTPsUk1S2uDnhpFmnDF3e4aS7GviFsHeF5tAt,10.982601577881
rHnVFcjMohwHZeiyhv9DgAg66NsiuoSk1Lr5CqKhrk9YxWy,0.011626013445
qCfjppxHUuWeLiAEeTiworkgaAP3bvjiJFQswtoCrRr6gCX,0.020082232612
pnzm69YDfTrWKud9naUNxqRWFmaVNxwUrS7nciY1VFfgkCk,1.197097512978
pfMf2JpzM78wHWwB8PPnwyApe1QbeVtbHArMnjr4W3jbrvt,0.022071160421
pJEptsZLv3MZk7VVBKYGSLpQyoKgFYKLyZD36t8zoSJzwyn,0.022194415955
t7DAbTAJQJjU9iKJy4qxzGCWemq9fbQjwiZLqVKzPayjimA,5.872155331811
tyMznuFjfRQ1mpYmctCzTLZXT22v3Z8B29okhTLuuS5xbEa,0.011658384333
tNvGek6JQaGWqjeHkAATXJVtumocvXhbGzeU15mvWysdYiJ,0.025814832615
or6rU6M6SfkJvLP2GE8YMKRy1nkE7y9E46Ze4bHkP3WG1L6,7.11826841554
tHYmwvDCPo75wrGgNUGoUYSPZvGY3rvyAk4kxjks4ghYgJD,0.081090220779
sPXcjEg7vdeHRYRWpoQNiE3uL3YKYHwihpSQo98hKgENwdn,0.007191191011
pcwwLWUga1mQ4Yk9U9QyotAJDv6aHKhkt5UaUZeyqdyEEPv,32.971628308027
