pJX8xiftB4jJPjmQkrD4G4fCTujLZajPXyek6PzPFVF6DoE,36.232072632288
sjVutJ32RxL8CnrTGG8nnZnMrPBAgQMRTfxCUcPprunk43P,0.084693380236
qrKh9J1e65LY8Yn9uSNberU5HRJt3Ad5wkzeYtTLm9MiwgF,0.021091979988
pZrQTvTF21wVJCkmqU9G36bq1iGc1VTw9WSr9s5J7tmtdTj,0.00280988999
os2dwQMLLzm37LZmzCRAp9CPHMfycynT3BpRNdu2717QkPa,0.020986979998
rycMPo28Bv6E4wDzNMFjdihzyfypFHit2JCBfGcidAt2BEg,0.010315600676
p5voAPsubXCxfjjyEXbhy86XqQBDcMio7bNw2ondkSNmFCM,0.08783614
qoVVSG1AjUPMHhEwU3kE7wSavDEQRsjQqxNC8msipezAuFi,0.703313389981
qUvFn9zWeNSEgGpkXR5tR2d6usa3MwPXHvChrNGiwgBSJz5,1.18844876
pu4h5PPMgibpa3SpqdJa6wX9oLnqAm5J6rCPgsXz28Bb5ek,0.021471069987
sCziFvfrNbw5HaeQcJno1e1nKWypFq5bz4pHLbnm6M5GLeP,0.133232349998
rc1Qe5pxovBo3YkuHGdkeQjuifaYM4JbTAzB9ggk8CmSQjD,0.08633263
pA7vPcT2uYB3oHJSGrLX3V1Ek1Vgz2ULNKrShBYGpJmsXuP,1.1
t1N8Hbo8F5RRdCXx2nU9jNBV53oo9BqrhmZ2wW3z7JPcoFi,0.020949569986
tWTKqA4QyQShwtqekw8mTVuVF9umFMxZTt6yYyyiVw4EdJi,0.021351079481
pimqLTM1M1eRyEqnvGBuJe96KUKX7RzBFoXqZ7hpjhHiT9S,0.021352209423
s2W7UMxYDFUnw6dhMrA1PK2FxhbdbqxzdRcimdmRT4c2CAQ,0.021351079995
tpzQKpEKeenDxWaWH91V88PoNM3utSGRV5hERqx7y5xgPb3,0.09778819
qyXvsKMADyVFC895S3oZfMj1AL8uZwXj3Dc4RsFUyCrXkuM,0.022699999999
sUNTkFU4kzWVY2uHVyhys5EbnDfDNuuXypXCnszPj8vgsgc,7.087648806553
rHqKbMNFc3t99fuJhVyA4VpDBr4BNvJeAN7iC7S53YYyC32,0.806946019122
pA8rmtc2SA7aXHW8DrLEQe6fULLHcsCeaxQnggKiigqAg1z,0.075563220921
pqhK5TbfGUQdhvvZtLf7UAQNFfDzRFYR73ude6fiUTneEvY,0.049860606028
s7e2xb6rdhDFF3ApgJargq77zmF9kNmWCaGCVcX51eJptb2,0.060891629999
s4FSXtANoEpqu4PMZJn1swpwMfs3ebCShRD4Sy3HfxJjcMT,0.100040772014
qyK7nZ7nj8VYghFAA2ss9pVaLBiedo38aVBf2xZ6Kj6vrdv,0.09420871
q85c6gpTgrh9tMot638yJqogg5BDons6PJyhPLPW844aH9Y,0.031404629982
pttX3CwKd85WqwALrvwex7sj2R9m1wDAh3Ars3ey87NXHbb,0.2991254
tP7ni9hahFCqWMBVax3NTSamycRRDrG95ypixGYNHESZ7Hq,0.021060749994
u1M9UKaAQYTa5V6AbF4kpCtQCR7kxQLi4uakq4gj968eeus,0.021061849997
pXQaY2UH1f77ZYt5joDgDKcYRQyJyeeHtm6yY4w3tUC5qWt,0.3451723877
rqTL4hQat6bpf15hguEmSDwVURq41y56anbHF7g9uKTNFjj,0.27044864
p2REgSxb9p13ZXD1g3m5urxqAv9CdnWE1o6r39XhyStny1k,0.05662939
qJHH8XoskRXdtZpgme4N2ZSDATi3yw2BfPyWgVmDxyzUcVH,0.029143056384
qc6DfdZW183vXsNFtQAJ9pQDt6g6AjvTgbNVaZrkEFReNfX,0.019999999999
qVDAyvVptj3wUxu1caeKKdK4qMTZQAi9gciUhDTxZyY58fu,0.209263277603
ts8V1P5ByuRcGtUtvXDHKGqaTUvsh6DPLAfBuqoCuJrx9h6,6.916495229975
seorgCZDzP5G3JEbsBjFdpQ4dTUgCWoPjQynyJqHCfXvZVW,0.987317170818
rhHhZ1T8rpCf2ETbFMXyVE9RKmdnrGWbBDemiR6Tgg6hApX,0.042159961694
q7dHzzcnhJe4UqfosMg23diq7tS5UuNdNDhwYgVQYRfstWh,1.554273068181
oMrVQhBhLBsKXxZgnSSpJSb8eVmDGvg3PqzZJUsmNy2T1Qv,0.07789360551
tTnWUJbPmY7U15HKyLTgFmya917G5EfLEJmo6EHb1t46XpS,1.817740269992
p3JUdqZhY8a1LhCnHoKkVqaVzuQyjBZaHdx4UmAxDE2hymQ,3.588779732328
pg8BSCQDW3zhzwKumFfkKg3q3LHMopQJYkfCJKN3SfR5jrq,0.938588562599
rAbniZRCcttT6yBdsTxLscxztnkX493fgrtoNgKVP5gDuYJ,0.029097405005
q8L39rTZqNt2on9fsD2XuZa8P65rTGosWWFtVporFjnRhNi,14.244020359533
pMW7gpSEZgm7EUqH7yfNVBx4n4aU7xemzze1jMn2WA4bwxa,0.03933793
qexh4BU6MgJcDvXSqZZGgvcimXDhw2thFfepByTeSBNY6s5,0.24956002
sk1XXRtTmiG3zKHUSqDRYoeRnVpxtM5xn7APnBcyxCEaCrq,0.021084219996
pfQKGY8KMjQ1emtewSP4M6PxxGGLLx7A5n2aiKRm9pr8mU2,0.07479707
rh3fU6ywYs2RAT9DEZ5fMaxDaBJEa7kRq5ZAr26cQR829Ax,0.059981812207
phqrZVjyTdNuk4CZCY3Hc8PZRpPQgoJQy4Ggm59yJeCSx4T,0.078396045607
q2TCjduNU17qTby8swQYDcrsZeWFGfarNy7iRkDJsh5bcpk,1.092014539966
og93xf4m21Mb5rJb92YwX1iZE5rGKAwbrFeGqtRD9G76Zb8,0.02208702999
tzsiksT7cNEaQ8SEmQeaLkzx1uRuL5ixCDdrMf1PUXCwvLw,0.111094009239
qc7w2mLxwXfDTdxghZUEYWstXrPf2pdCzPMzLtTfgQWQ1RM,6.885313361821
u1p8RYKF9rkMtbcjqqAf42Gu8Pj8uai6jtxmKPoinRMCKw4,2.877403669991
sKzip3XdWMe9gm287v9BHPs6TC96RPrumF7Q8QccX4KEYYM,0.95662692
ryVPwW3iJMxenjgJNBPjkWBp91gDHes3PR2EiExqfKJzcLA,1.324082699651
owanBgKFiC4TUiJqA5YbLW22Kme2tQgvHJizVyAX7xKPSma,0.185840178298
sqhGHNeHMJWqMxUEMY8GBpj5sSvXDbdUD6UgVLPULAuXGCC,0.021557819999
ptQ9sU1Pp8KNRDaMVuxHmLY7vRZif3YNqNUqDD8uyQ3QVdV,0.021090869994
ryc3BGfpkmDPDov5PGkDgk1dpa3ak5FzgXZccMXE7fK5Ucb,0.021089759986
qd2DojPnN7EKcq6PRTaFagUUk1Wz5dGvzTQtZf8mhKT5sfq,0.026044899986
orNzSPPrhVhcHzkG2HGBKHpkwT6QJnt932VsXkwRdcaJnfx,1.11334206
qt1qDvWkd1uNVnFJ2ppQePfSmgz7ikTRhy7djVXv3mrKugK,0.021809779997
qytJfQAMBKNY2SBG8gXZX1VK5XYznJetiVYycG2jG88t8K7,0.43954036999
qf5SjMDP63nLnvpLuRXd3JzEeFfQEUfTmcNQxSWb9QNsJkT,0.0211716
qXWnz5SnNAV8GbmqcXd3f5vtEkns5VsQP2hDZwZXNinKTtv,0.05620077998
oyeJpywVkajF7Ugv4TBDdzaToKoGKs2SRagtC4WdNkAA6Z5,0.284215051697
pJSHxuQU4SB8ySZesvZnZkLFeGq7dSA3AmVZ2VhMuNDjthb,0.086858587298
oXwXMShchKjXqL2qx1pu3ddqwNmCk6pSsjpDChHLVVz7RXW,0.021099759997
r4QLRjt8T7xzGDBZVWdEUSDjBFd3dKb5Y926LkLEFGfS2fV,0.147852253528
tWBuY87caUrd87kMG95f9YbBVVvbo3cATBLX3py6ffkAXjr,0.03303661
omf3zeFrASXJZLdFKKZKLdfXE4NmxNyRb4gYKRUyYeCcdA3,0.068721875843
sqe4oKUBDbtBB25md3AYeqS99pAcmeNhyA9ju2qPfZQqrot,0.008252480541
qS2oNLWygK7YL4Pdwi6kpJxFrd9A4ZUvf8RXs4SXTejNp7D,0.001074688041
p2UZMkZVyjvkhD4PTuMmXUo3odHfMYb9UMfG6A63ZDX6gT4,2.327159329962
r7mhs7oyFCax5opmMBdurWbuShwzFQbR5tEjpdfMmhkinDu,0.039049089996
tWqR364TqMvuKbmMCtkrKcPmfQCuhBX2oV1nGoR8iS8f6Jr,0.021485739988
qkxvHLSwmaX2tuaipf8GasPWahSg9mCMZQDuWqricvY8DFP,0.021986756695
txG9kzsRATF4kuejDKxxhD2skKdCuvhJb3LbvsMDEPvoeSc,0.022998499989
qCrsvTydkS4JvPZna7du4y3DFpxqP7TaAameoXQiCwSNUZ7,0.38213467307
pd1c2gHw7ZSbNBbzikUZDCubfYshnHniZ8Qen726XiRtvyD,0.104433326826
qvetcCFqMBwguXhogHtutVfP6zchu61njDzRNxAuaHDbMfo,0.021792059985
pDubmCs2dJFuyvQwPCjnbbYTLV93PSMJmfqFPsFJhia5k5o,1.32390468013
tei5idDf4E5vc12bYWtd2WQTdwEYTB94jbasub7p1HGmgQD,0.168831767138
u1ZqGsdHei7uMgrPS6ThHTZ2URhuz227j86o7TZT1K4Tq7z,0.025497370954
qZVUR655941nbc42Bsp4HjP4GVpHWJrT41QDmzsbW7duJav,0.0435309
p5tEBHhnvyqnZsjjwYf6YL6QuhXfkUJtZFZmcjoe4o6HKyD,1.034612008455
oYghzbsRxw6VEJp7BembVvHWxNGfbi24DK7aHcNtFc7R29L,0.68376611999
raKdY4YHy4SFWSrfQZvpsrUQsnoChcK2fg6BZp79TP9fGmQ,9.792173286739
sbrR1AHTyFG9iEephQD6qiU2tR3WFaNePX7ooR4NZ8qY7UJ,0.001405339986
rcuoH4b71aE2bsAJgGrtDnzLZnCPXDSZAXGbtgpdF32cFfy,4.67768934011
oacUKf6CU5ZGrBAVUCPgmcajbH6jQwy7wmazNmJmxUePjbR,0.009977300548
omA26SXXHCNDQSV423otctxo7xFFmmCPodB6TYXhD4JuqqJ,0.027099859892
tNufnkWzwWV9NeAphu9eFExT9PYhF2YxibNqvMHALiDnf3q,0.021466179991
rc5TwPrya7mcd5bLeWY8zZngW5YZY1QBfTfW8qKfbwUU8Zb,0.07280187
rZMgVTAUDiFt2ieJXVGAVWNAUgspmD1hCUuPEVYyJCX3UmM,12.13687535
tbD4yAe9C2xLDqwDYHhQjDJvpWaqup5KT6gY1eKCrWZvKEv,0.099257579999
sLgmeb1gdLR1NBCa1q8fqJgGwfyNEwkeAUwrvpb1tMMshxH,0.019999999999
oV9D5T7WqD2EuduDXWcXfUSXKSxBDN3yMK5ZYpAQtRnUqWa,0.022583939992
p5aSWLD4FaYXi1zWNNZz3itmesLLErEKgu1FWZMGXMotCcc,0.020981019991
omAGXxVBfjNCLCqqoMJ1hBMzufXDzqnaG65dN6gjCyumDVU,0.576743371155
p4wuqhA22uqAhbEuA8AEGQm6YjDoin7Bwr7TwXC2tBZDCMJ,0.065758179991
oKEiq2AdVgHKSk2BCtM86n2LHizeKV8Fkf9yASvW55yUBYa,0.12295969
qhPEdhFWmQaKHRsJUQDhiEU2r4x7RVnFcpnBFGdveUy57fM,0.021741356501
pkPm8YAWqBvURBpVX6NQKdkXm5bYHCCh7dHbQHY6gGVJ43t,0.626054099995
s7meXKsAWX7g1KUmFiqy6NXeJon45tsifW1ZSiHPiLhVBpy,0.019999999999
rSWPwVDeBZZkLtqLVTh1x35WNNdpXru816RvjgZpstqfz47,0.031441912818
tvXFCVSXcVVeg7d9Xk1LMP13M2dkdWGZEgacYQ8huc3BGGG,0.15317875
qFwpk61AvLc872Kn8mgDQAaPhMHSBQtMJits5EGDjxEU7db,0.020340477898
paKZLzcNx1PeVpHQ8dgBPBFEVhRDHG56kfSyZteJeRJoGJT,0.27194659
tyLqHaDHhGZGhRv3FWBm3fcQ9XGk8HMPfTc81Ecr5eNpCSk,0.030646123279
poaw9dMGBhwY2xPZ35Yakz8SUo7pp496JdZUdaVYGPywrR9,0.29589803211
rLxK3xe5d8R8KgqgfeZ5HXBa1TUCHDkWQUw53c6UJMZUspo,0.004097058483
tWvfTAk6857vKKJP7ahD1vi3pGSMwWcTakkaCqi9jYR53vc,0.022846199993
tj22nwETUcynmTfEf6FctkKEW7wL6H2injH1TgueN8ejG5j,1.256834619999
pkPjM1vUJDAaN3aTXz3W4h3FAThY3C15BMo8p4wkfaDd35K,1.411841039968
rCUZxci4Pbdiy78hnELae9dTSk6ynEU2Rje874mPeULKjUo,0.076762142742
u3YW74Z2qgGtGhDVTsEtwSHfJ3zMYj6RYa9SJtpUgDg4NmV,0.08787802
qoD75idU7NiR33t39juQn2GRy2Jf8s1cuiUYZWP95BRcWxB,0.022999999999
pJaPx97SqwL3iJnmETDctb4ZgWEN1c3i5AUV4KXnaeqFfut,0.06744219
tzy1B5DKQSk1EsNKGecGJnhXKopcbYEg2PKjahwe2ETvK4D,580.0
pJdn5gFLSQkydGiAL1tpepmMM2WRMiowCH1YwtZnAAUS3Ke,0.033902309999
tjzeeiztGEAtcoELhd19PmaSbb8W3yEP671X5oiDQwBcGuC,0.005619729992
oasjEt8EJnpUgnqZ8aXGiJkB5HdZZZFfBwnxGEp8TNrvoax,0.012644099991
rqzBKaHwhcMFHRnXn24S7jf27faUssndbjnWhPFMiJYBxEh,0.02988777
qGHnLSdELG7Y9CtFfyE4T2bUUBNM4qpZEUovzaj5kDFK81W,0.021539699999
sWiEspBfUjDsW3c925kyu3FcPiihfinAp3xAUtieUBZunwS,0.047757589984
oY4PPwAwPVoQyXvUdvvpxtXd5rBvBJT2NCJbkkp4q2LvxAU,0.161731139986
ow5iEKL1k7RYcVFMESoEbPtfk9EWmrY1i97GmR3cim2spHm,0.015375789986
rMEKztg1TB78mdbBrvDybyS684c7GuCYLDttcuY7sS5BtcD,17.190947882228
th7fqioYJudndMFSWe3rFey4hYZzg89dcSrdAFUip5Vfajf,0.53662605
t6ujuAXypsAYp8yuU5K94A2tCbufXAGsKGneHaY8PX9daFm,0.021080889987
oMXGL7okdcJxSjyW9DDxiNqBHzWDz5zBnr6ymoq8YmZKAKW,0.68724035
tbgKLcG1CMnXF71SWqAQWMJ38FXRh2oj7kMJqJXEJf6uLam,10.848006189587
oi4hrNfRX1kYdpABabfKVRAokrjAFi9Qar35fEySkeyzQFP,0.04840602
ptyooPApoMr4ym2kMH3oyQr9aHWKBb8xrwRmhMa7KQfsuxM,0.205122099988
phwhnvzm5txeGrNmFkeMThaFkQW1sZsEGh9g8wUigPkcHGQ,0.05588168
pBNoubtvNtwxECLUUYFH3AzHGq5ZDT1sShz5Hb8HKJgVXbA,0.004074065408
rUFm7ZQzd1emC5aBg1Ct9XFocsrQa6cEZ4hsYLxJoLb8UkY,0.010315600676
owLsZNpTiBUCyphZrvS71qCTjzuFmGxAcNiTewZEzrorJRH,0.30188396
q36f8iC6p78JAnqmNtCzvy2LHrRWnPcyGwo4K7Nvatd8jqt,0.021077639999
pMSbMqR2bjw4itYogyXNmqoyyQG269c3xjKCiE3ofuBWA7K,0.277332267116
qPqYqPX4LhjNsC7by2SkNgWLMV54VKhUf4u9sh7pJ2yn3iw,0.014052379994
rXSqmhNP7PFwNYjUNQqvTN3DwtbXFpTJwWYKSUuWRqhvjzp,0.020978199998
rZMEqjVK41Tuv5Wg1E7atg23qXranHndtXoDmq93gx9mWWn,0.020978199998
sh1fTkkpMzMtDPgBLrJpjLizPiG5ng3Sie3c2WF5T8gqt9i,0.020978199998
ozaAKEFbpc569QUfmwaMwDng8jbskgKEdHxVHNn18EPR5J6,0.02097160999
p5zFAkzpaMFVkPztZSA5HL5eP9Q3cqFoXPginKknwq8nTNm,0.020978199998
oa4Nn3BCi5UKSgxjo2Wr8B7e4Y3mBGNhTuCDzkdcBV4Cisf,0.020975999987
svA42gchaAugZ4e9p3kdfzz5MLJgdDQcnkREraNRXdBnkhX,0.020978199998
qoMuczQfAPwny8U8Uxrysc45FM3KZJG4kYUdEJziTZwMFzN,0.020978199998
rC884B3pLCVZyowgVBkjzXj1VLnPkD4bJXuBE4uHHqEqcjy,0.020978199998
r4yozByempQsm266S17TR6uMrDzYML87pkQ5ve3kCf5s8Gg,0.020978199998
rvVvksmrvqv43KnncnczG7gLa5asWh6pR2SEaR8SqCidgSn,0.166954892133
tBtmnDFWByR1XcW1wQTVQXoYdpehvdNqwbEJT4tk1wEVHQi,0.008659722564
tEpwHCMKXBY3sRkrg9KjqJfo2C76V3hN9hdrGsoUM3xMzWV,0.0791803
sKzydqrV4GtsGW6rs7bkyBiYJGyqDu4ZAPU1goSccc3WLaV,3.048518108507
qqszuMpc2CZ3tveEcFFTNsDZtL7izHrNLTKpS2ZCuMNBZyG,33.743348229997
p5nCzE1r2bW73S86B1jjupM99QGvJt1W9Ynhox2xy71bfcK,0.010537847994
pzNvu1CHNiebe5ba6o5A8vpJhFzim1FMuqEeNpWnG4eLzta,0.003546821867
rCtksmiwTLyRFSnQpx4awnVWZVpbEVfToqUtoW6bV7pNVjZ,0.021412638483
tZcmGSkhuCCJJCK9zbgag7o7wwTkAojrzJ8k1RYKmh9gC7C,8.799698319981
tZ8ioMeQSrp4ZLcV7KvZ6i8T8GZJq63juB4aCJbVcjdKEtU,0.030599999999
puYWD7QcwzgWE1FY6crJthTaeqzq1rCUhGaUor3dd4JMzL8,0.298010799988
tgnNTqo5FMRjZtkGDkGqutwUfBm9HJ26XQNYcrh51oMVX1j,0.01068227637
qa3ULXPvAev1eDVXMCaT34AyET7S2fEaEdxGNsRsQH9tZDz,0.021366909992
s1QqHGfBhJcbhUX9FKSYRAMBkZc4133a6rw7oooc4qD5SSD,1.237959819987
pGVKf1jcJZUMurQZwkS1APbtsGSRYvEahoxQZZi1HdiaV6P,0.825418109238
sy5Zwzb17GrNHZH3ewAKa3oi762WLi8Wp6BProM9Lu2xGZw,0.021310799026
pAz61ArZ11ppvigCeHEEEvcn99trJmpcF8mf3T8UiL5jAU6,0.02148826893
pLxjLBSoneAH6N8gK47SJsDEoTgARAXi5FWYuekJRXsJPnX,1.1262281
pQNBgdN9MXUSbfTqUCYHEeA5kpymiSaRqnz7zxkRGJEQv22,1.00223904
oitqr8zA2FHgx6ZXJmvM5kfPe51Zrkm7xmMi2jQ1cvo91xT,0.094467119995
rCki3Y2et7KDNxuidkKmnadi95rsAVjo7AhG6JqHXWoCXvT,0.021064059988
oufjdijXxHbWXh34Wm9pAZPtwTPCvsKJfByd1CeMcjKSsFW,0.13462982
riCAriEHsr7uiQr4KuvEGwruPkFyfQMEEy8GQhTzfZyKoPA,0.012290617135
pAGs6xSdPELENPdewu3bqy8VF6w2voAax51a4kB13tF6wfu,0.04096872
rekNRx6Kyxrx4uY1RXthi8p5kmGvR11cEjDwe3cmmMtH6wP,0.04816911
t4jLRnrgkdYMctbXcchN7k77TjJK5C54S1uyUwUVC2SzkBG,0.027685679999
tgud6ynQpj26accpkYBGeaaXrYvaxHLy8LVRwQHRTCRA187,24.375654089978
qmK4htpDzH9bHRSF1oFEvkYbr3PgiwGorPiR6jtaVXzMrFX,5.680354595026
rqGknnwThgzyBzuEJ7Cq92m2hnPCEjELj1sqAUAsPmDW2Tn,0.552548854014
sEkQ6WnKizPZbJHVp3iNkvkKUVKEpkoWvSvrrDrSETmZPkp,0.04617161
snD96Jg2EWZgfCPhY8XiyapvQ2eGxstjP8XWgc949DpUjT9,0.05159104
svStDazwvno4fwVdpnH9XkSy75onyuGJu7dfGge4aRt7nJL,0.109442085616
s1rVF32VR2VPHAeQGm7fMaAGWVkUdavWuWdLTo8FmnzFNuk,0.02265396
oiMrN5qiAVd5uNA5U3Q2JvLurJSmjj24bGkfwqAkan79c9v,0.021441829991
oPvRsj51KhaeURPZzPKqd8qPyrRoX6SrBD41JPC8FDuYYQA,0.045531879885
r76FZYxnk6pTNAkaK75Wq9cypQzcYegfZCKqTVVhYgugy3r,1.0
rS7bL8mMMn7EacLLWGTAnM2Ve4gZ6V77WDGF26Z6s3hfcV4,0.071606979998
pg7UYMFEW8BpD5gzG4XjTS7VhutPAK9NZov2LDK9U3DXWME,0.021086439985
op6h9ZeoD5dJKaQiTEhyxkgv2dvW11YMkrSuYK7cBYvFhcQ,0.02991
t7HyVLBk8MAqkEikDnFeVnuKCjwH1M2pvGVyfzCkWD6n1US,0.210108690817
tEv3k15Uq1nG4TKA7hubuzQzSb6ESu6WjhoeGGZZ1DZXRJD,0.18900227
tc5TzgfFQM7xF34L2WLHLL3nimmvKaovmJQecS7K13A6LrX,0.033535329996
p5TZdX3jmbszSfav34My5VFBvpBwV55d9ucHRmpHZ2FN7n8,0.019999999999
prFZMJBPi595ygMYu1vQkgRr1bzBpgm7mcHbxi8Ynr3RDep,0.399415919993
sRMwfzve3ziws8hX2Jq88x5Q39py9HuydUrNkBTggKUSoUR,0.05712069
tZ6VZ4xsRLSdkYUVdK2u2gD4DhZ9J1FyiZWWRLp2gMXbzYj,0.018907226685
odAJ6rKyv8viLywUdhVSYeDRsi4g7Fp3qmkyuEQbmDUi9N8,0.021065169988
sCpfUpRQ8toforazYiXM42wPELugdtjKaShtdjcsh7dSfDD,0.349549500467
pMj5CQ2qUCkxsqsuFW6qFfAyKiLYSbPBJMZPBLWp8vHhm4K,0.022985749998
tWZ3JTtxpexf2ysUPLQfEb2dfSmPHcpvN4E95evPJJuh9aG,0.847933563905
rS9vBBgUBeiSYECjiRRcF24NsLz3qxarK9bMhxPf7vJJbYD,0.031933839997
pz5gGLokmNcKRU6A9GWiKTcavrCiUcKPUSTDCtBQcKHjn1V,0.02095625999
pQMoRGzc55yLyJAgBiWVdDWXss6BM76Qbz6dfAXcjyTdLYs,0.020954069993
rAQNHzd71MobswFakLq6t4f86tMwLPhonj8r1wn7TVp5TB1,0.020955159991
oiZVd7UcZWzy4TbmPruUdcRS5Zntu83Mqu8uHSj8SWRuUTi,0.020952969994
pQXLvTNeZtJiTCc8XnR78XtZ6kggEiNmtubc7matTnGTrhH,0.020951879996
pdH6XwQBkgPS1v3GQLCWSq8EXbAZGistHiKUmpgHWWEVEjN,0.020950779997
phnviEni17Lifuj2h2MQdGuBVwgXWn1uqBiWKnQc3ULgrqb,0.020949689999
t4AHxGCVdx5LKHktvixvJVYDp3MDHT8uuWPriuhyYDLjA25,0.020948589986
tLdB5wTWYkTcensxwWsL3RdMeqBmCudq8FpVaqtFC2GUyUT,0.04376501
snqUeGGD2253pcRYgYtLPrbTiduBpRr7GMoChXcxe51kMbS,0.808101951854
tn9BnjLMTVWMkcHHNjR4Vy4pR2VHFQCLU6wcVKkFHkbm7d5,0.022825166053
ri3UbupFSo3dznA55NEVonDxwfyN2hW9dJ9tJ2mvRLapnCn,0.022829365278
qfv1pxxp9GDMACpVmixWuVSLUZ7pVd2PDid5fSUJdzVrqpr,0.004214869996
ry6zpi5vaHnaUGNANcjgGcPUwhKgUrkf8h6NCc6U9miUEJg,0.026351809983
sUYVdhqPKAfPEaPbFwc614UUZkRSbx5VtX5QhSSeeh15tM8,0.074724869991
rvffB3YZ2DVTNp83TVJtj9ufRETQtnKDtgYopDWMgsHYSwR,0.05266016
pojZx88cmNFwFS5Sf8dApnyv1JAsYTWnTA7LNmYjbLUzd47,0.09366254
pDJx656A4TYeJvDvGhMiNVoWskncqii4mVQxyhE8TTFEPdV,0.030699999999
q7skaBqrhxj3yXmHGrhr7T4kojdC1Bc599JBAE2zfxDG5nZ,3.703158151408
tYtLrSb5E8az7nsuLiyLx5vS3zmx1tJpb6EpXMWdXkvW5pp,0.097627169349
tezgMvm9ek6dc2stxoUFt1GWxqRKaum1DhsnJeNBtfPHyoh,1.97162643
skWLhTcLuKsnFEgZ3QjBpbQzxTjwhbAKwAADAVhHionRWMD,0.067788480942
sRqSotJm7dc2sb2bcuk1UeQ3RcN3ohG45hF86tmEYy5TC9L,0.005373440208
rJHecYaHLpDqRJBwZyMiRL7axHwo6LXJPmQfA1z3ZMXEMpQ,1.213152547072
rk7BV2F1r9Wd4FStfG3eXvcLwJeRXjLod7iamy7o5Ngv1Qk,0.020198619999
pzLkSvXsqwFqM5ezryqM2aN6mKodYoMvhJHrvbZhvdJKV8V,0.249670934789
sRNNAajnpwbDxr2dKbJxxQbM2z2k56Y9y9mwjPy8kwWkkF6,0.887361437135
p2nptsVB1m4hzY2D4MQTVKZe5Vx9Pdjg4V7rUW3ejKmgXWz,1.027916205732
qnwiNuS3L17jCRbUgxWJJ2dXudCDrXsfkzJPbP3JRnK6cZS,0.021067379998
oa3aRfay5RrVahC7MdstFqa78bRb69GdrVzmER9dNESv3of,0.931115911605
ty5RUEH38ZiF2Qq9swwYpf6McB7nhcg8dxS1hGScRgnum6k,0.442128893306
ozKJgZXv2UGxpznum6yYZiEAMFaWJtT4c14c5PkdWFrmFzW,0.047895389996
tghTswBbkiMJuSiiXEe68H8Y8C8RMjTb9wPkwJPGcLcEMrZ,0.025773666219
oabAr98nTsS8XrWhT5jvo637RZS8xvXeN798Txs7dwgrFJL,0.006186019084
qFcktWgUj9PvoZTQGxKSrcPjyQTCzD4DcSmne8byZzvyW5v,0.08784751
ouMnw9vbmrQU4MCQkRrMDgXSZvzQDXzPJnasoAYqdn3FC6q,0.087773484115
sZvVypeqSeAoR1bpzMPw3johZkdeH145P86dX21mR8iaEBC,0.021986459996
sRHQv3QG8eArtnqeHyHZR9v3HY7QQbq9n9QPyyAP3k4gmf5,0.051176344287
qATyCebWSpJyR8NaNM9YVN2bGo3ufkjboaoaJiWU1sw8cYy,0.05266016
oaXi4ErLGaSVcdDTPTjDPqsAjrqS5y9JWahsw1CFtiHHTjx,0.345540029989
sLAyDcUb7K8qftWPufXJssaxiEdrCs83FAA79TJhtECjDg5,0.004118760814
tL1h1UEBc8Jsjd3dMjiiYp4wxJLtgVwkY2SFeJ19vJqZ6iC,0.2296286
qA7inAxYFCN1M3kiuQx7pxV2hGaVVtzzfRZDMiNXU1HxBgB,0.09413171
sRiuphbScoDx4tGEWFpf85N4xurdJtCq6Y56DqXXbyHFjYe,1.499999999996
pLsA927s8Z48FDgyDcqQ86sPujjQkFPmVyzUFzPq1XutVgs,0.00299103
rXd7j7mx1KK5evCxWhbGqDoDaHXn3pcgGoCeJxTPEEuxrjn,0.021436959996
rhhjcroRminE7a6DCKkSZ9JuDbar6RuwwjJyPEaGsC33jWe,0.094533399991
ofFsAK7Y3FmZtn2LYY7vfgFyS3LXsptisu4Mobn6kqPn18M,0.279362298598
reT3W8ah54E7ezuxfsM1a2M2j9A2ZGdJpF1q73G2A98avTq,0.02192468
rh6eZBuosqvu9HNa7N5mqwMafpgsPTiopQj8z2QhM5Wt4bY,0.10029509
sEnfMWrBDemE53bkiXAkL2gVBCkmKLtczC2F9b8GVYP8Z6Q,0.021206889995
ri1chdtpsZZMwTncXME7XnZfTDtGtL8QbtdxYuEsYMmvjXe,0.021462449996
pJVvg6FHtUHEUttvBm3pRiWLXYyPUUyMgo5c9hTindDWVF8,0.160746429988
raJUTNVxpvatbPfmc7ZGcQuijdwyd7GgkTcDsBsQdyq2cEg,0.052655079989
u3b51eZ53tfL9m1P48G39ujzMWMkCq3iHT33wJ6htDzKMNx,0.020906891058
qDCqcmLWgBuVVTturaV6gSyoUQDrj6HxCBmsVgtuNHdiEyg,0.046859
qZhzv1Sf9YAiE6mtmDdP6jp6aCj3USKyfgDCiBNC3XrdFk6,0.057562269989
pqXzaNEARALz8hx74Uqh2AsD5PxuncCGDu4JJSimQ5k168r,0.19582815
skM4qvP1CKzJH2P7o4g4BcbXgj6c7zVced5s2p5nVtpw8G7,0.008428739996
oooZQ7pgBPugNC1ZMrdVyH5tbvDrFvPZZm4Vd2bVWvt7m6J,0.018999999999
tmrEG5WKk9HcwZhw7R4ANEtiVPT9Hgveixg8wcXZPkGQ5da,7.33207272
qhnuHLnVMD3ZfeEV5X3aLqEPvRrjnTLmm5Aj5tUG8UMc132,0.020211111111
rP3ZS2RXxDtqKRhLCNnx51hfwvBJ7PzpDdtuE41MkK7PC6G,12.14956481
tbUru3X6gVCrZaqY64vgsu4oLucnJLpDnDxuUexxAkaoxbx,0.44737625
qvicrQL1dgpvZc4vzeuvvPSP8zEYMGV9vEPy88JywjHGhER,0.023380639999
ro3M6NcszMzmWAZDFLT6A5cKQagEWBfTq6eoaZP1NAef5Mt,0.040899999999
tjvfiVPJgYj2711dQKL6zgGZMJQ95HNgDUspKg5mc4kdi6j,2.77439418
r5WWppuRY3HfQ7MSuK8CRtXgGUHU771NBZAinbA7UMnzK7Q,0.02296828792
peyRt8P5RJ8TcQVF1LoxwaobeSHDjuzzPpxneg1k5Tt6Y5H,0.027329769982
oYhLxWUhTqpvifAvwuhEqojTsin2z1831jCBpuEehq98NGX,0.021071069989
oSGBr5R6SD2zfn1KAMbJ1FuGd1mYnUBAcVuKdP6ATQhs3nY,0.02349022
rDQ166tM9dGvC3qUNq3Tm66C2T6j8YKkRfPNAhbTmcJSezk,0.003493394378
tHgxBi6vaC7eoNxefMuWsQRMS8sqjYXr5Dj4Ra6t8cj9wbL,0.04407537
rRpePhukpBMgmMFaC3Vg1L7xhghcXs14ZMFYHmuzNy8P1xg,0.026315319992
snGXFBPFY5bR7jKpAM8M3FP3d5dk7SJjHofyFsrjSbTZiUa,0.07479705
tBogvEj9Cb6TcLMcyJhM9E99c7wgScMCAutJCZ9QUnjHkmv,0.09970734
qjwyteFDSaGyQqWWDnCuAYgqHeagvZNBjHojkyocFW5mgRS,0.00466583998
qVQhwMZKxtmtbTfV78era4QZvxRLgHiMGT5UAGGk5XpVDgF,0.02477828
sJ1pSeZjVnJoiJpSkyiCYJPe3xeA8goShYtVGUotfJpPxVN,0.025011639985
rndJ5QvjRUBDtdgNVSLD2jm97PMMmX2SKWXCRmWJMySP3BL,0.09410108
rnrZbNwjs9zm6d1inbkLiv6r5G8e1DTPGKn3bx5yCtsLQXc,0.128382389991
sWkxuzxazCXAWAFgfUu6MUK3PTrisZ1thyPd58tP1iAeBYc,0.256570779986
rLvtFjTVnodByn2ZxsxHmyeR53CCbwVsuBPiXyd38ysFBm6,0.08781319
owCqjUSFeSta7THBwnRtZ1vDgkgE1QCgGndRng4B8Q5X4y1,0.09488583
sRbHN5SsN87HvWCZ7U2XGTyski2QPWXT6wrAMMBS3EjjnLm,0.021801789987
oaCTMSSuxSKHKoPDGJzoruHMYQFhEgFEVtLvnYq62UE2DxQ,0.030428995337
pPhrEfT9XF3YeYfY9QFrBAZVLZNjtfgM1yPa7poEWo4H3Zg,0.056059999998
q4nRUmo8xkoMKaRd5xwZjbBnk629j5PTpxrKY1dUtA2JTUM,0.339198169982
pCj5hGBCdStKTaf4LuzELtKwV45ExmmZjWbx94jxr8Gc3ef,0.101523239986
qF9bBPA8CfkwE2YcTt866V35XtpQhXguUUVQh2ZQsnAt4js,3.642466789986
pStdEtAxQHirvTZDE8CeDRmMcRM4cCa44Wgpf2tso3Ado7L,0.041941539992
tcPsRZvj8TK9FRfDZwmrmbvEzmGAAkUrduowwW6DKcUVSMn,0.04410109
s1e58PC7UBf2ihUXcVEKM58RbpgVTbGoMy4zHBdvNwY3JLa,0.021787199988
tZcAgHsXA8zqZ3LZcF6eowbH9qZtM41UNe9XLvBMMGx4Bbq,0.391923297362
qSmRgKRMBpGThoPSq9FXA3hKwwV7Cu88vpd58kDPK2Jj2My,0.027476339546
thJLjT2hWHJVUPZqLnHytiRAURQ9A8ixR7QipFDGFaoLrnc,0.099108149994
sCHv7y2bfuS6cwxfvhbjeGV8f5StWTAM5a6gJ2QfgirssQe,0.031926759979
teEjg75JGFqFeJV34AYuyEULKFQmqbutzqP7CdqGkgiKm5v,0.021480839995
sjzGASw68GPeF7xwYz8K979y1zTgQur1h6tuAhQ55KQty8E,0.307617961133
p5uvi8V6gPTk3Cz9425KxqikbzvrCsRMhRcGbCLtXmGTo66,0.884847502371
pyQJA5juGPh36NUSN6RBC5TgtW1b1Ca8hFrPnnKcSv9tpYV,0.022799969993
tbFYdhYGXnY4E7JtbtDtJknzP1RsUX65W1PjDrFYdLWDnCp,0.006189360406
pu3KU5ZdQDF58V3DrXZ6mSHKNZQZg6FZu6u8Ag53DERxuEB,0.023972639987
syDgMsWLK8SH9jggjCogK3QaNyovEg2dEA3A5Zwp4cvTxTF,0.07579463
tewBoWf5VDsj9crY6FEA2M9VjaPejcnBZW77Lazn4PN9smv,0.017125463259
paEQTg1yyTkwwpt62eJdrHaK2WbCEkyrmP7icdSyP5pNyc9,0.425840289999
qi4zCibiFJXjykcBayUij2n9LcBwMRUoSTsd2ZHdJvLNyAL,0.020961275212
p2crt1pY3uzM5LrmHXDwZtqcLntB9UtbG4XEiBAGUzKDfpG,0.025004599984
qhMXYTner12MHRRiGxVoo7V9h5p3177fefkyqEZ3vFbes7z,0.021554439999
tj4sKw6uGVucSfEiGwACUahPYCToi6LJr39cJNVeMvUFxbc,0.033902312747
qk6rctWojMNNHaYsMBRaAacgMUuwLKJwnYE6Y4NELjWaVc3,0.16665033
r9fHGhT19t8QUSLc2bHhQtH2tLXkxGzY1pLnFpAbGUisZNa,0.654460763997
sjmDp6BFGXRCEL96PBVyXsxBGWpVAw8J1vKtMAP5nhJSqHe,0.577088799556
sZH11nKM2fihotLJnsTic8F8Rq6HttUG35NjC56f5E5F1UA,1.11478336377
pkuWPTotWkKXYvY2RKSGyT6Xs6yxQ3qbPzRPvt9HzEoeLAg,0.017296740562
qDWhfQ3FU4C7a5JQVqaYhDj3m4EHV39JGEwdu7pJ9Z2yUMq,0.23624471
qfKyyHHQPokEXSURrtVYdfixjmrGa2pE9RAouGZf66H96fD,0.552073849785
u1EXm59vHgXHv8v2Ypx1NCTJeyhCvSRtSCvq1KK69mMG29q,0.028384889993
pvp6UDmfHgySnoQdMKL4QGs9pU4spL5zkcF6AHCEHScL5GF,0.09103589
tC8PUSzmpoGiJMmsn95ZCFGxvTrdv5E87Zfqb3KuShmXGro,0.000171254632
u3mh91Xk6oEGsoGzrBeLx3Z3BPFGKSAKjfkopHPFg4ySNXT,0.000171254632
qaVEgEbiMdRzVogBhG48pDqYL4M3bDSjMxogSTufrPwgNPJ,0.021003479999
rJAYvrJVox5wbCUQRCYtnno2USTKMf5d8Je8rGvbsa39z5A,0.021004579995
pKG2M1TxaWF6dGNa1tvuQcbh7ieSbcA8gCC4NNoPxsMM6Dq,0.021005679991
piU2VgNGQCJo8U7zrFDyKdLNqaJhoTNtzEHux3VVGoHyTeY,0.021006779986
odUgZrzcQwn2znfy6kviYqbtqVytoeZtk61bpvCgpT6hv8C,0.021007879996
qaJUPSWCJBQa7nYDsSqRbKVAnftZK2poHAYyCSrB1pdgAvp,0.16269808
sNt38FNpZyEr2wLoc9CWvw62kAK1h6LdfMPLRRUSfQxpixL,0.049860597022
pi7uRHu1GLTFQygf2GCHz8ysPoHYMBTpDz4r4EnQQTxzjAF,0.04749092
sgudG3eZmKxztX35ieS7keUzygWVJydYXwv9m5SazhdSJ6m,0.04158785
rWjbYzUzbKf84kcr6TjqtREQNW373nF2sfuhjREqj7utUuc,0.052015949164
sgu1Ks3ry2SzjTAnjrHwYFR6EAGh4jaYyTHQk4HUNRVaYHo,0.214787446544
pQ1LGiv43mCnHXavXiYJHRiqShjxbH5dJz4uW2JxC5WFPCv,0.19965903
sHWPcrgXa7FviVJpBCkSnjmzzosASa1EH187vmGk6TaXLuZ,0.021515159989
s7jiVirGJmH6J8sUiRfzErQMhJ4HXckV1AakqGGsxs9xrzX,0.09307351
qtbWpa9MLond33XnP4aJfvEP6iWeqwHPax2uf6tdy55q9Vj,0.026924089982
papv3RgYmcmDFEmqMJcwCJSwa5GKB3sug3SFTUqrA2rqha7,0.021069599996
sehU6viXJatLTQ3hvnAupH128puPjfddTpBDQVqtVQRauVY,0.01236245
pazGvozeEQmEcsP78nZsDBaz4jvdfk9i4Cqf1GbpwMd1thE,0.02243825
pohoRrG6ZS2KTGqzjPkUWeAKD95r8gWrUssZ9cy7hN7uK8d,0.021062959992
tmg4HXx2GScYbZSMQPK1iXXFksrQCNZXnYVfh89MptnjjaE,0.04207807
qkmNNSSpH1tcAQ6FNYPRJTpmC6UScXM7b1ss1aH57pAHkWp,0.021075799986
oMzbgU3EMydrUAHtoenBvNhzPPeiHE7kDFQNKRTAxm2d5Dx,0.021782279989
qagghtH19T3P9MhNz1DLFhqJTXVvHW3aRHzrJwpDiAbrj5p,0.008545821096
okoueavxzTKeRid3EPxVhGJDBzyaWhTwrhyax9E7LwTewcg,0.021079489991
u3gTNYhjR6EPx5eccBF49k25ofKgEKicgi3fGgqwwXApsom,0.01096753
rhoDDbHZR3L8dkneGLQt14ShhScqTxJGmc5euEfyRyvwNgp,0.82132551
odZ4KmTKhckbpvxBhv8qnxsYukRoAAEfuwzjuKbPHCx4zsy,0.007023439996
s9yJ4Pc76PzPT2bMmNotVHfFRCRaEDrLrDaeVn3fnFRnkvX,0.425192699989
raA6knE6Gw2D8DZ5viCcdX4Km6NKvZUNTAW3jYMfLRr7DFw,5.140419016153
tiyUNk3GhLAuDxiJibikwpNymSy1kTWaZizUChCqrbe5x4n,0.02008565999
s7NTXYvzq8YKSdnfzAUPXT7h7nJZYy65zzWXJRW5Jzbk3vo,0.021777479985
reooprVST6menh4kZmYgkPnRT7Q6JuTNcPQZjauyeTAYbEA,0.160524099997
r2P6PRc7SgPAirkotpcMDaYuFCPp6569dGeQnaJ148LDjwS,1.49374112
r1jfUDuyeUifWGGWJhM3gRkfMNb6s8yUEn1s5yzJpQKq2dW,0.04392351
u4TYANkCpDYkSqZumMD68HxSisdKPHe1Q7xLEmEfjrSej4y,0.510535608259
tKT7C8NSmSEshQoWNAvzeu6h7NvmQ5icEzFa6oEd73BsuuC,1.701836105745
qfuMx21j4wTL3fTtwGFq4urphJqxTjPap64HM5RnfraBEoi,0.022399999999
tv4f9mb5UDi3Qeoc4uLmQS6yoNE15dWma1enR3cNrv21h1Q,0.039666629372
qFTmrqdx3DvBfjPECBjdCR1qahWEchBj4YGfTmvV52MJ2dg,0.020112559999
rcRNcXNXaBVRPEcudFzELo9sWbpCLEASaH7zfz9Z5yMRRQa,0.067641496203
orW3gKVLKdhHUFCFbomwfa4z5kQMNgvSUs5wAZWo4WZznRR,0.01770757
tHU87paXtY7dMyyCt6n5hynfuqqq6JmxRxz5UvuS2XPgs3G,0.022956269985
t6fTQFDyvwXKKXGTf1XNS116iSkL5iqZAckrzuKs4LW7hwR,0.021363519993
rLX5CQM17FpHVcW4QijSt5UUq7AEfXTJ85P56G7D8A8RA92,0.097519629989
qwLfZiire581rDQVMaJBedfjZSkZJHtt3aa9gsYWVgmP3N4,0.012351449984
poJVeCoFxxUkM19fwekRxhzTXDf24ZMC42JC2v1cCADaSmb,0.020077939997
rjmcxVPnjie76bPFkQXsFfUPQJ3C5c9XHnonSeoUcHN36YP,0.04341162
tqEJBDGXHBrgwEcGomX6RL6wTWwH5SzfYEMcugT4bFkwHzY,0.029999999999
r278JtqbRNAvVRtUeBuHaLFupY8Y1vHBNk5jC2n1JVinkQs,0.006849749997
tdnUxuYaHssKY9M9R3kEj7YUWzh72G2Z7ayx5aMJkfwdFQU,0.056127689991
qWznvTG5YsCamotsHZJexf1zXeknwqNaf9DF3H21DYEfZuu,0.021814659992
tgZNku66o2UcfmaduTWhdbt84SKs3VztFy4jJdVVxC6U1v8,0.031464569996
pZt4RqKyF1rRSsvPxkJmiySge2djiv9tQxJb1R6UUN76aiS,0.08314675
tjmQuhshrdN2mzihzQ3BhfgC1RiCBwD98Hyv2m3cYeo3CQK,0.041724299992
oufkd5WG2SrqTxCvWeWXQ4mKpQ4xJTuWxFyMWBH5PjC8nr7,0.381101793319
rkKXUYNGzJFpjXGjhVEezv8Yw5jeGrwh7g7ZDM6rzgvC59u,0.02492748
t4ZNwtj4AABuz9E7Y9f3M4N17WdxahYiun7nrt3ewWpRnw2,0.021699999999
tnScb7TRSWeuvkU7Aur6RN47kFa7VvXnsd3ZBgwfN38UdEj,0.022651449987
ocuC8zrumazWPXWDLiomNtFPuzjDhyv2TsttZs1aQvwyJnn,0.334358819987
qFA7akL8dVQ9j8Ybu7sPWHLd2FpT321XJCa8Rw1nVuvCdoV,0.041777499228
sqonped4FTT4ZUyZjMTRqUjWaBczrzaHBjcX3MZtE2RQs7H,0.021068489995
pUumNsnCEYTfLstnRPiiT3ugTsDe1FRSkme9pWFVYJ3Jido,0.016968999999
pFUnxZtduEmADbDFqJcGGCMD4EwRjFam4Fe7HwniSZinmmP,0.0182695
pE13bz6oPr9GJpqxzcFoTSrK7kfeFNJfyeMP5Wwh2uTURBd,0.021059639995
tbvj4dPw5dpEh5upPCnUnNtEKe2LPN85u2kEyp2YViKLi2g,0.01235972
sRt6XFvYQG3g8fg3krARBpmpbMUakw8zgQSCRn7FhDjLomW,0.04345005
pLhNsUSP7kpP98fRUqJ925KZenr11Zo9pLBUTmQrkYurUnt,0.020996869997
tc5S8jFCqaguS4wYc8d6NczyxxGHdLchjEoHUQ24Tergci1,0.020994679994
r88NGyPyR8PvMi27ygQDd7cNzng4NXsEr5miR6qqYfiL2Uj,0.020990279987
svRrNyzYnfej4ZyaoejYBUZtDZEEoG9CnZ3peMXvN6rnjxx,0.020995769999
scCbL7ak9hjznra3vcSSf2b9iaWbEyL9EiE6kcSGFiQAM4i,0.020989179989
sh73byDgdFyQEeRcDig9vF2jeGZzkbfLe8rM7wkzhaQuFCB,0.020991379999
rUUXbYy1AdeSi75ZrKeYWwQ8W8pdfmEUa9GMWC5AdBEFNvA,0.020993579996
pVT2ns1R7uGHb7EHspDqWuUNzqu3RzQ3itLRiJPh9xgF1u1,0.020992479998
sbgXS6GHFFUZSQpkzVvPZXo32iXozfgKmypWW8JmCUkzM9y,0.28333439
oYGzB5Vo1e3FS5RiSSGofNYSFLpcKJedNKgLyixppgck8sH,0.073999999999
sqbAYUzCEzmZDnoQAAbGzjSxJmKgbcm3isootDYJdoGL83j,0.010315600676
omGkNTRCe2KgEHgLuhMssaxwyV7PvnLz7eUqDp1NNB6dVpF,0.056948551937
qCeTNeP4ytLBs6gYMALgzxQY8sEY4akQW7HJXeEx4pPhqy8,0.025599999999
pYM6REdq2ywcECoBKNHPfJ1VS4vvT6FGT3XZELZfFMFANw6,0.03198582999
s29pp7tkL1Bn2xQ8zG2PhLedXuEacrF6qBH9bZWkiSjUXfY,0.06120346
rbnsniGr8HejLzN8drHRbwDMs8NVzUtEJE1QgzE9XDjUsF2,0.1105314791
tBejzgb9swdgEFAbqRqn3B2KzwHB4R5gZyq9F5eYFqm6gcK,0.07610228
pQ62t46qDYRUGyu8cdi9bDkpnZKUM6MeZZe62tHJZyLqSPo,0.021541269986
rxvF2Ns6WRT1xZ1jFhy3AwhzvvjaS4bVmMgJbNLV9jKxWBW,0.021085329992
svriUUiUkN6HB4yYk9xZSnZ1wDR15KBcixT1rh7fg9pdWwN,1.999999999995
rw7zXba98WBRNhStCDfCADmV5QgwsZhHZh6uJME6YxfzzK5,0.021372569986
rksJrJ9Ys9TzC9H2w9VheS9Svm7uuDXBpHxMhSjP2vCwDj3,0.020950739986
qo2gY3tUnfzj4jYFbwrkU6XT2nbsWU2SCcAv4GRCj7SfX8K,0.021348819992
s7XXZTBwnjiozcTvwyecqSKs2ieTKa2D5STZqdpX3gGww3W,0.220819007372
qUUStFz7C9KnQbCivv8UAX3PqcXkAmZUEhWjBNc2bxEDLAk,0.02634416
qRpDNmnh5xJfUDsQhoQ3KhPUrRm8e77GNUB8JuDrrifWBUq,0.02991121
txbsh31cJJRjhgfFVUP28TD8VybTaZiTs3V6z3RzGE91cEo,0.006111098112
rCvAy1mMqDqmFiC2ryiaQNWbsLdTp1nvwJAuFXjeKgfFgNf,0.00509258176
oiFuxF9CtT79Gogs2sgdKw2LFsEbxbucTMCnjoFy89Bq35j,0.004074065408
rtUFzd57WT5yzWmn8DeKAU5mQzBMJM53r85MLzR6FfBfMRY,0.002037032704
tCkZesCYYR812oDFsNbUYxGeK5vK8oc4wTDn3y32qhyxwjJ,0.022687399998
oSYmJqXiUTB5Ei8jzQ3YsGS1Sb3d3iaQpfcbTsE1QZ6Bqvi,0.022369077162
tEsnN7gy51hv57LMUpjpK8DVt4GQjoTL6pKMpQMHHawAePs,0.566938269996
rJEoakH3osDJsoDskpCWydnyWu2ajFXQAZPGxzicg25LMUZ,0.07280192
ra5cBUz8Cova8uBjCpTYcLLiLi7M4QWYBc7Lzatbo79PLKp,0.022799974566
sygcua484qMdfDeCD1LLcks4eqqKnTW26a4oFeZL52faAog,0.015999999999
rckvxii6S7Hve8RimH7JUd8X5rKbXUkPGNT1sx5VqFaJ3E9,0.09407049
s7F8QxDCpHNgHTfxNdaNTkiMR7GdzweGvykpPfFajzNDtVv,0.79467253
sutexQMve6vJXV715n2hhAXJ5fxwsZNj3KjPYTjBVJ4wEHP,0.285
tZ8zJQxJPBkuxuzNrjNrWqn3WPk39PNo2aT1sRHeugd3dfu,0.076614529975
sLVvobP4gHNbEpkaERZvMXsHkzjmm41Kat1wzHeWqnQfmoJ,0.114783974314
rHMTb7yokYRkzvuA78quVqW5XMz23x85XYMrMru33fTpAVZ,0.031964529989
tZA3QC1oomogTcnraF53r1uBRsbyBFK6kPFLswzbLhWK61c,0.012333589987
sNsrSWocoMLMWSSqv7P2zXDQc7r4UBNnxf54Diy27sPkiEC,0.03073239998
rd1L7WhXGqr5ztNPsLo9HcKLoKzdQTh9pL2iFJGCQrsA9iA,0.004074065408
tW325ZFg8c6t7zyDy3uhMtenYT7SrRHEBJRCmbfh1A7EBzR,0.409434959985
sX99aiAzcdHCtd5kRJ3qca97FgmdDRdMqB7uGryXRpvKV6G,0.021106419992
rbp9JdhD5KrZZZaBGc6u6qRmGpMytEgySfCz8CXvf4juY4p,0.75068155
t6UFcqRiMQnhgpnRad2EmXsUfJTBHMC3mAxYt1rTVotxtMe,20.0
tiynF7jKdZEX75UrUjiX1BRyhuD7Vy2jwoPYqbPtZZLLUjz,0.023167639996
sKr27VZvLsFuWnBK4CT6Axe3bVZY3MnNptuRQsnjeHCyvM6,0.009999999999
rFoeW9eVjZMy7HSZeZXYmEjAtNDRYajGMj8UWbgiJuvdt4e,2.622062729987
rHtFj8LdrUpxeaFT2BsRgn58pwfVWw8GzfV3U6Fkc8Sg4pm,0.01595313
tpnJBcUdFFDm3mmnRMCd67rQ5ASYkKVpZarRik1ktnFiYUz,0.004672718213
sCm6GeHfEfgeSyWyL2HHVjtcbNreA4pnMhvhqte1nrrBBxJ,0.021096419993
pQRx8KsP3wgTqisapE1tutgZZR2tU3NJZcNSRFPKRTWi5Us,0.021362389993
qMWzAv3t57bmA8cuxrjTJZZmnrJdkYxQfTDW4QPBWCss6LZ,0.015109859987
qXhia9tatS6yYFTUgewwYKtZPt3bVeSU4xhg2HuggRNcM2k,0.028483000008
qoHPjXwZUraGKitVroHfQYPYPMg2DcHoTwjA3GZRLGhH81H,0.022783209958
r7xuhVSZBaP4Sp1DkULn7J5gpr3hoVRmoiZ9jcqdfn3juni,0.027005859987
oSFcE6x3jVm5KotFsDBHqN18HGMxqbtHRmLar3JMRMsFWA6,0.264059379986
ryJsy2GYU2XcTjc152fFNbi9d5xUA5cG1fRWSpHWsdJjPer,0.021368049988
qUNUdBYoqbRmeDXEoXrjMr3MYtdTD5bo4bUpju4FeHnm3Vo,0.020084559994
sUAtE8AZ4tzke5vE58euBTniDXyPFDNtf4nRudJ7woXyr6P,0.08786276
q7MoR4rreEGKema7LwdcRPuARJkQuqyh1CwAb2h76VsWh4r,0.11608353574
orsXhaw2A8j3Cp7brNHXnBTDdzJz4a5mkGENS667HbSWRjw,0.027412195643
qtyhFMKhjkbcsoAsDV7fB99df3qadMB2r8221Hqjm7LhzkW,0.021490629985
tpRdxFqMk9mAUoVojtuV6ttMCYeRunuCqCc53Z3p5JMZdGX,0.02110752999
seJHD1aFKzVmLBGEGJEFV2iZFscAaNNzgX2MqhTWbz3ApXA,0.051989879991
rRhqMhFyYrRvwUtAqUU3EmCX7bPy9ixo2zR2pQLJQQCBeq6,0.0697685
qUo1kwrEoVsrPir52CFHUHSB2mEA6us3L4VhuNnvFzGiK6K,0.099751458867
s9uajKV77EftSbucbyPYMjx2ARrpvFCBRywRnCAgcmD5FgV,0.04992249
pdCEAzWZGBsiJU3iDi1Sim3m9m2vip46vU2MrU4JbgpUB7A,0.09693764
oJoGCoCCR8UVrGDkfddLFLiwuoGvgCrHxzXe5DyJrgyopYP,0.21732536
rLUtY9s6jjisq2DtZWSvAHrAc5HUWkmVmXmxFhz9jSoFiTL,0.050121374646
tKnVp7Lqturvi2VXXwqfzeAhw8reWqDVNZ6LbsP1C3ufo47,0.031980009991
pMpG7ae293j8wfRJnkfDNd6qF8HRDCU3JJppU3hKPQiTnG6,0.399999999987
oK3sWtUZGSU6fzZjBxwy2NdQVNGEvNRU9o6kMUrNDU4gypk,2.626495057818
tRXHHf87g26BQPYSJ5D1ArVDQpAe75ZWfQdBiufVwCkTb3C,0.021804899999
pzBXYitCGk81GdCRqCDKSbG9jikoVttsRfD1eFfBnDuPXx1,0.012379704182
qX9M9T5DWv6psTrWyJtbQLQtzJeixgbVPGKFAtaXVv22oF9,0.000171254632
sBpweuKwZAYTL6Mx8zuvfqfAPKcKfBv5x4nhS8fNuyRGB7e,0.000171254632
t9n37YCD5BmoPQopFePHyU7BmrRKv3XXc2z1eXT3yQrfZSR,0.025699999999
tvYdBs2TRxn5QJr9tharS2NP73vf7ivkDzx2eF4agTyALgM,0.162335829986
pnpbigYQGA5iihmGFd5hT131xb4S213qAjbS77fPsu6yt7E,0.021163090872
sUdCMjfTZZg61ULdVF8GFrUC5VXHnAbLfwQL1NjhxWxE8bY,0.0162
pXyCGnHpZ3EVxax7iU4oDKMDYVXyNAoKADPSJK5tnQW5iHx,0.020942029998
p2FbrRo8erRTE8UXaX2mXMnu3jcy8pu55gWFg62AcuSwk2z,0.020946399994
sCNBGfAHwmbe2F93U7dJj8wmVa6d9hqM64qpm8rQ83WS4Uf,0.020944219987
pDtzrxU75onwYVqaeUnTYDXFmcKCU4JAsLmpmGi841UFzi3,0.020945309991
pm3QtYgyiRyGaaxNcEwaBScyBXD8N88vShhUM8KAR6FLv4z,0.020943119987
pSAgbmbfZri55ZnCzzCNVin7cLQrW2kzesGuDq66X8xM4GN,0.020939839994
oxH4kWjEQovm5NuRjZVmYQARsFgaHD491CHcNPkZUorQov3,0.02093874999
t9XowxnMDjPD7Ruh6QKTwHpoG4YnzRL4EA6dpKynSuCPNMG,0.020937649991
oMVACTVb9iKfQPrsKWVxzfgCuu8vKMwF2wp49fxwLJCoq8w,0.020640521361
rFLRieLDBJ62QC5t7L76B2EEYV9Lzp2FvCbtiKXrKQQMtku,0.03008679
phxZkMSBVDpNXp1KtYVAkgLeUNFTpAurNeBVBP4rEjz51cD,0.018745780328
p2X4ezFHXfnDn5zs967xiREEkrqxNcAabtkenSwproRZ1ed,0.021782339988
sTjBQrUsFAiH1DvBe6tKXdatWkCszqtbqsQaPJiUNTztz2X,0.021047479994
s1wFNHungR3Pkdsv5MamKvD1hUMdJRqRHeQjaBetvbCCpja,1.02453255
tf1tWz7oYQwedc6gnkHo28mPTNQA9cmLh5jiXQtRFb7Zupa,0.22338792
p2Ho2FEQC2dAPZBVFQkhL7nBpjtDdQVZGmmr2nsVTiahHv1,0.02991318
sRPiCMf4Hod1HN1v65TaN4R4cKNYy9ZFvvBequAyw4HeR4s,0.020860109255
qu4DiPPj9WUxFFHt6XZsxFbpiZZxbxE5AESEKTmxyZAQ2Up,0.02293311
rWeHjYJxHmuQX7LAJgLjagMUqRps6iUtQmrrAY6uitr7DDZ,0.05659647
tvidN87rtysk8Zs1vfempM4nH6weGA24JnGU1fVMFQ13hW1,0.016603974118
oRqQkqbTpCqGguPPkCccpumxxG6vT41g9ganWdtmDSoZLwL,0.020526627424
tbxngvM11dNuHY7iLDXkeEAPYAT5iCo3aK1GqvhRTGwgxDR,0.04584421
sHtRHjoH7HJ4gdefSmPQabxhZK5yz9UBZEaTKk6ZT7oALPq,0.033413786335
sEuzoRW24EzxdPnjYYVxn48Eh1zSMirkj56HCaY1QPLkq1J,0.026133857221
oN29jgaiXiCqHxjcbYP61DCELiyvj6fByDaNSog68DeTfAG,0.004272910548
q4hxr8ptZTE4Y6fFHfxwjXwNSPPupPrnzwFZ4JYxD5iQtBM,0.004097058483
pqfN2dRFuUa4Tag1x5Xw9PDfQgV35nGUEabdw5sMReLDg6D,0.021015589986
ow4LJaKrNydai6uwcXPAagpgLwwFQDuRrJhJHj7hXej4gat,0.021013379992
t1XZycjoRRnMx3DAPeSbpd6JLqAn17e4YSFKVsHsKCdDckx,0.021016689996
p5kdv5LrE2Kg6WMheyUiECvdLrUQivUmvmJRbBsJySMYRqf,0.021017789993
t19ixbQYyA76dgnm8iqxZDWzGCWmgyttJrDWF3oQyQCfap8,0.02101448999
rV2hXXqAxLyRACkEjiWjbB332XxuvxahQ73psQkEfNtovi4,0.021012279996
qyzd3LLHKR7siYvDuenZ7cv6qDSQ1YH45BotySEi8WWqBTE,0.031992929987
owX4g9Wcvq8JDhYrDvxhbcH2SvVyN7CZgfy8Vf3BoXYA6Yi,0.016466779994
oV3H8cZvJ7qpbELDrpmoYyY7CZNEb43krj9YPfs19pkoCSW,0.061274649681
qfjK1de8fRHCgo7e2j2eMUnRmn3FS8bGCkYmH5wzmCAzfMN,0.021824229993
oftYW4C6a1AQ3TXjrk92QF9sF27Cb6WQbULGxKTCnyUic1r,0.020947499988
u1EgGWFYJ6dvujQ3T5KGPHNUqQNtmkeN7YwTLwkY39GwxVo,0.021796919995
qtWTdqBDBbaLSL7EuzMog1n1cVVADLfrHZMtw9DoQxgRuE8,0.021355599237
p5AbcZ8teLasvfhVPbz96USmmq1Lx8FXhcnHexmVqMAmNpL,0.021358999059
pB5hm854kAPxz9PTsVE99K3AnTskKXTTyGP7FcCxhF3V5JZ,0.021360129002
s9NvnrerCJvxjbWmFG98tiDQVXx8oh7jqvVGKYpHKrLtny3,0.021357859123
pfsHaPGKJXSUXGPWujgbW7gyxG1mA2jqmtkrCoTfL9afmWB,0.02135672918
rJM5akHNFgXYXzdb5fmjzqiCsPCYJUATmgQFQiQ8xZeBt5R,0.021353339366
r5Bq56Rf9znNoqaFxVywHXEKRG96GauskRsVqYf3FxierHx,0.001405329987
oXwVxaXq9VEDSDtwC82DGYhp6binfGgHCJeH11TQv3MFUSm,1.514785623846
smu2qAbYcY1eoASF3pxDQKaZPwdbokAxnHcMVoBUjZMXYsh,0.048460312114
tv4pRnht9UtUNoiWAmmXv2LWd2zEdUhUaGj81rqCvQ9J5AA,0.04028382
pALJpPaE93daxyJSm1iZjcPRRjaCdZp5ZjLkaDpZLG2vFGW,0.498023331699
pGHoz7vXs4LksBi5sjDphS8hw7w3N2oP9dCxzwDFfpS2SNq,0.019409828613
s7J9QFNC2VY5Ax93GBJhT7bhxkivU7bEr84mD1Z7tesvcM8,4.01109712
r4s2BkoMc7MZqNivgZsaTeNyRSzRXrUv3yAQ2MHDZFwxBj1,0.277359159997
s4ZdtozZQ7Nq9mkUGV2utuYNP9pucJZgEXGv6pNmvB7JqFZ,0.025934159997
rcds1C7NwAb1dnrS4k8PKNZ63Zhq68ikKVBkW5n1ePaNMTL,0.062036343043
qXBU3ruu9WV1aCkJYVfiTEMJ5UWqvDApz5G4efdDkxf7FVX,0.04723137
pmUYm5643xkw1cQ4EtaSGPfEaYDY4WnkWrT4WCM2xGZmFqY,0.198381808483
oa7ws7vskW5txMHGJWZAKazXeH2yRwxusMnQXMcJHHSnjsx,0.03077951
qPGuej2gNxX9bTqkH1hnf4RubbcW5WiAv8Qiy94JZ2z4E1x,0.012349919982
q7bd5nfWhNNv1RBYeSqfGw1mdxydiJNdTxjTvJ7TYbyW2y8,0.040799999999
rkXUfnY26T7479BUKQyQqfy8Qd98ALv5w56GaZuH3gne9DQ,0.021352207823
skNMJy91S4qLK2FNk1KYQE6sTD9J7hM1wA71M6KdLL6cRaL,0.020957359997
sbsFmQrAgz5QyrqZz8TbeQZa2jAbuDwxsZgUe6kqKqDDKLX,0.020967219999
pcUZM99LpAUgCVLEhUmfwMaf46dJq6n1bmXdUgnmzXWWZTy,0.020966119987
tpfyeo3HhNt2VhTkmsdnqgsTroF6wQ8TXmQhtAbVnRhnqi8,0.020965029994
qLTfs3eE3qcSjU8FXeuKxF2ka47Uh3c6YkHhKthSG2ngjFZ,0.020963929996
oYYehcXumi8PXT2mF9SBgcUCii18mMHXjiQXUENRE4XSeyJ,0.020962829998
tEm3dkypXR5tzYPioqWc2HhxEYABEWJQheKiPHgJhiaXgso,0.020961739992
rF26zot1XkjuH2fn9sHcNnRriHT3Hq31LmR8bD1wgaqBkS8,0.020959549988
q2FLGRFtVFvxaYUnwTuBZm7xezH3LrYQHtwoQbDgchaB9n2,0.02095844999
ptBs4vMpzphn9WEb3ioDRC5TyjGMDomGYQSfNAhbuy3Qx2x,0.0020393
pu1yxVcGEHpEjaRdXryGybiiuTQDAMvvM1CHNYsw1SH8ZRD,0.04
qPVa3hwZphcP1jWzvxFYcjZzsDCFMBdt6eEPKPH5ZgbzfSu,0.0402831573
qWuXXJHUZFytWn6uc5PvVmK1vKWYpYS4xHFcz6yLzRSC7zB,0.021349949998
svSLEgHLZbrzzdus4qUAm1jrS46bezxfZ9gP4TbGAcFiJUc,0.368402489996
seQhqgF8vvcwi7G4KVSY9tuMNAaeCaCimJWjs5urgPCK9eN,0.021011179999
pd7NK16gFP3en181KM9VTkfwKhMoXQzqK1J5BKByCeMTJpe,0.021008979993
qAqxs4vpjQjnVB8Y9aYhM9BtoDysH4puJijjUopPzXxFneG,0.021010079989
qsu9eQfwqy9P26CNZASdHoq7qcLJivWLwL1AEidHD5zJNnJ,0.27005043999
pD6Z6gp9H4M8YfpUvUVK2xBnFFmQ42wnS8Tx6AiMYX5PFKZ,0.019999999999
pviyruXC1417UwQKsAkmmXB8zGd4YtWrWaTxy5kQq6E3TPW,0.021098649997
oikUYud6CbMXGGAdhc7JiXtN26i4pwsDzTKT4EdPybYreNw,0.014490799997
pthgporZgBQb5qoNcRteoED3j9Z1bK9zEoiFV8hgFAbxzpJ,0.10985261
rU457SawYuz4UXHtWMs2Xip76Fz4pXeWGaEppdPwvbN73bu,0.01977413
oaFMGENQKADrR44vakL2Xp8XG6mzrtDSDfLpPYvajAHFk2y,0.001405349986
q5g1LDw58PF6gPU8m3A8MYq6Xy2jmvhwdqUzrCm33bf4Cci,0.001405339992
s9Yo1y4Byi5ZGT87SKbicStrPFMxXYWF1UWgf1i37wrdVQp,0.066489049991
tCg3Cv9tDExrVktrMEuRsn2vGtqB3D4NisVHrYSg6LxHxJx,0.024997399002
ouTmSmaboTb9MovdXAxwdZnrKCPhbQa9jgzrMFzQpkHTY5t,0.006846499987
oairG2VakwpSR2TH1B2jyHUwQpXpsF2ahT9edt8EM374iFD,0.023722709997
qtU9ec5EAHcawWoj4XyGV9F5rEBqSbKfV3C27nohidHnzet,0.02565495999
t1Df9FwHFY7VPKS2AXnmMgtB5D5DDFgNNGJ2BwgsuHUejDf,0.021093089996
pYAWp7QBG7PabCJev6MEhycCsY778eziFZbzMnLLTc9Dkgn,0.026321429994
pGAmK33KJEyibDaRMLABzVjLiB4T1mtYqHbiKzpusKydc3a,0.02137143999
tuSxHYJNuPHpopfiDhALiJmTMvL9mXFK11Um3Ns3kv1c2LE,0.057707949997
ofg74LvufJZZNCGmL37Kppsgs1FKJR6ZW3SEX1zDso4wXdn,0.017082759988
pQAkzL4m68cHK7TE4uzpZDvVXYyx7yH6i7TEy33T37oAMHc,12.14956482
rA2hcQ5AWZR4ypVNsNnXQmCz2T8ThQF4YZLYuo7SD4FqJTj,0.031754109992
qLkG773EyvAzEGM9SBd5oZMT35T27fvgxNKCv4rvYNtje4m,0.05143396
pDTwnbBRvCrZQpCAw7aKSrdcybchbZ8gzuy94zknXL6weG5,0.030517657529
qnmgMh5vK6eskuAiGD93TyrCewuAL5dzNSQeJomZrLgHGjX,0.03104021998
qFycWFoo7gkRTx9cWVX4naBdCAWffCJ9WRWpfTMDAR7zpfF,0.399999999989
sAUr36wyGZDt9VJxFGrwhA4vUMHCjRceTQRwKAHQBv4k2YH,1.341899999993
sfL2XQYL7z7JAUqnmWZDfwNMmd7h9W4gYdXRAYL24kvDPD4,0.008596201764
pDSHNRFThpTd2ppr3rdbYQLorsePRsd99b4Pm6ex7wLRQ1g,0.006447151323
qDNLzogXa7kFdMtUr76M1TqnZJK4Eppv4GEm6UUSUSbGjqH,0.14423526
resxpKuZ39o5F3WpB6eYfxfoQBg5cJ72Y4DG8mZtiCbuDQu,0.31018474
qtgFL6qNPp2PMqu3ruxY6cyvn5Fzo9tf6ntVu5CABTAFkEj,0.014051149995
qWofapYY7JmJJkQz4xqU64GWGXgy6ffn8eRUgA1GrcCiQbC,0.05585636
qqT33FDEu46jG7BpyVozbzjY3KDH3xWEHmi4umdAuQrP4u6,0.021816349987
phcDeB9n1ENbXFDpDgsVtWfwsAi8TwcBJ8ghgC4sEAARjPb,0.020879738491
rEtDCgsCK8rK4gs7Koxqnbxx4sRksSmvGGuYGWvPijsw4Db,0.025999999999
qiASNm4DuVwPdPE3dWAZrDRJo4EjLhhgtfUvSw9XjfcbCr1,0.014499999994
tHqNPbNnYudcCdu4FJS1PytM8z94zuawXhvoGeZXEJfZwTE,0.021105309999
shZMNv5X3wZ3ToiPHMSivgeBzVogjga7NuuW8X3NnwJrCgJ,0.017829635084
oixSxEUigWWEzU9tLZdYqT4f21MkHFW7H91vWNshaeGaaWk,0.08779427
qaa8fXmU1u8LrUyco8y5Frj94Eftop9wdHkGhGzsQ6jc8ib,0.007025019997
poQXPp9xUYMTPsUk1S2uDnhpFmnDF3e4aS7GviFsHeF5tAt,0.007024889998
s71RzUpncTDvP6ptcoCw7foJKcH9dbRgg9dZyPCiWpv28WB,0.161353415315
r4juxva7W6va6XECDttbUYMhuhYZRA5JtnKyUVqa1WBgSgX,0.004097350977
rtMxyV6Z1zidr88CLeFfGoJg8xWRqSU6oVTc13qSWBeFPgR,0.022964519988
rCt3NWEUVDtbRBJ67ZW12xSo59pP3mNFepgbsqfbb86xWWe,0.022174731985
sZM22AZg6xjwxrovT944Fc8biX6YFbCmbNSErJMptkhuZr9,0.249537180931
sxdyrwLWR62gkVhRHr1ZxTwk1EUMqSzfsFqVMuLXKYem3i2,0.012290617135
q7eTxRgvFKo76QQRtsPXmTx5aD1mf2fU5y4NvUvVitfuKjc,0.015499999999
qCn7FRoNisFeCK3r73Cpt3u5saeCpMomjzSsn4zaysToRqC,0.05281966
pJuzT6e8YoyyBKQ5jWBdDxHGpQRvqybHgFjWSy2iQTycCFS,0.021101979996
rcopwAKKdh6Ei5RVR3igqajUBV7hA9zbSmkzGg1MYSiwPN2,0.035945672304
oTLyh8BgRNu8yzsSHak7XHLb3VZhzvxSYAFedmYXQmSnGHQ,0.13991292
oKJm5s8znVtnf9kEAASUbFSbkbrqBAZ5Bsmp3tDJqfAN2sC,0.006409365822
sunLBaMxZ5u1bVfauDtvT7ncvK3f8wWsVHbwBHpRqFQaaKG,0.006409365822
piR5iSM3xcuZ4oiMnXRkqyvM7UUs8RcB8UDYKDKxMV4AiTb,0.10672871
q4yXYKcxsHVGPkd8rzuKH2Ps1XtYY6fi43LocgsCi8YrZSB,7.169662020296
rHjZa59WZ3hsL4ULEAXgZAqsFqg8FByw3Z9b3d5YTFD2eiJ,0.021039739992
sCfp7HcGiK4UGFSYZfSqruT9CvPZ5knePfEmoB49BKrwi8r,0.024772210706
rHvcbgZLoU5sssEhi1E44vpYacpcE2znh4AZxmkChxMv2wn,0.026315889994
q8A3BcqtD2QT3NQAgNWh9isSuNXMDvrCDHX4mZgesYFPtey,0.021471062924
sjk6u3bj8rnfBWYmKQrqNqXCZxrjgSCZ3Y741ZzFt7oxQrc,0.25969863
tbS7GYw5jaYVCc2uj6fC5xxUdrYrvcRxd46AGR4pcZ4qU15,0.021094199992
txe4bZvWrARs2jDT2VeMKvK7wTTwKicuHs6N11F6nRq8haL,0.021095309994
teyhnPczgjzWiocYdkXyu2T1qQjqYpdMkcjqW4ioYQJ5HHR,0.022808369999
qvRSx7Arv5iLvHz7qanNKz179ZrFSyCn5rsV9n5BB5b4K4F,0.06117002
teg8QVB2cofJAnUnr1TTtWtSA4r9Mge9hReuNcq1zS6J8bq,0.040799999999
r1pPZtP4uuMJtN5KQq2Wb4GU7QUAPU5BN9SjLZUTRFAK68u,0.020983689989
ocigVbAbs4MAy4otQNPF8QWRuuKctCau9ikrFYKseeqS8Qg,0.020979289993
ry5boR51HvsmPBRwxn5ZDzdnCP3ya2HZiX9TF1mR9irkB4G,0.02098258999
ozYEoRDX2M4UjcffaFTCpYvypn1iYTRnANNirLjSP9d7st4,0.020981489991
ryXznR95Bk8vvCVSe2uUT8VSGWoVMqrTHwUJzhBqwcxjdjG,0.020984779986
ooN4NZ8xqZzXEXd8ChsLZEFJuBu6mxey8CSMg5M1TsAD5WV,0.020980389992
qSARgDheESd3ANxwREFEAHdMBTyoyb7KpZNkBKVbro9rcuy,0.020985879999
oVbLFm3QmH56bqiYysoJPCccF9mdLbnLaeJG3FaawZ41Vxo,0.708526799986
pMAwRJSiBseVjbPDZ3C3dE6c9QCAoLbFZfrY1v69LvERiHB,0.109999999985
pAuJfMrGFs5isG55ybhKLph3kFxe26wm9Hn9a6ct3eHoRSW,0.021765000005
rTxjpBs82FokFFmBWYnmBr9d9XZGdV2HmAMVpnd9debXWVM,0.021097539987
qPkqGbZ6rE9uXkSfvLK2K6LGBRsSHy8KFpUhXH72qeJkbhP,0.021002369993
tKiDd8wCN9egYBJkFU7qqvmGma126Tp7ATpGnhP8EHy1MTV,0.021001269997
qAMsitzQFAvyzXFkiSU3P6vaZX4xo1jdViGYaGzL16P8hXq,0.021000169987
pkakUq6g1mBvz2hVtTGYf6L5Udgx1Ntcr956Fs3akCKqK46,0.020999069992
tU6PBZ9JyVTRwcTn5y7CWdSaGF2x7Yj1PquuHkRPqkg4gGD,0.020997969996
tKQEMmX8uRfQsztdPRhaQaLbTFvaLgsPK2qXPLuS8Tqaf6z,0.035099999999
sPHaUmBx22Ew1zLzm6UV4BPdEMCMpXALgrphPKC6Er2KeyL,0.017973539995
sZkwgFYSVpFGPaARRCjwdvG1eDcE77gNFEWRtCKYupQoG3T,0.025176835679
rfThTVEPY3kVqNPox8cBJagAnXpGBTEgX8aQAnj6GDX2LM1,0.01236108
oMBQ83LKEWPB6HUSD3Y2HkCdy6EQcuCPur2qy3Rwkkyj9Cd,0.022562603431
t1or6onSrXsfidxqcFxZa4H9sYXPDFsCUzX1oWYriGge119,1.324428803509
syT82ANBsBB89qThN2eSSbrud37YbiD3XMr9Boi5UjZiYBu,0.021072619997
r1dJBmxmAyWepo4oWYFLkQd6KGVE5Nqzi9JE5LY6Ezfiv62,0.030132948736
tjATT9AFeqiKLGPzRjHFEWdsxhWNtgp6czbgYhrVeNpWZnN,0.011821568457
tN94goNGqqUq4a9gX1wg1NW4iMi389U5Pb6hpyyKA3FYQFy,0.002149376083
pcpy2JTbaoviE1H33hGPBpCFaMMmQswfEqfTewEbaePUtjb,0.074658689987
tesvytpao6e1k7kaA4AK73iJZ2dvXnijGfhphQ4JrVw3M43,0.002001089992
qUtWKQaMq37YSoDLUMRZJQbL2Knj3zCgzWDNuNcdyrfjWDW,0.03117201
rtF9Tbk8zrwaAzwW9RUszGosQRWutsLhpzgSXNLACKAZG8Y,0.057585784304
so28ihYZgKEMZL59vqpbk2a8CBdmSNPmoVbpG7bU49onqnf,0.018394601447
sjLCDqhxLKwjsXzAS76VRqfDc2UHxsZU3o4QQupdTmXvy9c,0.023744869995
p2KqM1tSrdfQZTb6LU7PcVRw5NtgMhFVpjbiiF55q2oSbgz,1.000063269989
sZ8rrknZGVdTyvbg9BoFyvLiE61G7mvKqbRUzzHh22xjNc9,0.002048529241
qRrg3Mg2Jjdy95Qb9o5c48Wk6xa7HBQ94bYwQKeQrBUsLqU,0.0498606
oVxRKx6ithw1bFh2sqcFMzytHmcyHThjn5pq9zRXJVvsCor,0.274999999999
qJtogGVMPSJyrsjWUYtxXpQEpXBgcCdqJtM3fbEqDV7vqND,0.031965289987
sHj6ZqvoN2BGNHRpPP7jVjMkRHpmzMPXRCDLsWN53DCaem8,0.2497329
rcYGg6nyQNoGeH4CWvCKVuVKsFQTUaCtxYP1HuqZCnsusGj,0.02646870999
u4c5QkACXmEQVEwLYo18Dp77XztvxGE367LGGqgMLBvW7TD,0.032030279989
pVjGaD5NBgscqDAWZfq76xFLrNN99rkbPShsXRe3mgUx1ds,0.075706079986
qGKQe6YPFmqmcHQ1HFjZhZkRVoB5VrrMd5H7Q3cneqw3b5m,0.008545821096
p325eRBoAX8ZakoG78TM4W42pUGNbKFo4M3Fu1WrpFK9QcT,0.020872319994
tWrnNZQbvMfjjK8hjosBNg2ArXkxQEoAxyoMfFu1WcqgGCF,0.020917559991
pQPKNGAiZmux5Z8kD9QCbrdrtXWjf86MjVhjo6i8VTb7kJT,0.020914259991
sAMz9XgvWKRPAESCkU2usNPkgnsWHbyVbCZgWZFya5SqCCY,0.020910959991
qkJmqZ1JrXZhjoAui5AWSnePbMeQAyxyqLFWTMzwPSx7EMX,0.020907659991
qJUziWpnML56ywkGoamm2LoXy8UpsTX6hGTS6tM6QnSm3mN,0.020904359992
sCV6bhsuQVSqFSvNQL7cikLx44knVEX2T21wQ3c7KCvh4Fb,0.020894399994
r55jcNpSrKmbguTQTxC4oZnTMYdivQ2zTarc9Pkvv5qJMkh,0.020877839997
rcMpi39kSzayaiM8KtwWRS8qmz1LbazNAokjtZoz8RwnpHZ,0.025722829988
te6AR2pTKjZMLcy7bhjgXuYvpKDvENEW1Cb5GgnNi3uytFc,0.414494298904
qemwr6DuJYKcYTyWXGkDSPxLZtGBLNnEm363Y5R11SCt8qi,0.002084679995
sxg5uGQc1WxgwZhuY4egDEFHKqcZQTVTB1Z895LqhbrzuC4,0.07128745999
tNNf86xKynQ77f6fPCPpBLuAYbufeVubJPoonDHMRbfgMxE,0.085848709992
sX5ubJDTFFKP9UEMSKjz5zqLa52v4JVL97R82AXjuQGy49v,0.33444678
t1bmpNXA72RnVVYAiKqZjDtkuSjSdY4RFjPqNwEj2jwVWQh,0.031978449999
qokKd2JENgVfT8yEACuEbchUgtbTHPuoJYyF7yacw3RujD2,0.05938173
p8ZLUekU9EhuUgXv3Ac1KGmc4wWHVeno1mUt83QF4mxN8zX,0.41731291
oVdcVpDVjVrGM3SUtacWVqHHKpmBP5cQUqmT7BPnpavv9Do,0.021100869988
tnnit5j6YtXa9mzNYMfmrCPSv836FBgXK8AD4vUbhZPDBq5,0.032902569986
rckmeBY7yJZ8G4w9THW5yTtkNCqjYoEY7u8VFYH86auhCGL,12.187827059992
qwMtPxdDCk89mmb3PC84VaS23AaP5BUZDf6GB5ZLsYtprTV,6.0579797
ofMY3AWHHBMHg9wbkk8TsMtafh5M8xQTMgNFgH5sTTA5vT4,0.24131843
oXxnrCnFmJkmeGp45196nKmb3TJZoEaP1raQZCuNyJvCwjV,0.044548116898
qUShcoruszHiPFmZBEwfG1eXK8CwFn1iYbP8FGshLzkSbWG,0.004097058483
qcvXd4tv17xpYzPGKMMNRuQ8Zirq3iR53b3VSpaFroc1sw1,0.127172839997
tgTUM2La7uYwGeEu3JsfJ8dxNSKhzMGQ31AKHLQ1utSAL9K,0.026404222968
r2skpvtXr8nWbQU4Dz8kYnfHZ3TNoEMU6RSChZXb8YNVjLY,0.026389629986
qhc6fWbVFg5Aug12DY75Vzjoqj3moMn8mXc1hzpEaUdAC9Y,0.021066279992
