oa3aRfay5RrVahC7MdstFqa78bRb69GdrVzmER9dNESv3of,2022-03-11
oa3aRfay5RrVahC7MdstFqa78bRb69GdrVzmER9dNESv3of,2022-03-23
oa3aRfay5RrVahC7MdstFqa78bRb69GdrVzmER9dNESv3of,2022-03-26
oa3aRfay5RrVahC7MdstFqa78bRb69GdrVzmER9dNESv3of,2022-03-29
oa3aRfay5RrVahC7MdstFqa78bRb69GdrVzmER9dNESv3of,2022-03-30
oa3aRfay5RrVahC7MdstFqa78bRb69GdrVzmER9dNESv3of,2022-04-03
oa4Nn3BCi5UKSgxjo2Wr8B7e4Y3mBGNhTuCDzkdcBV4Cisf,2022-04-10
oa7ws7vskW5txMHGJWZAKazXeH2yRwxusMnQXMcJHHSnjsx,2022-03-28
oa8tsQqKdcLXfCQT2JNf4JCovsBq9WXysJ3VF8GXHQmGCTS,2022-04-05
oabAr98nTsS8XrWhT5jvo637RZS8xvXeN798Txs7dwgrFJL,2022-03-12
oabAr98nTsS8XrWhT5jvo637RZS8xvXeN798Txs7dwgrFJL,2022-03-28
oaCTMSSuxSKHKoPDGJzoruHMYQFhEgFEVtLvnYq62UE2DxQ,2022-03-28
oacUKf6CU5ZGrBAVUCPgmcajbH6jQwy7wmazNmJmxUePjbR,2022-03-27
oaFMGENQKADrR44vakL2Xp8XG6mzrtDSDfLpPYvajAHFk2y,2022-04-09
oairG2VakwpSR2TH1B2jyHUwQpXpsF2ahT9edt8EM374iFD,2022-04-03
oasjEt8EJnpUgnqZ8aXGiJkB5HdZZZFfBwnxGEp8TNrvoax,2022-03-14
oasjEt8EJnpUgnqZ8aXGiJkB5HdZZZFfBwnxGEp8TNrvoax,2022-04-09
oaXi4ErLGaSVcdDTPTjDPqsAjrqS5y9JWahsw1CFtiHHTjx,2022-03-23
oaXi4ErLGaSVcdDTPTjDPqsAjrqS5y9JWahsw1CFtiHHTjx,2022-03-28
ocigVbAbs4MAy4otQNPF8QWRuuKctCau9ikrFYKseeqS8Qg,2022-04-10
ocuC8zrumazWPXWDLiomNtFPuzjDhyv2TsttZs1aQvwyJnn,2022-03-29
ocz47tzXQqHb8bKKsi3JHt9V2uvVZQZTJ8ekyLVJrcfw6Ki,2022-03-11
od2eRsRUvgCSv21rUrXR7AHmKRmJSgzLedM8xoMQ4JJo2ne,2022-03-27
odAJ6rKyv8viLywUdhVSYeDRsi4g7Fp3qmkyuEQbmDUi9N8,2022-04-09
odUgZrzcQwn2znfy6kviYqbtqVytoeZtk61bpvCgpT6hv8C,2022-04-10
odZ4KmTKhckbpvxBhv8qnxsYukRoAAEfuwzjuKbPHCx4zsy,2022-03-13
odZ4KmTKhckbpvxBhv8qnxsYukRoAAEfuwzjuKbPHCx4zsy,2022-04-09
ofFsAK7Y3FmZtn2LYY7vfgFyS3LXsptisu4Mobn6kqPn18M,2022-03-09
ofFsAK7Y3FmZtn2LYY7vfgFyS3LXsptisu4Mobn6kqPn18M,2022-03-23
ofFsAK7Y3FmZtn2LYY7vfgFyS3LXsptisu4Mobn6kqPn18M,2022-03-26
ofFsAK7Y3FmZtn2LYY7vfgFyS3LXsptisu4Mobn6kqPn18M,2022-03-28
ofFsAK7Y3FmZtn2LYY7vfgFyS3LXsptisu4Mobn6kqPn18M,2022-03-29
ofFsAK7Y3FmZtn2LYY7vfgFyS3LXsptisu4Mobn6kqPn18M,2022-03-30
ofMY3AWHHBMHg9wbkk8TsMtafh5M8xQTMgNFgH5sTTA5vT4,2022-03-11
ofMY3AWHHBMHg9wbkk8TsMtafh5M8xQTMgNFgH5sTTA5vT4,2022-03-24
oftYW4C6a1AQ3TXjrk92QF9sF27Cb6WQbULGxKTCnyUic1r,2022-04-10
oftZRkZ2wCv1cbL1po3Yzhc9chySs8umhEmGCidTApw6EeL,2022-03-25
og93xf4m21Mb5rJb92YwX1iZE5rGKAwbrFeGqtRD9G76Zb8,2022-03-23
oi35i3ZPxuzjAxiCg9tCaWm8Pqa28K29qHSSyNr5WMmQmLZ,2022-03-14
oi4hrNfRX1kYdpABabfKVRAokrjAFi9Qar35fEySkeyzQFP,2022-03-09
oi4hrNfRX1kYdpABabfKVRAokrjAFi9Qar35fEySkeyzQFP,2022-03-23
oiFuxF9CtT79Gogs2sgdKw2LFsEbxbucTMCnjoFy89Bq35j,2022-03-29
oiHkLRWpPRNqWGrMdP4xkhPvS1DUEEoMf4MCdjTi6PhHgfK,2022-03-10
oikUYud6CbMXGGAdhc7JiXtN26i4pwsDzTKT4EdPybYreNw,2022-03-24
oiMrN5qiAVd5uNA5U3Q2JvLurJSmjj24bGkfwqAkan79c9v,2022-03-25
oitqr8zA2FHgx6ZXJmvM5kfPe51Zrkm7xmMi2jQ1cvo91xT,2022-04-01
oiuLq8hZyubbdMjibcCtnQiYNCWRVESGG5WpL7eS5f1xkNJ,2022-03-24
oiWZxQ8Vdrxr8LPFyrYeH5VkNznS3dDVLteZMi15ak3jsnk,2022-03-13
oixSxEUigWWEzU9tLZdYqT4f21MkHFW7H91vWNshaeGaaWk,2022-03-12
oixSxEUigWWEzU9tLZdYqT4f21MkHFW7H91vWNshaeGaaWk,2022-03-23
oiZVd7UcZWzy4TbmPruUdcRS5Zntu83Mqu8uHSj8SWRuUTi,2022-04-10
oJaEKmeoZbsXBhpSvNPyh9MZmCEvRdq18RmuwVJsGLnJGGQ,2022-03-26
oJoGCoCCR8UVrGDkfddLFLiwuoGvgCrHxzXe5DyJrgyopYP,2022-03-23
oK3sWtUZGSU6fzZjBxwy2NdQVNGEvNRU9o6kMUrNDU4gypk,2022-03-08
oK3sWtUZGSU6fzZjBxwy2NdQVNGEvNRU9o6kMUrNDU4gypk,2022-03-23
oK3sWtUZGSU6fzZjBxwy2NdQVNGEvNRU9o6kMUrNDU4gypk,2022-03-24
oK3sWtUZGSU6fzZjBxwy2NdQVNGEvNRU9o6kMUrNDU4gypk,2022-03-29
oK728s6oPdyeLVLPiez5qZGyQmVf1uDXcEhvonMoya2r6X8,2022-03-12
okamEnkd6MV3Ld9NCk1EsT8RTnKbgGLkDZRQXY9fPx3KAHv,2022-03-17
oKEiq2AdVgHKSk2BCtM86n2LHizeKV8Fkf9yASvW55yUBYa,2022-03-09
oKEiq2AdVgHKSk2BCtM86n2LHizeKV8Fkf9yASvW55yUBYa,2022-03-17
oKEiq2AdVgHKSk2BCtM86n2LHizeKV8Fkf9yASvW55yUBYa,2022-04-12
oKJm5s8znVtnf9kEAASUbFSbkbrqBAZ5Bsmp3tDJqfAN2sC,2022-03-27
okoueavxzTKeRid3EPxVhGJDBzyaWhTwrhyax9E7LwTewcg,2022-04-09
omA26SXXHCNDQSV423otctxo7xFFmmCPodB6TYXhD4JuqqJ,2022-04-02
omAGXxVBfjNCLCqqoMJ1hBMzufXDzqnaG65dN6gjCyumDVU,2022-03-24
omAGXxVBfjNCLCqqoMJ1hBMzufXDzqnaG65dN6gjCyumDVU,2022-03-25
omAGXxVBfjNCLCqqoMJ1hBMzufXDzqnaG65dN6gjCyumDVU,2022-03-27
omAGXxVBfjNCLCqqoMJ1hBMzufXDzqnaG65dN6gjCyumDVU,2022-03-29
omAGXxVBfjNCLCqqoMJ1hBMzufXDzqnaG65dN6gjCyumDVU,2022-04-06
omAGXxVBfjNCLCqqoMJ1hBMzufXDzqnaG65dN6gjCyumDVU,2022-04-11
omAGXxVBfjNCLCqqoMJ1hBMzufXDzqnaG65dN6gjCyumDVU,2022-04-12
omAGXxVBfjNCLCqqoMJ1hBMzufXDzqnaG65dN6gjCyumDVU,2022-04-13
oMBQ83LKEWPB6HUSD3Y2HkCdy6EQcuCPur2qy3Rwkkyj9Cd,2022-03-24
omf3zeFrASXJZLdFKKZKLdfXE4NmxNyRb4gYKRUyYeCcdA3,2022-04-10
oMMZWKvMsrh4of4Mwh9pVgZLDHcLwFhK254pCjb3P3nXd8p,2022-03-24
oMrVQhBhLBsKXxZgnSSpJSb8eVmDGvg3PqzZJUsmNy2T1Qv,2022-03-23
oMVACTVb9iKfQPrsKWVxzfgCuu8vKMwF2wp49fxwLJCoq8w,2022-03-23
oMXGL7okdcJxSjyW9DDxiNqBHzWDz5zBnr6ymoq8YmZKAKW,2022-03-08
oMXGL7okdcJxSjyW9DDxiNqBHzWDz5zBnr6ymoq8YmZKAKW,2022-03-23
oMXGL7okdcJxSjyW9DDxiNqBHzWDz5zBnr6ymoq8YmZKAKW,2022-03-28
oMXGL7okdcJxSjyW9DDxiNqBHzWDz5zBnr6ymoq8YmZKAKW,2022-04-02
oMzbgU3EMydrUAHtoenBvNhzPPeiHE7kDFQNKRTAxm2d5Dx,2022-03-09
oMzbgU3EMydrUAHtoenBvNhzPPeiHE7kDFQNKRTAxm2d5Dx,2022-03-25
oN29jgaiXiCqHxjcbYP61DCELiyvj6fByDaNSog68DeTfAG,2022-03-27
ooBCmR1WabrdmgkXpK2juuJhLvM5q9f9hRjcBxu4wCPaEuH,2022-03-08
ooBCmR1WabrdmgkXpK2juuJhLvM5q9f9hRjcBxu4wCPaEuH,2022-03-09
ooBCmR1WabrdmgkXpK2juuJhLvM5q9f9hRjcBxu4wCPaEuH,2022-03-10
ooBCmR1WabrdmgkXpK2juuJhLvM5q9f9hRjcBxu4wCPaEuH,2022-03-29
ooBCmR1WabrdmgkXpK2juuJhLvM5q9f9hRjcBxu4wCPaEuH,2022-04-07
ooFCvF6YhyP1C1bqN9cLhk5s3yT2JModpzW51WpT1JBNjTs,2022-03-10
ooLJcKdW19XW4ude5tQL3CjnjB75zaJXFbzsAXUNhqaqjHd,2022-03-25
ooN4NZ8xqZzXEXd8ChsLZEFJuBu6mxey8CSMg5M1TsAD5WV,2022-04-10
oooZQ7pgBPugNC1ZMrdVyH5tbvDrFvPZZm4Vd2bVWvt7m6J,2022-04-07
ooRJX5ZUVYWtosfuRZApHLEJuCEAJoZoGruQVE1mcko7jZu,2022-03-14
op6h9ZeoD5dJKaQiTEhyxkgv2dvW11YMkrSuYK7cBYvFhcQ,2022-03-29
opD38vcEVzJ22z6hkPCemY9fxHTzUNGp11ZYL2eMRbhMgRN,2022-03-13
oPvRsj51KhaeURPZzPKqd8qPyrRoX6SrBD41JPC8FDuYYQA,2022-03-24
oPvRsj51KhaeURPZzPKqd8qPyrRoX6SrBD41JPC8FDuYYQA,2022-04-03
oQ8JkuL7cmAgpqsmPVjWbyTtHHwZXaWQegaebRF4CtxH87J,2022-03-31
oQDTqrE5vLVzSHtJVsNfWBzGj4q4nTWqMMxbp7VDGPKqnw3,2022-03-15
oQKoGvU9sNDtKh1v4cpPcbpsTw68UZwmhGZC7gJ9XeYuvWp,2022-03-09
oqmb723Qnk5K7DJxMMtD1PEVzhr4iLypgAEG2LnfWvbs6ZE,2022-03-08
oqmmf5NNLSDuBQB1CKWX4hxeuKwZGNvUkmmEh5oLUafQFes,2022-03-10
oraXR4dy2Y3XpRsfjoz6tfzZCmZWRYwgs2XWL1bbEurJzeZ,2022-04-06
orkqLbAe7qW2uQCsvU4s4AcWi84Skh77UKmcMQkmC7AJgDo,2022-03-25
orNzSPPrhVhcHzkG2HGBKHpkwT6QJnt932VsXkwRdcaJnfx,2022-03-23
orNzSPPrhVhcHzkG2HGBKHpkwT6QJnt932VsXkwRdcaJnfx,2022-03-29
orNzSPPrhVhcHzkG2HGBKHpkwT6QJnt932VsXkwRdcaJnfx,2022-03-31
orNzSPPrhVhcHzkG2HGBKHpkwT6QJnt932VsXkwRdcaJnfx,2022-04-02
orNzSPPrhVhcHzkG2HGBKHpkwT6QJnt932VsXkwRdcaJnfx,2022-04-10
oRqQkqbTpCqGguPPkCccpumxxG6vT41g9ganWdtmDSoZLwL,2022-03-24
orsXhaw2A8j3Cp7brNHXnBTDdzJz4a5mkGENS667HbSWRjw,2022-03-23
orsXhaw2A8j3Cp7brNHXnBTDdzJz4a5mkGENS667HbSWRjw,2022-03-31
orW3gKVLKdhHUFCFbomwfa4z5kQMNgvSUs5wAZWo4WZznRR,2022-03-11
orW3gKVLKdhHUFCFbomwfa4z5kQMNgvSUs5wAZWo4WZznRR,2022-03-27
os2dwQMLLzm37LZmzCRAp9CPHMfycynT3BpRNdu2717QkPa,2022-04-10
oSEUfFMLgaq7WE8GrZwBS5A8Pn8yMAMpKspCujeskFi3q1X,2022-03-14
oSFcE6x3jVm5KotFsDBHqN18HGMxqbtHRmLar3JMRMsFWA6,2022-03-26
oSGBr5R6SD2zfn1KAMbJ1FuGd1mYnUBAcVuKdP6ATQhs3nY,2022-04-03
oSL5X3MctPStfyoexCKN1xHc2HsEt1yahoQNAY5z5KJG9Vo,2022-03-25
oSYmJqXiUTB5Ei8jzQ3YsGS1Sb3d3iaQpfcbTsE1QZ6Bqvi,2022-03-23
oT5a3ALDt23ryoiJXj31T3sL3xLhT9M4JAiiyWaiXFBJFt3,2022-03-09
oTLyh8BgRNu8yzsSHak7XHLb3VZhzvxSYAFedmYXQmSnGHQ,2022-03-23
oTLyh8BgRNu8yzsSHak7XHLb3VZhzvxSYAFedmYXQmSnGHQ,2022-04-10
oTR5g329PLD3XTdDHX9bSfVbqXKAiTvBgwCSdvRpx3wjHiu,2022-03-23
otwr699WMQ22GF7XnxA1Nk7yrJiGDr2nwrDYkyHqigekSNX,2022-03-14
oufjdijXxHbWXh34Wm9pAZPtwTPCvsKJfByd1CeMcjKSsFW,2022-04-11
oufkd5WG2SrqTxCvWeWXQ4mKpQ4xJTuWxFyMWBH5PjC8nr7,2022-03-13
oufkd5WG2SrqTxCvWeWXQ4mKpQ4xJTuWxFyMWBH5PjC8nr7,2022-03-23
oufkd5WG2SrqTxCvWeWXQ4mKpQ4xJTuWxFyMWBH5PjC8nr7,2022-03-25
ouMnw9vbmrQU4MCQkRrMDgXSZvzQDXzPJnasoAYqdn3FC6q,2022-03-12
ouMnw9vbmrQU4MCQkRrMDgXSZvzQDXzPJnasoAYqdn3FC6q,2022-03-23
ouTmSmaboTb9MovdXAxwdZnrKCPhbQa9jgzrMFzQpkHTY5t,2022-03-24
ouTmSmaboTb9MovdXAxwdZnrKCPhbQa9jgzrMFzQpkHTY5t,2022-03-31
ouTmSmaboTb9MovdXAxwdZnrKCPhbQa9jgzrMFzQpkHTY5t,2022-04-01
oV3H8cZvJ7qpbELDrpmoYyY7CZNEb43krj9YPfs19pkoCSW,2022-03-23
oV9D5T7WqD2EuduDXWcXfUSXKSxBDN3yMK5ZYpAQtRnUqWa,2022-04-03
oVbLFm3QmH56bqiYysoJPCccF9mdLbnLaeJG3FaawZ41Vxo,2022-03-24
oVdcVpDVjVrGM3SUtacWVqHHKpmBP5cQUqmT7BPnpavv9Do,2022-04-09
oVhoNuQgwHFjuu6v1p2nVdXHRyjgRWM3Q9SfScRWWKNYRoU,2022-03-11
oViTs37WY8PaxSF7jgrYdEKPZvrYjpeSpcdTJW6xTJvfBe4,2022-03-10
oVjEP86VB99ZRA5brLQTQaBzUgKHbSNSRnJo8zncTLCxEe8,2022-03-09
oVPdMCXZ7ybVLChDgvVSHxbPzvRuoYzGHqNxCknTjof4BBw,2022-03-11
oVvyPVxZcibyn1Le8ydcSWFh1JGGiY2ZHpTfNs4j7dWTLee,2022-03-25
oVxRKx6ithw1bFh2sqcFMzytHmcyHThjn5pq9zRXJVvsCor,2022-03-28
ow4LJaKrNydai6uwcXPAagpgLwwFQDuRrJhJHj7hXej4gat,2022-04-10
ow5iEKL1k7RYcVFMESoEbPtfk9EWmrY1i97GmR3cim2spHm,2022-03-23
owanBgKFiC4TUiJqA5YbLW22Kme2tQgvHJizVyAX7xKPSma,2022-03-23
owanBgKFiC4TUiJqA5YbLW22Kme2tQgvHJizVyAX7xKPSma,2022-03-24
owCqjUSFeSta7THBwnRtZ1vDgkgE1QCgGndRng4B8Q5X4y1,2022-03-25
owEADP4xJa6BjmtGjDA9YTJ4ykB6XKC9nCgEgoMoXM221E9,2022-03-12
owenQhwncRBcKhG5Z2JYyoYFgATBoLGzKjCMXSFvmuUXgKF,2022-03-09
owLsZNpTiBUCyphZrvS71qCTjzuFmGxAcNiTewZEzrorJRH,2022-03-08
owLsZNpTiBUCyphZrvS71qCTjzuFmGxAcNiTewZEzrorJRH,2022-03-23
oXgYmbDVvqVNPK7P2TqQLE7wM5GxJ3QAPzVyZceZc4j6Sgd,2022-03-27
oxH4kWjEQovm5NuRjZVmYQARsFgaHD491CHcNPkZUorQov3,2022-04-10
oXwVxaXq9VEDSDtwC82DGYhp6binfGgHCJeH11TQv3MFUSm,2022-03-14
oXwVxaXq9VEDSDtwC82DGYhp6binfGgHCJeH11TQv3MFUSm,2022-03-23
oXwVxaXq9VEDSDtwC82DGYhp6binfGgHCJeH11TQv3MFUSm,2022-04-07
oXwXMShchKjXqL2qx1pu3ddqwNmCk6pSsjpDChHLVVz7RXW,2022-04-09
oXxnrCnFmJkmeGp45196nKmb3TJZoEaP1raQZCuNyJvCwjV,2022-03-24
oY4PPwAwPVoQyXvUdvvpxtXd5rBvBJT2NCJbkkp4q2LvxAU,2022-04-07
oY6ZoBit28jSPjsSkT6Ewp12Gywrigth42mH5mTuUwTBy65,2022-03-25
oyeJpywVkajF7Ugv4TBDdzaToKoGKs2SRagtC4WdNkAA6Z5,2022-03-23
oyeJpywVkajF7Ugv4TBDdzaToKoGKs2SRagtC4WdNkAA6Z5,2022-03-25
oyeJpywVkajF7Ugv4TBDdzaToKoGKs2SRagtC4WdNkAA6Z5,2022-03-29
oyeJpywVkajF7Ugv4TBDdzaToKoGKs2SRagtC4WdNkAA6Z5,2022-04-04
oyeJpywVkajF7Ugv4TBDdzaToKoGKs2SRagtC4WdNkAA6Z5,2022-04-13
oYghzbsRxw6VEJp7BembVvHWxNGfbi24DK7aHcNtFc7R29L,2022-03-24
oYghzbsRxw6VEJp7BembVvHWxNGfbi24DK7aHcNtFc7R29L,2022-03-25
oYghzbsRxw6VEJp7BembVvHWxNGfbi24DK7aHcNtFc7R29L,2022-03-26
oygo84zSnpL3h77iisHxVTHeN9UKET4Z6KfdDj4akP9M2eq,2022-03-27
oYGzB5Vo1e3FS5RiSSGofNYSFLpcKJedNKgLyixppgck8sH,2022-03-26
oYhLxWUhTqpvifAvwuhEqojTsin2z1831jCBpuEehq98NGX,2022-04-09
oYYehcXumi8PXT2mF9SBgcUCii18mMHXjiQXUENRE4XSeyJ,2022-04-10
ozaAKEFbpc569QUfmwaMwDng8jbskgKEdHxVHNn18EPR5J6,2022-04-10
ozGv5SKvcKTFBkFWMSkn6grcs3R6iuabDmAaxoaeYsjvGDf,2022-03-25
ozibvTMN616AktJY35B9942jXVqVGsoJeHtZQakB3K3KjBE,2022-03-25
ozKJgZXv2UGxpznum6yYZiEAMFaWJtT4c14c5PkdWFrmFzW,2022-03-26
ozKJgZXv2UGxpznum6yYZiEAMFaWJtT4c14c5PkdWFrmFzW,2022-04-01
ozM1UJ58B8VBtEKM3R6tSvpM193JLgwhd3bWS39YqcZcTLp,2022-03-25
ozRH2nQaybn1wQrzrhZgdX4aEY9wAA4Qq76MBoivZ1JxfZY,2022-03-10
ozYEoRDX2M4UjcffaFTCpYvypn1iYTRnANNirLjSP9d7st4,2022-04-10
p2crt1pY3uzM5LrmHXDwZtqcLntB9UtbG4XEiBAGUzKDfpG,2022-03-23
p2FbrRo8erRTE8UXaX2mXMnu3jcy8pu55gWFg62AcuSwk2z,2022-04-10
p2Ho2FEQC2dAPZBVFQkhL7nBpjtDdQVZGmmr2nsVTiahHv1,2022-03-30
p2KqM1tSrdfQZTb6LU7PcVRw5NtgMhFVpjbiiF55q2oSbgz,2022-03-15
p2KqM1tSrdfQZTb6LU7PcVRw5NtgMhFVpjbiiF55q2oSbgz,2022-03-23
p2nptsVB1m4hzY2D4MQTVKZe5Vx9Pdjg4V7rUW3ejKmgXWz,2022-03-25
p2REgSxb9p13ZXD1g3m5urxqAv9CdnWE1o6r39XhyStny1k,2022-03-24
p2UZMkZVyjvkhD4PTuMmXUo3odHfMYb9UMfG6A63ZDX6gT4,2022-03-28
p2UZMkZVyjvkhD4PTuMmXUo3odHfMYb9UMfG6A63ZDX6gT4,2022-04-05
p2X4ezFHXfnDn5zs967xiREEkrqxNcAabtkenSwproRZ1ed,2022-03-25
p325eRBoAX8ZakoG78TM4W42pUGNbKFo4M3Fu1WrpFK9QcT,2022-04-10
p3CQVFDu6jvmkttqqnuYcqcCtYsT4yb44YYF8jsZT6P2e8B,2022-03-27
p3JUdqZhY8a1LhCnHoKkVqaVzuQyjBZaHdx4UmAxDE2hymQ,2022-03-09
p3JUdqZhY8a1LhCnHoKkVqaVzuQyjBZaHdx4UmAxDE2hymQ,2022-03-23
p3JUdqZhY8a1LhCnHoKkVqaVzuQyjBZaHdx4UmAxDE2hymQ,2022-03-26
p3JUdqZhY8a1LhCnHoKkVqaVzuQyjBZaHdx4UmAxDE2hymQ,2022-03-28
p3JUdqZhY8a1LhCnHoKkVqaVzuQyjBZaHdx4UmAxDE2hymQ,2022-03-31
p3JUdqZhY8a1LhCnHoKkVqaVzuQyjBZaHdx4UmAxDE2hymQ,2022-04-07
p3JUdqZhY8a1LhCnHoKkVqaVzuQyjBZaHdx4UmAxDE2hymQ,2022-04-12
p3Jy3sSZgcmuQM5moZe2ahM1ikoogrp1uNQLs6oLD6Q9JDJ,2022-03-27
p3VXpMufe5VGqm9NgTHT7EZwoN9xCCfz3Qxt6n7ZNBcbszi,2022-03-26
p4wuqhA22uqAhbEuA8AEGQm6YjDoin7Bwr7TwXC2tBZDCMJ,2022-04-09
p5AbcZ8teLasvfhVPbz96USmmq1Lx8FXhcnHexmVqMAmNpL,2022-04-08
p5aSWLD4FaYXi1zWNNZz3itmesLLErEKgu1FWZMGXMotCcc,2022-04-10
p5kdv5LrE2Kg6WMheyUiECvdLrUQivUmvmJRbBsJySMYRqf,2022-04-10
p5nCzE1r2bW73S86B1jjupM99QGvJt1W9Ynhox2xy71bfcK,2022-03-27
p5tEBHhnvyqnZsjjwYf6YL6QuhXfkUJtZFZmcjoe4o6HKyD,2022-03-24
p5tEBHhnvyqnZsjjwYf6YL6QuhXfkUJtZFZmcjoe4o6HKyD,2022-03-30
p5TZdX3jmbszSfav34My5VFBvpBwV55d9ucHRmpHZ2FN7n8,2022-04-01
p5uL41QQqu8oR9toy4T2S1L9w4VbpqahLhs9fCH64wvtN75,2022-03-14
p5uvi8V6gPTk3Cz9425KxqikbzvrCsRMhRcGbCLtXmGTo66,2022-03-09
p5uvi8V6gPTk3Cz9425KxqikbzvrCsRMhRcGbCLtXmGTo66,2022-03-23
p5voAPsubXCxfjjyEXbhy86XqQBDcMio7bNw2ondkSNmFCM,2022-03-12
p5voAPsubXCxfjjyEXbhy86XqQBDcMio7bNw2ondkSNmFCM,2022-03-23
p5zFAkzpaMFVkPztZSA5HL5eP9Q3cqFoXPginKknwq8nTNm,2022-04-10
p6ATdNgANFMh1J66gfQJDBV2gkVTfywi7YF1MdrpYdakVwY,2022-03-25
p7bqpyEwnqAsErRyoaDZugUd4uvoaZwtGyxVHpqjxkgbNGW,2022-03-27
p7tWtnK2twnpg3qsRehpe2bDa6MNs3u5oDNo6NWSKn1xcFn,2022-03-13
p85zdFnanXGTpWVA2VAjJ3AfWwXCBtsX3aikFR2VTR1TSQN,2022-03-13
p8ZLUekU9EhuUgXv3Ac1KGmc4wWHVeno1mUt83QF4mxN8zX,2022-03-09
p8ZLUekU9EhuUgXv3Ac1KGmc4wWHVeno1mUt83QF4mxN8zX,2022-03-23
pA7vPcT2uYB3oHJSGrLX3V1Ek1Vgz2ULNKrShBYGpJmsXuP,2022-03-11
pA7vPcT2uYB3oHJSGrLX3V1Ek1Vgz2ULNKrShBYGpJmsXuP,2022-03-23
pA7vPcT2uYB3oHJSGrLX3V1Ek1Vgz2ULNKrShBYGpJmsXuP,2022-03-27
pA8rmtc2SA7aXHW8DrLEQe6fULLHcsCeaxQnggKiigqAg1z,2022-03-23
pA8tKLVLeH6HsaXqVNWEnusya2W1hvqknWEUFaSNtkhAWS5,2022-03-09
paAhcvAp85jcCx4BBxxj8pxJw2HDxLiXmMFE1oyAPQiVaBH,2022-03-17
paAZ4EFzdYETwGv39abkDXJo1Gw83hLKRHQdHnQrPn4vBK8,2022-03-09
pacM4CoqXQz4z3Q5VZVm4fBfaiQjbWSL2q2hEixEe1ChAbF,2022-03-24
paD9W4ikSBZApN71a5ppq4ct4WaiDxtzeNwqmo1CfsitRy2,2022-03-11
paEQTg1yyTkwwpt62eJdrHaK2WbCEkyrmP7icdSyP5pNyc9,2022-03-23
pAGs6xSdPELENPdewu3bqy8VF6w2voAax51a4kB13tF6wfu,2022-03-09
pAGs6xSdPELENPdewu3bqy8VF6w2voAax51a4kB13tF6wfu,2022-03-23
paKZLzcNx1PeVpHQ8dgBPBFEVhRDHG56kfSyZteJeRJoGJT,2022-03-31
pALJpPaE93daxyJSm1iZjcPRRjaCdZp5ZjLkaDpZLG2vFGW,2022-03-09
pALJpPaE93daxyJSm1iZjcPRRjaCdZp5ZjLkaDpZLG2vFGW,2022-03-23
pamjdmm4cNmbMf3J9onktFK7fkCaibKGbZNDBhK1fZ1foUq,2022-03-26
papv3RgYmcmDFEmqMJcwCJSwa5GKB3sug3SFTUqrA2rqha7,2022-04-09
pAuJfMrGFs5isG55ybhKLph3kFxe26wm9Hn9a6ct3eHoRSW,2022-03-24
paxY5o6gydPYRBKs5yDimZLb7Nu6rA7HefLsjGrCeEBDRvW,2022-03-15
pAz61ArZ11ppvigCeHEEEvcn99trJmpcF8mf3T8UiL5jAU6,2022-03-24
pazGvozeEQmEcsP78nZsDBaz4jvdfk9i4Cqf1GbpwMd1thE,2022-04-05
pB4934VsN2MyvuZ87zXTmmaGKRpFpqginiD1d6k5YEji4CV,2022-03-10
pB5hm854kAPxz9PTsVE99K3AnTskKXTTyGP7FcCxhF3V5JZ,2022-04-08
pB8jEedig14BbWKnWcDxkRTvSknZBWP9wK9XVMRmWiWaWmp,2022-03-09
pB9HnGwzZNLwRimDhdJsh5XhddC8b2ccMgt2df1kbXqjCL3,2022-03-25
pBNoubtvNtwxECLUUYFH3AzHGq5ZDT1sShz5Hb8HKJgVXbA,2022-03-29
pciSuDoVyi647YXnJ4NQqzNxwP1r9ZQ1u7iYvwwPyCRbYYG,2022-03-26
pCj5hGBCdStKTaf4LuzELtKwV45ExmmZjWbx94jxr8Gc3ef,2022-03-11
pCj5hGBCdStKTaf4LuzELtKwV45ExmmZjWbx94jxr8Gc3ef,2022-03-23
pCj5hGBCdStKTaf4LuzELtKwV45ExmmZjWbx94jxr8Gc3ef,2022-03-24
pCj5hGBCdStKTaf4LuzELtKwV45ExmmZjWbx94jxr8Gc3ef,2022-03-25
pCk9pFWVSY54xHGnHctwr4sC41ZJvoVKBMFGwDTjHJ1B31A,2022-03-27
pckhcCJPxWYfmk36Bk74bBXvXssX9acEayYcBFmSsQKWoYa,2022-03-25
pcpy2JTbaoviE1H33hGPBpCFaMMmQswfEqfTewEbaePUtjb,2022-03-21
pcpy2JTbaoviE1H33hGPBpCFaMMmQswfEqfTewEbaePUtjb,2022-04-03
pct6BKoVFgMdP5uAHA4jJSAc3gbzXVunb9jYGjVk65suD2U,2022-03-25
pcUgUD5vXT2fFcrmYcN8CfaW9VArsWSW2s6HBWA2B5SaPDh,2022-03-11
pcULFZm1RrBbp2LM1QciTXfNjNWcmFoXjJcCWQ291EjhKWi,2022-03-27
pcUZM99LpAUgCVLEhUmfwMaf46dJq6n1bmXdUgnmzXWWZTy,2022-04-10
pd1c2gHw7ZSbNBbzikUZDCubfYshnHniZ8Qen726XiRtvyD,2022-03-23
pD6Z6gp9H4M8YfpUvUVK2xBnFFmQ42wnS8Tx6AiMYX5PFKZ,2022-03-31
pd7NK16gFP3en181KM9VTkfwKhMoXQzqK1J5BKByCeMTJpe,2022-04-10
pdCEAzWZGBsiJU3iDi1Sim3m9m2vip46vU2MrU4JbgpUB7A,2022-03-23
pdCEAzWZGBsiJU3iDi1Sim3m9m2vip46vU2MrU4JbgpUB7A,2022-04-06
pDDfa9LPrpSUeWTYNZLLWWjdcdkPyArhxADKXwqzqbBQZ7b,2022-03-09
pDfLuNk8eme2ZXKhhCZ3Y3sz8F3Afnem6hyWJgRExHD3HVu,2022-03-11
pdH6XwQBkgPS1v3GQLCWSq8EXbAZGistHiKUmpgHWWEVEjN,2022-04-10
pDJx656A4TYeJvDvGhMiNVoWskncqii4mVQxyhE8TTFEPdV,2022-03-29
pDSHNRFThpTd2ppr3rdbYQLorsePRsd99b4Pm6ex7wLRQ1g,2022-03-28
pDTwnbBRvCrZQpCAw7aKSrdcybchbZ8gzuy94zknXL6weG5,2022-03-28
pDtzrxU75onwYVqaeUnTYDXFmcKCU4JAsLmpmGi841UFzi3,2022-04-10
pDubmCs2dJFuyvQwPCjnbbYTLV93PSMJmfqFPsFJhia5k5o,2022-04-04
pE13bz6oPr9GJpqxzcFoTSrK7kfeFNJfyeMP5Wwh2uTURBd,2022-04-09
peyRt8P5RJ8TcQVF1LoxwaobeSHDjuzzPpxneg1k5Tt6Y5H,2022-04-01
pfaD3zWKhvjRy3VHdMvxMCn1jSYDXthDif46dEeXn6hNEGa,2022-03-25
pfn9VjufkyZXqxza4HEUnMDd4o81GaAmquCNGjmS3MkxMuL,2022-03-11
pfQKGY8KMjQ1emtewSP4M6PxxGGLLx7A5n2aiKRm9pr8mU2,2022-04-03
pFQRdFtqsqeWiLqKfHQGexUYH97EEDgr3mnxnzi9VPC2AQb,2022-03-10
pfRp3QKrxAMzaCuKDHRADviqbTqNdnbf1hvn9WLAdTGs7Nz,2022-03-22
pfsHaPGKJXSUXGPWujgbW7gyxG1mA2jqmtkrCoTfL9afmWB,2022-04-08
pfsq7gfi5gGzvk4WmDFgvgPsmFbXmG2qYTgbfMq1UpHYTsV,2022-03-09
pFUnxZtduEmADbDFqJcGGCMD4EwRjFam4Fe7HwniSZinmmP,2022-04-01
pFwNrWZQHLmtQ92FacXjKh9sj8MPNun2tGuEhxDFomhHL6U,2022-03-11
pg7UYMFEW8BpD5gzG4XjTS7VhutPAK9NZov2LDK9U3DXWME,2022-04-09
pg8BSCQDW3zhzwKumFfkKg3q3LHMopQJYkfCJKN3SfR5jrq,2022-03-25
pg8BSCQDW3zhzwKumFfkKg3q3LHMopQJYkfCJKN3SfR5jrq,2022-03-29
pg8BSCQDW3zhzwKumFfkKg3q3LHMopQJYkfCJKN3SfR5jrq,2022-03-30
pGAmK33KJEyibDaRMLABzVjLiB4T1mtYqHbiKzpusKydc3a,2022-04-08
pGHoz7vXs4LksBi5sjDphS8hw7w3N2oP9dCxzwDFfpS2SNq,2022-03-24
pGVKf1jcJZUMurQZwkS1APbtsGSRYvEahoxQZZi1HdiaV6P,2022-03-23
pGYnqJqhb1ScfsiYEBAgxS4untm1xWsDVMRMcQmquD4HCug,2022-03-13
phcDeB9n1ENbXFDpDgsVtWfwsAi8TwcBJ8ghgC4sEAARjPb,2022-04-10
phnviEni17Lifuj2h2MQdGuBVwgXWn1uqBiWKnQc3ULgrqb,2022-04-10
phqrZVjyTdNuk4CZCY3Hc8PZRpPQgoJQy4Ggm59yJeCSx4T,2022-04-02
phwhnvzm5txeGrNmFkeMThaFkQW1sZsEGh9g8wUigPkcHGQ,2022-03-14
phwhnvzm5txeGrNmFkeMThaFkQW1sZsEGh9g8wUigPkcHGQ,2022-03-29
phxcKQMHwNagKUUAtqFTBYdVtNQheKLHfGWiX1oNDE4gmjM,2022-03-23
phxZkMSBVDpNXp1KtYVAkgLeUNFTpAurNeBVBP4rEjz51cD,2022-03-23
pi7uRHu1GLTFQygf2GCHz8ysPoHYMBTpDz4r4EnQQTxzjAF,2022-04-03
piACMSN6rbq5cvRXzqhyGSzta7VyveB65upksqmpXk52aS6,2022-03-25
pieeH9rejthmJQcypF2DKSHSFaxspTKPY25QkCNnZssG1tH,2022-03-13
pigcHgeJfVFzU1vXcyFaRdi6ALTvD4WknFDuxenAePtad2v,2022-04-06
pimqLTM1M1eRyEqnvGBuJe96KUKX7RzBFoXqZ7hpjhHiT9S,2022-04-08
piR5iSM3xcuZ4oiMnXRkqyvM7UUs8RcB8UDYKDKxMV4AiTb,2022-03-27
piU2VgNGQCJo8U7zrFDyKdLNqaJhoTNtzEHux3VVGoHyTeY,2022-04-10
pJ5ZzRCdChjnzzTah4PC9VEQhoCgvHMXgw4qnisBBbmQ78x,2022-03-25
pJ7h1yPeDdmzEkmtoyxJXVpmZBacexw8H3Z5368tWEFT5SF,2022-03-17
pJaPx97SqwL3iJnmETDctb4ZgWEN1c3i5AUV4KXnaeqFfut,2022-03-24
pJDwhuY6SBsPczJYZ5Z1DGneYJquTrLkV3mB8nTqhkTwbhi,2022-03-08
pJDwhuY6SBsPczJYZ5Z1DGneYJquTrLkV3mB8nTqhkTwbhi,2022-03-19
pJqt4mUsqS8c9xJYWzRwAVQjxvVSGJix9krkLmWHZgGrdxj,2022-03-11
pJQznjtJPi2AUtovGt8ZReSa66TSP8CyytfBPCvEdNhqHiV,2022-03-08
pJSHxuQU4SB8ySZesvZnZkLFeGq7dSA3AmVZ2VhMuNDjthb,2022-03-23
pJu1SunQC5KN7GkFHkZbCzW1jB1z2oy8237jidGyXdDhuuF,2022-03-11
pJuzT6e8YoyyBKQ5jWBdDxHGpQRvqybHgFjWSy2iQTycCFS,2022-04-09
pJVvg6FHtUHEUttvBm3pRiWLXYyPUUyMgo5c9hTindDWVF8,2022-03-11
pJVvg6FHtUHEUttvBm3pRiWLXYyPUUyMgo5c9hTindDWVF8,2022-03-30
pJX8xiftB4jJPjmQkrD4G4fCTujLZajPXyek6PzPFVF6DoE,2022-03-08
pJX8xiftB4jJPjmQkrD4G4fCTujLZajPXyek6PzPFVF6DoE,2022-03-23
pJX8xiftB4jJPjmQkrD4G4fCTujLZajPXyek6PzPFVF6DoE,2022-04-02
pJX8xiftB4jJPjmQkrD4G4fCTujLZajPXyek6PzPFVF6DoE,2022-04-06
pJZDHjxVZwzdtBJa4nyPxXZKygVWpu7iHuepVAQTVK8sTbF,2022-03-16
pJZDHjxVZwzdtBJa4nyPxXZKygVWpu7iHuepVAQTVK8sTbF,2022-03-17
pkakUq6g1mBvz2hVtTGYf6L5Udgx1Ntcr956Fs3akCKqK46,2022-04-10
pKF6ip8TzEmqfZrtidacVS2U83vG4JX75HQcR6sj9VLdK5F,2022-03-11
pkFHjeFk1pD53YYmsHd7Cam7v62mCKDuhN8iNyZCPFhLRie,2022-03-09
pKG2M1TxaWF6dGNa1tvuQcbh7ieSbcA8gCC4NNoPxsMM6Dq,2022-04-10
pkKXaALcmKBQjprD69pmZ7aahnftCVFyji3Z2hksLhzXJJx,2022-03-09
pkPjM1vUJDAaN3aTXz3W4h3FAThY3C15BMo8p4wkfaDd35K,2022-03-08
pkPjM1vUJDAaN3aTXz3W4h3FAThY3C15BMo8p4wkfaDd35K,2022-03-22
pkPjM1vUJDAaN3aTXz3W4h3FAThY3C15BMo8p4wkfaDd35K,2022-03-23
pkPjM1vUJDAaN3aTXz3W4h3FAThY3C15BMo8p4wkfaDd35K,2022-03-30
pkPjM1vUJDAaN3aTXz3W4h3FAThY3C15BMo8p4wkfaDd35K,2022-04-12
pkPm8YAWqBvURBpVX6NQKdkXm5bYHCCh7dHbQHY6gGVJ43t,2022-03-08
pkPm8YAWqBvURBpVX6NQKdkXm5bYHCCh7dHbQHY6gGVJ43t,2022-03-23
pkPm8YAWqBvURBpVX6NQKdkXm5bYHCCh7dHbQHY6gGVJ43t,2022-04-03
pkuWPTotWkKXYvY2RKSGyT6Xs6yxQ3qbPzRPvt9HzEoeLAg,2022-03-23
pLhNsUSP7kpP98fRUqJ925KZenr11Zo9pLBUTmQrkYurUnt,2022-04-10
pLnMyMnVdkyS12Hz6UJMHxEr6sQTKBAn8BJ79fhodSPCL4R,2022-03-12
pLsA927s8Z48FDgyDcqQ86sPujjQkFPmVyzUFzPq1XutVgs,2022-03-28
pLxjLBSoneAH6N8gK47SJsDEoTgARAXi5FWYuekJRXsJPnX,2022-03-23
pm1FJzktEX7xJgviBZS5JWph5dNSDujwVcL2v7oKk8T4NrC,2022-03-27
pM2fDbXgXCiq5EaGGkYqa2ftovtPPSk19hVPqXaKJ9R2a8x,2022-03-10
pm3AX8wtyeBeM427kcyTGNfU7pBTV3RHyMs9LhWfrndeeV5,2022-03-10
pm3QtYgyiRyGaaxNcEwaBScyBXD8N88vShhUM8KAR6FLv4z,2022-04-10
pMAwRJSiBseVjbPDZ3C3dE6c9QCAoLbFZfrY1v69LvERiHB,2022-04-04
pmBBH7QXPVj7mM5G48efF8wfeoVvAPSqityMR3serHr5c9R,2022-03-09
pMH9EGCHJGrYc6ELdeBnFxAgC8RLQeCTn31K97VchNA8gqY,2022-03-12
pMj5CQ2qUCkxsqsuFW6qFfAyKiLYSbPBJMZPBLWp8vHhm4K,2022-04-03
pMpG7ae293j8wfRJnkfDNd6qF8HRDCU3JJppU3hKPQiTnG6,2022-03-23
pMSbMqR2bjw4itYogyXNmqoyyQG269c3xjKCiE3ofuBWA7K,2022-03-10
pMSbMqR2bjw4itYogyXNmqoyyQG269c3xjKCiE3ofuBWA7K,2022-03-23
pMSbMqR2bjw4itYogyXNmqoyyQG269c3xjKCiE3ofuBWA7K,2022-03-24
pmUYm5643xkw1cQ4EtaSGPfEaYDY4WnkWrT4WCM2xGZmFqY,2022-03-29
pMW7gpSEZgm7EUqH7yfNVBx4n4aU7xemzze1jMn2WA4bwxa,2022-03-29
pnpbigYQGA5iihmGFd5hT131xb4S213qAjbS77fPsu6yt7E,2022-03-24
pnxnYVy6CnLsV3JrqZBZXcK67yBXf6kqty6wEgcyts5L9Qh,2022-03-10
poaSpVvFmxhYwp5MwocWG1Qi2o94Z1xgjmx3QaQZttT2XCK,2022-03-08
poaw9dMGBhwY2xPZ35Yakz8SUo7pp496JdZUdaVYGPywrR9,2022-03-10
poaw9dMGBhwY2xPZ35Yakz8SUo7pp496JdZUdaVYGPywrR9,2022-03-24
pohoRrG6ZS2KTGqzjPkUWeAKD95r8gWrUssZ9cy7hN7uK8d,2022-04-09
poJVeCoFxxUkM19fwekRxhzTXDf24ZMC42JC2v1cCADaSmb,2022-04-12
pojZx88cmNFwFS5Sf8dApnyv1JAsYTWnTA7LNmYjbLUzd47,2022-03-10
pojZx88cmNFwFS5Sf8dApnyv1JAsYTWnTA7LNmYjbLUzd47,2022-03-23
poM97ygwuFW1aYEYtux2yid93KZXD7k5BcruJ4V5ujpNs4h,2022-03-09
poQXPp9xUYMTPsUk1S2uDnhpFmnDF3e4aS7GviFsHeF5tAt,2022-04-09
poRMqNzKrjFCq5Z5NAf2mhJpdLyVqQ4cwuiadVGxhCCN6nZ,2022-03-25
poZEvhBzChNuZx9gQiUYY9DL7s8XdDh25d4b5Pe7CxYngVT,2022-03-08
pp3dLyz48gbJtu9cewTGztXsFfDQ19XjBjJViiHGxwMwUQJ,2022-03-09
pp66SS5XocsoyxNfEzPqbV1C8dGnV9wsboCTUHKNdvmGfdY,2022-03-09
pPhrEfT9XF3YeYfY9QFrBAZVLZNjtfgM1yPa7poEWo4H3Zg,2022-03-27
pQ1LGiv43mCnHXavXiYJHRiqShjxbH5dJz4uW2JxC5WFPCv,2022-03-24
pQ5pxMW9wesnYVEUUAA63CouAr3dmn9g7K7pgdukwZAnfJ3,2022-03-12
pQ62t46qDYRUGyu8cdi9bDkpnZKUM6MeZZe62tHJZyLqSPo,2022-03-25
pQAkzL4m68cHK7TE4uzpZDvVXYyx7yH6i7TEy33T37oAMHc,2022-03-28
pQEFfk1Xh9Tbi776EZ99KTcDssKQe6itdX3VLyuG8coo33C,2022-03-09
pqfN2dRFuUa4Tag1x5Xw9PDfQgV35nGUEabdw5sMReLDg6D,2022-04-10
pqhK5TbfGUQdhvvZtLf7UAQNFfDzRFYR73ude6fiUTneEvY,2022-03-08
pqhK5TbfGUQdhvvZtLf7UAQNFfDzRFYR73ude6fiUTneEvY,2022-03-09
pqhK5TbfGUQdhvvZtLf7UAQNFfDzRFYR73ude6fiUTneEvY,2022-03-12
pqhK5TbfGUQdhvvZtLf7UAQNFfDzRFYR73ude6fiUTneEvY,2022-04-07
pQMoRGzc55yLyJAgBiWVdDWXss6BM76Qbz6dfAXcjyTdLYs,2022-04-10
pQNBgdN9MXUSbfTqUCYHEeA5kpymiSaRqnz7zxkRGJEQv22,2022-03-17
pQNBgdN9MXUSbfTqUCYHEeA5kpymiSaRqnz7zxkRGJEQv22,2022-03-25
pQPKNGAiZmux5Z8kD9QCbrdrtXWjf86MjVhjo6i8VTb7kJT,2022-04-10
pQRn35JJ2aERMYE1gqE3b5ddfZ2XgkjJwp5Te891kHXtVh8,2022-03-10
pQRx8KsP3wgTqisapE1tutgZZR2tU3NJZcNSRFPKRTWi5Us,2022-04-08
pQXLvTNeZtJiTCc8XnR78XtZ6kggEiNmtubc7matTnGTrhH,2022-04-10
pqXzaNEARALz8hx74Uqh2AsD5PxuncCGDu4JJSimQ5k168r,2022-03-31
pr16QdPB3R1abs1Bgb5MpUsv7A8563f3s2pKgsrK4nxPnth,2022-03-08
pr2HRQmxjnCuiLstbLzQwbftFLvgDfaTQottAMN8vvE3cbK,2022-03-08
prLpMdEjGn4f5hmdNZNcbAxjeubETnngh1jS56AMUFKNXUF,2022-03-15
prUSDtm55Qcwjkib6r4VmVeRkKhLnpjAeCLDdVb3mjZsxk6,2022-03-20
pSAgbmbfZri55ZnCzzCNVin7cLQrW2kzesGuDq66X8xM4GN,2022-04-10
pStdEtAxQHirvTZDE8CeDRmMcRM4cCa44Wgpf2tso3Ado7L,2022-03-24
ptBs4vMpzphn9WEb3ioDRC5TyjGMDomGYQSfNAhbuy3Qx2x,2022-03-31
pthgporZgBQb5qoNcRteoED3j9Z1bK9zEoiFV8hgFAbxzpJ,2022-03-23
pthJyrwFnpo4bVGmLW77hEahxGrV9fSzmjBzg622K2hmNgN,2022-04-14
ptj7t17pHBs53V6Fx2SdWzmfN5UCJkruqinD5ovE7oeS9q8,2022-03-10
ptQ9sU1Pp8KNRDaMVuxHmLY7vRZif3YNqNUqDD8uyQ3QVdV,2022-04-09
pttX3CwKd85WqwALrvwex7sj2R9m1wDAh3Ars3ey87NXHbb,2022-03-17
pttX3CwKd85WqwALrvwex7sj2R9m1wDAh3Ars3ey87NXHbb,2022-03-24
ptyooPApoMr4ym2kMH3oyQr9aHWKBb8xrwRmhMa7KQfsuxM,2022-03-23
ptyooPApoMr4ym2kMH3oyQr9aHWKBb8xrwRmhMa7KQfsuxM,2022-03-24
pu1yxVcGEHpEjaRdXryGybiiuTQDAMvvM1CHNYsw1SH8ZRD,2022-04-01
pu3KU5ZdQDF58V3DrXZ6mSHKNZQZg6FZu6u8Ag53DERxuEB,2022-03-23
pu4h5PPMgibpa3SpqdJa6wX9oLnqAm5J6rCPgsXz28Bb5ek,2022-03-25
puJU8jJePukynfPNS13ncKifiKwj8ArKfEhLG3wqgcRAzKB,2022-03-25
pUnkHxUJpD6pHgNFd7x4cDe6PtG2xis4N1HmfbdYvAziy83,2022-03-09
puYWD7QcwzgWE1FY6crJthTaeqzq1rCUhGaUor3dd4JMzL8,2022-03-24
pV5ApW6bK2CFzSakjn4Md2FVyxCn1BzHmqwuXVVNkT6fFpz,2022-03-08
pviyruXC1417UwQKsAkmmXB8zGd4YtWrWaTxy5kQq6E3TPW,2022-04-09
pVjGaD5NBgscqDAWZfq76xFLrNN99rkbPShsXRe3mgUx1ds,2022-03-24
pvp6UDmfHgySnoQdMKL4QGs9pU4spL5zkcF6AHCEHScL5GF,2022-03-23
pVT2ns1R7uGHb7EHspDqWuUNzqu3RzQ3itLRiJPh9xgF1u1,2022-04-10
pVXrwFvQoToqbn6ZdRW7s1F1qEcv9V157Xx3EuS1LJsWyku,2022-03-11
pw4cxWvQJ77fv5ugiKUUedyUdPKVsa1BwKwY3waHGcydDbh,2022-03-17
pw4cxWvQJ77fv5ugiKUUedyUdPKVsa1BwKwY3waHGcydDbh,2022-03-27
pwchBGQbNQPfKQmj9i6npjG479btgrCtBcC7mofU6zNdmLM,2022-03-11
pXd8ywvcDpWqybpJvJiKJowrrMGCNxEmr7mfrbR5NZFcptg,2022-03-08
pXLaVG2B98JRtoQYgMMWsuqChFZbDGXZz8yEHVYzPMPtDrv,2022-03-27
pXMS3PEheZudsxncyCzW3s5nQUWcaAUG9YBXL7BmWDjVWK8,2022-03-20
pXQaY2UH1f77ZYt5joDgDKcYRQyJyeeHtm6yY4w3tUC5qWt,2022-03-11
pXQaY2UH1f77ZYt5joDgDKcYRQyJyeeHtm6yY4w3tUC5qWt,2022-03-23
pXthrQSRSL8EQsTUyBm5XqAZCosXuQWuhjaB8hB2iy3GTje,2022-03-09
pXyCGnHpZ3EVxax7iU4oDKMDYVXyNAoKADPSJK5tnQW5iHx,2022-04-10
pYAWp7QBG7PabCJev6MEhycCsY778eziFZbzMnLLTc9Dkgn,2022-03-26
pYM6REdq2ywcECoBKNHPfJ1VS4vvT6FGT3XZELZfFMFANw6,2022-03-29
pYP8mApUWWndnzcHcAQPSFp1QmCmZpxwjWdCwdTFX7aLyuS,2022-03-08
pyQJA5juGPh36NUSN6RBC5TgtW1b1Ca8hFrPnnKcSv9tpYV,2022-04-03
pytR9wvJq8XoDpkzp4g86hDuZmXv5iHYKs2ENP13xncK12i,2022-03-25
pyxsBYbSpdwD3xcFmZcQbuvPVtaQASz6dvq7Pdk5TRHRgpJ,2022-03-11
pz5gGLokmNcKRU6A9GWiKTcavrCiUcKPUSTDCtBQcKHjn1V,2022-04-10
pzBXYitCGk81GdCRqCDKSbG9jikoVttsRfD1eFfBnDuPXx1,2022-03-28
pzDKTaucjnmLCsvkBzgombQKnLfXbxrs9svLs45e7vi7kDh,2022-03-14
pzLkkAf2zRYCzkG6D9WjN4Nw386ChwNUCziDrTUHsT1DtmR,2022-03-09
pzLkSvXsqwFqM5ezryqM2aN6mKodYoMvhJHrvbZhvdJKV8V,2022-03-09
pzLkSvXsqwFqM5ezryqM2aN6mKodYoMvhJHrvbZhvdJKV8V,2022-03-23
pzNvu1CHNiebe5ba6o5A8vpJhFzim1FMuqEeNpWnG4eLzta,2022-03-23
pZrQTvTF21wVJCkmqU9G36bq1iGc1VTw9WSr9s5J7tmtdTj,2022-04-09
pZt4RqKyF1rRSsvPxkJmiySge2djiv9tQxJb1R6UUN76aiS,2022-03-09
pZt4RqKyF1rRSsvPxkJmiySge2djiv9tQxJb1R6UUN76aiS,2022-03-25
q2FLGRFtVFvxaYUnwTuBZm7xezH3LrYQHtwoQbDgchaB9n2,2022-04-10
q2TCjduNU17qTby8swQYDcrsZeWFGfarNy7iRkDJsh5bcpk,2022-03-21
q2TCjduNU17qTby8swQYDcrsZeWFGfarNy7iRkDJsh5bcpk,2022-03-23
q2TCjduNU17qTby8swQYDcrsZeWFGfarNy7iRkDJsh5bcpk,2022-03-27
q2TCjduNU17qTby8swQYDcrsZeWFGfarNy7iRkDJsh5bcpk,2022-03-31
q2TCjduNU17qTby8swQYDcrsZeWFGfarNy7iRkDJsh5bcpk,2022-04-01
q2uLGoZcRNSDDXyp3MGEDqKMkdnWfANsNEJMUfE9DuAf87u,2022-03-27
q2xfahhdZWAoQAv2C74fQSBut4GjacQdvBj11uCyGRsUoLY,2022-03-09
q2XTJ11aJ2mb5hNTYVKRsKDXfC2qSdZE5UHooTtNZJ4juxr,2022-03-15
q36f8iC6p78JAnqmNtCzvy2LHrRWnPcyGwo4K7Nvatd8jqt,2022-04-09
q4hxr8ptZTE4Y6fFHfxwjXwNSPPupPrnzwFZ4JYxD5iQtBM,2022-03-30
q4nRUmo8xkoMKaRd5xwZjbBnk629j5PTpxrKY1dUtA2JTUM,2022-03-24
q4voU31GZ6nddr8uGGKFEXqVKCfqb9grLZzqx2cYTmAHKsi,2022-03-13
q4yXYKcxsHVGPkd8rzuKH2Ps1XtYY6fi43LocgsCi8YrZSB,2022-03-11
q4yXYKcxsHVGPkd8rzuKH2Ps1XtYY6fi43LocgsCi8YrZSB,2022-03-28
q5dj4qEBUgYjvUq4Dd52FEgyj7KXEooaEgp4pYheb7jAUv9,2022-04-10
q5eBuKzrxQPEauDYWinpJpy1xnu66qR1NmBwoxUwqboLvfn,2022-03-25
q5g1LDw58PF6gPU8m3A8MYq6Xy2jmvhwdqUzrCm33bf4Cci,2022-03-13
q5g1LDw58PF6gPU8m3A8MYq6Xy2jmvhwdqUzrCm33bf4Cci,2022-04-09
q5neEZrWZt9ZLyJWJV99kJDjKCVnZJvhV7UABfXfJBEaf7U,2022-03-26
q7bd5nfWhNNv1RBYeSqfGw1mdxydiJNdTxjTvJ7TYbyW2y8,2022-03-31
q7dHzzcnhJe4UqfosMg23diq7tS5UuNdNDhwYgVQYRfstWh,2022-03-09
q7dHzzcnhJe4UqfosMg23diq7tS5UuNdNDhwYgVQYRfstWh,2022-03-24
q7MoR4rreEGKema7LwdcRPuARJkQuqyh1CwAb2h76VsWh4r,2022-04-02
q7skaBqrhxj3yXmHGrhr7T4kojdC1Bc599JBAE2zfxDG5nZ,2022-03-22
q7skaBqrhxj3yXmHGrhr7T4kojdC1Bc599JBAE2zfxDG5nZ,2022-03-23
q7skaBqrhxj3yXmHGrhr7T4kojdC1Bc599JBAE2zfxDG5nZ,2022-03-24
q7skaBqrhxj3yXmHGrhr7T4kojdC1Bc599JBAE2zfxDG5nZ,2022-03-28
q7skaBqrhxj3yXmHGrhr7T4kojdC1Bc599JBAE2zfxDG5nZ,2022-03-29
q7xSfEvone4pPPqGB1357q27rtgvfPMQ9LHZ1sXRv6xASEq,2022-03-27
q7zst3JGu18FFYpRmzCmA54qieLZWiTtm586YerYbo3P4it,2022-03-09
q81DCTjpt4PDCvovXjyUS4wJ9Kf6EuLFQcw3PpNWsXvA1av,2022-03-10
q85c6gpTgrh9tMot638yJqogg5BDons6PJyhPLPW844aH9Y,2022-03-08
q85c6gpTgrh9tMot638yJqogg5BDons6PJyhPLPW844aH9Y,2022-03-27
q8A3BcqtD2QT3NQAgNWh9isSuNXMDvrCDHX4mZgesYFPtey,2022-03-25
q8KvELERmd4EPkdxirXXU6jjjHjxz7oVfSZXxvXoSshUVL7,2022-03-10
q8L39rTZqNt2on9fsD2XuZa8P65rTGosWWFtVporFjnRhNi,2022-03-23
q8L39rTZqNt2on9fsD2XuZa8P65rTGosWWFtVporFjnRhNi,2022-03-26
q8L39rTZqNt2on9fsD2XuZa8P65rTGosWWFtVporFjnRhNi,2022-03-29
q8L39rTZqNt2on9fsD2XuZa8P65rTGosWWFtVporFjnRhNi,2022-04-01
q8L39rTZqNt2on9fsD2XuZa8P65rTGosWWFtVporFjnRhNi,2022-04-11
q9q3qMtYFoi6dzWEEMEnKjRA7cy7WUVzTKsb22c6rERFn4M,2022-03-27
q9wVMXPz7wD8ZXndWRprM2rL9qV5osXietNskibbb7Jq49o,2022-03-10
qa3ULXPvAev1eDVXMCaT34AyET7S2fEaEdxGNsRsQH9tZDz,2022-04-08
qA7inAxYFCN1M3kiuQx7pxV2hGaVVtzzfRZDMiNXU1HxBgB,2022-03-23
qaa8fXmU1u8LrUyco8y5Frj94Eftop9wdHkGhGzsQ6jc8ib,2022-04-09
qAAz3XGMdN9XhNtYdzBYX67ufJ2L1uwYGS2uZgjs9PJsbpY,2022-03-11
qagghtH19T3P9MhNz1DLFhqJTXVvHW3aRHzrJwpDiAbrj5p,2022-03-27
qAGryax8gMSCXFjQ5Bq6DUrqT3zud8Wo56RAKbFwFrXrxfM,2022-03-27
qaJUPSWCJBQa7nYDsSqRbKVAnftZK2poHAYyCSrB1pdgAvp,2022-03-27
qaJUPSWCJBQa7nYDsSqRbKVAnftZK2poHAYyCSrB1pdgAvp,2022-04-04
qAMsitzQFAvyzXFkiSU3P6vaZX4xo1jdViGYaGzL16P8hXq,2022-04-10
qAqxs4vpjQjnVB8Y9aYhM9BtoDysH4puJijjUopPzXxFneG,2022-04-10
qATyCebWSpJyR8NaNM9YVN2bGo3ufkjboaoaJiWU1sw8cYy,2022-03-23
qaVEgEbiMdRzVogBhG48pDqYL4M3bDSjMxogSTufrPwgNPJ,2022-04-10
qc4YbQ2igLEhpJ2qQdzuGP5nprZsK6ZR6AU6xCGhDb6orWu,2022-03-18
qc6DfdZW183vXsNFtQAJ9pQDt6g6AjvTgbNVaZrkEFReNfX,2022-04-01
qc7w2mLxwXfDTdxghZUEYWstXrPf2pdCzPMzLtTfgQWQ1RM,2022-03-23
qc7w2mLxwXfDTdxghZUEYWstXrPf2pdCzPMzLtTfgQWQ1RM,2022-03-24
qCeTNeP4ytLBs6gYMALgzxQY8sEY4akQW7HJXeEx4pPhqy8,2022-03-23
qCifGWS4vxqBkRkDejZ2nitmzivxNmpNwjWrirStFFYzWFm,2022-03-09
qcKNSr85iUzmTeT5YRU7AQKDoB8N449F3ZwpJJiZffY21YP,2022-03-25
qCn7FRoNisFeCK3r73Cpt3u5saeCpMomjzSsn4zaysToRqC,2022-03-08
qCn7FRoNisFeCK3r73Cpt3u5saeCpMomjzSsn4zaysToRqC,2022-03-26
qcomPRNPVzg8q5fZzxbV7hQjnX6KjhiPbFckvUdNLxDm9rj,2022-03-27
qCpDh8Q1j9a2RvjM4VqAn3TWFS9rAuacBVDAHnCVmvtKb9p,2022-03-11
qCrsvTydkS4JvPZna7du4y3DFpxqP7TaAameoXQiCwSNUZ7,2022-03-10
qCrsvTydkS4JvPZna7du4y3DFpxqP7TaAameoXQiCwSNUZ7,2022-03-23
qCrsvTydkS4JvPZna7du4y3DFpxqP7TaAameoXQiCwSNUZ7,2022-03-26
qCrsvTydkS4JvPZna7du4y3DFpxqP7TaAameoXQiCwSNUZ7,2022-03-28
qCrsvTydkS4JvPZna7du4y3DFpxqP7TaAameoXQiCwSNUZ7,2022-03-30
qCrsvTydkS4JvPZna7du4y3DFpxqP7TaAameoXQiCwSNUZ7,2022-04-03
qcvXd4tv17xpYzPGKMMNRuQ8Zirq3iR53b3VSpaFroc1sw1,2022-03-24
qd2DojPnN7EKcq6PRTaFagUUk1Wz5dGvzTQtZf8mhKT5sfq,2022-03-23
qD89KqLomADzkh7S9zxxXzWybNDRuPzjUTsH2v3pCtz7JD8,2022-03-11
qDCqcmLWgBuVVTturaV6gSyoUQDrj6HxCBmsVgtuNHdiEyg,2022-03-10
qDCqcmLWgBuVVTturaV6gSyoUQDrj6HxCBmsVgtuNHdiEyg,2022-03-11
qDCqcmLWgBuVVTturaV6gSyoUQDrj6HxCBmsVgtuNHdiEyg,2022-03-23
qDNLzogXa7kFdMtUr76M1TqnZJK4Eppv4GEm6UUSUSbGjqH,2022-03-25
qDWcJNvtiUMngPtjWAFPVAX5qFbqmw9TL8KmqER3SyuZz7x,2022-03-10
qDWhfQ3FU4C7a5JQVqaYhDj3m4EHV39JGEwdu7pJ9Z2yUMq,2022-03-23
qemwr6DuJYKcYTyWXGkDSPxLZtGBLNnEm363Y5R11SCt8qi,2022-03-27
qexh4BU6MgJcDvXSqZZGgvcimXDhw2thFfepByTeSBNY6s5,2022-03-23
qf5SjMDP63nLnvpLuRXd3JzEeFfQEUfTmcNQxSWb9QNsJkT,2022-04-09
qFA7akL8dVQ9j8Ybu7sPWHLd2FpT321XJCa8Rw1nVuvCdoV,2022-03-24
qFCknUeZ5mVRhf67SgeJwiqYHYej2H6HH91D2qvLP2pQyca,2022-03-16
qFcktWgUj9PvoZTQGxKSrcPjyQTCzD4DcSmne8byZzvyW5v,2022-03-23
qfgNdF9Lzbt5uzqhXbm19cRiKtdYgoCtozpvTkeonSRDYUE,2022-03-24
qfjK1de8fRHCgo7e2j2eMUnRmn3FS8bGCkYmH5wzmCAzfMN,2022-03-25
qfKtMaw3sAfsNkS8mzhyZzmBVbBxk2S6z6SHnWyiQ3HCqmy,2022-03-13
qfKyyHHQPokEXSURrtVYdfixjmrGa2pE9RAouGZf66H96fD,2022-03-09
qfKyyHHQPokEXSURrtVYdfixjmrGa2pE9RAouGZf66H96fD,2022-03-23
qfm6nt2yNjvg2dYfUn3Wq3ov4gnsRQopzwHjXtcbK8PcADn,2022-03-26
qfNNqDwKQHoWH33yFvmiuY5jJLuL2k3vAuMDQ8orQEpGoXa,2022-03-10
qfqk8hehfDUNwVrcEbQddFyH8cATw2Ras5D9WosBttrqnUN,2022-03-08
qFTmrqdx3DvBfjPECBjdCR1qahWEchBj4YGfTmvV52MJ2dg,2022-04-12
qfuMx21j4wTL3fTtwGFq4urphJqxTjPap64HM5RnfraBEoi,2022-03-23
qfv1pxxp9GDMACpVmixWuVSLUZ7pVd2PDid5fSUJdzVrqpr,2022-04-09
qFwpk61AvLc872Kn8mgDQAaPhMHSBQtMJits5EGDjxEU7db,2022-04-10
qFycWFoo7gkRTx9cWVX4naBdCAWffCJ9WRWpfTMDAR7zpfF,2022-03-09
qFycWFoo7gkRTx9cWVX4naBdCAWffCJ9WRWpfTMDAR7zpfF,2022-03-23
qGHnLSdELG7Y9CtFfyE4T2bUUBNM4qpZEUovzaj5kDFK81W,2022-03-25
qGKQe6YPFmqmcHQ1HFjZhZkRVoB5VrrMd5H7Q3cneqw3b5m,2022-03-27
qhc6fWbVFg5Aug12DY75Vzjoqj3moMn8mXc1hzpEaUdAC9Y,2022-04-09
qhKQAMAzzc1VTYiKxwqm75Js845EjWPaezWU2qS62VFyuZ5,2022-03-09
qhMXYTner12MHRRiGxVoo7V9h5p3177fefkyqEZ3vFbes7z,2022-03-25
qhnuHLnVMD3ZfeEV5X3aLqEPvRrjnTLmm5Aj5tUG8UMc132,2022-03-30
qhPEdhFWmQaKHRsJUQDhiEU2r4x7RVnFcpnBFGdveUy57fM,2022-03-23
qi4zCibiFJXjykcBayUij2n9LcBwMRUoSTsd2ZHdJvLNyAL,2022-03-28
qiASNm4DuVwPdPE3dWAZrDRJo4EjLhhgtfUvSw9XjfcbCr1,2022-03-25
qJCkEVzJYPUtfAzrXPuQFNr99WjvDWZizcLwsbFfBuVpPgo,2022-03-08
qJHH8XoskRXdtZpgme4N2ZSDATi3yw2BfPyWgVmDxyzUcVH,2022-03-25
qJpEo5vJbc5K2V8n88A4tBcDenv9RhDus3BCGuUGqy1SL8r,2022-03-26
qJtogGVMPSJyrsjWUYtxXpQEpXBgcCdqJtM3fbEqDV7vqND,2022-03-29
qJU9CrPTYxzNeuAyhRBdWw8Tn1etNNtk4uo7HtFJtssdCTN,2022-03-10
qJUziWpnML56ywkGoamm2LoXy8UpsTX6hGTS6tM6QnSm3mN,2022-04-10
qjwyteFDSaGyQqWWDnCuAYgqHeagvZNBjHojkyocFW5mgRS,2022-03-09
qjwyteFDSaGyQqWWDnCuAYgqHeagvZNBjHojkyocFW5mgRS,2022-03-28
qk6rctWojMNNHaYsMBRaAacgMUuwLKJwnYE6Y4NELjWaVc3,2022-03-13
qk6rctWojMNNHaYsMBRaAacgMUuwLKJwnYE6Y4NELjWaVc3,2022-03-19
qk6rctWojMNNHaYsMBRaAacgMUuwLKJwnYE6Y4NELjWaVc3,2022-03-23
qkiWCcyhmiFLL5VmC2k51yA99vetxuEi8uk8umZBX47bGFY,2022-03-11
qkJmqZ1JrXZhjoAui5AWSnePbMeQAyxyqLFWTMzwPSx7EMX,2022-04-10
qkmNNSSpH1tcAQ6FNYPRJTpmC6UScXM7b1ss1aH57pAHkWp,2022-04-09
qkxvHLSwmaX2tuaipf8GasPWahSg9mCMZQDuWqricvY8DFP,2022-03-23
qLkG773EyvAzEGM9SBd5oZMT35T27fvgxNKCv4rvYNtje4m,2022-03-09
qLkG773EyvAzEGM9SBd5oZMT35T27fvgxNKCv4rvYNtje4m,2022-03-23
qLL768RjFbTxiErRkumu9qYkojTGJMVyusKy58AwpyXf5aH,2022-03-15
qLTfs3eE3qcSjU8FXeuKxF2ka47Uh3c6YkHhKthSG2ngjFZ,2022-04-10
qM6AZe7LErKSVEzBZScshZFWTA2sJzCZVzmGzLivs7TUjQZ,2022-03-08
qmK4htpDzH9bHRSF1oFEvkYbr3PgiwGorPiR6jtaVXzMrFX,2022-03-17
qmK4htpDzH9bHRSF1oFEvkYbr3PgiwGorPiR6jtaVXzMrFX,2022-03-23
qMWzAv3t57bmA8cuxrjTJZZmnrJdkYxQfTDW4QPBWCss6LZ,2022-03-24
qndmbmz831yL2Ecfudj4n1rMKKRmgHMyW99JWrUiKnyhouz,2022-03-25
qneZeHuGhukQoAhbD5cMV1a1Di6hH19ThCtis3UwTQkwPia,2022-03-25
qng1LmAkThtzMpMbXj6KY4TyqgGerJBEiU1Anhg6fusP8ni,2022-03-09
qnkudwykmLgPHFv5XmoMtxpPJGhAd1mr2in2dcAVg6DNvQn,2022-03-25
qnmgMh5vK6eskuAiGD93TyrCewuAL5dzNSQeJomZrLgHGjX,2022-03-28
qnpSWAcoAcHi8f3UzTrp1ZYQaA6MSkyBJ1oM3E56d38hPjv,2022-03-21
qnwiNuS3L17jCRbUgxWJJ2dXudCDrXsfkzJPbP3JRnK6cZS,2022-04-09
qo2gY3tUnfzj4jYFbwrkU6XT2nbsWU2SCcAv4GRCj7SfX8K,2022-04-08
qoD75idU7NiR33t39juQn2GRy2Jf8s1cuiUYZWP95BRcWxB,2022-03-23
qofYLs2H8o1fmCCuZCGUy3rp7WXT8WkgUPEYSt4R55xbxLx,2022-03-13
qogKNpnE8XNs6KhLMzpV6GZDY7Gi8TJwznG6L9AwMHeK1dk,2022-03-25
qoHPjXwZUraGKitVroHfQYPYPMg2DcHoTwjA3GZRLGhH81H,2022-04-03
qokKd2JENgVfT8yEACuEbchUgtbTHPuoJYyF7yacw3RujD2,2022-03-31
qoMuczQfAPwny8U8Uxrysc45FM3KZJG4kYUdEJziTZwMFzN,2022-04-10
qoVVSG1AjUPMHhEwU3kE7wSavDEQRsjQqxNC8msipezAuFi,2022-03-25
qoVVSG1AjUPMHhEwU3kE7wSavDEQRsjQqxNC8msipezAuFi,2022-03-29
qP5gyTU4WbkdkPaVHQmVQMUzGNTgWXrRi36SmdvWBGKf5gp,2022-03-25
qP8VjoZdnqhTHafv55xX9SKh1D58keL35JxhkPx7H8dpugm,2022-03-23
qPaw5f8Jcfutqe3nwtNNYP1VoPtwwyTrJ7xSeotXmHhiPft,2022-03-08
qPbHXjG38ntbGBM7KPy67MjTimzEpK9ugSqudVX7xHgrCP1,2022-03-08
qPbHXjG38ntbGBM7KPy67MjTimzEpK9ugSqudVX7xHgrCP1,2022-03-18
qPGuej2gNxX9bTqkH1hnf4RubbcW5WiAv8Qiy94JZ2z4E1x,2022-03-26
qPicaRz3jCRYW8giTV8SPaKiK8q1VHGAoGfzZQCnfdcwztg,2022-03-08
qPitAtyje9aJusTTf9qwUjeVkHjPDwSZQSRLBCfQmvX8MAR,2022-03-11
qPkqGbZ6rE9uXkSfvLK2K6LGBRsSHy8KFpUhXH72qeJkbhP,2022-04-10
qPqYqPX4LhjNsC7by2SkNgWLMV54VKhUf4u9sh7pJ2yn3iw,2022-03-13
qPqYqPX4LhjNsC7by2SkNgWLMV54VKhUf4u9sh7pJ2yn3iw,2022-04-09
qPVa3hwZphcP1jWzvxFYcjZzsDCFMBdt6eEPKPH5ZgbzfSu,2022-03-08
qPVa3hwZphcP1jWzvxFYcjZzsDCFMBdt6eEPKPH5ZgbzfSu,2022-03-23
qQ7abmpqtAXrJxwpK1HkxtWPFrELMw9vyxJb11qGaidXXKQ,2022-03-09
qQ9EdTyyNUR6BFrqcPToLyKYUZ2RULXJ73mLwwQVFrR5pCv,2022-03-09
qqeQf1kF1pbvrJN5UYPjYD5A6g38BXp53uP2J26TK2qkUw4,2022-03-13
qqszuMpc2CZ3tveEcFFTNsDZtL7izHrNLTKpS2ZCuMNBZyG,2022-03-09
qqszuMpc2CZ3tveEcFFTNsDZtL7izHrNLTKpS2ZCuMNBZyG,2022-03-14
qqszuMpc2CZ3tveEcFFTNsDZtL7izHrNLTKpS2ZCuMNBZyG,2022-03-24
qqszuMpc2CZ3tveEcFFTNsDZtL7izHrNLTKpS2ZCuMNBZyG,2022-03-28
qqT33FDEu46jG7BpyVozbzjY3KDH3xWEHmi4umdAuQrP4u6,2022-03-25
qRe5Y38KrUTJc2Cb78rgBAm1ZAxxYwqF6n6TVL9ja1p9Vr5,2022-03-26
qrKh9J1e65LY8Yn9uSNberU5HRJt3Ad5wkzeYtTLm9MiwgF,2022-04-09
qRpDNmnh5xJfUDsQhoQ3KhPUrRm8e77GNUB8JuDrrifWBUq,2022-04-12
qRrg3Mg2Jjdy95Qb9o5c48Wk6xa7HBQ94bYwQKeQrBUsLqU,2022-03-08
qRrg3Mg2Jjdy95Qb9o5c48Wk6xa7HBQ94bYwQKeQrBUsLqU,2022-03-09
qRrg3Mg2Jjdy95Qb9o5c48Wk6xa7HBQ94bYwQKeQrBUsLqU,2022-03-12
qRrg3Mg2Jjdy95Qb9o5c48Wk6xa7HBQ94bYwQKeQrBUsLqU,2022-04-07
qS2oNLWygK7YL4Pdwi6kpJxFrd9A4ZUvf8RXs4SXTejNp7D,2022-03-28
qSALzfMtWtnxMNVuyha5DUnNJxMr5iRRsi2Fim3AsCmBFU1,2022-03-13
qSARgDheESd3ANxwREFEAHdMBTyoyb7KpZNkBKVbro9rcuy,2022-04-10
qskxS4ZMr1PbYXoygqSQs4rc2EUhWv11vKaKwgqia3HNpcD,2022-03-25
qSmRgKRMBpGThoPSq9FXA3hKwwV7Cu88vpd58kDPK2Jj2My,2022-03-20
qSmRgKRMBpGThoPSq9FXA3hKwwV7Cu88vpd58kDPK2Jj2My,2022-03-23
qSmRgKRMBpGThoPSq9FXA3hKwwV7Cu88vpd58kDPK2Jj2My,2022-03-31
qSRp6YWTByrkvQYiBqYxfpntUAXEsSnCg3oeqgMyitR5Y7N,2022-03-27
qsu9eQfwqy9P26CNZASdHoq7qcLJivWLwL1AEidHD5zJNnJ,2022-03-23
qSVdn9SYUHcYwwQDD1hcNnXbooj1giFBHNRD9SjtTtuP7Nk,2022-03-25
qt1qDvWkd1uNVnFJ2ppQePfSmgz7ikTRhy7djVXv3mrKugK,2022-03-25
qtbWpa9MLond33XnP4aJfvEP6iWeqwHPax2uf6tdy55q9Vj,2022-03-29
qtG1Kjcys8voCCFetSxyrsmYgebP7z2sKxbPwzAt28N2e2H,2022-03-27
qtgFL6qNPp2PMqu3ruxY6cyvn5Fzo9tf6ntVu5CABTAFkEj,2022-04-09
qtU9ec5EAHcawWoj4XyGV9F5rEBqSbKfV3C27nohidHnzet,2022-03-23
qtWTdqBDBbaLSL7EuzMog1n1cVVADLfrHZMtw9DoQxgRuE8,2022-04-08
qtyhFMKhjkbcsoAsDV7fB99df3qadMB2r8221Hqjm7LhzkW,2022-03-25
qu4DiPPj9WUxFFHt6XZsxFbpiZZxbxE5AESEKTmxyZAQ2Up,2022-04-03
qUDoHJib213agBunRuUTiUpLc9jSj4mFmHDh3J5otumRvCc,2022-03-27
qUNUdBYoqbRmeDXEoXrjMr3MYtdTD5bo4bUpju4FeHnm3Vo,2022-04-12
qUo1kwrEoVsrPir52CFHUHSB2mEA6us3L4VhuNnvFzGiK6K,2022-03-25
qUShcoruszHiPFmZBEwfG1eXK8CwFn1iYbP8FGshLzkSbWG,2022-03-30
qUUStFz7C9KnQbCivv8UAX3PqcXkAmZUEhWjBNc2bxEDLAk,2022-03-23
qUuWy34xCxEmtfkfKLDgsdh2CSt4ubonqXUoazB7sFmhxBR,2022-03-10
qUvFn9zWeNSEgGpkXR5tR2d6usa3MwPXHvChrNGiwgBSJz5,2022-03-23
qUvFn9zWeNSEgGpkXR5tR2d6usa3MwPXHvChrNGiwgBSJz5,2022-04-05
qV6BMz7xxb5Yt13Hpe5noXdoBrZQtez3JFAH7Gp7yWCm2By,2022-03-11
qV9zgFZZQmLbQFqGrGd8tD1KUZGuAug8FPJ5xQa6Vfx55kn,2022-04-08
qVDAyvVptj3wUxu1caeKKdK4qMTZQAi9gciUhDTxZyY58fu,2022-03-23
qVDAyvVptj3wUxu1caeKKdK4qMTZQAi9gciUhDTxZyY58fu,2022-03-27
qVDAyvVptj3wUxu1caeKKdK4qMTZQAi9gciUhDTxZyY58fu,2022-03-29
qvetcCFqMBwguXhogHtutVfP6zchu61njDzRNxAuaHDbMfo,2022-03-25
qVHNuY4cvPyiPz5B7R1srKDm46MiExLwyRAbK9c8SrxNqtu,2022-03-09
qvicrQL1dgpvZc4vzeuvvPSP8zEYMGV9vEPy88JywjHGhER,2022-03-23
qVQhwMZKxtmtbTfV78era4QZvxRLgHiMGT5UAGGk5XpVDgF,2022-03-26
qvRSx7Arv5iLvHz7qanNKz179ZrFSyCn5rsV9n5BB5b4K4F,2022-03-31
qvt61KxGHz5ESyiEi8yiWN6RGgd67tFT49iERDVpNYge3Bd,2022-03-25
qwLfZiire581rDQVMaJBedfjZSkZJHtt3aa9gsYWVgmP3N4,2022-03-26
qwMtPxdDCk89mmb3PC84VaS23AaP5BUZDf6GB5ZLsYtprTV,2022-04-13
qWofapYY7JmJJkQz4xqU64GWGXgy6ffn8eRUgA1GrcCiQbC,2022-03-29
qwTUVNPsXWxzyUdDhiTuHNqiMh6juVkGZXfmyu3Fvp1U5Du,2022-03-10
qWuXXJHUZFytWn6uc5PvVmK1vKWYpYS4xHFcz6yLzRSC7zB,2022-04-08
qWznvTG5YsCamotsHZJexf1zXeknwqNaf9DF3H21DYEfZuu,2022-03-25
qX9M9T5DWv6psTrWyJtbQLQtzJeixgbVPGKFAtaXVv22oF9,2022-03-26
qXBU3ruu9WV1aCkJYVfiTEMJ5UWqvDApz5G4efdDkxf7FVX,2022-03-23
qXhia9tatS6yYFTUgewwYKtZPt3bVeSU4xhg2HuggRNcM2k,2022-03-29
qXPjne7xo3G1hM4tjkEaScYKDFTVWLqKS5mRx2E7dnjx5Jj,2022-03-13
qXvqMw1HwA4SeChz3pNevUw7e9wXsiKWPffGsjLrBvL7WFv,2022-04-07
qXWnz5SnNAV8GbmqcXd3f5vtEkns5VsQP2hDZwZXNinKTtv,2022-03-28
qXWnz5SnNAV8GbmqcXd3f5vtEkns5VsQP2hDZwZXNinKTtv,2022-03-29
qydSJXWAP7fU9zjEV5sk74SktAwZZikJ7EsGkQzGqHhET7M,2022-03-25
qyfEuAmUdMzwUgVfnj9exBx5MN7BJurhRXuoGtWYPDN9eps,2022-03-26
qyK7nZ7nj8VYghFAA2ss9pVaLBiedo38aVBf2xZ6Kj6vrdv,2022-03-10
qyK7nZ7nj8VYghFAA2ss9pVaLBiedo38aVBf2xZ6Kj6vrdv,2022-03-23
qytJfQAMBKNY2SBG8gXZX1VK5XYznJetiVYycG2jG88t8K7,2022-03-23
qyXvsKMADyVFC895S3oZfMj1AL8uZwXj3Dc4RsFUyCrXkuM,2022-03-24
qyY1ciALeMPn2mCMrUQWADVZjZj8ytEE98NsPHMuwgoKL29,2022-03-08
qyzd3LLHKR7siYvDuenZ7cv6qDSQ1YH45BotySEi8WWqBTE,2022-03-29
qZcNxf8nr7BbQ1RA2EeXS34rnFDN8vXkoRsCFpiqChBhARe,2022-03-11
qZhzv1Sf9YAiE6mtmDdP6jp6aCj3USKyfgDCiBNC3XrdFk6,2022-03-29
qZVUR655941nbc42Bsp4HjP4GVpHWJrT41QDmzsbW7duJav,2022-03-11
qZVUR655941nbc42Bsp4HjP4GVpHWJrT41QDmzsbW7duJav,2022-03-24
r1h9B4N8uuVvjYLXcFdm8JnWReVcA77YPfeQVZcHUhKxXQS,2022-03-14
r1jfUDuyeUifWGGWJhM3gRkfMNb6s8yUEn1s5yzJpQKq2dW,2022-03-25
r1pPZtP4uuMJtN5KQq2Wb4GU7QUAPU5BN9SjLZUTRFAK68u,2022-04-10
r1tkSCbNcfM9TgbGaGp8w2z3Rw2ZvXtX2zkMSBqfwLxKAjf,2022-04-07
r278JtqbRNAvVRtUeBuHaLFupY8Y1vHBNk5jC2n1JVinkQs,2022-03-24
r2fH4bsRCgLcUThjBHHpYoGDynCqQVpf1pkKsUrGBsgtgng,2022-04-12
r2gFyvbFuP5E1RkWFK6ka5VJk7pX9iCWYoSV3RgLfKbRcSj,2022-03-27
r2oSubW4WGuh17Q8Ye3n1edvLi66m9fCtszrJpJuZf7qyXX,2022-03-08
r2P6PRc7SgPAirkotpcMDaYuFCPp6569dGeQnaJ148LDjwS,2022-03-23
r2skpvtXr8nWbQU4Dz8kYnfHZ3TNoEMU6RSChZXb8YNVjLY,2022-03-23
r2W7mz2PJwCn2fuq4vJBpB748b3vwVU5JwTRhidmgMDCTiu,2022-03-26
r4aZehPN6VeDDG8evbGQAYsPWxc1sXLdJ7HhTUU1MLUyXcs,2022-03-15
r4h6DXrNKdRk2Bb75dDzwt6YbGCSVM9sFpCzVRaemPVPM1i,2022-03-11
r4juxva7W6va6XECDttbUYMhuhYZRA5JtnKyUVqa1WBgSgX,2022-03-30
r4QLRjt8T7xzGDBZVWdEUSDjBFd3dKb5Y926LkLEFGfS2fV,2022-03-23
r4s2BkoMc7MZqNivgZsaTeNyRSzRXrUv3yAQ2MHDZFwxBj1,2022-03-24
r4yozByempQsm266S17TR6uMrDzYML87pkQ5ve3kCf5s8Gg,2022-04-10
r55jcNpSrKmbguTQTxC4oZnTMYdivQ2zTarc9Pkvv5qJMkh,2022-04-10
r5Bq56Rf9znNoqaFxVywHXEKRG96GauskRsVqYf3FxierHx,2022-04-09
r5JxmDJYe3uEvX3oBLduWiSHFG4w6epY3ekTQCCAMLnpU42,2022-03-08
r5UJscSoFbVoRCPWFoAQjkGVa4SH7VZeeu54GXT3ZgRgpFV,2022-03-08
r5WWppuRY3HfQ7MSuK8CRtXgGUHU771NBZAinbA7UMnzK7Q,2022-03-23
r6wcdZjWLJcsLQTgg6ghxp4DBW1e2G5tKdW8vVe9kRHtpYC,2022-03-15
r728osMTAyQbJvzMQkJRfjwbeSe5enqXbhio9b3AM2rs2ti,2022-03-11
r76FZYxnk6pTNAkaK75Wq9cypQzcYegfZCKqTVVhYgugy3r,2022-03-25
r77bm5uWPmatWGddksEatu8wssbprk1cx3w1GSqyy86tiq5,2022-03-21
r7SjCKjPDdTXKwQs4XxUxxKxAKUuxaNFxiZQoePzKWGMYU3,2022-03-25
r7xuhVSZBaP4Sp1DkULn7J5gpr3hoVRmoiZ9jcqdfn3juni,2022-03-23
r88NGyPyR8PvMi27ygQDd7cNzng4NXsEr5miR6qqYfiL2Uj,2022-04-10
r9fHGhT19t8QUSLc2bHhQtH2tLXkxGzY1pLnFpAbGUisZNa,2022-03-18
r9fHGhT19t8QUSLc2bHhQtH2tLXkxGzY1pLnFpAbGUisZNa,2022-03-23
r9fHGhT19t8QUSLc2bHhQtH2tLXkxGzY1pLnFpAbGUisZNa,2022-03-31
rA2hcQ5AWZR4ypVNsNnXQmCz2T8ThQF4YZLYuo7SD4FqJTj,2022-03-30
rA3ogQJJwoJhncYaq4SyFUcW2cjdADbTbPEw2uWXGLC7paV,2022-03-11
ra5cBUz8Cova8uBjCpTYcLLiLi7M4QWYBc7Lzatbo79PLKp,2022-04-03
raA6knE6Gw2D8DZ5viCcdX4Km6NKvZUNTAW3jYMfLRr7DFw,2022-03-08
raA6knE6Gw2D8DZ5viCcdX4Km6NKvZUNTAW3jYMfLRr7DFw,2022-03-23
raA6knE6Gw2D8DZ5viCcdX4Km6NKvZUNTAW3jYMfLRr7DFw,2022-04-11
rAbniZRCcttT6yBdsTxLscxztnkX493fgrtoNgKVP5gDuYJ,2022-04-01
raJUTNVxpvatbPfmc7ZGcQuijdwyd7GgkTcDsBsQdyq2cEg,2022-03-08
raJUTNVxpvatbPfmc7ZGcQuijdwyd7GgkTcDsBsQdyq2cEg,2022-03-26
raKdY4YHy4SFWSrfQZvpsrUQsnoChcK2fg6BZp79TP9fGmQ,2022-03-23
raKdY4YHy4SFWSrfQZvpsrUQsnoChcK2fg6BZp79TP9fGmQ,2022-03-24
raKdY4YHy4SFWSrfQZvpsrUQsnoChcK2fg6BZp79TP9fGmQ,2022-03-26
rAQNHzd71MobswFakLq6t4f86tMwLPhonj8r1wn7TVp5TB1,2022-04-10
rbnsniGr8HejLzN8drHRbwDMs8NVzUtEJE1QgzE9XDjUsF2,2022-03-23
rbnsniGr8HejLzN8drHRbwDMs8NVzUtEJE1QgzE9XDjUsF2,2022-03-26
rbp9JdhD5KrZZZaBGc6u6qRmGpMytEgySfCz8CXvf4juY4p,2022-03-25
rbrUKbnJeNyqdLfvSQuPzAZ6AyFgaj4rPj2W5VTdTDzQswX,2022-03-13
rc1Qe5pxovBo3YkuHGdkeQjuifaYM4JbTAzB9ggk8CmSQjD,2022-03-10
rc1Qe5pxovBo3YkuHGdkeQjuifaYM4JbTAzB9ggk8CmSQjD,2022-03-23
rc5TwPrya7mcd5bLeWY8zZngW5YZY1QBfTfW8qKfbwUU8Zb,2022-03-20
rc5TwPrya7mcd5bLeWY8zZngW5YZY1QBfTfW8qKfbwUU8Zb,2022-03-21
rc5TwPrya7mcd5bLeWY8zZngW5YZY1QBfTfW8qKfbwUU8Zb,2022-04-03
rC884B3pLCVZyowgVBkjzXj1VLnPkD4bJXuBE4uHHqEqcjy,2022-04-10
rccfCCgVDBTRmevTw7Z4teJoM5kzQGjdcQ3xinKBGNqZFSY,2022-03-25
rCcmEYSMDniVRUqkLzrYR6fmD1cTZCHhFxHM7A36gMRko3Q,2022-03-11
rcds1C7NwAb1dnrS4k8PKNZ63Zhq68ikKVBkW5n1ePaNMTL,2022-03-08
rcds1C7NwAb1dnrS4k8PKNZ63Zhq68ikKVBkW5n1ePaNMTL,2022-03-23
rCfHk2yHtN7fnwVs55PYHr6Jr73ozjTLErS8sChdLfXt1H7,2022-03-15
rCki3Y2et7KDNxuidkKmnadi95rsAVjo7AhG6JqHXWoCXvT,2022-04-09
rckmeBY7yJZ8G4w9THW5yTtkNCqjYoEY7u8VFYH86auhCGL,2022-03-28
rckvxii6S7Hve8RimH7JUd8X5rKbXUkPGNT1sx5VqFaJ3E9,2022-03-10
rckvxii6S7Hve8RimH7JUd8X5rKbXUkPGNT1sx5VqFaJ3E9,2022-03-23
rcMpi39kSzayaiM8KtwWRS8qmz1LbazNAokjtZoz8RwnpHZ,2022-03-23
rcopwAKKdh6Ei5RVR3igqajUBV7hA9zbSmkzGg1MYSiwPN2,2022-03-23
rcRNcXNXaBVRPEcudFzELo9sWbpCLEASaH7zfz9Z5yMRRQa,2022-03-24
rcRxGhHbbsn67zvNjnKSM9uzrZiJLgHoiTpCsTsiM1Faqty,2022-03-18
rCt3NWEUVDtbRBJ67ZW12xSo59pP3mNFepgbsqfbb86xWWe,2022-03-23
rCtksmiwTLyRFSnQpx4awnVWZVpbEVfToqUtoW6bV7pNVjZ,2022-03-25
rcU44AvQNEg4cfkWeYnVTa2qDXUKjN6KKgnvKFuV9iMwRSN,2022-03-26
rcuoH4b71aE2bsAJgGrtDnzLZnCPXDSZAXGbtgpdF32cFfy,2022-03-23
rcuoH4b71aE2bsAJgGrtDnzLZnCPXDSZAXGbtgpdF32cFfy,2022-03-25
rCUZxci4Pbdiy78hnELae9dTSk6ynEU2Rje874mPeULKjUo,2022-04-05
rCvAy1mMqDqmFiC2ryiaQNWbsLdTp1nvwJAuFXjeKgfFgNf,2022-03-29
rcYGg6nyQNoGeH4CWvCKVuVKsFQTUaCtxYP1HuqZCnsusGj,2022-03-08
rcYGg6nyQNoGeH4CWvCKVuVKsFQTUaCtxYP1HuqZCnsusGj,2022-03-26
rd1L7WhXGqr5ztNPsLo9HcKLoKzdQTh9pL2iFJGCQrsA9iA,2022-03-29
rDE4DqkVjxgwLmmuGzuAMWkLqdEa1bw5xLQdM9g3iqs8dbG,2022-03-25
rDQ166tM9dGvC3qUNq3Tm66C2T6j8YKkRfPNAhbTmcJSezk,2022-03-09
rekNRx6Kyxrx4uY1RXthi8p5kmGvR11cEjDwe3cmmMtH6wP,2022-03-08
rekNRx6Kyxrx4uY1RXthi8p5kmGvR11cEjDwe3cmmMtH6wP,2022-03-23
reooprVST6menh4kZmYgkPnRT7Q6JuTNcPQZjauyeTAYbEA,2022-03-24
resxpKuZ39o5F3WpB6eYfxfoQBg5cJ72Y4DG8mZtiCbuDQu,2022-03-22
resxpKuZ39o5F3WpB6eYfxfoQBg5cJ72Y4DG8mZtiCbuDQu,2022-03-23
reT3W8ah54E7ezuxfsM1a2M2j9A2ZGdJpF1q73G2A98avTq,2022-03-23
rEtDCgsCK8rK4gs7Koxqnbxx4sRksSmvGGuYGWvPijsw4Db,2022-03-23
rF26zot1XkjuH2fn9sHcNnRriHT3Hq31LmR8bD1wgaqBkS8,2022-04-10
rFHYsJzDZRip1cQfXggZ8MTSJF6URFchYgxi71PLSW9fapW,2022-03-14
rFLRieLDBJ62QC5t7L76B2EEYV9Lzp2FvCbtiKXrKQQMtku,2022-03-28
rFoeW9eVjZMy7HSZeZXYmEjAtNDRYajGMj8UWbgiJuvdt4e,2022-03-25
rfThTVEPY3kVqNPox8cBJagAnXpGBTEgX8aQAnj6GDX2LM1,2022-03-26
rfZ6eWdjLB5Vp9oXyViemix99zqR4cMyKk9GTsgs6i6P769,2022-03-25
rh3fU6ywYs2RAT9DEZ5fMaxDaBJEa7kRq5ZAr26cQR829Ax,2022-03-26
rh6eZBuosqvu9HNa7N5mqwMafpgsPTiopQj8z2QhM5Wt4bY,2022-03-24
rhC9BrwghoV3s4L3hL2Mkf1JTNS5QQgnpi6doR695i29KTY,2022-03-08
rhHhZ1T8rpCf2ETbFMXyVE9RKmdnrGWbBDemiR6Tgg6hApX,2022-03-23
rhhjcroRminE7a6DCKkSZ9JuDbar6RuwwjJyPEaGsC33jWe,2022-04-01
rHhKaXn9MCmsu1PBYkoyuvk6VEHEgbcfVZugeiQRbSa218c,2022-03-25
rHjZa59WZ3hsL4ULEAXgZAqsFqg8FByw3Z9b3d5YTFD2eiJ,2022-04-10
rhmqa6soWMcijeyhdNnAvjkUR4DHssvbK1KrjJoTNAj17rV,2022-03-24
rHMTb7yokYRkzvuA78quVqW5XMz23x85XYMrMru33fTpAVZ,2022-03-29
rHNgS5ki1LkTRs2WWVpCB2Tvpjd7C5KhMzc1q5dcRHJoy7U,2022-03-27
rhoDDbHZR3L8dkneGLQt14ShhScqTxJGmc5euEfyRyvwNgp,2022-03-08
rhoDDbHZR3L8dkneGLQt14ShhScqTxJGmc5euEfyRyvwNgp,2022-04-14
rHotLryKx8nceEZeHUDXMSeUEAsUGBB2fgmebCrGh9ZbFN2,2022-03-10
rHPdKwDuiXnE5WWNyXopw4oyKN2yeJSKZf1kzuXgNvUAsMJ,2022-03-10
rHpEf84k4Hrjo9vzRjSJzuULsSVYF8ZSKQ7ZBEqnrtVS1UY,2022-03-26
rhq8ZUWqGUzGwX13QazEpR6GWARai8dMSFXNoAFqtchr6Yo,2022-03-23
rHqKbMNFc3t99fuJhVyA4VpDBr4BNvJeAN7iC7S53YYyC32,2022-03-23
rHqKbMNFc3t99fuJhVyA4VpDBr4BNvJeAN7iC7S53YYyC32,2022-03-30
rHqKbMNFc3t99fuJhVyA4VpDBr4BNvJeAN7iC7S53YYyC32,2022-03-31
rHqKbMNFc3t99fuJhVyA4VpDBr4BNvJeAN7iC7S53YYyC32,2022-04-05
rHtFj8LdrUpxeaFT2BsRgn58pwfVWw8GzfV3U6Fkc8Sg4pm,2022-03-26
rHv8d4JgEBLgvffMCCQSneMBerqcH1DgrzqxvJ3JxuRhV6N,2022-03-25
rHvcbgZLoU5sssEhi1E44vpYacpcE2znh4AZxmkChxMv2wn,2022-03-26
rHwvQSMQ2rq3GbvPbBfkkywWtmKHK3SvdRFHBBqxqq3h89f,2022-03-10
ri1chdtpsZZMwTncXME7XnZfTDtGtL8QbtdxYuEsYMmvjXe,2022-03-23
ri2G4z4pzpFGEtMXViiNJmUxVFtaAt9MJAXDrGjXVfb3mJt,2022-03-08
ri2G4z4pzpFGEtMXViiNJmUxVFtaAt9MJAXDrGjXVfb3mJt,2022-03-11
ri2G4z4pzpFGEtMXViiNJmUxVFtaAt9MJAXDrGjXVfb3mJt,2022-03-12
ri3UbupFSo3dznA55NEVonDxwfyN2hW9dJ9tJ2mvRLapnCn,2022-04-03
ri9zD6t9BLxZSZnzpbkF31PXSQy1oZeTeSSriQgwbMQSoTp,2022-03-08
riCAriEHsr7uiQr4KuvEGwruPkFyfQMEEy8GQhTzfZyKoPA,2022-03-08
riCAriEHsr7uiQr4KuvEGwruPkFyfQMEEy8GQhTzfZyKoPA,2022-03-23
rJAYvrJVox5wbCUQRCYtnno2USTKMf5d8Je8rGvbsa39z5A,2022-04-10
rJEoakH3osDJsoDskpCWydnyWu2ajFXQAZPGxzicg25LMUZ,2022-04-03
rJHecYaHLpDqRJBwZyMiRL7axHwo6LXJPmQfA1z3ZMXEMpQ,2022-03-10
rJHecYaHLpDqRJBwZyMiRL7axHwo6LXJPmQfA1z3ZMXEMpQ,2022-03-14
rJHecYaHLpDqRJBwZyMiRL7axHwo6LXJPmQfA1z3ZMXEMpQ,2022-03-24
rJHecYaHLpDqRJBwZyMiRL7axHwo6LXJPmQfA1z3ZMXEMpQ,2022-03-26
rJHecYaHLpDqRJBwZyMiRL7axHwo6LXJPmQfA1z3ZMXEMpQ,2022-03-28
rJM5akHNFgXYXzdb5fmjzqiCsPCYJUATmgQFQiQ8xZeBt5R,2022-04-08
rjmcxVPnjie76bPFkQXsFfUPQJ3C5c9XHnonSeoUcHN36YP,2022-03-25
rk7BV2F1r9Wd4FStfG3eXvcLwJeRXjLod7iamy7o5Ngv1Qk,2022-04-11
rkbcW6pRweRvHYWQHG3RNmdoCp54mDAxhmqnubPmySUSCSx,2022-03-08
rkHmioGyuzq6SRXYRgu4tRXuN3QXFy2zgDAFChuVEBDDqKP,2022-03-19
rkKXUYNGzJFpjXGjhVEezv8Yw5jeGrwh7g7ZDM6rzgvC59u,2022-03-09
rkKXUYNGzJFpjXGjhVEezv8Yw5jeGrwh7g7ZDM6rzgvC59u,2022-04-05
rkLWMr3DytNAwhN3ugwfEwVabyaKZMtYYBxcURVNC8CQezr,2022-03-09
rksJrJ9Ys9TzC9H2w9VheS9Svm7uuDXBpHxMhSjP2vCwDj3,2022-04-10
rkXUfnY26T7479BUKQyQqfy8Qd98ALv5w56GaZuH3gne9DQ,2022-04-08
rL3pgJGhndyuaAMW1tWVdS878wM2d2AdVZGScq5TfN3WT7J,2022-03-23
rL5ciGC9CCm2R9zF56aVuixhqvpGsez6DyngoQhsfNL3tQA,2022-03-26
rLcYn2sABwJ8KberZHAtseqo1THfi3S9Tk8FgXpwkgVqBJg,2022-03-15
rLeHPDxRZhwXdnaD5v1mExzkzmMYz92iChm2AiUVpoM7fv3,2022-03-12
rLFu5kMreijznjpEFyoEreojte8zRyTVpjgvKqD3qfYcCc4,2022-03-26
rLUtY9s6jjisq2DtZWSvAHrAc5HUWkmVmXmxFhz9jSoFiTL,2022-03-23
rLvtFjTVnodByn2ZxsxHmyeR53CCbwVsuBPiXyd38ysFBm6,2022-03-23
rLX5CQM17FpHVcW4QijSt5UUq7AEfXTJ85P56G7D8A8RA92,2022-03-23
rLxK3xe5d8R8KgqgfeZ5HXBa1TUCHDkWQUw53c6UJMZUspo,2022-03-30
rMEKztg1TB78mdbBrvDybyS684c7GuCYLDttcuY7sS5BtcD,2022-03-08
rMEKztg1TB78mdbBrvDybyS684c7GuCYLDttcuY7sS5BtcD,2022-03-16
rMEKztg1TB78mdbBrvDybyS684c7GuCYLDttcuY7sS5BtcD,2022-03-23
rMEKztg1TB78mdbBrvDybyS684c7GuCYLDttcuY7sS5BtcD,2022-03-24
rMEKztg1TB78mdbBrvDybyS684c7GuCYLDttcuY7sS5BtcD,2022-03-26
rMEKztg1TB78mdbBrvDybyS684c7GuCYLDttcuY7sS5BtcD,2022-03-29
rndJ5QvjRUBDtdgNVSLD2jm97PMMmX2SKWXCRmWJMySP3BL,2022-03-23
rnrZbNwjs9zm6d1inbkLiv6r5G8e1DTPGKn3bx5yCtsLQXc,2022-03-23
ro3M6NcszMzmWAZDFLT6A5cKQagEWBfTq6eoaZP1NAef5Mt,2022-03-31
roTTysuNZub8ujc9muLwhLCRGGUNxkQvhhZePqgbJCprcbR,2022-03-25
rP3ZS2RXxDtqKRhLCNnx51hfwvBJ7PzpDdtuE41MkK7PC6G,2022-03-28
rP81SnQWvjthf5swZSwr3mfzmgSuQha4vq35nP7WSoEu33H,2022-03-08
rPQDauX1ckMHY7N18JRszV3ezut3bJjWBCbtEYarrDj7rnE,2022-03-12
rPXyRzvym8R19B61RSpm9sD3sbsx7BNZ2H1hm7eVwL1vnmq,2022-03-13
rq3eZD6hoXSU1CgeH5Xxc9fGE6y7xj366p5kci4GtQHNgqP,2022-03-13
rqGknnwThgzyBzuEJ7Cq92m2hnPCEjELj1sqAUAsPmDW2Tn,2022-03-23
rqGknnwThgzyBzuEJ7Cq92m2hnPCEjELj1sqAUAsPmDW2Tn,2022-03-24
rqTL4hQat6bpf15hguEmSDwVURq41y56anbHF7g9uKTNFjj,2022-03-31
rqzBKaHwhcMFHRnXn24S7jf27faUssndbjnWhPFMiJYBxEh,2022-03-25
rRGzR7uo8nuSHHtNKrwX16NYoym7xUWA91HqUs97m3Sp67V,2022-03-21
rRhqMhFyYrRvwUtAqUU3EmCX7bPy9ixo2zR2pQLJQQCBeq6,2022-03-23
rRiKJZdzE23wLjdzCRL4JbUijgKkzwnsx7wxjAkNt45rgoY,2022-03-27
rRpePhukpBMgmMFaC3Vg1L7xhghcXs14ZMFYHmuzNy8P1xg,2022-03-08
rRpePhukpBMgmMFaC3Vg1L7xhghcXs14ZMFYHmuzNy8P1xg,2022-03-26
rRREkpL4NYST1n6Hj8poVCfBcCTE1AZhf7YJohVdxJLio35,2022-04-13
rRXnt1Vg1nRuRyT72yvZEPCTRzPsa8dvqXkJ8bYnATx6pFN,2022-03-14
rS3GcuAEdYwX9eShhbyjYBtgaUs9CfD8jVa35jUQZmEGQZ7,2022-03-11
rS7bL8mMMn7EacLLWGTAnM2Ve4gZ6V77WDGF26Z6s3hfcV4,2022-03-25
rS9vBBgUBeiSYECjiRRcF24NsLz3qxarK9bMhxPf7vJJbYD,2022-03-29
rSDjwi7o4yPrAP8YSCBpPHRGfnyKEj2fM9V7aSC9EnoSEW6,2022-03-14
rSJ5dVNP54LBPvnw7HVr5inWAVAMTtNZ1Ytv4w3Poscc7c2,2022-03-25
rstHHvAc9u9o8ewKTLCmQxhAbT7Lj3SU9mzaHDmGQAeUw91,2022-03-10
rSWPwVDeBZZkLtqLVTh1x35WNNdpXru816RvjgZpstqfz47,2022-03-28
rt3kGr3xzpu6jch1rfkHin99r3G1K2HkaqjFumoTScoZxPk,2022-03-26
rtck6P2k7NBrBGqVUyNxKivaCRzwqbR8bumqPMEVbCLpqMw,2022-03-23
rtF9Tbk8zrwaAzwW9RUszGosQRWutsLhpzgSXNLACKAZG8Y,2022-03-10
rtF9Tbk8zrwaAzwW9RUszGosQRWutsLhpzgSXNLACKAZG8Y,2022-03-23
rtGoGiGfiX65i1NzjwDKznYLHjkpHwHFUSAmWp2d6hWqEUq,2022-03-13
rtiqWbGhzyxhdQ2ayiaxbE4Ru9xYGLQmJYbS8vu27JUbdk5,2022-03-08
rtMxyV6Z1zidr88CLeFfGoJg8xWRqSU6oVTc13qSWBeFPgR,2022-04-03
rtUFzd57WT5yzWmn8DeKAU5mQzBMJM53r85MLzR6FfBfMRY,2022-03-29
rTxjpBs82FokFFmBWYnmBr9d9XZGdV2HmAMVpnd9debXWVM,2022-04-09
rU457SawYuz4UXHtWMs2Xip76Fz4pXeWGaEppdPwvbN73bu,2022-03-08
rU457SawYuz4UXHtWMs2Xip76Fz4pXeWGaEppdPwvbN73bu,2022-03-23
rUFm7ZQzd1emC5aBg1Ct9XFocsrQa6cEZ4hsYLxJoLb8UkY,2022-03-12
rUFm7ZQzd1emC5aBg1Ct9XFocsrQa6cEZ4hsYLxJoLb8UkY,2022-03-28
rUNqmf7uhyT4bZ3r7RsrirQPtf6a3Fzh8u9EuKv3AqWw9fX,2022-03-10
rUQqAxBGwSMSXSnCV4997nQGECzDDDBFs4uGfkW4NjBJaCi,2022-03-25
rUsjiph2SDBaa1fKTmpcDvbazZMPQoQkEHR9eCCWhcXcgEh,2022-03-11
rUUXbYy1AdeSi75ZrKeYWwQ8W8pdfmEUa9GMWC5AdBEFNvA,2022-04-10
rV2hXXqAxLyRACkEjiWjbB332XxuvxahQ73psQkEfNtovi4,2022-04-10
rvAeiYYJcAuwGkRuvbw39v4ZT3m3KZzVWtrLfx7k7TczbBK,2022-03-27
rvDCSPtp7qZAaXKfcXpbRpWkfQUNdcvJkuqEjeEihtHUBAC,2022-03-13
rvffB3YZ2DVTNp83TVJtj9ufRETQtnKDtgYopDWMgsHYSwR,2022-03-12
rvffB3YZ2DVTNp83TVJtj9ufRETQtnKDtgYopDWMgsHYSwR,2022-03-23
rvVvksmrvqv43KnncnczG7gLa5asWh6pR2SEaR8SqCidgSn,2022-03-13
rvVvksmrvqv43KnncnczG7gLa5asWh6pR2SEaR8SqCidgSn,2022-03-23
rvvZhLKEUvfyUfEZpGDJgWqmrPUdkTGeMqYcjN3F3V7UTDB,2022-03-27
rw1cQMSCT7G9MVbhAgssk7Cf2wMCXjNXGyZiuRM6nXY2GoE,2022-03-27
rw5s8ekCDqsxYDSGrr7YBe22B24YBYwSwJCjcVhxPepMJrD,2022-03-10
rw7zXba98WBRNhStCDfCADmV5QgwsZhHZh6uJME6YxfzzK5,2022-04-08
rWeHjYJxHmuQX7LAJgLjagMUqRps6iUtQmrrAY6uitr7DDZ,2022-03-24
rWjbYzUzbKf84kcr6TjqtREQNW373nF2sfuhjREqj7utUuc,2022-03-08
rWjbYzUzbKf84kcr6TjqtREQNW373nF2sfuhjREqj7utUuc,2022-03-18
rWjbYzUzbKf84kcr6TjqtREQNW373nF2sfuhjREqj7utUuc,2022-03-23
rWX6Z2LyoJzjYb4LojaUQYtA2LseGPS5veecZL7DTKkz9f1,2022-03-27
rXd7j7mx1KK5evCxWhbGqDoDaHXn3pcgGoCeJxTPEEuxrjn,2022-03-25
rxiTEdtCKVC3wY6ysbmvK9PinHkRizDShX8wT7GX8HVHj4c,2022-03-23
rXjHRjxwiLSUkzRaDn9fJWjbWWcUco6UeZCpEMFwc7QfEEZ,2022-03-09
rXSqmhNP7PFwNYjUNQqvTN3DwtbXFpTJwWYKSUuWRqhvjzp,2022-04-10
rXTuDfPRpf1rY3hkLwsXVNqGWuKJW1kiaqZ5nNNdNyPxEAj,2022-03-11
rxvF2Ns6WRT1xZ1jFhy3AwhzvvjaS4bVmMgJbNLV9jKxWBW,2022-04-09
ry5boR51HvsmPBRwxn5ZDzdnCP3ya2HZiX9TF1mR9irkB4G,2022-04-10
ry6zpi5vaHnaUGNANcjgGcPUwhKgUrkf8h6NCc6U9miUEJg,2022-03-23
ryc3BGfpkmDPDov5PGkDgk1dpa3ak5FzgXZccMXE7fK5Ucb,2022-04-09
rycMPo28Bv6E4wDzNMFjdihzyfypFHit2JCBfGcidAt2BEg,2022-03-28
ryeVAhMiPjUoA9NATd7ioioKesr6oRNz5VoqLXBihFQjzJH,2022-03-13
ryJsy2GYU2XcTjc152fFNbi9d5xUA5cG1fRWSpHWsdJjPer,2022-04-08
ryMe4TB3evgHYE69RRPPostJ97z6X1neBjCErWLvqNYfDfG,2022-03-11
ryMXoDMCyBAJGvjWwK2QdfscgGKrKgkd1i3zCP2x5DttsWP,2022-03-15
ryoofjqGYyzEDZPTKUW4QG6u4uMB2TDRLPbS2uRxM5SGoC1,2022-03-25
ryoPXJUCKvSqPuDktAcocD3mtaeadc5CYMPqRaF1iCHJw2o,2022-03-27
ryseQ25QUKZ1w8PenvQcyZTSJ3ZxAYwCjNoh4bqJgDGZps5,2022-03-10
ryUkcmhfEgFwLSPpnKGgR4JS8dDoXaQuUwqjpDzGvjk53j3,2022-03-15
ryVPwW3iJMxenjgJNBPjkWBp91gDHes3PR2EiExqfKJzcLA,2022-03-23
ryVPwW3iJMxenjgJNBPjkWBp91gDHes3PR2EiExqfKJzcLA,2022-03-24
ryXznR95Bk8vvCVSe2uUT8VSGWoVMqrTHwUJzhBqwcxjdjG,2022-04-10
rZMEqjVK41Tuv5Wg1E7atg23qXranHndtXoDmq93gx9mWWn,2022-04-10
rZMgVTAUDiFt2ieJXVGAVWNAUgspmD1hCUuPEVYyJCX3UmM,2022-03-28
rZsGZhiFujYzoyXoYha4SKn6Dih4DLXj3XuuWGW1SNYucet,2022-03-13
rZuSds4vbc23k6zx9auewnDSFqtbvdNnWixCxNoy5d6ydyN,2022-03-09
rZVSq3qwwisLWuj6h3i8pLpm36LxUiLdJB8n9T7BkhH3XK3,2022-03-10
s1e58PC7UBf2ihUXcVEKM58RbpgVTbGoMy4zHBdvNwY3JLa,2022-03-25
s1eoNEdYsQhrxm1WgXMeKyR3NTPHsob3khP5xAT9Wf9cY6K,2022-03-24
s1QqHGfBhJcbhUX9FKSYRAMBkZc4133a6rw7oooc4qD5SSD,2022-03-29
s1rVF32VR2VPHAeQGm7fMaAGWVkUdavWuWdLTo8FmnzFNuk,2022-04-03
s1wFNHungR3Pkdsv5MamKvD1hUMdJRqRHeQjaBetvbCCpja,2022-04-04
s29pp7tkL1Bn2xQ8zG2PhLedXuEacrF6qBH9bZWkiSjUXfY,2022-03-29
s2W7UMxYDFUnw6dhMrA1PK2FxhbdbqxzdRcimdmRT4c2CAQ,2022-04-08
s4FSXtANoEpqu4PMZJn1swpwMfs3ebCShRD4Sy3HfxJjcMT,2022-03-23
s4i7TmhcMVngYGpF4jgMtjeL3AXeD8EuG1DczTNfxi9qYsa,2022-03-25
s4NSRyyMdvAFmVqNvy7ykLBGGdhXi32XJPosZQuXxiEXR83,2022-03-25
s4UjMRrkEqqjuBqP68m1jZbe3x3ePHr22Ktc9L7HKqNtA5r,2022-03-11
s4ZdtozZQ7Nq9mkUGV2utuYNP9pucJZgEXGv6pNmvB7JqFZ,2022-03-23
s6gL4fFJL6BCCEebwoCNVniRYe7iem8ntqn4t5WKEBgQqPR,2022-03-26
s71RzUpncTDvP6ptcoCw7foJKcH9dbRgg9dZyPCiWpv28WB,2022-03-11
s71RzUpncTDvP6ptcoCw7foJKcH9dbRgg9dZyPCiWpv28WB,2022-03-23
s7e2xb6rdhDFF3ApgJargq77zmF9kNmWCaGCVcX51eJptb2,2022-03-31
s7F8QxDCpHNgHTfxNdaNTkiMR7GdzweGvykpPfFajzNDtVv,2022-03-25
s7jiVirGJmH6J8sUiRfzErQMhJ4HXckV1AakqGGsxs9xrzX,2022-03-23
s7meXKsAWX7g1KUmFiqy6NXeJon45tsifW1ZSiHPiLhVBpy,2022-03-23
s7NTXYvzq8YKSdnfzAUPXT7h7nJZYy65zzWXJRW5Jzbk3vo,2022-03-25
s7XXZTBwnjiozcTvwyecqSKs2ieTKa2D5STZqdpX3gGww3W,2022-04-12
s9NvnrerCJvxjbWmFG98tiDQVXx8oh7jqvVGKYpHKrLtny3,2022-04-08
s9qz8u6SQMfZ4eQEKUft3AaAatUvtT99MhxwrsBqG24c4MR,2022-03-10
s9uajKV77EftSbucbyPYMjx2ARrpvFCBRywRnCAgcmD5FgV,2022-03-26
s9wKMLeKutbmDjP48mFSGAkqXsqCzD3EPYMuSHLaMcpuvmy,2022-03-15
s9yhfihKiJ79yGcfuCHYZanrC1jAFR792ZZpg5kzN9NdV9t,2022-03-15
s9yJ4Pc76PzPT2bMmNotVHfFRCRaEDrLrDaeVn3fnFRnkvX,2022-03-23
s9z5HuFPRJzyvuLVsPa4aHRKpcvGjKF49TSPPv6kphhBunU,2022-03-25
sAGaBx2Mix71yf7BZL15Cj9pCTyn1ZFZdefLEQyuKPxD3Jv,2022-03-08
sAK3NjBEf4mN792TccZY9Ugjxej68bu7XnxPygHD9xKiLoh,2022-03-26
sAMz9XgvWKRPAESCkU2usNPkgnsWHbyVbCZgWZFya5SqCCY,2022-04-10
sATM3LJuC9ujDArjtVAoiDceZZcVcXjiMZ25ALtCHkbz2j8,2022-03-20
sAUr36wyGZDt9VJxFGrwhA4vUMHCjRceTQRwKAHQBv4k2YH,2022-03-30
sbgXS6GHFFUZSQpkzVvPZXo32iXozfgKmypWW8JmCUkzM9y,2022-03-31
sBpbufG5Xj6ZqPht9tTLtf1EZcmmY2EXVbMeeFPFYhJVYCz,2022-03-27
sBpgbesWP41YuHW6xsPVZyQkZtp5piTbvgiNfC5JydapbS3,2022-03-27
sBpweuKwZAYTL6Mx8zuvfqfAPKcKfBv5x4nhS8fNuyRGB7e,2022-03-26
sbrR1AHTyFG9iEephQD6qiU2tR3WFaNePX7ooR4NZ8qY7UJ,2022-03-13
sbrR1AHTyFG9iEephQD6qiU2tR3WFaNePX7ooR4NZ8qY7UJ,2022-04-09
sbsFmQrAgz5QyrqZz8TbeQZa2jAbuDwxsZgUe6kqKqDDKLX,2022-04-10
sC2NG4kP3RF9dA9bnK7KYUwZcv8kmKa3qsLpwu1mRRwk8U5,2022-03-10
sc3c4sTHTZEgiFSGuTYoWg3XGyrTMFcgBPKJeWi6NRqmxYv,2022-03-27
scCbL7ak9hjznra3vcSSf2b9iaWbEyL9EiE6kcSGFiQAM4i,2022-04-10
sCfp7HcGiK4UGFSYZfSqruT9CvPZ5knePfEmoB49BKrwi8r,2022-03-26
sCHv7y2bfuS6cwxfvhbjeGV8f5StWTAM5a6gJ2QfgirssQe,2022-03-29
sCm6GeHfEfgeSyWyL2HHVjtcbNreA4pnMhvhqte1nrrBBxJ,2022-04-09
sCNBGfAHwmbe2F93U7dJj8wmVa6d9hqM64qpm8rQ83WS4Uf,2022-04-10
sCpfUpRQ8toforazYiXM42wPELugdtjKaShtdjcsh7dSfDD,2022-03-23
scPZK8XAp7BGFuGbuRpY38oN8oscrrAFjKkrC5GH68wPp2F,2022-03-25
sCtX7AHr6zyZEad8YooLpxTtp59e2QgYFMvuj3mUECsNMQv,2022-03-12
sCV6bhsuQVSqFSvNQL7cikLx44knVEX2T21wQ3c7KCvh4Fb,2022-04-10
scWAMzVNLy6GCLLYAJSt4Pw6ggNvxTMeSNuwKAif37XzMwW,2022-03-26
sCwzxip64QZekyUu2S3bdoq4BCtNCiK6oPpEyc1eVw5V7Vm,2022-03-27
sCziFvfrNbw5HaeQcJno1e1nKWypFq5bz4pHLbnm6M5GLeP,2022-03-09
sCziFvfrNbw5HaeQcJno1e1nKWypFq5bz4pHLbnm6M5GLeP,2022-03-12
sCziFvfrNbw5HaeQcJno1e1nKWypFq5bz4pHLbnm6M5GLeP,2022-03-23
sCziFvfrNbw5HaeQcJno1e1nKWypFq5bz4pHLbnm6M5GLeP,2022-03-29
sehU6viXJatLTQ3hvnAupH128puPjfddTpBDQVqtVQRauVY,2022-03-26
sEigPTF9DQgAXYn7C8BqZEhFws6rn1d4tNapoFpLaF9V1TX,2022-03-10
seJHD1aFKzVmLBGEGJEFV2iZFscAaNNzgX2MqhTWbz3ApXA,2022-03-23
sEkQ6WnKizPZbJHVp3iNkvkKUVKEpkoWvSvrrDrSETmZPkp,2022-03-24
sEnfMWrBDemE53bkiXAkL2gVBCkmKLtczC2F9b8GVYP8Z6Q,2022-03-24
seorgCZDzP5G3JEbsBjFdpQ4dTUgCWoPjQynyJqHCfXvZVW,2022-03-08
seorgCZDzP5G3JEbsBjFdpQ4dTUgCWoPjQynyJqHCfXvZVW,2022-03-23
seorgCZDzP5G3JEbsBjFdpQ4dTUgCWoPjQynyJqHCfXvZVW,2022-03-29
seorgCZDzP5G3JEbsBjFdpQ4dTUgCWoPjQynyJqHCfXvZVW,2022-03-30
seorgCZDzP5G3JEbsBjFdpQ4dTUgCWoPjQynyJqHCfXvZVW,2022-03-31
seorgCZDzP5G3JEbsBjFdpQ4dTUgCWoPjQynyJqHCfXvZVW,2022-04-05
seorgCZDzP5G3JEbsBjFdpQ4dTUgCWoPjQynyJqHCfXvZVW,2022-04-06
seorgCZDzP5G3JEbsBjFdpQ4dTUgCWoPjQynyJqHCfXvZVW,2022-04-07
seQhqgF8vvcwi7G4KVSY9tuMNAaeCaCimJWjs5urgPCK9eN,2022-04-10
sEuzoRW24EzxdPnjYYVxn48Eh1zSMirkj56HCaY1QPLkq1J,2022-03-26
sEZxwtWhTZngVuJx33rufwokUasrPi3dnJQJfbjVY2pp2xJ,2022-03-15
sF4YnMCitTgiJWBXpiD4xGVvgbRCyQ9t4ZVnTxUzbpC1Ydb,2022-03-25
sfAaFcPyRR4aK2PyZvfBv6KX76AAfDtWNxeH2py5qzKscEM,2022-03-11
sFCd5W5sWXwgKm1CjVuP3trEWswciLSc3sKvDhQ1EbxVbww,2022-03-27
sFHE4kpnUJfQgkyhjNzAiscZf1BcNFEwkqKB4Hoe2Pn5nLV,2022-03-25
sfL2XQYL7z7JAUqnmWZDfwNMmd7h9W4gYdXRAYL24kvDPD4,2022-03-28
sFZGnA2hqiguPCAefBtMSPugCtqPuXejBFYBpV4PVS6i6AC,2022-03-09
sFZGnA2hqiguPCAefBtMSPugCtqPuXejBFYBpV4PVS6i6AC,2022-03-12
sgu1Ks3ry2SzjTAnjrHwYFR6EAGh4jaYyTHQk4HUNRVaYHo,2022-03-09
sgu1Ks3ry2SzjTAnjrHwYFR6EAGh4jaYyTHQk4HUNRVaYHo,2022-03-23
sgudG3eZmKxztX35ieS7keUzygWVJydYXwv9m5SazhdSJ6m,2022-03-24
sh1fTkkpMzMtDPgBLrJpjLizPiG5ng3Sie3c2WF5T8gqt9i,2022-04-10
sh73byDgdFyQEeRcDig9vF2jeGZzkbfLe8rM7wkzhaQuFCB,2022-04-10
sHj6ZqvoN2BGNHRpPP7jVjMkRHpmzMPXRCDLsWN53DCaem8,2022-03-09
sHj6ZqvoN2BGNHRpPP7jVjMkRHpmzMPXRCDLsWN53DCaem8,2022-03-23
sHs3fkZYHZDvycJ2LQbgZBzgWcfmeZpwcHYJnR3vNdw3g55,2022-03-25
sHtRHjoH7HJ4gdefSmPQabxhZK5yz9UBZEaTKk6ZT7oALPq,2022-03-23
sHtRHjoH7HJ4gdefSmPQabxhZK5yz9UBZEaTKk6ZT7oALPq,2022-03-24
sHv3N6MAgzwvau2V8CNXUrSJzfPG25scYMWXEuC1MVrmuTG,2022-03-27
sHWPcrgXa7FviVJpBCkSnjmzzosASa1EH187vmGk6TaXLuZ,2022-03-25
shZMNv5X3wZ3ToiPHMSivgeBzVogjga7NuuW8X3NnwJrCgJ,2022-03-23
sJ1pSeZjVnJoiJpSkyiCYJPe3xeA8goShYtVGUotfJpPxVN,2022-03-23
sjdqNTPvYZ5GGgGcdkxTEuNRbKsyYL2PvMTwxVAuTgXX6JS,2022-03-24
sJJGUDWRKyiZEfNEUxQa6BPJrrgGmWKNpSNfQ5gYB4RuRHX,2022-03-27
sjk6u3bj8rnfBWYmKQrqNqXCZxrjgSCZ3Y741ZzFt7oxQrc,2022-03-23
sjLCDqhxLKwjsXzAS76VRqfDc2UHxsZU3o4QQupdTmXvy9c,2022-04-03
sJLQygciHMFhFU8rox14DrPjvhzqfyRSivuXuDHgXKARDp4,2022-03-14
sjmDp6BFGXRCEL96PBVyXsxBGWpVAw8J1vKtMAP5nhJSqHe,2022-03-25
sjmDp6BFGXRCEL96PBVyXsxBGWpVAw8J1vKtMAP5nhJSqHe,2022-04-05
sjmDp6BFGXRCEL96PBVyXsxBGWpVAw8J1vKtMAP5nhJSqHe,2022-04-08
sjQ43sz1jSF6Wnpu7yN4PDf6mM3ThwtopkBhWJxKJtM91mL,2022-03-10
sjVutJ32RxL8CnrTGG8nnZnMrPBAgQMRTfxCUcPprunk43P,2022-03-08
sjVutJ32RxL8CnrTGG8nnZnMrPBAgQMRTfxCUcPprunk43P,2022-03-23
sjzGASw68GPeF7xwYz8K979y1zTgQur1h6tuAhQ55KQty8E,2022-03-24
sjzGASw68GPeF7xwYz8K979y1zTgQur1h6tuAhQ55KQty8E,2022-03-25
sjzGASw68GPeF7xwYz8K979y1zTgQur1h6tuAhQ55KQty8E,2022-03-28
sjzGASw68GPeF7xwYz8K979y1zTgQur1h6tuAhQ55KQty8E,2022-03-29
sjzGASw68GPeF7xwYz8K979y1zTgQur1h6tuAhQ55KQty8E,2022-03-31
sk1XXRtTmiG3zKHUSqDRYoeRnVpxtM5xn7APnBcyxCEaCrq,2022-04-09
sk7zC2ndte9YP6zn7ZHACRHskrV7f7cgRr8C7PJ2w82JR3D,2022-03-31
sk92YXKbeoaEBaxRS7H45T11dmu8wspsXFkBMq12m4aB5BZ,2022-03-26
skD7XJuN4cYGWm2BXyQEex3CLdvKJHCGZyb4TXsnxHz667q,2022-03-25
skM4qvP1CKzJH2P7o4g4BcbXgj6c7zVced5s2p5nVtpw8G7,2022-03-14
skM4qvP1CKzJH2P7o4g4BcbXgj6c7zVced5s2p5nVtpw8G7,2022-04-09
skNMJy91S4qLK2FNk1KYQE6sTD9J7hM1wA71M6KdLL6cRaL,2022-04-10
sKr27VZvLsFuWnBK4CT6Axe3bVZY3MnNptuRQsnjeHCyvM6,2022-03-23
skWLhTcLuKsnFEgZ3QjBpbQzxTjwhbAKwAADAVhHionRWMD,2022-03-23
sKzip3XdWMe9gm287v9BHPs6TC96RPrumF7Q8QccX4KEYYM,2022-03-28
sKzydqrV4GtsGW6rs7bkyBiYJGyqDu4ZAPU1goSccc3WLaV,2022-03-10
sKzydqrV4GtsGW6rs7bkyBiYJGyqDu4ZAPU1goSccc3WLaV,2022-03-23
sLAyDcUb7K8qftWPufXJssaxiEdrCs83FAA79TJhtECjDg5,2022-03-23
sLBnZMupU5ebNFxh619UVUay3dsNUxr52VH4JZxGZgC9doP,2022-03-13
sLgmeb1gdLR1NBCa1q8fqJgGwfyNEwkeAUwrvpb1tMMshxH,2022-03-31
sLMTAGrR9hbAeehFwmdgPnopMDMGqYakoZ3r6bMNgkNyYsm,2022-03-09
sLMTAGrR9hbAeehFwmdgPnopMDMGqYakoZ3r6bMNgkNyYsm,2022-03-23
sLr3q6bHnXgHRoLsPKsKMisEmRdnmUnbf4uJfhuAZyp4fe4,2022-03-12
sLVvobP4gHNbEpkaERZvMXsHkzjmm41Kat1wzHeWqnQfmoJ,2022-03-24
smu2qAbYcY1eoASF3pxDQKaZPwdbokAxnHcMVoBUjZMXYsh,2022-03-10
smu2qAbYcY1eoASF3pxDQKaZPwdbokAxnHcMVoBUjZMXYsh,2022-03-26
snD96Jg2EWZgfCPhY8XiyapvQ2eGxstjP8XWgc949DpUjT9,2022-03-10
snD96Jg2EWZgfCPhY8XiyapvQ2eGxstjP8XWgc949DpUjT9,2022-03-23
sNdQMbyPFdRYJMs3WYyE9QHn7HpRp1SseoafihWY3eR9v6h,2022-03-08
snGRGR5o5YWeJiDWBGAoMtZbvT9i3Ez1ySYfuUskQstungw,2022-03-11
snGXFBPFY5bR7jKpAM8M3FP3d5dk7SJjHofyFsrjSbTZiUa,2022-04-03
sNKmEbqq8uu7KkhKTt3a6kajYSntiaCyMe7PiTy4RNQb4wY,2022-03-25
snoLEkiccmjkoakgbudiLcDi3RkCjRbJ8VWFfo2hN1bf5LB,2022-03-15
snqUeGGD2253pcRYgYtLPrbTiduBpRr7GMoChXcxe51kMbS,2022-03-23
sNsrSWocoMLMWSSqv7P2zXDQc7r4UBNnxf54Diy27sPkiEC,2022-03-27
sNt38FNpZyEr2wLoc9CWvw62kAK1h6LdfMPLRRUSfQxpixL,2022-03-08
sNt38FNpZyEr2wLoc9CWvw62kAK1h6LdfMPLRRUSfQxpixL,2022-03-12
sNt38FNpZyEr2wLoc9CWvw62kAK1h6LdfMPLRRUSfQxpixL,2022-04-07
snwia6dj2KNx8mdqnUKm6UT6dGQkN8hhqUn3fzj3cNwPivK,2022-03-27
sNz5RiWHJtYLFmD8F5jsF46VMeGDxrK5yNSVvKbiw3juugo,2022-03-24
so28ihYZgKEMZL59vqpbk2a8CBdmSNPmoVbpG7bU49onqnf,2022-03-23
sPHaUmBx22Ew1zLzm6UV4BPdEMCMpXALgrphPKC6Er2KeyL,2022-03-23
sPJ4Hx97M4HTLTRKg7eRCw77G3xDQ5vywRG8zdFNqrdrnnY,2022-03-26
spwuiVc4J6mNU1MJFRjBChy8wCbM225Kec43EAj9pgbQg1f,2022-03-25
spZpFyaGkQu4vhDwFUu4xrrFrL49JS15HpdLwdNJ5yBL29Y,2022-03-10
sqAywGAAAiMuimeGaMeiKecVGg5M2y2myz94f1CxfjqvdBS,2022-03-15
sqbAYUzCEzmZDnoQAAbGzjSxJmKgbcm3isootDYJdoGL83j,2022-03-12
sqbAYUzCEzmZDnoQAAbGzjSxJmKgbcm3isootDYJdoGL83j,2022-03-28
sqbMp51QYGUiakMxcUDGCpeacpMZTAdj5W5uTyuiGbaGNdu,2022-03-10
sqe4oKUBDbtBB25md3AYeqS99pAcmeNhyA9ju2qPfZQqrot,2022-03-28
sqf5B8uHszv2GysF2b9oTcsBY6dsRn6PkBvv3tchiHno5SJ,2022-03-12
sqhGHNeHMJWqMxUEMY8GBpj5sSvXDbdUD6UgVLPULAuXGCC,2022-03-25
sqonped4FTT4ZUyZjMTRqUjWaBczrzaHBjcX3MZtE2RQs7H,2022-04-09
sqZsTmUdvZfaQfRJaNTTUVbGhkcG8myVmuwXbq16XGhwxzF,2022-03-08
sRbHN5SsN87HvWCZ7U2XGTyski2QPWXT6wrAMMBS3EjjnLm,2022-03-25
sRFSWxCg71pwJCDU1AUYzjdAwz5dkTpUsMoNXhe6Xr8RSVV,2022-03-25
sRgKgg6gJaog2RLavCz9PtJRu2JcPxWuky6fdGfXp284oLv,2022-03-12
sRHQv3QG8eArtnqeHyHZR9v3HY7QQbq9n9QPyyAP3k4gmf5,2022-03-23
sRiuphbScoDx4tGEWFpf85N4xurdJtCq6Y56DqXXbyHFjYe,2022-03-14
sRiuphbScoDx4tGEWFpf85N4xurdJtCq6Y56DqXXbyHFjYe,2022-03-24
sRMwfzve3ziws8hX2Jq88x5Q39py9HuydUrNkBTggKUSoUR,2022-03-24
sRNNAajnpwbDxr2dKbJxxQbM2z2k56Y9y9mwjPy8kwWkkF6,2022-03-23
sRNNAajnpwbDxr2dKbJxxQbM2z2k56Y9y9mwjPy8kwWkkF6,2022-03-24
sRPiCMf4Hod1HN1v65TaN4R4cKNYy9ZFvvBequAyw4HeR4s,2022-04-10
sRqSotJm7dc2sb2bcuk1UeQ3RcN3ohG45hF86tmEYy5TC9L,2022-03-28
sRt6XFvYQG3g8fg3krARBpmpbMUakw8zgQSCRn7FhDjLomW,2022-04-06
sRt6XFvYQG3g8fg3krARBpmpbMUakw8zgQSCRn7FhDjLomW,2022-04-10
sRXG3rJDv8kZRmwwK8TcdUULMdw2GKFJndAV63noWjR5NbE,2022-03-27
sRYHz3c527AgGQrRXGSnbf397H2NHPvMHW7YDiQV5ZgmxhL,2022-03-24
ssav4XsFuwa6wWzx4haNUgg9DShh7vhHjEw27QbZzJSaywS,2022-03-15
ssFBBwEnfFqo4jPokabMFNuJUffiMsjJJM4yHv9X7Ro7dUW,2022-03-09
ssmX3feRhei7MGSMGtc2FAcAqNFcqsjWDTziTbd15gMgFLX,2022-03-08
sTjBQrUsFAiH1DvBe6tKXdatWkCszqtbqsQaPJiUNTztz2X,2022-04-09
sU8ua92jEkqPFbwrvPRTqjpxsGsZqx1bg88giBAsP2mdeBp,2022-03-18
sUAtE8AZ4tzke5vE58euBTniDXyPFDNtf4nRudJ7woXyr6P,2022-03-23
sUdCMjfTZZg61ULdVF8GFrUC5VXHnAbLfwQL1NjhxWxE8bY,2022-03-11
sUdCMjfTZZg61ULdVF8GFrUC5VXHnAbLfwQL1NjhxWxE8bY,2022-03-23
sUK2UEZKng1yZRRdw6ZNs8TEExCjYLk2cYnokXWpSGCKLge,2022-03-25
sunLBaMxZ5u1bVfauDtvT7ncvK3f8wWsVHbwBHpRqFQaaKG,2022-03-27
sUNTkFU4kzWVY2uHVyhys5EbnDfDNuuXypXCnszPj8vgsgc,2022-03-09
sUNTkFU4kzWVY2uHVyhys5EbnDfDNuuXypXCnszPj8vgsgc,2022-03-23
sUNTkFU4kzWVY2uHVyhys5EbnDfDNuuXypXCnszPj8vgsgc,2022-03-29
sutexQMve6vJXV715n2hhAXJ5fxwsZNj3KjPYTjBVJ4wEHP,2022-03-20
sutexQMve6vJXV715n2hhAXJ5fxwsZNj3KjPYTjBVJ4wEHP,2022-03-23
suu3eSGe3KJ5F6TDFJhnCQqNuhV5E3fVDHRF6pvL3DQubvG,2022-03-26
sUYVdhqPKAfPEaPbFwc614UUZkRSbx5VtX5QhSSeeh15tM8,2022-03-21
sUYVdhqPKAfPEaPbFwc614UUZkRSbx5VtX5QhSSeeh15tM8,2022-04-03
sv1RK8eCKZySbUhA15eaUykcvpq6gKHEDCftUV8skbCaH8P,2022-03-24
sv5NmBadq7BuVQV7mj3FEwDrVaUF4CjJKAfzn69GdoRRFKF,2022-03-08
svA42gchaAugZ4e9p3kdfzz5MLJgdDQcnkREraNRXdBnkhX,2022-04-10
svEjaHKxT3j82AsCcShgdYjd3Em3xHAnqXwQ6WfsLsMcPxg,2022-03-25
svriUUiUkN6HB4yYk9xZSnZ1wDR15KBcixT1rh7fg9pdWwN,2022-03-26
svRrNyzYnfej4ZyaoejYBUZtDZEEoG9CnZ3peMXvN6rnjxx,2022-04-10
svrzdc6c1tAha4gTmzwQoFcvBMkD6XiHCWBHbne8DHLJVv1,2022-03-25
svSLEgHLZbrzzdus4qUAm1jrS46bezxfZ9gP4TbGAcFiJUc,2022-03-29
svSLEgHLZbrzzdus4qUAm1jrS46bezxfZ9gP4TbGAcFiJUc,2022-04-10
svStDazwvno4fwVdpnH9XkSy75onyuGJu7dfGge4aRt7nJL,2022-03-26
svu4jmMsnejztYG47c8WS83FMHiVwxk4GgBRtnRL4gqAyhT,2022-03-23
svvTbhxTYBBWHa2gQdmLucdJnSbtH1kLB2djiiW7KDoft2Y,2022-03-27
sWiEspBfUjDsW3c925kyu3FcPiihfinAp3xAUtieUBZunwS,2022-03-27
sWkxuzxazCXAWAFgfUu6MUK3PTrisZ1thyPd58tP1iAeBYc,2022-03-12
sWkxuzxazCXAWAFgfUu6MUK3PTrisZ1thyPd58tP1iAeBYc,2022-03-29
sWzTrnC6CvfyScmfDcS7cdtfPY5NF9Wk2TXwkm1CMyb8Kp6,2022-03-26
sX5ubJDTFFKP9UEMSKjz5zqLa52v4JVL97R82AXjuQGy49v,2022-03-13
sX5ubJDTFFKP9UEMSKjz5zqLa52v4JVL97R82AXjuQGy49v,2022-03-19
sX5ubJDTFFKP9UEMSKjz5zqLa52v4JVL97R82AXjuQGy49v,2022-03-26
sX5ubJDTFFKP9UEMSKjz5zqLa52v4JVL97R82AXjuQGy49v,2022-03-30
sX7qNrCUCvNGgEXNfthj9JPd9T5Yj4srgo4mbUNnrSnRzi4,2022-03-25
sX99aiAzcdHCtd5kRJ3qca97FgmdDRdMqB7uGryXRpvKV6G,2022-04-09
sxdyrwLWR62gkVhRHr1ZxTwk1EUMqSzfsFqVMuLXKYem3i2,2022-03-23
sxg5uGQc1WxgwZhuY4egDEFHKqcZQTVTB1Z895LqhbrzuC4,2022-03-24
sXJhD7rptKWNWfhbjguQAxiZzCdov3dqQD74m59zgvoErgF,2022-03-08
sxkjD1sgx8DtdNtVgAZ7qUNCPgXDhYeH5Ty4B1n1KvEmkjo,2022-03-25
sy5Zwzb17GrNHZH3ewAKa3oi762WLi8Wp6BProM9Lu2xGZw,2022-03-25
syc2zcUQHfAzqoUsccKprLpposatFnTt3877QKamMZJ1Tsu,2022-03-27
syDgMsWLK8SH9jggjCogK3QaNyovEg2dEA3A5Zwp4cvTxTF,2022-03-20
syDgMsWLK8SH9jggjCogK3QaNyovEg2dEA3A5Zwp4cvTxTF,2022-04-03
sYnb1MCVqfMaMcan64h5tJvfe54fAFuEWk38hgRfXG4TPSx,2022-03-08
syQ6SbzN3YHfuRDgBSDk7j75FiiGMiPH6G5ix29iu49dYxg,2022-03-08
sySUeUpMwd1VkZDLBvXdm6ETcrQFif1vMYxTuTmg4wSjhzS,2022-03-16
sySUeUpMwd1VkZDLBvXdm6ETcrQFif1vMYxTuTmg4wSjhzS,2022-03-17
syT82ANBsBB89qThN2eSSbrud37YbiD3XMr9Boi5UjZiYBu,2022-04-09
sZ8rrknZGVdTyvbg9BoFyvLiE61G7mvKqbRUzzHh22xjNc9,2022-03-30
sZBgjCSqDtqptgCbVkteiXgwAfR9Q5DnFJ2EJdLQn8P5gup,2022-03-10
sZH11nKM2fihotLJnsTic8F8Rq6HttUG35NjC56f5E5F1UA,2022-03-15
sZH11nKM2fihotLJnsTic8F8Rq6HttUG35NjC56f5E5F1UA,2022-03-23
sZks3AfygUnZ1YGCfEwt7VcZzvpP7kg5ULEJNZu56foGRBD,2022-03-27
sZkwgFYSVpFGPaARRCjwdvG1eDcE77gNFEWRtCKYupQoG3T,2022-03-23
sZM22AZg6xjwxrovT944Fc8biX6YFbCmbNSErJMptkhuZr9,2022-03-09
sZM22AZg6xjwxrovT944Fc8biX6YFbCmbNSErJMptkhuZr9,2022-03-23
sZmXHp7j9aTpvShz64L5ZL4Xqg4nFTDDNgtxbcVe3ndZ29s,2022-03-27
sZpFWrrqFUUKT2Z4iA8AKuUBxitPeco6BjrJNJYTgpZGtps,2022-03-15
sZvVypeqSeAoR1bpzMPw3johZkdeH145P86dX21mR8iaEBC,2022-04-07
t134ktXEkopoGzZoGMuKs5fG74aaPaFgz8pABaMPLvcehzE,2022-03-25
t19ixbQYyA76dgnm8iqxZDWzGCWmgyttJrDWF3oQyQCfap8,2022-04-10
t1bmpNXA72RnVVYAiKqZjDtkuSjSdY4RFjPqNwEj2jwVWQh,2022-03-09
t1bmpNXA72RnVVYAiKqZjDtkuSjSdY4RFjPqNwEj2jwVWQh,2022-03-27
t1Df9FwHFY7VPKS2AXnmMgtB5D5DDFgNNGJ2BwgsuHUejDf,2022-04-09
t1E2U6Tcz1h7v4cGXZwmk6XtJNZM1hGsbiMaGY7Q7GNvPPS,2022-03-21
t1N8Hbo8F5RRdCXx2nU9jNBV53oo9BqrhmZ2wW3z7JPcoFi,2022-04-10
t1or6onSrXsfidxqcFxZa4H9sYXPDFsCUzX1oWYriGge119,2022-03-08
t1or6onSrXsfidxqcFxZa4H9sYXPDFsCUzX1oWYriGge119,2022-03-23
t1or6onSrXsfidxqcFxZa4H9sYXPDFsCUzX1oWYriGge119,2022-03-24
t1qbiYraYMnT5BdSaZP4W6QfHidyeUfQg8dxBJ6Rw2CZr2h,2022-03-25
t1vtRk79oDRzAKXuK4o5ZRK7qQXaRDeGP5gKZm7VHdsbF3o,2022-03-12
t1XZycjoRRnMx3DAPeSbpd6JLqAn17e4YSFKVsHsKCdDckx,2022-04-10
t264RMzPsds4YybbUWyUVdCxubgYingoH1LXdtAy9hryDrM,2022-04-09
t28Yc6Lr9jKa7JDfg1pb1JHzce3T2DpysJUST2FLMXSbW7X,2022-03-09
t3fUrDxLckyi2Q4nuJ9GUZ2Ekg5aypA8fTFQcDTKxGg5AXN,2022-03-13
t3o1f81QkzxpUQBUQdYj4JK7PGTCLdu8wkQidnK1PiJsG4a,2022-03-10
t3piHZHBz3zMwhAJhjHUNUNRVmx96djj9pucg8mv3XiaXHC,2022-03-25
t3qk883nbioLx5gVSjXnF8kvFU67KoViRqzMxQoe6rYj8x8,2022-03-11
t3sG854ngGgF2VbXqGpv7rDj8hWsceJRMb8UZyegWUKqwZn,2022-03-10
t3uiJBzQRAwq3usEvTKoJ5weXQZf85d38EUQD5XYYZcDN22,2022-04-06
t44rtqL7JAK9VQXuELpmGAgq6hfd1W8bJJJeRbwLyrhtRMJ,2022-03-23
t4AHxGCVdx5LKHktvixvJVYDp3MDHT8uuWPriuhyYDLjA25,2022-04-10
t4CB5Qg4xa68JKcAPDjhCFGC7zg8zWhGzU9egevtja2Lb1S,2022-03-11
t4jLRnrgkdYMctbXcchN7k77TjJK5C54S1uyUwUVC2SzkBG,2022-04-01
t4W6dsKicQHryKdnwJe5T8SxP387dMxU8sRRcNKgR2PJJqR,2022-03-23
t4ZNwtj4AABuz9E7Y9f3M4N17WdxahYiun7nrt3ewWpRnw2,2022-03-27
t6fTQFDyvwXKKXGTf1XNS116iSkL5iqZAckrzuKs4LW7hwR,2022-04-08
t6qyGw8fUeVFdGjT83oDU1JTmgSeYfhmqet8djASv3Qn3WA,2022-03-09
t6SsW546QShXrRCWQuCWtE1JnxHkkGkBgHcp187LWBRBg7f,2022-03-10
t6UFcqRiMQnhgpnRad2EmXsUfJTBHMC3mAxYt1rTVotxtMe,2022-03-23
t6ujuAXypsAYp8yuU5K94A2tCbufXAGsKGneHaY8PX9daFm,2022-04-09
t6UzTdQVBrLvtXrG1wQ4A2a7ND7LnrJpHcv7VqXCGoVsrZ4,2022-03-10
t6V6LEfnM4ckwCGG8cj2BsChjuwQSUwW7qFvAUnsATJdskg,2022-03-08
t6WKCp8J2D8W2EjHZSDCQ3FspkfAQG8BRERfsgy3HgaJ6oa,2022-03-12
t74ACpprNcxhHrNe9WTSWBf3BTwdGNpJKiADbJKseUBAA4T,2022-03-11
t7HyVLBk8MAqkEikDnFeVnuKCjwH1M2pvGVyfzCkWD6n1US,2022-03-08
t7HyVLBk8MAqkEikDnFeVnuKCjwH1M2pvGVyfzCkWD6n1US,2022-03-23
t7HyVLBk8MAqkEikDnFeVnuKCjwH1M2pvGVyfzCkWD6n1US,2022-03-24
t7WahdiE558hjDT2uTzdw8DdEK79oQ3U1zchTZXEh4hXZFx,2022-03-23
t8yMoX9A5yaQM4YmpsFCSprAj6Kxe7sBJeensWr1t3USkke,2022-03-12
t9HgwSwYgsf1axJooFFN6GXWF7jiD8z6nvgUYE5BQeTqbhf,2022-03-12
t9ihicUdc1WujSi7haGgQevuxv1Leka7YcrW3ovT27SNUUw,2022-03-25
t9n37YCD5BmoPQopFePHyU7BmrRKv3XXc2z1eXT3yQrfZSR,2022-03-23
t9XowxnMDjPD7Ruh6QKTwHpoG4YnzRL4EA6dpKynSuCPNMG,2022-04-10
tbD4yAe9C2xLDqwDYHhQjDJvpWaqup5KT6gY1eKCrWZvKEv,2022-03-24
tBejzgb9swdgEFAbqRqn3B2KzwHB4R5gZyq9F5eYFqm6gcK,2022-04-04
tbFYdhYGXnY4E7JtbtDtJknzP1RsUX65W1PjDrFYdLWDnCp,2022-03-28
tbgKLcG1CMnXF71SWqAQWMJ38FXRh2oj7kMJqJXEJf6uLam,2022-03-23
tbgKLcG1CMnXF71SWqAQWMJ38FXRh2oj7kMJqJXEJf6uLam,2022-04-02
tbgKLcG1CMnXF71SWqAQWMJ38FXRh2oj7kMJqJXEJf6uLam,2022-04-06
tBmmWMrzbf1FMkKsktqUZQPt48XY7ZyJpYRHkXmFHa6j4fJ,2022-03-08
tBmmWMrzbf1FMkKsktqUZQPt48XY7ZyJpYRHkXmFHa6j4fJ,2022-03-15
tbMrCSkftKohFbiqkWPE6SMuz45CS1ZMukQfHHZ9MjAZro7,2022-03-11
tBmXN7RYcCFuGZTgTW9mNNYpUL4iFH1gPg6vKrjC3pm1sJM,2022-03-11
tboEJWzXcoAC9odCEmnSCPSbxFnct2jjxzsDsDfiwTQLggS,2022-03-16
tBogvEj9Cb6TcLMcyJhM9E99c7wgScMCAutJCZ9QUnjHkmv,2022-03-25
tbS7GYw5jaYVCc2uj6fC5xxUdrYrvcRxd46AGR4pcZ4qU15,2022-04-09
tbT2iqn7s62zsnWoKN5xrM2HhV51wpL8EuVqj5WpyXjTx8z,2022-03-25
tBtmnDFWByR1XcW1wQTVQXoYdpehvdNqwbEJT4tk1wEVHQi,2022-03-23
tbUru3X6gVCrZaqY64vgsu4oLucnJLpDnDxuUexxAkaoxbx,2022-03-11
tbUru3X6gVCrZaqY64vgsu4oLucnJLpDnDxuUexxAkaoxbx,2022-03-23
tbvj4dPw5dpEh5upPCnUnNtEKe2LPN85u2kEyp2YViKLi2g,2022-03-26
tbxngvM11dNuHY7iLDXkeEAPYAT5iCo3aK1GqvhRTGwgxDR,2022-03-24
tc5S8jFCqaguS4wYc8d6NczyxxGHdLchjEoHUQ24Tergci1,2022-04-10
tc5TzgfFQM7xF34L2WLHLL3nimmvKaovmJQecS7K13A6LrX,2022-03-23
tC8PUSzmpoGiJMmsn95ZCFGxvTrdv5E87Zfqb3KuShmXGro,2022-03-26
tCg3Cv9tDExrVktrMEuRsn2vGtqB3D4NisVHrYSg6LxHxJx,2022-03-08
tCg3Cv9tDExrVktrMEuRsn2vGtqB3D4NisVHrYSg6LxHxJx,2022-03-23
tCkZesCYYR812oDFsNbUYxGeK5vK8oc4wTDn3y32qhyxwjJ,2022-03-10
tCkZesCYYR812oDFsNbUYxGeK5vK8oc4wTDn3y32qhyxwjJ,2022-03-24
tcNdQshrQpxjNUgbXVFBccRuFtkfDfFdNW9YN1Fn1VXNG8o,2022-03-25
tcPsRZvj8TK9FRfDZwmrmbvEzmGAAkUrduowwW6DKcUVSMn,2022-04-07
tcQCj6VuGyRqUcD6y8iQj4Y4DPQ8biMU8Z6uTuJZBicmPjc,2022-03-27
tdnUxuYaHssKY9M9R3kEj7YUWzh72G2Z7ayx5aMJkfwdFQU,2022-03-24
tdtA8m5Bgo1mqk4Yuci9FkDPaWdSNcKHuNoXTvu2sSjQ3bu,2022-03-08
te6AR2pTKjZMLcy7bhjgXuYvpKDvENEW1Cb5GgnNi3uytFc,2022-03-23
teEjg75JGFqFeJV34AYuyEULKFQmqbutzqP7CdqGkgiKm5v,2022-03-25
teg8QVB2cofJAnUnr1TTtWtSA4r9Mge9hReuNcq1zS6J8bq,2022-03-31
tei5idDf4E5vc12bYWtd2WQTdwEYTB94jbasub7p1HGmgQD,2022-03-08
tei5idDf4E5vc12bYWtd2WQTdwEYTB94jbasub7p1HGmgQD,2022-03-09
tei5idDf4E5vc12bYWtd2WQTdwEYTB94jbasub7p1HGmgQD,2022-03-24
tEm3dkypXR5tzYPioqWc2HhxEYABEWJQheKiPHgJhiaXgso,2022-04-10
tEMqU2enR94JTihgv7aq9JWN976RvrTeCdiyTdTH4ySdh53,2022-03-27
ten2VdwUPNZRSwonwhkEmmiKRsHB2VUrhCwrCDAM1qedPRr,2022-03-16
tEpwHCMKXBY3sRkrg9KjqJfo2C76V3hN9hdrGsoUM3xMzWV,2022-03-19
tEpwHCMKXBY3sRkrg9KjqJfo2C76V3hN9hdrGsoUM3xMzWV,2022-03-24
tEpwHCMKXBY3sRkrg9KjqJfo2C76V3hN9hdrGsoUM3xMzWV,2022-03-25
tesvytpao6e1k7kaA4AK73iJZ2dvXnijGfhphQ4JrVw3M43,2022-03-11
tesvytpao6e1k7kaA4AK73iJZ2dvXnijGfhphQ4JrVw3M43,2022-03-30
tEv3k15Uq1nG4TKA7hubuzQzSb6ESu6WjhoeGGZZ1DZXRJD,2022-03-24
tewBoWf5VDsj9crY6FEA2M9VjaPejcnBZW77Lazn4PN9smv,2022-03-26
tEyGfSyNDEgFL8Kz2FnqBVPT7Egry8cYfLLZpLDsuLNfB4m,2022-03-25
teyhnPczgjzWiocYdkXyu2T1qQjqYpdMkcjqW4ioYQJ5HHR,2022-04-03
tezgMvm9ek6dc2stxoUFt1GWxqRKaum1DhsnJeNBtfPHyoh,2022-03-23
tezgMvm9ek6dc2stxoUFt1GWxqRKaum1DhsnJeNBtfPHyoh,2022-03-29
tf1tWz7oYQwedc6gnkHo28mPTNQA9cmLh5jiXQtRFb7Zupa,2022-03-08
tf1tWz7oYQwedc6gnkHo28mPTNQA9cmLh5jiXQtRFb7Zupa,2022-03-09
tf1tWz7oYQwedc6gnkHo28mPTNQA9cmLh5jiXQtRFb7Zupa,2022-03-24
tFBnWS7CAL6b4JfYkMdFqXND8CQHJPwzrHBDFUCQLD1g3RG,2022-03-08
tFBnWS7CAL6b4JfYkMdFqXND8CQHJPwzrHBDFUCQLD1g3RG,2022-03-11
tghTswBbkiMJuSiiXEe68H8Y8C8RMjTb9wPkwJPGcLcEMrZ,2022-03-23
tgjEMtgD3EBAiLHx5vgEffGB1YwYnrCPrHEfBPayKjJvgQP,2022-03-15
tGkV8tX8osg4Ys6nYHdbydFuWpxyfZuSsPFsGcS98bbKyXV,2022-03-10
tgnNTqo5FMRjZtkGDkGqutwUfBm9HJ26XQNYcrh51oMVX1j,2022-03-27
tgTUM2La7uYwGeEu3JsfJ8dxNSKhzMGQ31AKHLQ1utSAL9K,2022-03-23
tgud6ynQpj26accpkYBGeaaXrYvaxHLy8LVRwQHRTCRA187,2022-03-28
tGvLEiL1mQzbFFq38TgzySCWvGWcpQ6WDicpqwCVLRJSMot,2022-03-25
tgWdiExitXScKp3vN1q1rtmNgCMMaLb5t2RbYuGseqErY6c,2022-03-10
tgZNku66o2UcfmaduTWhdbt84SKs3VztFy4jJdVVxC6U1v8,2022-03-27
tH3GW2HmqeoWJ7NkGHaey5WYFtjPVJ7nZnUXUU4dv6CEEDu,2022-03-27
tH5QAKitoTHES4MsWqHFdQmpdiDzQ1CwBkG6SCW4gBF8ybp,2022-03-11
th7CVh8C7MushyVDwYtgtbbE7KN4XzmZXcKDMuRkoEMRjy6,2022-03-13
th7fqioYJudndMFSWe3rFey4hYZzg89dcSrdAFUip5Vfajf,2022-03-23
tH9wrRDw6np8cBijjy5jP472Da6ayNrB7GSzVUitrhA3LxL,2022-03-25
tHgxBi6vaC7eoNxefMuWsQRMS8sqjYXr5Dj4Ra6t8cj9wbL,2022-03-13
tHgxBi6vaC7eoNxefMuWsQRMS8sqjYXr5Dj4Ra6t8cj9wbL,2022-03-23
tHhHHGYVHtgzdNv7phLdEf8Tdte9T49xxYKqwvpBnoJG2wi,2022-03-14
tHHkjFSWPRrVjVEGeaFzEGR11L32H5EAUu1R1ZnovMo57xs,2022-03-09
thJLjT2hWHJVUPZqLnHytiRAURQ9A8ixR7QipFDGFaoLrnc,2022-03-27
thL49qnbi6MqkEwjsAfcmyPZRSqURTrYDQ5ck8ZoKEV4Axu,2022-03-11
tHqNPbNnYudcCdu4FJS1PytM8z94zuawXhvoGeZXEJfZwTE,2022-04-09
tHU87paXtY7dMyyCt6n5hynfuqqq6JmxRxz5UvuS2XPgs3G,2022-03-24
tiynF7jKdZEX75UrUjiX1BRyhuD7Vy2jwoPYqbPtZZLLUjz,2022-03-24
tiyUNk3GhLAuDxiJibikwpNymSy1kTWaZizUChCqrbe5x4n,2022-04-12
tj22nwETUcynmTfEf6FctkKEW7wL6H2injH1TgueN8ejG5j,2022-03-23
tj4sKw6uGVucSfEiGwACUahPYCToi6LJr39cJNVeMvUFxbc,2022-03-08
tj8xXDtJUWZecfzRBwBPiJE2MJkDUMRye4LGHokC1gqUqqH,2022-03-25
tjATT9AFeqiKLGPzRjHFEWdsxhWNtgp6czbgYhrVeNpWZnN,2022-03-28
tjETc6pAsadgBm1WGbkqLoBBda7JoJZAWSeU6hzZbMkfBAv,2022-03-10
tjh27vSt63MqA7wPkrhSu4apojcYZVkoUsC5qFA5vvAL8FC,2022-03-23
tjmQuhshrdN2mzihzQ3BhfgC1RiCBwD98Hyv2m3cYeo3CQK,2022-03-23
tjUs6TtdgSVUjNYyhPEvHBvMPGLQA8F57skMQGoYFi34tuy,2022-03-12
tjWq82ez4fKQ6VWgsfNA1PsgAVRuJM42afbeL5R29EGis6R,2022-03-25
tjzeeiztGEAtcoELhd19PmaSbb8W3yEP671X5oiDQwBcGuC,2022-03-14
tjzeeiztGEAtcoELhd19PmaSbb8W3yEP671X5oiDQwBcGuC,2022-04-09
tKiDd8wCN9egYBJkFU7qqvmGma126Tp7ATpGnhP8EHy1MTV,2022-04-10
tKj8caKHnnTnJ8yDfn2z9KR6UBkGHJAyDys54imEhux4evx,2022-03-27
tKnVp7Lqturvi2VXXwqfzeAhw8reWqDVNZ6LbsP1C3ufo47,2022-03-09
tKnVp7Lqturvi2VXXwqfzeAhw8reWqDVNZ6LbsP1C3ufo47,2022-03-29
tKQEMmX8uRfQsztdPRhaQaLbTFvaLgsPK2qXPLuS8Tqaf6z,2022-03-08
tKQEMmX8uRfQsztdPRhaQaLbTFvaLgsPK2qXPLuS8Tqaf6z,2022-04-14
tKT7C8NSmSEshQoWNAvzeu6h7NvmQ5icEzFa6oEd73BsuuC,2022-03-12
tKT7C8NSmSEshQoWNAvzeu6h7NvmQ5icEzFa6oEd73BsuuC,2022-03-23
tKT7C8NSmSEshQoWNAvzeu6h7NvmQ5icEzFa6oEd73BsuuC,2022-03-27
tL1h1UEBc8Jsjd3dMjiiYp4wxJLtgVwkY2SFeJ19vJqZ6iC,2022-03-23
tLdB5wTWYkTcensxwWsL3RdMeqBmCudq8FpVaqtFC2GUyUT,2022-03-25
tmg4HXx2GScYbZSMQPK1iXXFksrQCNZXnYVfh89MptnjjaE,2022-03-24
tmrEG5WKk9HcwZhw7R4ANEtiVPT9Hgveixg8wcXZPkGQ5da,2022-03-08
tmrEG5WKk9HcwZhw7R4ANEtiVPT9Hgveixg8wcXZPkGQ5da,2022-03-23
tmzF6DmMwz8ryfVYwyQ8XXS1bWsuidwhGjECFsmBCM4ex79,2022-03-08
tN1EEksQeVo7GJAieEXjpJdZpUzUevBMT7hKtcXUTy6x866,2022-03-10
tN94goNGqqUq4a9gX1wg1NW4iMi389U5Pb6hpyyKA3FYQFy,2022-03-28
tn9BnjLMTVWMkcHHNjR4Vy4pR2VHFQCLU6wcVKkFHkbm7d5,2022-04-03
tNNf86xKynQ77f6fPCPpBLuAYbufeVubJPoonDHMRbfgMxE,2022-03-23
tnnit5j6YtXa9mzNYMfmrCPSv836FBgXK8AD4vUbhZPDBq5,2022-03-27
tnnit5j6YtXa9mzNYMfmrCPSv836FBgXK8AD4vUbhZPDBq5,2022-04-08
tNqvJM9RjgUbW84VAECm4zic389gH5wX3A32SReWZoJyBiM,2022-03-25
tnScb7TRSWeuvkU7Aur6RN47kFa7VvXnsd3ZBgwfN38UdEj,2022-03-29
tnScb7TRSWeuvkU7Aur6RN47kFa7VvXnsd3ZBgwfN38UdEj,2022-04-12
tnskM78GMUFJYUtBmJyhJ66yFKdKU6Q1xFL27WvyyySY6Ef,2022-03-25
tNufnkWzwWV9NeAphu9eFExT9PYhF2YxibNqvMHALiDnf3q,2022-03-25
tP7ni9hahFCqWMBVax3NTSamycRRDrG95ypixGYNHESZ7Hq,2022-04-09
tP7Zqbs6mNwAzCXq8raSRLJoJbXCXNHLESKvZijAHDjAk1Q,2022-03-24
tpfyeo3HhNt2VhTkmsdnqgsTroF6wQ8TXmQhtAbVnRhnqi8,2022-04-10
tpGTxBuFhzQiNb6dg9UEumdAPUQ7cWtxZuxApHaJXRx1BhG,2022-03-13
tpnJBcUdFFDm3mmnRMCd67rQ5ASYkKVpZarRik1ktnFiYUz,2022-03-23
tpRdxFqMk9mAUoVojtuV6ttMCYeRunuCqCc53Z3p5JMZdGX,2022-04-09
tpzQKpEKeenDxWaWH91V88PoNM3utSGRV5hERqx7y5xgPb3,2022-03-24
tqEJBDGXHBrgwEcGomX6RL6wTWwH5SzfYEMcugT4bFkwHzY,2022-03-08
tqEJBDGXHBrgwEcGomX6RL6wTWwH5SzfYEMcugT4bFkwHzY,2022-03-24
tRjfQGMQ74XbLjDFVsvxmeFA3G4vgH9w8cqjK9aWNBFhtZr,2022-03-25
trsFLJP8NtY1ZWLBX9TJ7vbxZiGwu8RpSj7a9mbpq6FPmY9,2022-03-09
tRXHHf87g26BQPYSJ5D1ArVDQpAe75ZWfQdBiufVwCkTb3C,2022-03-25
ts3Bwue7T1B6dHVvejzXmEa7BfM7Vqy9f95tuFoxXJWAfnN,2022-03-10
ts6gLDWwqibdE3ojLPeR7BYKJTfed49KVF7a11KkWmoKArF,2022-03-20
ts8V1P5ByuRcGtUtvXDHKGqaTUvsh6DPLAfBuqoCuJrx9h6,2022-03-08
ts8V1P5ByuRcGtUtvXDHKGqaTUvsh6DPLAfBuqoCuJrx9h6,2022-03-23
ts8V1P5ByuRcGtUtvXDHKGqaTUvsh6DPLAfBuqoCuJrx9h6,2022-03-24
tsD2AgpBAarjbMEU9TtuyykMpr5FD4G9DfHPC9954wpHuUb,2022-03-13
tsSHUd2fWBWkMCseJQ5SVueZxYZsdwhEwkEGrisRYjabnxd,2022-03-26
tsu47bmQjrRX51tw5vMrkumct9MW6BBtkh32B5QPsDqEFQA,2022-03-10
tsuYVZdodKod9cpvFSHesv9bJfiMoqm5hKQXJRNXPLyAvrm,2022-03-27
tsWwWQCFdghzyLHHmQi2ucK95RorMwaM1VyCgxTumwZ3jYt,2022-03-10
tt8fi1wWxeEuXpRwLf5PTamhLufxb1KY6G8B6dPdyz5TFmw,2022-03-25
tTjcmyaMvwqN3GvuCvtjxaJE1K1cYRYUmuByKnPCqw4qxUX,2022-03-09
tTjcmyaMvwqN3GvuCvtjxaJE1K1cYRYUmuByKnPCqw4qxUX,2022-03-12
tTmH1TEpqA8EBPxRV7a5qQzAKaQhgt4VhEnBxAmxQhRpKzb,2022-03-27
tTnWUJbPmY7U15HKyLTgFmya917G5EfLEJmo6EHb1t46XpS,2022-03-08
tTnWUJbPmY7U15HKyLTgFmya917G5EfLEJmo6EHb1t46XpS,2022-03-23
tTnWUJbPmY7U15HKyLTgFmya917G5EfLEJmo6EHb1t46XpS,2022-03-24
tTpmtkbDkb3MerxWH89vhXGkaotnbqK8mc9wmj75SAupEmE,2022-03-27
tU3Yx7rX1AFxsg2WyCPEkcS97xgLHEF9YLHK4b3NtzZLrKy,2022-03-27
tU6PBZ9JyVTRwcTn5y7CWdSaGF2x7Yj1PquuHkRPqkg4gGD,2022-04-10
tULWCEHp1RfQjrqkuEHRe48P8RTTAK7VFbggz7oTPpZTDmZ,2022-03-09
tunDKkG6UTdCaK5tgZdXdj71m7B6UrrVYrztpaZT5E1Zgne,2022-03-11
tus64JvH52TydyzXrMDWsmRAKWXz8ghVzgL5P6YFtQFsk7Z,2022-03-20
tuSxHYJNuPHpopfiDhALiJmTMvL9mXFK11Um3Ns3kv1c2LE,2022-03-24
tUTY3iUsxfftdCAPwUr4kWxPSxddfe8sv8SaZpVFBt2UBxL,2022-03-25
tuxV92rLnAtit7si3fv2ZhGKEGyhQoW86ACPXdWY5EmRNiF,2022-03-14
tuxV92rLnAtit7si3fv2ZhGKEGyhQoW86ACPXdWY5EmRNiF,2022-03-16
tuxXerMEkxV9xgdazYAr5dcWCzm85NFP2nAGHcszqjvFL4k,2022-03-25
tv4f9mb5UDi3Qeoc4uLmQS6yoNE15dWma1enR3cNrv21h1Q,2022-03-09
tv4f9mb5UDi3Qeoc4uLmQS6yoNE15dWma1enR3cNrv21h1Q,2022-03-23
tv4pRnht9UtUNoiWAmmXv2LWd2zEdUhUaGj81rqCvQ9J5AA,2022-03-23
tv7bCxGznVyxDLTXGvCEf7WPo9UtJQVKjueXmoReQ4E5qwx,2022-03-11
tv95BVsF3AEzW89b9eP1GVNcdYPs2Rthmh4CaAvP4hhx4Z4,2022-03-11
tvidN87rtysk8Zs1vfempM4nH6weGA24JnGU1fVMFQ13hW1,2022-04-05
tvXFCVSXcVVeg7d9Xk1LMP13M2dkdWGZEgacYQ8huc3BGGG,2022-03-25
tvYdBs2TRxn5QJr9tharS2NP73vf7ivkDzx2eF4agTyALgM,2022-04-02
tVzm8dfbef73tg85NQRKT2Jio1Kc3CchkugB2MRZ6rYjVSx,2022-03-26
tW325ZFg8c6t7zyDy3uhMtenYT7SrRHEBJRCmbfh1A7EBzR,2022-03-09
tW325ZFg8c6t7zyDy3uhMtenYT7SrRHEBJRCmbfh1A7EBzR,2022-03-23
tW3QFYuJjP6NYqanyVxf4FK9X4k1n6FnQxuoyfPs7dmvFy1,2022-04-04
tW9RgFj1RRHHjHmtVW4RB96vv6to43crcMZ1J8W19rZXx6G,2022-03-13
tWjM6GvnbBtYgMPToXaJhwSzNrYDtWh47gRpYKMpcJrxzxB,2022-03-27
tWqR364TqMvuKbmMCtkrKcPmfQCuhBX2oV1nGoR8iS8f6Jr,2022-03-25
tWrnNZQbvMfjjK8hjosBNg2ArXkxQEoAxyoMfFu1WcqgGCF,2022-04-10
tWTKqA4QyQShwtqekw8mTVuVF9umFMxZTt6yYyyiVw4EdJi,2022-04-08
tWvfTAk6857vKKJP7ahD1vi3pGSMwWcTakkaCqi9jYR53vc,2022-04-03
tWY5jgdboYpB7r2UzaMoHcPiNCphkdCNed9fabFj1wnq4Sp,2022-03-18
tWZ3JTtxpexf2ysUPLQfEb2dfSmPHcpvN4E95evPJJuh9aG,2022-03-16
tWZ3JTtxpexf2ysUPLQfEb2dfSmPHcpvN4E95evPJJuh9aG,2022-03-23
tWZ3JTtxpexf2ysUPLQfEb2dfSmPHcpvN4E95evPJJuh9aG,2022-04-06
tWZ3JTtxpexf2ysUPLQfEb2dfSmPHcpvN4E95evPJJuh9aG,2022-04-10
tWZ3JTtxpexf2ysUPLQfEb2dfSmPHcpvN4E95evPJJuh9aG,2022-04-12
tWZ3JTtxpexf2ysUPLQfEb2dfSmPHcpvN4E95evPJJuh9aG,2022-04-14
txAhyq4PGFFHAqhAMKYdwdvkJoRnmJDWRnnJpqsZg4V95V5,2022-03-08
txbsh31cJJRjhgfFVUP28TD8VybTaZiTs3V6z3RzGE91cEo,2022-03-29
txe4bZvWrARs2jDT2VeMKvK7wTTwKicuHs6N11F6nRq8haL,2022-04-09
txG9kzsRATF4kuejDKxxhD2skKdCuvhJb3LbvsMDEPvoeSc,2022-04-05
ty5RUEH38ZiF2Qq9swwYpf6McB7nhcg8dxS1hGScRgnum6k,2022-03-23
tYanV8yNskRQgLvhHgz3TidPdvfhG8kVgPnksyCiwvA2GgE,2022-03-10
tYdPHnQnq6E9weLVruTZzc3GamyyR8Cn4RDtZuBna6dnxxN,2022-03-10
tYiR4A8JMoBGNcReQ9WVSsrGav8En3Ee9w1jmW6iEM8eoXE,2022-03-15
tyLqHaDHhGZGhRv3FWBm3fcQ9XGk8HMPfTc81Ecr5eNpCSk,2022-03-23
tYmtENM2rtDpgmtHjHEepqEkGX189SjraENhyNX2mcPeQAm,2022-03-25
tYs6FC6r4X5BLuLskGGheVze1PsAnExWBrjsp6WfKVcNKEZ,2022-03-08
tYs6FC6r4X5BLuLskGGheVze1PsAnExWBrjsp6WfKVcNKEZ,2022-03-11
tYtLrSb5E8az7nsuLiyLx5vS3zmx1tJpb6EpXMWdXkvW5pp,2022-03-23
tYtLrSb5E8az7nsuLiyLx5vS3zmx1tJpb6EpXMWdXkvW5pp,2022-03-26
tYtLrSb5E8az7nsuLiyLx5vS3zmx1tJpb6EpXMWdXkvW5pp,2022-04-06
tZ6VZ4xsRLSdkYUVdK2u2gD4DhZ9J1FyiZWWRLp2gMXbzYj,2022-04-11
tZ8ioMeQSrp4ZLcV7KvZ6i8T8GZJq63juB4aCJbVcjdKEtU,2022-03-09
tZ8ioMeQSrp4ZLcV7KvZ6i8T8GZJq63juB4aCJbVcjdKEtU,2022-03-24
tZ8zJQxJPBkuxuzNrjNrWqn3WPk39PNo2aT1sRHeugd3dfu,2022-03-23
tZ8zJQxJPBkuxuzNrjNrWqn3WPk39PNo2aT1sRHeugd3dfu,2022-03-24
tZA3QC1oomogTcnraF53r1uBRsbyBFK6kPFLswzbLhWK61c,2022-03-26
tZcAgHsXA8zqZ3LZcF6eowbH9qZtM41UNe9XLvBMMGx4Bbq,2022-03-09
tZcAgHsXA8zqZ3LZcF6eowbH9qZtM41UNe9XLvBMMGx4Bbq,2022-03-23
tZcmGSkhuCCJJCK9zbgag7o7wwTkAojrzJ8k1RYKmh9gC7C,2022-03-26
tZcmGSkhuCCJJCK9zbgag7o7wwTkAojrzJ8k1RYKmh9gC7C,2022-03-29
tZHwiXTt3Fnc7jrJMJ69Gxpi6YUBv4twvghmR6SFmnSXYtE,2022-04-13
tZiYhhgifToYCt8N2qoHKxMWUmArCodqeugVsyCywthBPh9,2022-03-15
tZKrC75RCqwY76J7nKzmc398ErMvTk8HL4xmWHr2qbMAN6D,2022-03-12
tzoHqyutZ17wbMJjujtYbpALwaXriKHZYBbNAuTMoc2CN1f,2022-03-08
tzsiksT7cNEaQ8SEmQeaLkzx1uRuL5ixCDdrMf1PUXCwvLw,2022-03-27
tzsiksT7cNEaQ8SEmQeaLkzx1uRuL5ixCDdrMf1PUXCwvLw,2022-04-01
tzsiksT7cNEaQ8SEmQeaLkzx1uRuL5ixCDdrMf1PUXCwvLw,2022-04-05
tZVp3kcyB34CUoRJRTMyRpmf9eu5mPGsqqorYJ5gVNRrtoW,2022-04-07
tzy1B5DKQSk1EsNKGecGJnhXKopcbYEg2PKjahwe2ETvK4D,2022-04-07
u1BywkWK7w5marur5yqYkgr1BVrEhk6SMUcM9aRUQUDed3i,2022-03-11
u1EgGWFYJ6dvujQ3T5KGPHNUqQNtmkeN7YwTLwkY39GwxVo,2022-03-25
u1EXm59vHgXHv8v2Ypx1NCTJeyhCvSRtSCvq1KK69mMG29q,2022-04-01
u1JQ597YgcPrP34So8QFitdGwTzf1xWbMjuYesDUBfGvGsd,2022-03-24
u1M9UKaAQYTa5V6AbF4kpCtQCR7kxQLi4uakq4gj968eeus,2022-04-09
u1p8RYKF9rkMtbcjqqAf42Gu8Pj8uai6jtxmKPoinRMCKw4,2022-03-08
u1p8RYKF9rkMtbcjqqAf42Gu8Pj8uai6jtxmKPoinRMCKw4,2022-03-23
u1x6Lp4SfUmHVVPp84xnsXysdyEcg6NuVLCtRF1Y42qAUVn,2022-03-08
u1ZqGsdHei7uMgrPS6ThHTZ2URhuz227j86o7TZT1K4Tq7z,2022-03-30
u3b51eZ53tfL9m1P48G39ujzMWMkCq3iHT33wJ6htDzKMNx,2022-03-25
u3gTNYhjR6EPx5eccBF49k25ofKgEKicgi3fGgqwwXApsom,2022-03-26
u3jd4N6FBSFSYq9TD9cwfe6ahC8AQPTKnvyW5LaeZTg6B3C,2022-03-27
u3m9z8xCy7mYHwPfV61RhR1KrvBLPx6htnTent8BUzMxK3k,2022-03-23
u3mh91Xk6oEGsoGzrBeLx3Z3BPFGKSAKjfkopHPFg4ySNXT,2022-03-26
u3XJyN5CrK81SDg3CZFZU2dS2tEo6E8TGMNiyaCtUE749Ud,2022-03-12
u3YW74Z2qgGtGhDVTsEtwSHfJ3zMYj6RYa9SJtpUgDg4NmV,2022-03-23
u4bfym11TYcNFkKKWgTCxboJqPRWrAXwX3XJmnYRX2Xra7j,2022-03-26
u4c5QkACXmEQVEwLYo18Dp77XztvxGE367LGGqgMLBvW7TD,2022-03-29
u4dDXkVvTdhnrA4CTiYZEjjHBCwaaXDjrUSYKJ8PWEMnttJ,2022-03-08
u4dDXkVvTdhnrA4CTiYZEjjHBCwaaXDjrUSYKJ8PWEMnttJ,2022-03-19
u4dDXkVvTdhnrA4CTiYZEjjHBCwaaXDjrUSYKJ8PWEMnttJ,2022-03-24
u4FbU1V3khGCxm4vofuJ8s1UW9RjSiiAwQ5px5L4cGoZpXy,2022-03-11
u4TYANkCpDYkSqZumMD68HxSisdKPHe1Q7xLEmEfjrSej4y,2022-03-24
u4TYANkCpDYkSqZumMD68HxSisdKPHe1Q7xLEmEfjrSej4y,2022-03-26