ooBCmR1WabrdmgkXpK2juuJhLvM5q9f9hRjcBxu4wCPaEuH,52
pieeH9rejthmJQcypF2DKSHSFaxspTKPY25QkCNnZssG1tH,47
raA6knE6Gw2D8DZ5viCcdX4Km6NKvZUNTAW3jYMfLRr7DFw,52
p3Jy3sSZgcmuQM5moZe2ahM1ikoogrp1uNQLs6oLD6Q9JDJ,33
odZ4KmTKhckbpvxBhv8qnxsYukRoAAEfuwzjuKbPHCx4zsy,47
rc1Qe5pxovBo3YkuHGdkeQjuifaYM4JbTAzB9ggk8CmSQjD,50
qfKyyHHQPokEXSURrtVYdfixjmrGa2pE9RAouGZf66H96fD,51
pct6BKoVFgMdP5uAHA4jJSAc3gbzXVunb9jYGjVk65suD2U,35
tv4pRnht9UtUNoiWAmmXv2LWd2zEdUhUaGj81rqCvQ9J5AA,52
r1tkSCbNcfM9TgbGaGp8w2z3Rw2ZvXtX2zkMSBqfwLxKAjf,51
q8L39rTZqNt2on9fsD2XuZa8P65rTGosWWFtVporFjnRhNi,52
sYnb1MCVqfMaMcan64h5tJvfe54fAFuEWk38hgRfXG4TPSx,52
sZmXHp7j9aTpvShz64L5ZL4Xqg4nFTDDNgtxbcVe3ndZ29s,33
pB8jEedig14BbWKnWcDxkRTvSknZBWP9wK9XVMRmWiWaWmp,51
r5JxmDJYe3uEvX3oBLduWiSHFG4w6epY3ekTQCCAMLnpU42,52
rc5TwPrya7mcd5bLeWY8zZngW5YZY1QBfTfW8qKfbwUU8Zb,40
pAGs6xSdPELENPdewu3bqy8VF6w2voAax51a4kB13tF6wfu,52
sqAywGAAAiMuimeGaMeiKecVGg5M2y2myz94f1CxfjqvdBS,45
pzLkkAf2zRYCzkG6D9WjN4Nw386ChwNUCziDrTUHsT1DtmR,51
rU457SawYuz4UXHtWMs2Xip76Fz4pXeWGaEppdPwvbN73bu,52
qc6DfdZW183vXsNFtQAJ9pQDt6g6AjvTgbNVaZrkEFReNfX,28
ry4DtagGcCiwBGaYah4vfsiaanDRHABqaz1gfP6h5kFeNjh,1
u4FbU1V3khGCxm4vofuJ8s1UW9RjSiiAwQ5px5L4cGoZpXy,49
thL49qnbi6MqkEwjsAfcmyPZRSqURTrYDQ5ck8ZoKEV4Axu,49
rCcmEYSMDniVRUqkLzrYR6fmD1cTZCHhFxHM7A36gMRko3Q,49
rHtFj8LdrUpxeaFT2BsRgn58pwfVWw8GzfV3U6Fkc8Sg4pm,34
rjmcxVPnjie76bPFkQXsFfUPQJ3C5c9XHnonSeoUcHN36YP,35
pmBBH7QXPVj7mM5G48efF8wfeoVvAPSqityMR3serHr5c9R,51
pXthrQSRSL8EQsTUyBm5XqAZCosXuQWuhjaB8hB2iy3GTje,51
qDCqcmLWgBuVVTturaV6gSyoUQDrj6HxCBmsVgtuNHdiEyg,50
pigcHgeJfVFzU1vXcyFaRdi6ALTvD4WknFDuxenAePtad2v,23
rP81SnQWvjthf5swZSwr3mfzmgSuQha4vq35nP7WSoEu33H,52
q7skaBqrhxj3yXmHGrhr7T4kojdC1Bc599JBAE2zfxDG5nZ,38
prLpMdEjGn4f5hmdNZNcbAxjeubETnngh1jS56AMUFKNXUF,45
omAGXxVBfjNCLCqqoMJ1hBMzufXDzqnaG65dN6gjCyumDVU,36
sLMTAGrR9hbAeehFwmdgPnopMDMGqYakoZ3r6bMNgkNyYsm,51
s9gXwqUrxAe6u15SYSMSzxPNF2Er48NiRKmZBDFD5uradGX,5
tEpwHCMKXBY3sRkrg9KjqJfo2C76V3hN9hdrGsoUM3xMzWV,50
pkKXaALcmKBQjprD69pmZ7aahnftCVFyji3Z2hksLhzXJJx,51
t6xmP6KkHCj5tPDTrtqYuffd1SL1KFAK96vqKB3bSuNefH4,11
oa3aRfay5RrVahC7MdstFqa78bRb69GdrVzmER9dNESv3of,49
pCj5hGBCdStKTaf4LuzELtKwV45ExmmZjWbx94jxr8Gc3ef,49
pJQznjtJPi2AUtovGt8ZReSa66TSP8CyytfBPCvEdNhqHiV,52
sFZGnA2hqiguPCAefBtMSPugCtqPuXejBFYBpV4PVS6i6AC,51
poaSpVvFmxhYwp5MwocWG1Qi2o94Z1xgjmx3QaQZttT2XCK,52
qVDAyvVptj3wUxu1caeKKdK4qMTZQAi9gciUhDTxZyY58fu,37
tWZ3JTtxpexf2ysUPLQfEb2dfSmPHcpvN4E95evPJJuh9aG,44
tYs6FC6r4X5BLuLskGGheVze1PsAnExWBrjsp6WfKVcNKEZ,52
ts8V1P5ByuRcGtUtvXDHKGqaTUvsh6DPLAfBuqoCuJrx9h6,52
tHhHHGYVHtgzdNv7phLdEf8Tdte9T49xxYKqwvpBnoJG2wi,46
s4i7TmhcMVngYGpF4jgMtjeL3AXeD8EuG1DczTNfxi9qYsa,35
qnpSWAcoAcHi8f3UzTrp1ZYQaA6MSkyBJ1oM3E56d38hPjv,39
pqhK5TbfGUQdhvvZtLf7UAQNFfDzRFYR73ude6fiUTneEvY,52
tuxV92rLnAtit7si3fv2ZhGKEGyhQoW86ACPXdWY5EmRNiF,46
r2P6PRc7SgPAirkotpcMDaYuFCPp6569dGeQnaJ148LDjwS,37
t1qbiYraYMnT5BdSaZP4W6QfHidyeUfQg8dxBJ6Rw2CZr2h,35
rtck6P2k7NBrBGqVUyNxKivaCRzwqbR8bumqPMEVbCLpqMw,37
ri2G4z4pzpFGEtMXViiNJmUxVFtaAt9MJAXDrGjXVfb3mJt,52
sRFSWxCg71pwJCDU1AUYzjdAwz5dkTpUsMoNXhe6Xr8RSVV,35
p5voAPsubXCxfjjyEXbhy86XqQBDcMio7bNw2ondkSNmFCM,48
s4UjMRrkEqqjuBqP68m1jZbe3x3ePHr22Ktc9L7HKqNtA5r,49
sjzGASw68GPeF7xwYz8K979y1zTgQur1h6tuAhQ55KQty8E,36
r9fHGhT19t8QUSLc2bHhQtH2tLXkxGzY1pLnFpAbGUisZNa,42
oKEiq2AdVgHKSk2BCtM86n2LHizeKV8Fkf9yASvW55yUBYa,51
oMXGL7okdcJxSjyW9DDxiNqBHzWDz5zBnr6ymoq8YmZKAKW,52
sZ8rrknZGVdTyvbg9BoFyvLiE61G7mvKqbRUzzHh22xjNc9,30
sgu1Ks3ry2SzjTAnjrHwYFR6EAGh4jaYyTHQk4HUNRVaYHo,51
sZM22AZg6xjwxrovT944Fc8biX6YFbCmbNSErJMptkhuZr9,51
orkqLbAe7qW2uQCsvU4s4AcWi84Skh77UKmcMQkmC7AJgDo,35
poM97ygwuFW1aYEYtux2yid93KZXD7k5BcruJ4V5ujpNs4h,51
svrzdc6c1tAha4gTmzwQoFcvBMkD6XiHCWBHbne8DHLJVv1,35
sUYVdhqPKAfPEaPbFwc614UUZkRSbx5VtX5QhSSeeh15tM8,39
tZ8ioMeQSrp4ZLcV7KvZ6i8T8GZJq63juB4aCJbVcjdKEtU,51
pthJyrwFnpo4bVGmLW77hEahxGrV9fSzmjBzg622K2hmNgN,15
sPJ4Hx97M4HTLTRKg7eRCw77G3xDQ5vywRG8zdFNqrdrnnY,34
sBpgbesWP41YuHW6xsPVZyQkZtp5piTbvgiNfC5JydapbS3,33
t7HyVLBk8MAqkEikDnFeVnuKCjwH1M2pvGVyfzCkWD6n1US,52
ryUkcmhfEgFwLSPpnKGgR4JS8dDoXaQuUwqjpDzGvjk53j3,45
sfAaFcPyRR4aK2PyZvfBv6KX76AAfDtWNxeH2py5qzKscEM,49
qRrg3Mg2Jjdy95Qb9o5c48Wk6xa7HBQ94bYwQKeQrBUsLqU,52
ozGv5SKvcKTFBkFWMSkn6grcs3R6iuabDmAaxoaeYsjvGDf,35
phxcKQMHwNagKUUAtqFTBYdVtNQheKLHfGWiX1oNDE4gmjM,37
tULWCEHp1RfQjrqkuEHRe48P8RTTAK7VFbggz7oTPpZTDmZ,51
sKzydqrV4GtsGW6rs7bkyBiYJGyqDu4ZAPU1goSccc3WLaV,50
rw5s8ekCDqsxYDSGrr7YBe22B24YBYwSwJCjcVhxPepMJrD,50
rZuSds4vbc23k6zx9auewnDSFqtbvdNnWixCxNoy5d6ydyN,51
qqszuMpc2CZ3tveEcFFTNsDZtL7izHrNLTKpS2ZCuMNBZyG,51
rhmqa6soWMcijeyhdNnAvjkUR4DHssvbK1KrjJoTNAj17rV,36
sFCd5W5sWXwgKm1CjVuP3trEWswciLSc3sKvDhQ1EbxVbww,33
rbrUKbnJeNyqdLfvSQuPzAZ6AyFgaj4rPj2W5VTdTDzQswX,47
pA8tKLVLeH6HsaXqVNWEnusya2W1hvqknWEUFaSNtkhAWS5,51
tgWdiExitXScKp3vN1q1rtmNgCMMaLb5t2RbYuGseqErY6c,50
qZVUR655941nbc42Bsp4HjP4GVpHWJrT41QDmzsbW7duJav,49
ryoofjqGYyzEDZPTKUW4QG6u4uMB2TDRLPbS2uRxM5SGoC1,35
seorgCZDzP5G3JEbsBjFdpQ4dTUgCWoPjQynyJqHCfXvZVW,52
qt4Tjg1axLRHHHw7cHLKXX9Qqi3acC1aBhGgPrJNoksYisx,10
oQ8JkuL7cmAgpqsmPVjWbyTtHHwZXaWQegaebRF4CtxH87J,29
tjUs6TtdgSVUjNYyhPEvHBvMPGLQA8F57skMQGoYFi34tuy,48
qPVa3hwZphcP1jWzvxFYcjZzsDCFMBdt6eEPKPH5ZgbzfSu,52
qUuWy34xCxEmtfkfKLDgsdh2CSt4ubonqXUoazB7sFmhxBR,50
tsuYVZdodKod9cpvFSHesv9bJfiMoqm5hKQXJRNXPLyAvrm,33
q2xfahhdZWAoQAv2C74fQSBut4GjacQdvBj11uCyGRsUoLY,51
p7tWtnK2twnpg3qsRehpe2bDa6MNs3u5oDNo6NWSKn1xcFn,47
tRjfQGMQ74XbLjDFVsvxmeFA3G4vgH9w8cqjK9aWNBFhtZr,35
oVjEP86VB99ZRA5brLQTQaBzUgKHbSNSRnJo8zncTLCxEe8,51
qsu9eQfwqy9P26CNZASdHoq7qcLJivWLwL1AEidHD5zJNnJ,52
roTTysuNZub8ujc9muLwhLCRGGUNxkQvhhZePqgbJCprcbR,35
ofMY3AWHHBMHg9wbkk8TsMtafh5M8xQTMgNFgH5sTTA5vT4,49
rHNgS5ki1LkTRs2WWVpCB2Tvpjd7C5KhMzc1q5dcRHJoy7U,33
rPtbkExLtpN8bURTZ8x89kLiWMLt36a5Fa9ws1A1QcigxGs,6
tj4sKw6uGVucSfEiGwACUahPYCToi6LJr39cJNVeMvUFxbc,52
paAhcvAp85jcCx4BBxxj8pxJw2HDxLiXmMFE1oyAPQiVaBH,43
tCg3Cv9tDExrVktrMEuRsn2vGtqB3D4NisVHrYSg6LxHxJx,52
rMEKztg1TB78mdbBrvDybyS684c7GuCYLDttcuY7sS5BtcD,52
tf1tWz7oYQwedc6gnkHo28mPTNQA9cmLh5jiXQtRFb7Zupa,52
tcQCj6VuGyRqUcD6y8iQj4Y4DPQ8biMU8Z6uTuJZBicmPjc,33
ri9zD6t9BLxZSZnzpbkF31PXSQy1oZeTeSSriQgwbMQSoTp,52
pXMS3PEheZudsxncyCzW3s5nQUWcaAUG9YBXL7BmWDjVWK8,40
t74ACpprNcxhHrNe9WTSWBf3BTwdGNpJKiADbJKseUBAA4T,49
seJHD1aFKzVmLBGEGJEFV2iZFscAaNNzgX2MqhTWbz3ApXA,37
pcpy2JTbaoviE1H33hGPBpCFaMMmQswfEqfTewEbaePUtjb,39
pzDKTaucjnmLCsvkBzgombQKnLfXbxrs9svLs45e7vi7kDh,46
ryMe4TB3evgHYE69RRPPostJ97z6X1neBjCErWLvqNYfDfG,49
tj22nwETUcynmTfEf6FctkKEW7wL6H2injH1TgueN8ejG5j,37
tTpmtkbDkb3MerxWH89vhXGkaotnbqK8mc9wmj75SAupEmE,33
pALJpPaE93daxyJSm1iZjcPRRjaCdZp5ZjLkaDpZLG2vFGW,51
sZks3AfygUnZ1YGCfEwt7VcZzvpP7kg5ULEJNZu56foGRBD,33
tv95BVsF3AEzW89b9eP1GVNcdYPs2Rthmh4CaAvP4hhx4Z4,49
s9z5HuFPRJzyvuLVsPa4aHRKpcvGjKF49TSPPv6kphhBunU,35
s9yhfihKiJ79yGcfuCHYZanrC1jAFR792ZZpg5kzN9NdV9t,45
snoLEkiccmjkoakgbudiLcDi3RkCjRbJ8VWFfo2hN1bf5LB,45
qLL768RjFbTxiErRkumu9qYkojTGJMVyusKy58AwpyXf5aH,45
qk6rctWojMNNHaYsMBRaAacgMUuwLKJwnYE6Y4NELjWaVc3,47
pB4934VsN2MyvuZ87zXTmmaGKRpFpqginiD1d6k5YEji4CV,50
pM2fDbXgXCiq5EaGGkYqa2ftovtPPSk19hVPqXaKJ9R2a8x,50
sqbMp51QYGUiakMxcUDGCpeacpMZTAdj5W5uTyuiGbaGNdu,50
tH9wrRDw6np8cBijjy5jP472Da6ayNrB7GSzVUitrhA3LxL,35
tbT2iqn7s62zsnWoKN5xrM2HhV51wpL8EuVqj5WpyXjTx8z,35
ts6gLDWwqibdE3ojLPeR7BYKJTfed49KVF7a11KkWmoKArF,40
ryVPwW3iJMxenjgJNBPjkWBp91gDHes3PR2EiExqfKJzcLA,42
tEyGfSyNDEgFL8Kz2FnqBVPT7Egry8cYfLLZpLDsuLNfB4m,35
rSJ5dVNP54LBPvnw7HVr5inWAVAMTtNZ1Ytv4w3Poscc7c2,35
sZH11nKM2fihotLJnsTic8F8Rq6HttUG35NjC56f5E5F1UA,45
opD38vcEVzJ22z6hkPCemY9fxHTzUNGp11ZYL2eMRbhMgRN,47
oi4hrNfRX1kYdpABabfKVRAokrjAFi9Qar35fEySkeyzQFP,51
pyxsBYbSpdwD3xcFmZcQbuvPVtaQASz6dvq7Pdk5TRHRgpJ,49
rWX6Z2LyoJzjYb4LojaUQYtA2LseGPS5veecZL7DTKkz9f1,33
ro3M6NcszMzmWAZDFLT6A5cKQagEWBfTq6eoaZP1NAef5Mt,29
r1dJBmxmAyWepo4oWYFLkQd6KGVE5Nqzi9JE5LY6Ezfiv62,4
p2KqM1tSrdfQZTb6LU7PcVRw5NtgMhFVpjbiiF55q2oSbgz,45
svvTbhxTYBBWHa2gQdmLucdJnSbtH1kLB2djiiW7KDoft2Y,33
qvt61KxGHz5ESyiEi8yiWN6RGgd67tFT49iERDVpNYge3Bd,35
tYdPHnQnq6E9weLVruTZzc3GamyyR8Cn4RDtZuBna6dnxxN,50
pkPjM1vUJDAaN3aTXz3W4h3FAThY3C15BMo8p4wkfaDd35K,52
s9qz8u6SQMfZ4eQEKUft3AaAatUvtT99MhxwrsBqG24c4MR,50
oiWZxQ8Vdrxr8LPFyrYeH5VkNznS3dDVLteZMi15ak3jsnk,47
r728osMTAyQbJvzMQkJRfjwbeSe5enqXbhio9b3AM2rs2ti,49
t6V6LEfnM4ckwCGG8cj2BsChjuwQSUwW7qFvAUnsATJdskg,52
pkFHjeFk1pD53YYmsHd7Cam7v62mCKDuhN8iNyZCPFhLRie,51
pm3AX8wtyeBeM427kcyTGNfU7pBTV3RHyMs9LhWfrndeeV5,50
tzy1B5DKQSk1EsNKGecGJnhXKopcbYEg2PKjahwe2ETvK4D,22
qQ7abmpqtAXrJxwpK1HkxtWPFrELMw9vyxJb11qGaidXXKQ,51
rHotLryKx8nceEZeHUDXMSeUEAsUGBB2fgmebCrGh9ZbFN2,50
rS7bL8mMMn7EacLLWGTAnM2Ve4gZ6V77WDGF26Z6s3hfcV4,35
tj8xXDtJUWZecfzRBwBPiJE2MJkDUMRye4LGHokC1gqUqqH,35
tnnit5j6YtXa9mzNYMfmrCPSv836FBgXK8AD4vUbhZPDBq5,48
oVhoNuQgwHFjuu6v1p2nVdXHRyjgRWM3Q9SfScRWWKNYRoU,49
oxHu45mo1b2ngktPRreh54J8pCtwj7Nxk8ZmZiGGsVTjiFe,11
tN1EEksQeVo7GJAieEXjpJdZpUzUevBMT7hKtcXUTy6x866,50
sEigPTF9DQgAXYn7C8BqZEhFws6rn1d4tNapoFpLaF9V1TX,50
p5tEBHhnvyqnZsjjwYf6YL6QuhXfkUJtZFZmcjoe4o6HKyD,36
oMVACTVb9iKfQPrsKWVxzfgCuu8vKMwF2wp49fxwLJCoq8w,15
qUDoHJib213agBunRuUTiUpLc9jSj4mFmHDh3J5otumRvCc,33
sX5ubJDTFFKP9UEMSKjz5zqLa52v4JVL97R82AXjuQGy49v,47
qJU9CrPTYxzNeuAyhRBdWw8Tn1etNNtk4uo7HtFJtssdCTN,50
q7Ez3pct2MRfMUPGqGXVGzKZWyFPtdRPV3SZtcWG8wWS865,14
pojZx88cmNFwFS5Sf8dApnyv1JAsYTWnTA7LNmYjbLUzd47,50
q5neEZrWZt9ZLyJWJV99kJDjKCVnZJvhV7UABfXfJBEaf7U,34
tNqvJM9RjgUbW84VAECm4zic389gH5wX3A32SReWZoJyBiM,35
pB9HnGwzZNLwRimDhdJsh5XhddC8b2ccMgt2df1kbXqjCL3,35
qJpEo5vJbc5K2V8n88A4tBcDenv9RhDus3BCGuUGqy1SL8r,34
q5g1LDw58PF6gPU8m3A8MYq6Xy2jmvhwdqUzrCm33bf4Cci,47
sUK2UEZKng1yZRRdw6ZNs8TEExCjYLk2cYnokXWpSGCKLge,35
pw4cxWvQJ77fv5ugiKUUedyUdPKVsa1BwKwY3waHGcydDbh,43
tKj8caKHnnTnJ8yDfn2z9KR6UBkGHJAyDys54imEhux4evx,33
tjATT9AFeqiKLGPzRjHFEWdsxhWNtgp6czbgYhrVeNpWZnN,32
qofYLs2H8o1fmCCuZCGUy3rp7WXT8WkgUPEYSt4R55xbxLx,47
tP7Zqbs6mNwAzCXq8raSRLJoJbXCXNHLESKvZijAHDjAk1Q,36
pJX8xiftB4jJPjmQkrD4G4fCTujLZajPXyek6PzPFVF6DoE,52
pA7vPcT2uYB3oHJSGrLX3V1Ek1Vgz2ULNKrShBYGpJmsXuP,49
q25YZ54M9ScUYcL85V2Svz6dj1HwEH9qP3wU9qhBJdaPcJZ,6
pr2HRQmxjnCuiLstbLzQwbftFLvgDfaTQottAMN8vvE3cbK,52
pQNBgdN9MXUSbfTqUCYHEeA5kpymiSaRqnz7zxkRGJEQv22,43
pwchBGQbNQPfKQmj9i6npjG479btgrCtBcC7mofU6zNdmLM,49
tEMqU2enR94JTihgv7aq9JWN976RvrTeCdiyTdTH4ySdh53,33
tTmH1TEpqA8EBPxRV7a5qQzAKaQhgt4VhEnBxAmxQhRpKzb,33
p3CQVFDu6jvmkttqqnuYcqcCtYsT4yb44YYF8jsZT6P2e8B,33
snD96Jg2EWZgfCPhY8XiyapvQ2eGxstjP8XWgc949DpUjT9,50
tunDKkG6UTdCaK5tgZdXdj71m7B6UrrVYrztpaZT5E1Zgne,49
pKF6ip8TzEmqfZrtidacVS2U83vG4JX75HQcR6sj9VLdK5F,49
sutexQMve6vJXV715n2hhAXJ5fxwsZNj3KjPYTjBVJ4wEHP,41
sRXG3rJDv8kZRmwwK8TcdUULMdw2GKFJndAV63noWjR5NbE,33
rCvAy1mMqDqmFiC2ryiaQNWbsLdTp1nvwJAuFXjeKgfFgNf,31
owCqjUSFeSta7THBwnRtZ1vDgkgE1QCgGndRng4B8Q5X4y1,35
sAUr36wyGZDt9VJxFGrwhA4vUMHCjRceTQRwKAHQBv4k2YH,30
s4NSRyyMdvAFmVqNvy7ykLBGGdhXi32XJPosZQuXxiEXR83,35
tGkV8tX8osg4Ys6nYHdbydFuWpxyfZuSsPFsGcS98bbKyXV,50
pDQfJf6EZ5yXuD4T1nfyKxFHwNMejcgka84XBKwN5D1Pivq,1
resxpKuZ39o5F3WpB6eYfxfoQBg5cJ72Y4DG8mZtiCbuDQu,38
oqmb723Qnk5K7DJxMMtD1PEVzhr4iLypgAEG2LnfWvbs6ZE,52
qcKNSr85iUzmTeT5YRU7AQKDoB8N449F3ZwpJJiZffY21YP,35
oYghzbsRxw6VEJp7BembVvHWxNGfbi24DK7aHcNtFc7R29L,36
ozibvTMN616AktJY35B9942jXVqVGsoJeHtZQakB3K3KjBE,35
sUdCMjfTZZg61ULdVF8GFrUC5VXHnAbLfwQL1NjhxWxE8bY,52
rJHecYaHLpDqRJBwZyMiRL7axHwo6LXJPmQfA1z3ZMXEMpQ,50
rvDCSPtp7qZAaXKfcXpbRpWkfQUNdcvJkuqEjeEihtHUBAC,47
ryoPXJUCKvSqPuDktAcocD3mtaeadc5CYMPqRaF1iCHJw2o,33
suu3eSGe3KJ5F6TDFJhnCQqNuhV5E3fVDHRF6pvL3DQubvG,34
sxkBAt6jZQudWYk3djobYXLXqZMcA1THPzv8mvEdckhprA6,14
s4JvechpabBvd5EvX7Gdpwm893CKPKtXXkREuN9XqAeBDS3,5
pcULFZm1RrBbp2LM1QciTXfNjNWcmFoXjJcCWQ291EjhKWi,33
rDQ166tM9dGvC3qUNq3Tm66C2T6j8YKkRfPNAhbTmcJSezk,51
tHHkjFSWPRrVjVEGeaFzEGR11L32H5EAUu1R1ZnovMo57xs,51
rvvZhLKEUvfyUfEZpGDJgWqmrPUdkTGeMqYcjN3F3V7UTDB,33
sCwzxip64QZekyUu2S3bdoq4BCtNCiK6oPpEyc1eVw5V7Vm,33
qGKQe6YPFmqmcHQ1HFjZhZkRVoB5VrrMd5H7Q3cneqw3b5m,33
tTjcmyaMvwqN3GvuCvtjxaJE1K1cYRYUmuByKnPCqw4qxUX,51
ouTmSmaboTb9MovdXAxwdZnrKCPhbQa9jgzrMFzQpkHTY5t,36
pXQaY2UH1f77ZYt5joDgDKcYRQyJyeeHtm6yY4w3tUC5qWt,49
rS3GcuAEdYwX9eShhbyjYBtgaUs9CfD8jVa35jUQZmEGQZ7,49
riCAriEHsr7uiQr4KuvEGwruPkFyfQMEEy8GQhTzfZyKoPA,52
ouMnw9vbmrQU4MCQkRrMDgXSZvzQDXzPJnasoAYqdn3FC6q,48
q2TCjduNU17qTby8swQYDcrsZeWFGfarNy7iRkDJsh5bcpk,51
pDubmCs2dJFuyvQwPCjnbbYTLV93PSMJmfqFPsFJhia5k5o,25
sk7zC2ndte9YP6zn7ZHACRHskrV7f7cgRr8C7PJ2w82JR3D,29
oKJm5s8znVtnf9kEAASUbFSbkbrqBAZ5Bsmp3tDJqfAN2sC,33
sunLBaMxZ5u1bVfauDtvT7ncvK3f8wWsVHbwBHpRqFQaaKG,33
tgnNTqo5FMRjZtkGDkGqutwUfBm9HJ26XQNYcrh51oMVX1j,33
ssav4XsFuwa6wWzx4haNUgg9DShh7vhHjEw27QbZzJSaywS,45
r4aZehPN6VeDDG8evbGQAYsPWxc1sXLdJ7HhTUU1MLUyXcs,45
ryMXoDMCyBAJGvjWwK2QdfscgGKrKgkd1i3zCP2x5DttsWP,45
oasjEt8EJnpUgnqZ8aXGiJkB5HdZZZFfBwnxGEp8TNrvoax,46
orNzSPPrhVhcHzkG2HGBKHpkwT6QJnt932VsXkwRdcaJnfx,37
qVHNuY4cvPyiPz5B7R1srKDm46MiExLwyRAbK9c8SrxNqtu,51
rA3ogQJJwoJhncYaq4SyFUcW2cjdADbTbPEw2uWXGLC7paV,49
qPicaRz3jCRYW8giTV8SPaKiK8q1VHGAoGfzZQCnfdcwztg,52
ryeVAhMiPjUoA9NATd7ioioKesr6oRNz5VoqLXBihFQjzJH,47
r6wcdZjWLJcsLQTgg6ghxp4DBW1e2G5tKdW8vVe9kRHtpYC,45
qWofapYY7JmJJkQz4xqU64GWGXgy6ffn8eRUgA1GrcCiQbC,46
rxiTEdtCKVC3wY6ysbmvK9PinHkRizDShX8wT7GX8HVHj4c,37
oiuLq8hZyubbdMjibcCtnQiYNCWRVESGG5WpL7eS5f1xkNJ,36
snGRGR5o5YWeJiDWBGAoMtZbvT9i3Ez1ySYfuUskQstungw,52
sF4YnMCitTgiJWBXpiD4xGVvgbRCyQ9t4ZVnTxUzbpC1Ydb,35
pfn9VjufkyZXqxza4HEUnMDd4o81GaAmquCNGjmS3MkxMuL,49
paxY5o6gydPYRBKs5yDimZLb7Nu6rA7HefLsjGrCeEBDRvW,45
puJU8jJePukynfPNS13ncKifiKwj8ArKfEhLG3wqgcRAzKB,35
sZBgjCSqDtqptgCbVkteiXgwAfR9Q5DnFJ2EJdLQn8P5gup,50
oJHnrB5zTSB8Kkak8Ve6UuPhsAsnvQFHB5mtc8aTrrsZ17d,13
qjwyteFDSaGyQqWWDnCuAYgqHeagvZNBjHojkyocFW5mgRS,52
sySUeUpMwd1VkZDLBvXdm6ETcrQFif1vMYxTuTmg4wSjhzS,44
s7e2xb6rdhDFF3ApgJargq77zmF9kNmWCaGCVcX51eJptb2,52
qRe5Y38KrUTJc2Cb78rgBAm1ZAxxYwqF6n6TVL9ja1p9Vr5,34
sCziFvfrNbw5HaeQcJno1e1nKWypFq5bz4pHLbnm6M5GLeP,51
tmrEG5WKk9HcwZhw7R4ANEtiVPT9Hgveixg8wcXZPkGQ5da,52
oTR5g329PLD3XTdDHX9bSfVbqXKAiTvBgwCSdvRpx3wjHiu,37
tbMrCSkftKohFbiqkWPE6SMuz45CS1ZMukQfHHZ9MjAZro7,49
pJN9LaVMyJGsvuy7vKyj4dBH5dPVxTXeSvVhdd73r4nSt6t,8
pamjdmm4cNmbMf3J9onktFK7fkCaibKGbZNDBhK1fZ1foUq,34
qqeQf1kF1pbvrJN5UYPjYD5A6g38BXp53uP2J26TK2qkUw4,47
r1h9B4N8uuVvjYLXcFdm8JnWReVcA77YPfeQVZcHUhKxXQS,46
rkLWMr3DytNAwhN3ugwfEwVabyaKZMtYYBxcURVNC8CQezr,51
qng1LmAkThtzMpMbXj6KY4TyqgGerJBEiU1Anhg6fusP8ni,51
pciSuDoVyi647YXnJ4NQqzNxwP1r9ZQ1u7iYvwwPyCRbYYG,34
pJdn5gFLSQkydGiAL1tpepmMM2WRMiowCH1YwtZnAAUS3Ke,14
pkPm8YAWqBvURBpVX6NQKdkXm5bYHCCh7dHbQHY6gGVJ43t,52
u3m9z8xCy7mYHwPfV61RhR1KrvBLPx6htnTent8BUzMxK3k,37
rstHHvAc9u9o8ewKTLCmQxhAbT7Lj3SU9mzaHDmGQAeUw91,50
qfNNqDwKQHoWH33yFvmiuY5jJLuL2k3vAuMDQ8orQEpGoXa,50
rPQDauX1ckMHY7N18JRszV3ezut3bJjWBCbtEYarrDj7rnE,48
t1vtRk79oDRzAKXuK4o5ZRK7qQXaRDeGP5gKZm7VHdsbF3o,48
owEADP4xJa6BjmtGjDA9YTJ4ykB6XKC9nCgEgoMoXM221E9,48
smu2qAbYcY1eoASF3pxDQKaZPwdbokAxnHcMVoBUjZMXYsh,50
sU8ua92jEkqPFbwrvPRTqjpxsGsZqx1bg88giBAsP2mdeBp,42
skD7XJuN4cYGWm2BXyQEex3CLdvKJHCGZyb4TXsnxHz667q,35
tei5idDf4E5vc12bYWtd2WQTdwEYTB94jbasub7p1HGmgQD,52
sEZxwtWhTZngVuJx33rufwokUasrPi3dnJQJfbjVY2pp2xJ,45
tZHwiXTt3Fnc7jrJMJ69Gxpi6YUBv4twvghmR6SFmnSXYtE,16
pDfLuNk8eme2ZXKhhCZ3Y3sz8F3Afnem6hyWJgRExHD3HVu,49
s9Yo1y4Byi5ZGT87SKbicStrPFMxXYWF1UWgf1i37wrdVQp,2
pLsA927s8Z48FDgyDcqQ86sPujjQkFPmVyzUFzPq1XutVgs,32
tBmmWMrzbf1FMkKsktqUZQPt48XY7ZyJpYRHkXmFHa6j4fJ,52
rLcYn2sABwJ8KberZHAtseqo1THfi3S9Tk8FgXpwkgVqBJg,45
qfgNdF9Lzbt5uzqhXbm19cRiKtdYgoCtozpvTkeonSRDYUE,36
rvffB3YZ2DVTNp83TVJtj9ufRETQtnKDtgYopDWMgsHYSwR,51
rkHmioGyuzq6SRXYRgu4tRXuN3QXFy2zgDAFChuVEBDDqKP,41
txAhyq4PGFFHAqhAMKYdwdvkJoRnmJDWRnnJpqsZg4V95V5,52
svu4jmMsnejztYG47c8WS83FMHiVwxk4GgBRtnRL4gqAyhT,37
ssmX3feRhei7MGSMGtc2FAcAqNFcqsjWDTziTbd15gMgFLX,52
sWzTrnC6CvfyScmfDcS7cdtfPY5NF9Wk2TXwkm1CMyb8Kp6,34
rt3kGr3xzpu6jch1rfkHin99r3G1K2HkaqjFumoTScoZxPk,34
tsSHUd2fWBWkMCseJQ5SVueZxYZsdwhEwkEGrisRYjabnxd,34
sbrR1AHTyFG9iEephQD6qiU2tR3WFaNePX7ooR4NZ8qY7UJ,47
tH5QAKitoTHES4MsWqHFdQmpdiDzQ1CwBkG6SCW4gBF8ybp,49
rcU44AvQNEg4cfkWeYnVTa2qDXUKjN6KKgnvKFuV9iMwRSN,34
sjQ43sz1jSF6Wnpu7yN4PDf6mM3ThwtopkBhWJxKJtM91mL,50
phwhnvzm5txeGrNmFkeMThaFkQW1sZsEGh9g8wUigPkcHGQ,46
tZcAgHsXA8zqZ3LZcF6eowbH9qZtM41UNe9XLvBMMGx4Bbq,51
oSEUfFMLgaq7WE8GrZwBS5A8Pn8yMAMpKspCujeskFi3q1X,46
sBpbufG5Xj6ZqPht9tTLtf1EZcmmY2EXVbMeeFPFYhJVYCz,33
syQ6SbzN3YHfuRDgBSDk7j75FiiGMiPH6G5ix29iu49dYxg,52
q8BY2nP3FBZZYquFmTdzWHUoLTSZgBpo8kdBc7jwjAe7c9F,10
qtG1Kjcys8voCCFetSxyrsmYgebP7z2sKxbPwzAt28N2e2H,33
pp3dLyz48gbJtu9cewTGztXsFfDQ19XjBjJViiHGxwMwUQJ,51
rw1cQMSCT7G9MVbhAgssk7Cf2wMCXjNXGyZiuRM6nXY2GoE,33
tsu47bmQjrRX51tw5vMrkumct9MW6BBtkh32B5QPsDqEFQA,50
t7WahdiE558hjDT2uTzdw8DdEK79oQ3U1zchTZXEh4hXZFx,37
qPaw5f8Jcfutqe3nwtNNYP1VoPtwwyTrJ7xSeotXmHhiPft,52
qogKNpnE8XNs6KhLMzpV6GZDY7Gi8TJwznG6L9AwMHeK1dk,35
pckhcCJPxWYfmk36Bk74bBXvXssX9acEayYcBFmSsQKWoYa,35
qJCkEVzJYPUtfAzrXPuQFNr99WjvDWZizcLwsbFfBuVpPgo,52
ofFsAK7Y3FmZtn2LYY7vfgFyS3LXsptisu4Mobn6kqPn18M,51
pQEFfk1Xh9Tbi776EZ99KTcDssKQe6itdX3VLyuG8coo33C,51
rFHYsJzDZRip1cQfXggZ8MTSJF6URFchYgxi71PLSW9fapW,46
rUsjiph2SDBaa1fKTmpcDvbazZMPQoQkEHR9eCCWhcXcgEh,49
r4h6DXrNKdRk2Bb75dDzwt6YbGCSVM9sFpCzVRaemPVPM1i,49
pFQRdFtqsqeWiLqKfHQGexUYH97EEDgr3mnxnzi9VPC2AQb,50
rPXyRzvym8R19B61RSpm9sD3sbsx7BNZ2H1hm7eVwL1vnmq,47
scPZK8XAp7BGFuGbuRpY38oN8oscrrAFjKkrC5GH68wPp2F,35
rhHhZ1T8rpCf2ETbFMXyVE9RKmdnrGWbBDemiR6Tgg6hApX,37
sRGK1ppsGzUpwnsCAhLGEUnK4R5mp2btPXqyDWKgNJgHLia,52
qFCknUeZ5mVRhf67SgeJwiqYHYej2H6HH91D2qvLP2pQyca,44
oK3sWtUZGSU6fzZjBxwy2NdQVNGEvNRU9o6kMUrNDU4gypk,52
orW3gKVLKdhHUFCFbomwfa4z5kQMNgvSUs5wAZWo4WZznRR,52
sAGaBx2Mix71yf7BZL15Cj9pCTyn1ZFZdefLEQyuKPxD3Jv,52
pGHoz7vXs4LksBi5sjDphS8hw7w3N2oP9dCxzwDFfpS2SNq,51
sZpFWrrqFUUKT2Z4iA8AKuUBxitPeco6BjrJNJYTgpZGtps,45
s9wKMLeKutbmDjP48mFSGAkqXsqCzD3EPYMuSHLaMcpuvmy,45
pYP8mApUWWndnzcHcAQPSFp1QmCmZpxwjWdCwdTFX7aLyuS,52
sHv3N6MAgzwvau2V8CNXUrSJzfPG25scYMWXEuC1MVrmuTG,33
u1x6Lp4SfUmHVVPp84xnsXysdyEcg6NuVLCtRF1Y42qAUVn,52
p2nptsVB1m4hzY2D4MQTVKZe5Vx9Pdjg4V7rUW3ejKmgXWz,35
oQKoGvU9sNDtKh1v4cpPcbpsTw68UZwmhGZC7gJ9XeYuvWp,51
tc5TzgfFQM7xF34L2WLHLL3nimmvKaovmJQecS7K13A6LrX,51
roB9wMFosqDaruwJcTKyc5uj6kKR1LFspzsCsGDCiYEeM85,9
qskxS4ZMr1PbYXoygqSQs4rc2EUhWv11vKaKwgqia3HNpcD,35
q5eBuKzrxQPEauDYWinpJpy1xnu66qR1NmBwoxUwqboLvfn,35
s1eoNEdYsQhrxm1WgXMeKyR3NTPHsob3khP5xAT9Wf9cY6K,36
oyeJpywVkajF7Ugv4TBDdzaToKoGKs2SRagtC4WdNkAA6Z5,52
q4yXYKcxsHVGPkd8rzuKH2Ps1XtYY6fi43LocgsCi8YrZSB,49
oT5a3ALDt23ryoiJXj31T3sL3xLhT9M4JAiiyWaiXFBJFt3,51
sHs3fkZYHZDvycJ2LQbgZBzgWcfmeZpwcHYJnR3vNdw3g55,35
roKx2THhUkaZgRA2dSEkqjE2bpvAAhbC9GpbdapqrSyBpRM,14
pMSbMqR2bjw4itYogyXNmqoyyQG269c3xjKCiE3ofuBWA7K,50
rHhKaXn9MCmsu1PBYkoyuvk6VEHEgbcfVZugeiQRbSa218c,35
t3sG854ngGgF2VbXqGpv7rDj8hWsceJRMb8UZyegWUKqwZn,50
rZVSq3qwwisLWuj6h3i8pLpm36LxUiLdJB8n9T7BkhH3XK3,50
qJHH8XoskRXdtZpgme4N2ZSDATi3yw2BfPyWgVmDxyzUcVH,35
tzoHqyutZ17wbMJjujtYbpALwaXriKHZYBbNAuTMoc2CN1f,52
pqgKV5eL2iU2RCupVLeiSTePVQcKeq3Z9JPN5evpgCRQQ2H,14
tv7bCxGznVyxDLTXGvCEf7WPo9UtJQVKjueXmoReQ4E5qwx,52
q4nRUmo8xkoMKaRd5xwZjbBnk629j5PTpxrKY1dUtA2JTUM,36
pVXrwFvQoToqbn6ZdRW7s1F1qEcv9V157Xx3EuS1LJsWyku,49
tdnUxuYaHssKY9M9R3kEj7YUWzh72G2Z7ayx5aMJkfwdFQU,36
qCrsvTydkS4JvPZna7du4y3DFpxqP7TaAameoXQiCwSNUZ7,50
qXPjne7xo3G1hM4tjkEaScYKDFTVWLqKS5mRx2E7dnjx5Jj,47
rWeHjYJxHmuQX7LAJgLjagMUqRps6iUtQmrrAY6uitr7DDZ,36
sNKmEbqq8uu7KkhKTt3a6kajYSntiaCyMe7PiTy4RNQb4wY,35
tKQEMmX8uRfQsztdPRhaQaLbTFvaLgsPK2qXPLuS8Tqaf6z,52
sqf5B8uHszv2GysF2b9oTcsBY6dsRn6PkBvv3tchiHno5SJ,48
poZEvhBzChNuZx9gQiUYY9DL7s8XdDh25d4b5Pe7CxYngVT,52
tKT7C8NSmSEshQoWNAvzeu6h7NvmQ5icEzFa6oEd73BsuuC,48
oQDTqrE5vLVzSHtJVsNfWBzGj4q4nTWqMMxbp7VDGPKqnw3,45
rfZ6eWdjLB5Vp9oXyViemix99zqR4cMyKk9GTsgs6i6P769,35
tZKrC75RCqwY76J7nKzmc398ErMvTk8HL4xmWHr2qbMAN6D,48
t9HgwSwYgsf1axJooFFN6GXWF7jiD8z6nvgUYE5BQeTqbhf,48
sCtX7AHr6zyZEad8YooLpxTtp59e2QgYFMvuj3mUECsNMQv,48
t1or6onSrXsfidxqcFxZa4H9sYXPDFsCUzX1oWYriGge119,52
qFA7akL8dVQ9j8Ybu7sPWHLd2FpT321XJCa8Rw1nVuvCdoV,36
sqZsTmUdvZfaQfRJaNTTUVbGhkcG8myVmuwXbq16XGhwxzF,52
t44rtqL7JAK9VQXuELpmGAgq6hfd1W8bJJJeRbwLyrhtRMJ,37
rUQqAxBGwSMSXSnCV4997nQGECzDDDBFs4uGfkW4NjBJaCi,35
sLr3q6bHnXgHRoLsPKsKMisEmRdnmUnbf4uJfhuAZyp4fe4,51
qfafjDbA6UWEr4SSrsnia2dLBeykZW68hCM7S8JqbkP7e22,1
oK728s6oPdyeLVLPiez5qZGyQmVf1uDXcEhvonMoya2r6X8,48
sAK3NjBEf4mN792TccZY9Ugjxej68bu7XnxPygHD9xKiLoh,34
tZA3QC1oomogTcnraF53r1uBRsbyBFK6kPFLswzbLhWK61c,34
rUFm7ZQzd1emC5aBg1Ct9XFocsrQa6cEZ4hsYLxJoLb8UkY,48
rZsGZhiFujYzoyXoYha4SKn6Dih4DLXj3XuuWGW1SNYucet,47
tFBnWS7CAL6b4JfYkMdFqXND8CQHJPwzrHBDFUCQLD1g3RG,52
qAGryax8gMSCXFjQ5Bq6DUrqT3zud8Wo56RAKbFwFrXrxfM,33
tcNdQshrQpxjNUgbXVFBccRuFtkfDfFdNW9YN1Fn1VXNG8o,35
rSDjwi7o4yPrAP8YSCBpPHRGfnyKEj2fM9V7aSC9EnoSEW6,46
sv5NmBadq7BuVQV7mj3FEwDrVaUF4CjJKAfzn69GdoRRFKF,52
rHPdKwDuiXnE5WWNyXopw4oyKN2yeJSKZf1kzuXgNvUAsMJ,50
rhoDDbHZR3L8dkneGLQt14ShhScqTxJGmc5euEfyRyvwNgp,52
oi35i3ZPxuzjAxiCg9tCaWm8Pqa28K29qHSSyNr5WMmQmLZ,46
q4voU31GZ6nddr8uGGKFEXqVKCfqb9grLZzqx2cYTmAHKsi,47
pJDwhuY6SBsPczJYZ5Z1DGneYJquTrLkV3mB8nTqhkTwbhi,52
rRXnt1Vg1nRuRyT72yvZEPCTRzPsa8dvqXkJ8bYnATx6pFN,46
qSVdn9SYUHcYwwQDD1hcNnXbooj1giFBHNRD9SjtTtuP7Nk,35
poaw9dMGBhwY2xPZ35Yakz8SUo7pp496JdZUdaVYGPywrR9,50
sRt6XFvYQG3g8fg3krARBpmpbMUakw8zgQSCRn7FhDjLomW,23
pJZDHjxVZwzdtBJa4nyPxXZKygVWpu7iHuepVAQTVK8sTbF,44
pJVvg6FHtUHEUttvBm3pRiWLXYyPUUyMgo5c9hTindDWVF8,49
r5UJscSoFbVoRCPWFoAQjkGVa4SH7VZeeu54GXT3ZgRgpFV,52
pp66SS5XocsoyxNfEzPqbV1C8dGnV9wsboCTUHKNdvmGfdY,51
tYiR4A8JMoBGNcReQ9WVSsrGav8En3Ee9w1jmW6iEM8eoXE,45
sWkxuzxazCXAWAFgfUu6MUK3PTrisZ1thyPd58tP1iAeBYc,48
tUTY3iUsxfftdCAPwUr4kWxPSxddfe8sv8SaZpVFBt2UBxL,35
oufkd5WG2SrqTxCvWeWXQ4mKpQ4xJTuWxFyMWBH5PjC8nr7,47
qfKtMaw3sAfsNkS8mzhyZzmBVbBxk2S6z6SHnWyiQ3HCqmy,47
sJJGUDWRKyiZEfNEUxQa6BPJrrgGmWKNpSNfQ5gYB4RuRHX,33
p7bqpyEwnqAsErRyoaDZugUd4uvoaZwtGyxVHpqjxkgbNGW,33
r86RiiYQ31TbGFVqUSvQ3eDt4TFR6MNqx6PJ7Ssd5tPWci6,13
r2fH4bsRCgLcUThjBHHpYoGDynCqQVpf1pkKsUrGBsgtgng,17
qCeTNeP4ytLBs6gYMALgzxQY8sEY4akQW7HJXeEx4pPhqy8,15
tmzF6DmMwz8ryfVYwyQ8XXS1bWsuidwhGjECFsmBCM4ex79,52
teg8QVB2cofJAnUnr1TTtWtSA4r9Mge9hReuNcq1zS6J8bq,29
qyK7nZ7nj8VYghFAA2ss9pVaLBiedo38aVBf2xZ6Kj6vrdv,50
rRiKJZdzE23wLjdzCRL4JbUijgKkzwnsx7wxjAkNt45rgoY,33
syc2zcUQHfAzqoUsccKprLpposatFnTt3877QKamMZJ1Tsu,33
tKnVp7Lqturvi2VXXwqfzeAhw8reWqDVNZ6LbsP1C3ufo47,51
oVvyPVxZcibyn1Le8ydcSWFh1JGGiY2ZHpTfNs4j7dWTLee,35
ptj7t17pHBs53V6Fx2SdWzmfN5UCJkruqinD5ovE7oeS9q8,50
tuxXerMEkxV9xgdazYAr5dcWCzm85NFP2nAGHcszqjvFL4k,35
rRpePhukpBMgmMFaC3Vg1L7xhghcXs14ZMFYHmuzNy8P1xg,52
scWAMzVNLy6GCLLYAJSt4Pw6ggNvxTMeSNuwKAif37XzMwW,34
qPitAtyje9aJusTTf9qwUjeVkHjPDwSZQSRLBCfQmvX8MAR,49
sRMwfzve3ziws8hX2Jq88x5Q39py9HuydUrNkBTggKUSoUR,36
u4dDXkVvTdhnrA4CTiYZEjjHBCwaaXDjrUSYKJ8PWEMnttJ,52
pDDfa9LPrpSUeWTYNZLLWWjdcdkPyArhxADKXwqzqbBQZ7b,51
pQ5pxMW9wesnYVEUUAA63CouAr3dmn9g7K7pgdukwZAnfJ3,48
t6SsW546QShXrRCWQuCWtE1JnxHkkGkBgHcp187LWBRBg7f,50
tjzeeiztGEAtcoELhd19PmaSbb8W3yEP671X5oiDQwBcGuC,46
q2XTJ11aJ2mb5hNTYVKRsKDXfC2qSdZE5UHooTtNZJ4juxr,45
rcRxGhHbbsn67zvNjnKSM9uzrZiJLgHoiTpCsTsiM1Faqty,42
tYanV8yNskRQgLvhHgz3TidPdvfhG8kVgPnksyCiwvA2GgE,50
q2uLGoZcRNSDDXyp3MGEDqKMkdnWfANsNEJMUfE9DuAf87u,33
qyfEuAmUdMzwUgVfnj9exBx5MN7BJurhRXuoGtWYPDN9eps,34
oabAr98nTsS8XrWhT5jvo637RZS8xvXeN798Txs7dwgrFJL,48
sFHE4kpnUJfQgkyhjNzAiscZf1BcNFEwkqKB4Hoe2Pn5nLV,35
tW325ZFg8c6t7zyDy3uhMtenYT7SrRHEBJRCmbfh1A7EBzR,51
phwJ4dWWscymUL69pgMjZYPED48B1wqMWGsU7ASFmaGTmuW,15
ty5RUEH38ZiF2Qq9swwYpf6McB7nhcg8dxS1hGScRgnum6k,37
r77bm5uWPmatWGddksEatu8wssbprk1cx3w1GSqyy86tiq5,39
qLkG773EyvAzEGM9SBd5oZMT35T27fvgxNKCv4rvYNtje4m,51
tqEJBDGXHBrgwEcGomX6RL6wTWwH5SzfYEMcugT4bFkwHzY,52
sNt38FNpZyEr2wLoc9CWvw62kAK1h6LdfMPLRRUSfQxpixL,52
t6WKCp8J2D8W2EjHZSDCQ3FspkfAQG8BRERfsgy3HgaJ6oa,48
t3o1f81QkzxpUQBUQdYj4JK7PGTCLdu8wkQidnK1PiJsG4a,50
oSL5X3MctPStfyoexCKN1xHc2HsEt1yahoQNAY5z5KJG9Vo,35
rtiqWbGhzyxhdQ2ayiaxbE4Ru9xYGLQmJYbS8vu27JUbdk5,52
oVxRKx6ithw1bFh2sqcFMzytHmcyHThjn5pq9zRXJVvsCor,32
q7xSfEvone4pPPqGB1357q27rtgvfPMQ9LHZ1sXRv6xASEq,33
rHwvQSMQ2rq3GbvPbBfkkywWtmKHK3SvdRFHBBqxqq3h89f,50
pFy1FaBYgb1kHHwuvqMyLwiVe2cwY8DwAVFoAje3ws6sdZd,5
qaJUPSWCJBQa7nYDsSqRbKVAnftZK2poHAYyCSrB1pdgAvp,47
ooFCvF6YhyP1C1bqN9cLhk5s3yT2JModpzW51WpT1JBNjTs,50
t1E2U6Tcz1h7v4cGXZwmk6XtJNZM1hGsbiMaGY7Q7GNvPPS,39
p5uvi8V6gPTk3Cz9425KxqikbzvrCsRMhRcGbCLtXmGTo66,51
sv1RK8eCKZySbUhA15eaUykcvpq6gKHEDCftUV8skbCaH8P,36
q8KvELERmd4EPkdxirXXU6jjjHjxz7oVfSZXxvXoSshUVL7,50
u3jd4N6FBSFSYq9TD9cwfe6ahC8AQPTKnvyW5LaeZTg6B3C,33
oXgYmbDVvqVNPK7P2TqQLE7wM5GxJ3QAPzVyZceZc4j6Sgd,33
ten2VdwUPNZRSwonwhkEmmiKRsHB2VUrhCwrCDAM1qedPRr,44
rLFu5kMreijznjpEFyoEreojte8zRyTVpjgvKqD3qfYcCc4,34
rHqKbMNFc3t99fuJhVyA4VpDBr4BNvJeAN7iC7S53YYyC32,33
pacM4CoqXQz4z3Q5VZVm4fBfaiQjbWSL2q2hEixEe1ChAbF,36
sX7qNrCUCvNGgEXNfthj9JPd9T5Yj4srgo4mbUNnrSnRzi4,35
q7zst3JGu18FFYpRmzCmA54qieLZWiTtm586YerYbo3P4it,51
oXwVxaXq9VEDSDtwC82DGYhp6binfGgHCJeH11TQv3MFUSm,46
rLof51ggkXkU8Fk4Si2u9UmVedCQ3N1om7CL6UheVsmyDtj,15
qD89KqLomADzkh7S9zxxXzWybNDRuPzjUTsH2v3pCtz7JD8,49
qyY1ciALeMPn2mCMrUQWADVZjZj8ytEE98NsPHMuwgoKL29,52
sxdyrwLWR62gkVhRHr1ZxTwk1EUMqSzfsFqVMuLXKYem3i2,50
pttX3CwKd85WqwALrvwex7sj2R9m1wDAh3Ars3ey87NXHbb,43
skWLhTcLuKsnFEgZ3QjBpbQzxTjwhbAKwAADAVhHionRWMD,15
tZiYhhgifToYCt8N2qoHKxMWUmArCodqeugVsyCywthBPh9,45
pm1FJzktEX7xJgviBZS5JWph5dNSDujwVcL2v7oKk8T4NrC,33
p3JUdqZhY8a1LhCnHoKkVqaVzuQyjBZaHdx4UmAxDE2hymQ,51
rCfHk2yHtN7fnwVs55PYHr6Jr73ozjTLErS8sChdLfXt1H7,45
tsD2AgpBAarjbMEU9TtuyykMpr5FD4G9DfHPC9954wpHuUb,47
oitqr8zA2FHgx6ZXJmvM5kfPe51Zrkm7xmMi2jQ1cvo91xT,28
tW3QFYuJjP6NYqanyVxf4FK9X4k1n6FnQxuoyfPs7dmvFy1,25
tF7VCWCpkjjr49K6mijXo8eMmpNceN6KCdNbN59b9Zy4HfY,2
tKx2hzeHaYykeqmHMJcF2Gbf5wgS6V3CiwsZ9VJSYkbmyaL,52
tGvLEiL1mQzbFFq38TgzySCWvGWcpQ6WDicpqwCVLRJSMot,35
okamEnkd6MV3Ld9NCk1EsT8RTnKbgGLkDZRQXY9fPx3KAHv,43
s71RzUpncTDvP6ptcoCw7foJKcH9dbRgg9dZyPCiWpv28WB,52
tWjM6GvnbBtYgMPToXaJhwSzNrYDtWh47gRpYKMpcJrxzxB,33
rRGzR7uo8nuSHHtNKrwX16NYoym7xUWA91HqUs97m3Sp67V,52
sRYHz3c527AgGQrRXGSnbf397H2NHPvMHW7YDiQV5ZgmxhL,36
qPqYqPX4LhjNsC7by2SkNgWLMV54VKhUf4u9sh7pJ2yn3iw,47
sLBnZMupU5ebNFxh619UVUay3dsNUxr52VH4JZxGZgC9doP,47
sUNTkFU4kzWVY2uHVyhys5EbnDfDNuuXypXCnszPj8vgsgc,51
ry6zpi5vaHnaUGNANcjgGcPUwhKgUrkf8h6NCc6U9miUEJg,14
oraXR4dy2Y3XpRsfjoz6tfzZCmZWRYwgs2XWL1bbEurJzeZ,23
ofqJqZ4Z9ty7c9YmNobt9QxGZRozmQj58VqGvjdnMB4DjfN,9
ptyooPApoMr4ym2kMH3oyQr9aHWKBb8xrwRmhMa7KQfsuxM,37
t28Yc6Lr9jKa7JDfg1pb1JHzce3T2DpysJUST2FLMXSbW7X,51
ssFBBwEnfFqo4jPokabMFNuJUffiMsjJJM4yHv9X7Ro7dUW,51
rq3eZD6hoXSU1CgeH5Xxc9fGE6y7xj366p5kci4GtQHNgqP,47
t3piHZHBz3zMwhAJhjHUNUNRVmx96djj9pucg8mv3XiaXHC,35
tW9RgFj1RRHHjHmtVW4RB96vv6to43crcMZ1J8W19rZXx6G,47
oKXa4uA1Y69rr7X9axWvF1n2xr16cS76wjjpmpuN2YtT2mE,15
qV9zgFZZQmLbQFqGrGd8tD1KUZGuAug8FPJ5xQa6Vfx55kn,21
pJ5ZzRCdChjnzzTah4PC9VEQhoCgvHMXgw4qnisBBbmQ78x,35
q81DCTjpt4PDCvovXjyUS4wJ9Kf6EuLFQcw3PpNWsXvA1av,50
rJEoakH3osDJsoDskpCWydnyWu2ajFXQAZPGxzicg25LMUZ,40
tWY5jgdboYpB7r2UzaMoHcPiNCphkdCNed9fabFj1wnq4Sp,42
qPbHXjG38ntbGBM7KPy67MjTimzEpK9ugSqudVX7xHgrCP1,52
r2W7mz2PJwCn2fuq4vJBpB748b3vwVU5JwTRhidmgMDCTiu,34
s29pp7tkL1Bn2xQ8zG2PhLedXuEacrF6qBH9bZWkiSjUXfY,31
pJqt4mUsqS8c9xJYWzRwAVQjxvVSGJix9krkLmWHZgGrdxj,49
rfThTVEPY3kVqNPox8cBJagAnXpGBTEgX8aQAnj6GDX2LM1,34
qS3DdmwkdownZDuK1MF6eVTth7cW19XhbkoMauHCTHZycGe,14
r2oSubW4WGuh17Q8Ye3n1edvLi66m9fCtszrJpJuZf7qyXX,52
tuSxHYJNuPHpopfiDhALiJmTMvL9mXFK11Um3Ns3kv1c2LE,36
poRMqNzKrjFCq5Z5NAf2mhJpdLyVqQ4cwuiadVGxhCCN6nZ,35
tU3Yx7rX1AFxsg2WyCPEkcS97xgLHEF9YLHK4b3NtzZLrKy,33
rXjHRjxwiLSUkzRaDn9fJWjbWWcUco6UeZCpEMFwc7QfEEZ,51
u4bfym11TYcNFkKKWgTCxboJqPRWrAXwX3XJmnYRX2Xra7j,34
tv4f9mb5UDi3Qeoc4uLmQS6yoNE15dWma1enR3cNrv21h1Q,51
rL3pgJGhndyuaAMW1tWVdS878wM2d2AdVZGScq5TfN3WT7J,37
tus64JvH52TydyzXrMDWsmRAKWXz8ghVzgL5P6YFtQFsk7Z,40
t4CB5Qg4xa68JKcAPDjhCFGC7zg8zWhGzU9egevtja2Lb1S,49
pMH9EGCHJGrYc6ELdeBnFxAgC8RLQeCTn31K97VchNA8gqY,48
rvVvksmrvqv43KnncnczG7gLa5asWh6pR2SEaR8SqCidgSn,47
sqbAYUzCEzmZDnoQAAbGzjSxJmKgbcm3isootDYJdoGL83j,48
pJ7h1yPeDdmzEkmtoyxJXVpmZBacexw8H3Z5368tWEFT5SF,43
tZVp3kcyB34CUoRJRTMyRpmf9eu5mPGsqqorYJ5gVNRrtoW,22
qQ2iFLD2gpS9dv5PHNVTD92ThwnPzw8XheJuAGEG3e43Tu5,4
qQ9EdTyyNUR6BFrqcPToLyKYUZ2RULXJ73mLwwQVFrR5pCv,51
raJUTNVxpvatbPfmc7ZGcQuijdwyd7GgkTcDsBsQdyq2cEg,52
tgjEMtgD3EBAiLHx5vgEffGB1YwYnrCPrHEfBPayKjJvgQP,45
rCdc7Yxe9hbSLEBtn2r5TgBfCgNuoJJsHM2j2s4oVowagDi,2
p8ZLUekU9EhuUgXv3Ac1KGmc4wWHVeno1mUt83QF4mxN8zX,51
r2gFyvbFuP5E1RkWFK6ka5VJk7pX9iCWYoSV3RgLfKbRcSj,33
t6UzTdQVBrLvtXrG1wQ4A2a7ND7LnrJpHcv7VqXCGoVsrZ4,50
sC2NG4kP3RF9dA9bnK7KYUwZcv8kmKa3qsLpwu1mRRwk8U5,50
qfm6nt2yNjvg2dYfUn3Wq3ov4gnsRQopzwHjXtcbK8PcADn,34
ooLJcKdW19XW4ude5tQL3CjnjB75zaJXFbzsAXUNhqaqjHd,35
pzLkSvXsqwFqM5ezryqM2aN6mKodYoMvhJHrvbZhvdJKV8V,51
sWiEspBfUjDsW3c925kyu3FcPiihfinAp3xAUtieUBZunwS,47
p6ATdNgANFMh1J66gfQJDBV2gkVTfywi7YF1MdrpYdakVwY,35
tYmtENM2rtDpgmtHjHEepqEkGX189SjraENhyNX2mcPeQAm,35
qCn7FRoNisFeCK3r73Cpt3u5saeCpMomjzSsn4zaysToRqC,52
sxkjD1sgx8DtdNtVgAZ7qUNCPgXDhYeH5Ty4B1n1KvEmkjo,35
rLeHPDxRZhwXdnaD5v1mExzkzmMYz92iChm2AiUVpoM7fv3,48
tcPsRZvj8TK9FRfDZwmrmbvEzmGAAkUrduowwW6DKcUVSMn,52
pcUgUD5vXT2fFcrmYcN8CfaW9VArsWSW2s6HBWA2B5SaPDh,49
oMMZWKvMsrh4of4Mwh9pVgZLDHcLwFhK254pCjb3P3nXd8p,36
spwuiVc4J6mNU1MJFRjBChy8wCbM225Kec43EAj9pgbQg1f,35
qhKQAMAzzc1VTYiKxwqm75Js845EjWPaezWU2qS62VFyuZ5,51
sHj6ZqvoN2BGNHRpPP7jVjMkRHpmzMPXRCDLsWN53DCaem8,51
pFwNrWZQHLmtQ92FacXjKh9sj8MPNun2tGuEhxDFomhHL6U,49
rvAeiYYJcAuwGkRuvbw39v4ZT3m3KZzVWtrLfx7k7TczbBK,33
tHgxBi6vaC7eoNxefMuWsQRMS8sqjYXr5Dj4Ra6t8cj9wbL,47
t264RMzPsds4YybbUWyUVdCxubgYingoH1LXdtAy9hryDrM,20
qydSJXWAP7fU9zjEV5sk74SktAwZZikJ7EsGkQzGqHhET7M,35
rkKXUYNGzJFpjXGjhVEezv8Yw5jeGrwh7g7ZDM6rzgvC59u,51
t9ihicUdc1WujSi7haGgQevuxv1Leka7YcrW3ovT27SNUUw,35
rHpEf84k4Hrjo9vzRjSJzuULsSVYF8ZSKQ7ZBEqnrtVS1UY,34
qSALzfMtWtnxMNVuyha5DUnNJxMr5iRRsi2Fim3AsCmBFU1,47
rtGoGiGfiX65i1NzjwDKznYLHjkpHwHFUSAmWp2d6hWqEUq,47
pfsq7gfi5gGzvk4WmDFgvgPsmFbXmG2qYTgbfMq1UpHYTsV,52
oViTs37WY8PaxSF7jgrYdEKPZvrYjpeSpcdTJW6xTJvfBe4,50
t9n37YCD5BmoPQopFePHyU7BmrRKv3XXc2z1eXT3yQrfZSR,15
sATM3LJuC9ujDArjtVAoiDceZZcVcXjiMZ25ALtCHkbz2j8,40
oVPdMCXZ7ybVLChDgvVSHxbPzvRuoYzGHqNxCknTjof4BBw,49
rhq8ZUWqGUzGwX13QazEpR6GWARai8dMSFXNoAFqtchr6Yo,37
pfRp3QKrxAMzaCuKDHRADviqbTqNdnbf1hvn9WLAdTGs7Nz,38
od2eRsRUvgCSv21rUrXR7AHmKRmJSgzLedM8xoMQ4JJo2ne,33
ozM1UJ58B8VBtEKM3R6tSvpM193JLgwhd3bWS39YqcZcTLp,35
qFycWFoo7gkRTx9cWVX4naBdCAWffCJ9WRWpfTMDAR7zpfF,51
oMzbgU3EMydrUAHtoenBvNhzPPeiHE7kDFQNKRTAxm2d5Dx,51
pV5ApW6bK2CFzSakjn4Md2FVyxCn1BzHmqwuXVVNkT6fFpz,52
rtF9Tbk8zrwaAzwW9RUszGosQRWutsLhpzgSXNLACKAZG8Y,50
skM4qvP1CKzJH2P7o4g4BcbXgj6c7zVced5s2p5nVtpw8G7,46
oJaEKmeoZbsXBhpSvNPyh9MZmCEvRdq18RmuwVJsGLnJGGQ,34
raKdY4YHy4SFWSrfQZvpsrUQsnoChcK2fg6BZp79TP9fGmQ,52
pLnMyMnVdkyS12Hz6UJMHxEr6sQTKBAn8BJ79fhodSPCL4R,48
t1bmpNXA72RnVVYAiKqZjDtkuSjSdY4RFjPqNwEj2jwVWQh,51
qcomPRNPVzg8q5fZzxbV7hQjnX6KjhiPbFckvUdNLxDm9rj,33
tt8fi1wWxeEuXpRwLf5PTamhLufxb1KY6G8B6dPdyz5TFmw,35
tjh27vSt63MqA7wPkrhSu4apojcYZVkoUsC5qFA5vvAL8FC,42
sRiuphbScoDx4tGEWFpf85N4xurdJtCq6Y56DqXXbyHFjYe,51
rccfCCgVDBTRmevTw7Z4teJoM5kzQGjdcQ3xinKBGNqZFSY,35
rfFgtyrrcFjgGFh5xcB9BHeEuCTLdguZcCbwq2ugbiX1Zsz,8
u1p8RYKF9rkMtbcjqqAf42Gu8Pj8uai6jtxmKPoinRMCKw4,52
q5dj4qEBUgYjvUq4Dd52FEgyj7KXEooaEgp4pYheb7jAUv9,19
oaXi4ErLGaSVcdDTPTjDPqsAjrqS5y9JWahsw1CFtiHHTjx,44
sCpfUpRQ8toforazYiXM42wPELugdtjKaShtdjcsh7dSfDD,52
rcuoH4b71aE2bsAJgGrtDnzLZnCPXDSZAXGbtgpdF32cFfy,52
oY6ZoBit28jSPjsSkT6Ewp12Gywrigth42mH5mTuUwTBy65,35
rWjbYzUzbKf84kcr6TjqtREQNW373nF2sfuhjREqj7utUuc,52
qZcNxf8nr7BbQ1RA2EeXS34rnFDN8vXkoRsCFpiqChBhARe,49
sXJhD7rptKWNWfhbjguQAxiZzCdov3dqQD74m59zgvoErgF,52
qmK4htpDzH9bHRSF1oFEvkYbr3PgiwGorPiR6jtaVXzMrFX,43
snwia6dj2KNx8mdqnUKm6UT6dGQkN8hhqUn3fzj3cNwPivK,33
tnskM78GMUFJYUtBmJyhJ66yFKdKU6Q1xFL27WvyyySY6Ef,35
tjWq82ez4fKQ6VWgsfNA1PsgAVRuJM42afbeL5R29EGis6R,35
p3VXpMufe5VGqm9NgTHT7EZwoN9xCCfz3Qxt6n7ZNBcbszi,34
qfqk8hehfDUNwVrcEbQddFyH8cATw2Ras5D9WosBttrqnUN,52
t3fUrDxLckyi2Q4nuJ9GUZ2Ekg5aypA8fTFQcDTKxGg5AXN,47
rDE4DqkVjxgwLmmuGzuAMWkLqdEa1bw5xLQdM9g3iqs8dbG,35
q7bd5nfWhNNv1RBYeSqfGw1mdxydiJNdTxjTvJ7TYbyW2y8,29
rckvxii6S7Hve8RimH7JUd8X5rKbXUkPGNT1sx5VqFaJ3E9,50
rkgKEZM4KipBdUCUtXSH11iDTYtSr57V2grRn7GJ6BjpPRd,10
s9uajKV77EftSbucbyPYMjx2ARrpvFCBRywRnCAgcmD5FgV,43
tvXFCVSXcVVeg7d9Xk1LMP13M2dkdWGZEgacYQ8huc3BGGG,35
qDWcJNvtiUMngPtjWAFPVAX5qFbqmw9TL8KmqER3SyuZz7x,50
tH3GW2HmqeoWJ7NkGHaey5WYFtjPVJ7nZnUXUU4dv6CEEDu,33
u3XJyN5CrK81SDg3CZFZU2dS2tEo6E8TGMNiyaCtUE749Ud,51
otwr699WMQ22GF7XnxA1Nk7yrJiGDr2nwrDYkyHqigekSNX,46
trsFLJP8NtY1ZWLBX9TJ7vbxZiGwu8RpSj7a9mbpq6FPmY9,51
pfaD3zWKhvjRy3VHdMvxMCn1jSYDXthDif46dEeXn6hNEGa,35
syDgMsWLK8SH9jggjCogK3QaNyovEg2dEA3A5Zwp4cvTxTF,40
ooRJX5ZUVYWtosfuRZApHLEJuCEAJoZoGruQVE1mcko7jZu,46
sRqSotJm7dc2sb2bcuk1UeQ3RcN3ohG45hF86tmEYy5TC9L,32
qP8VjoZdnqhTHafv55xX9SKh1D58keL35JxhkPx7H8dpugm,37
pGYnqJqhb1ScfsiYEBAgxS4untm1xWsDVMRMcQmquD4HCug,47
rcds1C7NwAb1dnrS4k8PKNZ63Zhq68ikKVBkW5n1ePaNMTL,52
rhC9BrwghoV3s4L3hL2Mkf1JTNS5QQgnpi6doR695i29KTY,52
piACMSN6rbq5cvRXzqhyGSzta7VyveB65upksqmpXk52aS6,35
rXTuDfPRpf1rY3hkLwsXVNqGWuKJW1kiaqZ5nNNdNyPxEAj,49
sHtRHjoH7HJ4gdefSmPQabxhZK5yz9UBZEaTKk6ZT7oALPq,37
sjdqNTPvYZ5GGgGcdkxTEuNRbKsyYL2PvMTwxVAuTgXX6JS,36
sRgKgg6gJaog2RLavCz9PtJRu2JcPxWuky6fdGfXp284oLv,48
qAAz3XGMdN9XhNtYdzBYX67ufJ2L1uwYGS2uZgjs9PJsbpY,49
pCk9pFWVSY54xHGnHctwr4sC41ZJvoVKBMFGwDTjHJ1B31A,33
pZt4RqKyF1rRSsvPxkJmiySge2djiv9tQxJb1R6UUN76aiS,51
tTnWUJbPmY7U15HKyLTgFmya917G5EfLEJmo6EHb1t46XpS,52
u1BywkWK7w5marur5yqYkgr1BVrEhk6SMUcM9aRUQUDed3i,49
pJu1SunQC5KN7GkFHkZbCzW1jB1z2oy8237jidGyXdDhuuF,49
tBmXN7RYcCFuGZTgTW9mNNYpUL4iFH1gPg6vKrjC3pm1sJM,49
t6qyGw8fUeVFdGjT83oDU1JTmgSeYfhmqet8djASv3Qn3WA,51
tbD4yAe9C2xLDqwDYHhQjDJvpWaqup5KT6gY1eKCrWZvKEv,36
pg8BSCQDW3zhzwKumFfkKg3q3LHMopQJYkfCJKN3SfR5jrq,35
tZcmGSkhuCCJJCK9zbgag7o7wwTkAojrzJ8k1RYKmh9gC7C,34
owenQhwncRBcKhG5Z2JYyoYFgATBoLGzKjCMXSFvmuUXgKF,51
rkbcW6pRweRvHYWQHG3RNmdoCp54mDAxhmqnubPmySUSCSx,52
sJLQygciHMFhFU8rox14DrPjvhzqfyRSivuXuDHgXKARDp4,46
t134ktXEkopoGzZoGMuKs5fG74aaPaFgz8pABaMPLvcehzE,35
sjVutJ32RxL8CnrTGG8nnZnMrPBAgQMRTfxCUcPprunk43P,52
oTLyh8BgRNu8yzsSHak7XHLb3VZhzvxSYAFedmYXQmSnGHQ,52
qnkudwykmLgPHFv5XmoMtxpPJGhAd1mr2in2dcAVg6DNvQn,35
oMrVQhBhLBsKXxZgnSSpJSb8eVmDGvg3PqzZJUsmNy2T1Qv,37
pnxnYVy6CnLsV3JrqZBZXcK67yBXf6kqty6wEgcyts5L9Qh,50
s4u8ein7xfsoDCPvER3uYhoLZRTXHwJ4GkdnMTMRKCvRNNT,13
tboEJWzXcoAC9odCEmnSCPSbxFnct2jjxzsDsDfiwTQLggS,44
rCjaxVMDvZJ9JnMYrcouXTtF4b5P5qb6BmvKNqUX5NeuChb,15
rUNqmf7uhyT4bZ3r7RsrirQPtf6a3Fzh8u9EuKv3AqWw9fX,50
oftZRkZ2wCv1cbL1po3Yzhc9chySs8umhEmGCidTApw6EeL,35
sNdQMbyPFdRYJMs3WYyE9QHn7HpRp1SseoafihWY3eR9v6h,52
owLsZNpTiBUCyphZrvS71qCTjzuFmGxAcNiTewZEzrorJRH,52
q85c6gpTgrh9tMot638yJqogg5BDons6PJyhPLPW844aH9Y,52
p85zdFnanXGTpWVA2VAjJ3AfWwXCBtsX3aikFR2VTR1TSQN,47
qMRc2vKV51kips2qbfDpHZqjco8Su9hWSjDU7uGzyi4XBPx,14
ocz47tzXQqHb8bKKsi3JHt9V2uvVZQZTJ8ekyLVJrcfw6Ki,49
oqmmf5NNLSDuBQB1CKWX4hxeuKwZGNvUkmmEh5oLUafQFes,50
t8yMoX9A5yaQM4YmpsFCSprAj6Kxe7sBJeensWr1t3USkke,48
sNz5RiWHJtYLFmD8F5jsF46VMeGDxrK5yNSVvKbiw3juugo,36
pQ1LGiv43mCnHXavXiYJHRiqShjxbH5dJz4uW2JxC5WFPCv,36
ofK5zrasinwG7esbXejSqvAqLtjSZKe4xKhpfr42Jnv9U2q,14
qndmbmz831yL2Ecfudj4n1rMKKRmgHMyW99JWrUiKnyhouz,35
paAZ4EFzdYETwGv39abkDXJo1Gw83hLKRHQdHnQrPn4vBK8,51
rekNRx6Kyxrx4uY1RXthi8p5kmGvR11cEjDwe3cmmMtH6wP,52
rcYGg6nyQNoGeH4CWvCKVuVKsFQTUaCtxYP1HuqZCnsusGj,52
qSmRgKRMBpGThoPSq9FXA3hKwwV7Cu88vpd58kDPK2Jj2My,40
tCkZesCYYR812oDFsNbUYxGeK5vK8oc4wTDn3y32qhyxwjJ,50
qkiWCcyhmiFLL5VmC2k51yA99vetxuEi8uk8umZBX47bGFY,49
paD9W4ikSBZApN71a5ppq4ct4WaiDxtzeNwqmo1CfsitRy2,49
qCpDh8Q1j9a2RvjM4VqAn3TWFS9rAuacBVDAHnCVmvtKb9p,49
qwTUVNPsXWxzyUdDhiTuHNqiMh6juVkGZXfmyu3Fvp1U5Du,50
ptBs4vMpzphn9WEb3ioDRC5TyjGMDomGYQSfNAhbuy3Qx2x,29
prUSDtm55Qcwjkib6r4VmVeRkKhLnpjAeCLDdVb3mjZsxk6,40
s6gL4fFJL6BCCEebwoCNVniRYe7iem8ntqn4t5WKEBgQqPR,34
qV6BMz7xxb5Yt13Hpe5noXdoBrZQtez3JFAH7Gp7yWCm2By,49
rd1L7WhXGqr5ztNPsLo9HcKLoKzdQTh9pL2iFJGCQrsA9iA,31
txbsh31cJJRjhgfFVUP28TD8VybTaZiTs3V6z3RzGE91cEo,31
pXd8ywvcDpWqybpJvJiKJowrrMGCNxEmr7mfrbR5NZFcptg,52
tdtA8m5Bgo1mqk4Yuci9FkDPaWdSNcKHuNoXTvu2sSjQ3bu,52
oa8tsQqKdcLXfCQT2JNf4JCovsBq9WXysJ3VF8GXHQmGCTS,24
pUnkHxUJpD6pHgNFd7x4cDe6PtG2xis4N1HmfbdYvAziy83,51
ozRH2nQaybn1wQrzrhZgdX4aEY9wAA4Qq76MBoivZ1JxfZY,50
t4W6dsKicQHryKdnwJe5T8SxP387dMxU8sRRcNKgR2PJJqR,49
rL5ciGC9CCm2R9zF56aVuixhqvpGsez6DyngoQhsfNL3tQA,34
q7dHzzcnhJe4UqfosMg23diq7tS5UuNdNDhwYgVQYRfstWh,51
oiFuxF9CtT79Gogs2sgdKw2LFsEbxbucTMCnjoFy89Bq35j,31
qP5gyTU4WbkdkPaVHQmVQMUzGNTgWXrRi36SmdvWBGKf5gp,35
pXLaVG2B98JRtoQYgMMWsuqChFZbDGXZz8yEHVYzPMPtDrv,33
tbUru3X6gVCrZaqY64vgsu4oLucnJLpDnDxuUexxAkaoxbx,49
qCifGWS4vxqBkRkDejZ2nitmzivxNmpNwjWrirStFFYzWFm,51
spZpFyaGkQu4vhDwFUu4xrrFrL49JS15HpdLwdNJ5yBL29Y,50
pytR9wvJq8XoDpkzp4g86hDuZmXv5iHYKs2ENP13xncK12i,35
q9q3qMtYFoi6dzWEEMEnKjRA7cy7WUVzTKsb22c6rERFn4M,33
u1JQ597YgcPrP34So8QFitdGwTzf1xWbMjuYesDUBfGvGsd,36
t3qk883nbioLx5gVSjXnF8kvFU67KoViRqzMxQoe6rYj8x8,49
oixSxEUigWWEzU9tLZdYqT4f21MkHFW7H91vWNshaeGaaWk,48
qM6AZe7LErKSVEzBZScshZFWTA2sJzCZVzmGzLivs7TUjQZ,52
ts3Bwue7T1B6dHVvejzXmEa7BfM7Vqy9f95tuFoxXJWAfnN,50
tjETc6pAsadgBm1WGbkqLoBBda7JoJZAWSeU6hzZbMkfBAv,50
pr16QdPB3R1abs1Bgb5MpUsv7A8563f3s2pKgsrK4nxPnth,52
qSRp6YWTByrkvQYiBqYxfpntUAXEsSnCg3oeqgMyitR5Y7N,33
tVzm8dfbef73tg85NQRKT2Jio1Kc3CchkugB2MRZ6rYjVSx,34
qUkSLRyTMqLGuzHwGLKGW2LC6DMgBCKP9E1CtUTxegMGGk3,13
svEjaHKxT3j82AsCcShgdYjd3Em3xHAnqXwQ6WfsLsMcPxg,35
tesvytpao6e1k7kaA4AK73iJZ2dvXnijGfhphQ4JrVw3M43,51
pQRn35JJ2aERMYE1gqE3b5ddfZ2XgkjJwp5Te891kHXtVh8,50
tsWwWQCFdghzyLHHmQi2ucK95RorMwaM1VyCgxTumwZ3jYt,50
tpGTxBuFhzQiNb6dg9UEumdAPUQ7cWtxZuxApHaJXRx1BhG,47
oiHkLRWpPRNqWGrMdP4xkhPvS1DUEEoMf4MCdjTi6PhHgfK,50
t3uiJBzQRAwq3usEvTKoJ5weXQZf85d38EUQD5XYYZcDN22,23
r7SjCKjPDdTXKwQs4XxUxxKxAKUuxaNFxiZQoePzKWGMYU3,35
p5uL41QQqu8oR9toy4T2S1L9w4VbpqahLhs9fCH64wvtN75,46
ryseQ25QUKZ1w8PenvQcyZTSJ3ZxAYwCjNoh4bqJgDGZps5,50
qc4YbQ2igLEhpJ2qQdzuGP5nprZsK6ZR6AU6xCGhDb6orWu,52
paKZLzcNx1PeVpHQ8dgBPBFEVhRDHG56kfSyZteJeRJoGJT,29
qXvqMw1HwA4SeChz3pNevUw7e9wXsiKWPffGsjLrBvL7WFv,22
pwnJ3gcYBCh6pbQBvudMRvhG828YSufVLrYgUXzCmqFKLy3,8
sc3c4sTHTZEgiFSGuTYoWg3XGyrTMFcgBPKJeWi6NRqmxYv,33
rRREkpL4NYST1n6Hj8poVCfBcCTE1AZhf7YJohVdxJLio35,37
sjk6u3bj8rnfBWYmKQrqNqXCZxrjgSCZ3Y741ZzFt7oxQrc,52
sk92YXKbeoaEBaxRS7H45T11dmu8wspsXFkBMq12m4aB5BZ,34
rHv8d4JgEBLgvffMCCQSneMBerqcH1DgrzqxvJ3JxuRhV6N,35
q9wVMXPz7wD8ZXndWRprM2rL9qV5osXietNskibbb7Jq49o,50
oygo84zSnpL3h77iisHxVTHeN9UKET4Z6KfdDj4akP9M2eq,33
te6AR2pTKjZMLcy7bhjgXuYvpKDvENEW1Cb5GgnNi3uytFc,37
th7CVh8C7MushyVDwYtgtbbE7KN4XzmZXcKDMuRkoEMRjy6,47
qneZeHuGhukQoAhbD5cMV1a1Di6hH19ThCtis3UwTQkwPia,35
qk8nanQ5XvJ17in15xrBYdZJh3bYFpQmUh2aidXEqXvMsxd,40
sTZyXamKGMrBcK4ssptoXKXpMscpnUcYjBdVHAyxyeuxKPN,52
pgDu3N4NH2bZkwGy6XGGuxr7mVqZNEYoyHLipGFVhncoooE,33
t158LqrXEFybzWu6TDWuBNntccxvAkRYiJvrwzV1mBCVKDz,14
pu4h5PPMgibpa3SpqdJa6wX9oLnqAm5J6rCPgsXz28Bb5ek,35
qytJfQAMBKNY2SBG8gXZX1VK5XYznJetiVYycG2jG88t8K7,51
paTvEvoBXpdmhDNpcoY3X88B3H4NgGEDFV2vc3eqmqwXpAa,52
tBogvEj9Cb6TcLMcyJhM9E99c7wgScMCAutJCZ9QUnjHkmv,35
rSPkGEYDy6bzJV18gti8RHAVF7GgczNLEc9r9JxgPUV4u2J,51
oSp5EoxKSvVE1J4zvPsjgpaQZDbfLNGZtKupRxCz42tFwFm,51
ochvc2u7cT7gcXh9TxVtDbK3mmTNmZgJyTYTmATKuhQX8s4,46
tWKPorouxvjs355YjZQqAPEYuwBmdDPa1YbZYuikyQ5UhvK,34
sZvVypeqSeAoR1bpzMPw3johZkdeH145P86dX21mR8iaEBC,50
sXHosSQudNCqCZWtL3rxDQCZgRF1vjAJRocGx6mbYFnvtME,15
rP7Eq7YB3DXNmBYQXPxCn22TabSzAZBizkDk5DpebwmMhyi,46
rFtGvWkhDgeZ88p5wmd8zcbtNXnvHF28bR7DDPgyjgbaFcg,35
qtgFL6qNPp2PMqu3ruxY6cyvn5Fzo9tf6ntVu5CABTAFkEj,47
tKiNjQWN2ETnTmMBXnpx1o7pNL8EGS4tKoR42HC4NJVCHoe,50
tbgKLcG1CMnXF71SWqAQWMJ38FXRh2oj7kMJqJXEJf6uLam,52
oMPtzAECDTAZhu3zaMxtJUxJa1t6mxiViyq7WJPmJL363bt,50
sLBJkwYqVoyk7yiryhUEHcaNAQBD5n5uTndF3BJ7ZHqLjP9,17
rFoeW9eVjZMy7HSZeZXYmEjAtNDRYajGMj8UWbgiJuvdt4e,39
pJSHxuQU4SB8ySZesvZnZkLFeGq7dSA3AmVZ2VhMuNDjthb,49
ri55Ym6ViEYJbFfw1tuegpffHKKhViJVSFxoG9gKNyut6Tj,48
tEPzJp2gbgbuine6B4LnekuZWtz1exgodWf2suWNgAXdyrs,48
r2SWvTAGTM5BusU1x2XMi23HEvNtjPoEXvXQefhiQv1ZQVo,48
t7VJnxn7CodWxVcvPCwhD5qg6p1xNYGdRdceXwaSDKcdC2T,35
oiAQPLUSp8tFACtd2xYx5LAvJQy4Tz7QxW4gS25se6NSd1N,33
tCihc8vZaMLbNTshi3XBP3ahtcSiEuVGaoRbCQ7k7zZJkL8,13
qDCgcSpPmZ7f2CtPrWNSoUr9kuqbUdVbybuFvABxDVJ3vtD,51
pSWtAtBLzekXv48v5CDU9UKRevvJUvzzdtSrek1f6Cn1m9D,36
pPvqATHUqdjRTFU8JyCspzkYXC8aemxZcowJjhdhH7FvncV,50
p5fhqvwLAeTEKddFW7KQAXLoD9rRoSht8cXHcgHkjYL1nSL,50
sviy6vz8Uw28V6ijYDTzQZQitkmwCnNuRS81rfATuNbZcgG,48
oyvVerK4Ei6qC3NH9U21VGBaDUPfppy8VVSVBzo8EduzT3R,24
tmkuNghWixcbNHzhjJ4fLrGufSb6tfM96PQWpHwbQhLbmLd,48
pfymHmqLxs6LcypNQwd83YDBdhBtZdsgqFA76QXtnoYtvec,45
sA9pnFUv96dCBYQGBtnnukkt7cbeqWA7ud3hz9H961bnwgR,49
pdaSiY4tJ3X23kLRqXqTHGhS6reELa4w6b1Fs4DzmeZ8Emj,48
s9RVWofiQAY8PodiWx7dVvRiNREmxXrvw8FQGU5nYmmTLpw,49
s6Z8EpjBXt7wp5afutXRocgyvqLsXHvTzyRqiUk4nWUhndL,36
pos7KiQNEeaHguNzeeWd35BGwvzv5qqVZHf9Dwq1pwJzG2j,47
piR5iSM3xcuZ4oiMnXRkqyvM7UUs8RcB8UDYKDKxMV4AiTb,37
qjtXR5THFsB12jshibNxUkciHzEGbvgtU99epXgu5KgkiNi,50
rRbeQN2AeHjKjHH81a4waucSbyKMfmGnSn5q89kqysdkmQ6,49
pg5k4gcAvJQexjjwdvy3s8W7e7uWRbCVp2827x7qNL6LQik,35
oN29jgaiXiCqHxjcbYP61DCELiyvj6fByDaNSog68DeTfAG,33
qagghtH19T3P9MhNz1DLFhqJTXVvHW3aRHzrJwpDiAbrj5p,33
qXWnz5SnNAV8GbmqcXd3f5vtEkns5VsQP2hDZwZXNinKTtv,31
qUvFn9zWeNSEgGpkXR5tR2d6usa3MwPXHvChrNGiwgBSJz5,52
qXS9et8FcB9SafTpnf5KJoEtUAaDYFu8YUkfkBRBNSLAzRx,48
rUd3jxKwFyu5CvFDJmEZxLN6qd28bD22gdyzQrsf4mjKjWH,47
oYGzB5Vo1e3FS5RiSSGofNYSFLpcKJedNKgLyixppgck8sH,34
oqq3zm3fNyo71vSbVpoFRg46qTGWckYmUpuBtaLsQxSRgsm,51
th7fqioYJudndMFSWe3rFey4hYZzg89dcSrdAFUip5Vfajf,45
pVjGaD5NBgscqDAWZfq76xFLrNN99rkbPShsXRe3mgUx1ds,51
rt7yTqFW8P28FUXh1URRdzBfY9RgD7NdKB1eTrhcLKShw4T,34
p522rSLnjiR9TGJkNZNXuFxbfkimJByGD9Dm7B7EEqBxYAH,46
qnYsQNDwQn4N7M3ka3kuYT2f9aivEaKex6vLdHFUN2cDayr,5
scPsrs6oMpzXNqnJtBGKSDMYgZZvaKb5rNYnUHycCoRvBmR,49
rtUFzd57WT5yzWmn8DeKAU5mQzBMJM53r85MLzR6FfBfMRY,31
pJNkc4vk6x1HJWB63NpAEcTK7ccHRJGsQRZpvb87eFYmdiT,35
tNZk7H1BwPFqfcJQxbErPWSbqQ8SVi5MCB9VfVPDEVSHKoQ,51
qX2grgZDxkSQmYwrSc1qsiEbYm1r6PpQVGbp1k9hHA5Attc,35
pXh2x4H57j4js1V4XnSpHyGBrDXRo5DeuEU3rX75rHrA4tT,33
sEogaHroPwEvu3SdzGp1B3HXVwbBiBcMoYY2Cp2ppsTBWGZ,35
tv5LFycrp5UWfRP9x6kq2NWStNH39V3VNKMjBhLeP83LSQ3,33
q5PfBwUbZgAdWWRRq5gb4LPo7ZMhdUXKddR8prDmo6ZCxiq,33
sv4bLC7EnvSuFyvhXzHm7QvAPs4Rp6PoF8F1cW923PVL1Bd,49
ri76okHD33qfpRBwic21qGw54UrRmo5ro85DnuegVMCunRW,49
oJoGCoCCR8UVrGDkfddLFLiwuoGvgCrHxzXe5DyJrgyopYP,51
sxbfHJ4Xd4HoFet8ZvUVcZJKsug6YmUV7Z3VUhmcqoLpY3s,36
sCfp7HcGiK4UGFSYZfSqruT9CvPZ5knePfEmoB49BKrwi8r,34
qwLfZiire581rDQVMaJBedfjZSkZJHtt3aa9gsYWVgmP3N4,34
r5H4CMQWLuDinpc7UnQmbasor1R6bJSgToSFdUKL2zKwoue,14
tHKVdqAhPMXtg3iSvWF4cKJqDyZR5GddS8iZXka9en1WCoP,51
qvn5YFAroUQLEVUr428bKzPJxLZJrLj7kMJT4fcN1NrepCC,50
q4uwc7KBzwrSstdYUvrQH8vUX86LEP1Gp3QkVpPSGQWjjj6,45
tX3Xor8M39iyzZ1ZgTyk6q9cRpP5YJKhSihKqmaHC8GgnUe,51
oz3JPXAvFpcPqckEg6WHXQxBehhNDJfeLQeJgNsa9ALcXak,45
tC8PUSzmpoGiJMmsn95ZCFGxvTrdv5E87Zfqb3KuShmXGro,34
s9yJ4Pc76PzPT2bMmNotVHfFRCRaEDrLrDaeVn3fnFRnkvX,51
rqGknnwThgzyBzuEJ7Cq92m2hnPCEjELj1sqAUAsPmDW2Tn,50
sxcn7RJhRBXwyeHgyCxm1e1MH3cbsWPeS5gJY2HAvC8Umty,51
tnScb7TRSWeuvkU7Aur6RN47kFa7VvXnsd3ZBgwfN38UdEj,51
paGAbCDa4EPofFvcDwKv7pQp2zb4s8HHPcvHVEJ8prMBK98,49
oVWb3Ra7Gi9iayHhwVyibbQRtxS26WoxJvFm1DV5AX64QVc,48
oyt8e6a1TeLs2YdoQnsjZN63otznXjWkuZHrpDsQi9unau2,51
u4TYANkCpDYkSqZumMD68HxSisdKPHe1Q7xLEmEfjrSej4y,36
sFKumz3ewTazi2dZDu7AU36At7heeUuU4SGsnsdkSt7uGPe,9
sBzERnL8aVbnzkdbY5y6zRkUKK9viUtYPgugVhiHEbqw4VL,45
pfD3EpZaM78vzMdZrytdd39gdoHjawxcxrpdQGLRSqjpgDz,45
qCiTtaVtRfdnPS2GcXUY3378a3HcWscx46kNurR9JYWiwtn,46
snGXFBPFY5bR7jKpAM8M3FP3d5dk7SJjHofyFsrjSbTZiUa,40
p51ZdxMsoaAM7avAj8d4Sg9b2hVEMLADTVgNSeETsJaZPKE,33
okjpiyA5KQV6vPJPxwFWyNgUAaN99dwK5MhGfjw2wNzkbjV,47
qaa8fXmU1u8LrUyco8y5Frj94Eftop9wdHkGhGzsQ6jc8ib,47
tjCb1rTph2Np4nMzL9zjVPxC8n6oYmtBSiJLu3oi4pr7zev,51
sFD8xAAAd412NaQN4uyeq3CKNLn7hftiEoQrwnESyHdQGpX,49
qnmDbH1yhahhXpUpCXE3mswvKUkz27AW5Ee7KjfKmfPXtBr,52
phnFnqVcgySCKPQoNhQnjEz1Q3xyLPn2c3UUsJG4VtHAWYz,51
tR75MAzFNjYXyJgGnDFf8kc5Y5rwQv95QwNqF21HFT4Gymh,52
rnxaTWYiPx1GyiAf4sDTLYxVfMZepYxZ4RXgKkqExMZthnc,48
odQ7DBnHUdu1nkbPuR9evCTbVCYSajYqjfirSSHZUMUpSEB,47
tjmQuhshrdN2mzihzQ3BhfgC1RiCBwD98Hyv2m3cYeo3CQK,37
r7mhs7oyFCax5opmMBdurWbuShwzFQbR5tEjpdfMmhkinDu,5
qfv1pxxp9GDMACpVmixWuVSLUZ7pVd2PDid5fSUJdzVrqpr,47
tpzQKpEKeenDxWaWH91V88PoNM3utSGRV5hERqx7y5xgPb3,36
stSPigHRmMHdndyZjczLrExmPw52sT5iMxt5m3RTRYJJ6Un,35
pi7uRHu1GLTFQygf2GCHz8ysPoHYMBTpDz4r4EnQQTxzjAF,51
oVYnGHveU9J5pwhTa7zVXf7zEktSKEGP8FfNzYXrXCXhakD,12
sEkQ6WnKizPZbJHVp3iNkvkKUVKEpkoWvSvrrDrSETmZPkp,43
rqVoC7CFb3opVrDvEG7xfPqUQSLbh3LQDsAoEc8rb2fPTEs,42
s7cr18k7v1PbGUMEdvjiBue49MRyjJRYbmvF8yPz3sujt6S,49
u1rPA6dqcJkXceWYUXbqrzqSN3snqLo1moETRgT8r1SpUcR,48
oSHMtQFTNQKoBDgEFcbEDQP7CzG9zfpQFfxjEL6axm5ELHs,36
sxmYBGQN7ANcFfVB228opaFbvWan999YnkKWUdNvgLSaS5G,38
rbnsniGr8HejLzN8drHRbwDMs8NVzUtEJE1QgzE9XDjUsF2,49
sWK1ydnq7kUvUgtWiTjnmU6PKZnEgSK2G5uf99DHPrA4wSx,35
sRMotFNad5o1KrAFEZVxSkkLeonx5nrzwtvrWwsNFStdkhB,35
qANvBdWrVqXhUvBZYkmAfCGfccsZVNDHjg58LtrP1gMCQ2j,52
txcMXfxwn6fsF7SKEC2Xxp7PX7fGNYAHz7meCTc8rtP1166,15
pPhrEfT9XF3YeYfY9QFrBAZVLZNjtfgM1yPa7poEWo4H3Zg,52
qexh4BU6MgJcDvXSqZZGgvcimXDhw2thFfepByTeSBNY6s5,51
snBWgaFjmH8aDfa3EAyH5ppuGmL6MjNG32qFBmkLrDyffMB,2
rPAvZXVAbSFjdnEEhFi5nk7CYhw2awiCK86knZjhHBJxrJi,50
oXxnrCnFmJkmeGp45196nKmb3TJZoEaP1raQZCuNyJvCwjV,52
tHBURh6sd4co8m2z5tcjSFihnSCtTxTb3N2W3uwvDZgQziZ,35
qLkt3fJybHP9r7965YybYDfzHcLgyfMmbiWMBpKMAyQ6Wji,50
oSJtNmb43tnJBKXfkeuKqwXMTrBCPhuud4fvVREE4jTrM1x,50
oJLMZTk64rJaH3oyRtbHHYb6fthF8i3ddZB2nsE5WRj6kve,8
sJ1pSeZjVnJoiJpSkyiCYJPe3xeA8goShYtVGUotfJpPxVN,49
pA9jhfgPGNTNgh7VvB94pdU7BBMPECCW8YxSMXMipTtrsWR,51
t6bpwS9gdm4ie8zQxxxwnk8FHBueNmwaEqZe22MjuvV4SMA,50
s9uNceDmgr6ifymTeoZwuz1KDBnS5iPMPjR19W4gjisKyPL,34
rRPKvqRLSygqcm4E1Cm135Wr1Wz9pum8Jpr2KSDQ7u5BVrY,51
pGVKf1jcJZUMurQZwkS1APbtsGSRYvEahoxQZZi1HdiaV6P,51
pvo8M7vYvYJQ7ymFxPThDMf7XLfZxRyyeCeF5DWNBgGZ8CX,51
shEhpoyDYKi6UqWHvSHe3v83xHirBZmwPoEvqPhBt5jiJVA,51
oKCAYhGzRcNLgjVYhKX7DU2W65rGVdycBtipLDew1AYQEJ7,35
ofmGVD2npDtGu9dehM8eg1fP7xP7NEPjs5hfxHETYWbetM3,45
u1iaVohprV3wfsGPptdsdx2WtB5kjCNacyoEGDANrrAZYsK,51
rfUamqSGGNubN5LH12nPTTV5bxDLXhRQxBWCDG9AnhFT39k,52
pkEnD8czr9vxqv9y11bw4iYVLWXuyLPk9YyEr83tXvKUpEB,50
rvB6A6fxT4isztSHa1oqm2x5XFikbXmf7TLiYgYuSaVASe5,51
pYJemkx1R8SsiUmXCnD2eEFn9TZPXi2UeXSwtXnJccX7Lqy,51
rChrh3FdP98ppJeKQs5YqvYfqUmQJSwRSj6zs9YNefKkkEx,49
tqAMB4QbQVejky1P7KzA1ohTZhKb3XEHAGK1dnPJfLGS45b,50
r5RSE6CoWJuJmihDu2TJ8faw6FpX3uDpJ6rgvteFq3B6EMN,52
sLDSZNUXv1jkX78tHVaGviZpHjCkcUXkPkVPvsACFqyij7E,14
rndJ5QvjRUBDtdgNVSLD2jm97PMMmX2SKWXCRmWJMySP3BL,50
pPPT4VSCerfUQHjQaSdLBgTbp2DNDALGUXTCW6WUiTv6umX,35
tj6K94WvXRPsK7xo4mUCmFcoc5Cf9HikbZoDn3QF7vFh4em,46
qi4zCibiFJXjykcBayUij2n9LcBwMRUoSTsd2ZHdJvLNyAL,48
pCxeA78P1ABZMBbZzwpMHNHCBCkenXSBUKK2VUkVnTNjj3S,15
tewBoWf5VDsj9crY6FEA2M9VjaPejcnBZW77Lazn4PN9smv,34
u3mh91Xk6oEGsoGzrBeLx3Z3BPFGKSAKjfkopHPFg4ySNXT,34
oVGwxCPbGdsYy8hdFZZAWxFvfY98yGV3t5AKJ11q5ommUiu,51
pAziUnwQpTTjbwS3Wvq7L7ntjgYfc1dckeqczSnCiUzB5T6,48
ofRVVN67nFPo8VTB8JBT8THGsLkkRLZqcjA5cobQNLHqtiE,35
sZhJSjFJpnFQSoXAKTtG9oodgJYmt3mLEuhJVUjbH8JMKXX,16
oPni4CwdE85W1sVYL6pzeswq8nVrghubQvPT1Cn6vrDar4f,36
poFsVNYqCekoXdsX3jy5wS8u9Ckhctie7y9cbiwBEHVR6Yq,12
oryscGcHsWaDeX1HFRMenApgzCe2bq7FWcPJCYnrD8hv5a8,35
sbgXS6GHFFUZSQpkzVvPZXo32iXozfgKmypWW8JmCUkzM9y,29
tBhDP6WLkFumdxnrbSH7BsXhNYdDKrZaHfV9dL9df5QN6zK,50
oVguE4sS74FBGTPaMiSCnHaKg4oAjQV8JcpVYRStRjcemPf,50
pfQKGY8KMjQ1emtewSP4M6PxxGGLLx7A5n2aiKRm9pr8mU2,39
q86NNZqvEW8AYxsBeSjTFMbWGeNBPrKtUmBa5BQZY8b3BpE,34
sKr27VZvLsFuWnBK4CT6Axe3bVZY3MnNptuRQsnjeHCyvM6,28
qGAD1C4aSPwdzTRvaYWk7mCtosV4vQJ2RZQShQc9y1sgvGR,33
qyiocTsebqFMW3eSFfwcExXNEYtNztE8nCL6G2GQ3vguq59,35
qnYWCQtd48HdzSPAf1La4fRRCszrUrnZCaf5PTbmRet9E9f,45
pM7AA7T1XVauc2W8f9L9ADZN9FKNwTX5rHo8rG6kqwSX13b,34
tgzBcU8jQSypo8pz3bHy9EPxLGTrjJxSzEnTjkvjkuQRQAj,51
rX7cdv85F9bfMshB7QsN83L73ecjJ3pW9GPMZR9YmtGGBn2,51
s47wz1eEgpyDmk8PU61qGk4jWkkdGjcxC9CX9q81VQhEXNt,45
oXn1u2rwfzm17mdZuWwHAsBVZqgj8SPqTjNcZaXBHJPuDCp,41
rjbG2uXnkD7X9Z4UYoD4A5YP8Zr3tjBqg3ucnYAEQPRmAZ2,33
rCsxzgD7F35kbTuWmRy92U8yvd1u4hpmu6iJppUWTsiXfQ1,46
paTPMFwKNBcyV3LpeAb7su4FGgUQkRVaUseKtinzmZUJb4R,23
pmF4noRA3adTDWcwBx5mTR4VSdHDdpZNF6hhUg3fSrcFiaR,46
t9vHd6GstVc3hjiRj8GoyTiW6MbR5Nnb1qDCwyiHLVD7z6F,52
pdCEAzWZGBsiJU3iDi1Sim3m9m2vip46vU2MrU4JbgpUB7A,51
tHmfUmLTEcXM6pTypbAh5BzUaEwr77c7tkDaGEp4BCXhds3,33
tL6C2GfFZSMCNpj3nPqYiBt55Qu49LQZoGvBhHcdav8Bcov,46
rfCY9gP7XMXDX1GMD3NSRXFhvmEb8R3tV7ojLdsooezuxxf,48
oVG3hMCLHfP16RpGMMBneCmEPjhDQsjw7TyR7WbVtF7xXRS,35
sS3QJTDLHLeFTWUL7f5E1XwRbEVTV4SjZ3uh3p9Nj4fjY2f,50
tbdUx33fPMXWavCUkbpCBAjucmVvs8QLTuKPjTJio5DQLY8,36
pAZsWUSJWXuGq8YJv8QFaqh279LPyx73xH2YeHMZb2LpUd2,50
pm2Rm8QKJFzt5KB8D2uHay6GVbKHjXNyrm5og1uxQQV1JhZ,34
r2L7ccyBSn4iY58thdUMqKpVNLfqpwD1TAGKZX8aeLUNqZH,33
rZ8fhf2EjEemzjP9dKnsQFkFDpGREYL51exP2CgQ98TpXzc,16
s1QqHGfBhJcbhUX9FKSYRAMBkZc4133a6rw7oooc4qD5SSD,46
rPEwNPLXPwxw5kZ77xmU769Dd1T65w29NEX1QrfTwCsy5dD,50
pXrPr7soTmdWLHY4Fghfc44bd9SZzYEzLhzjPFqRAD46CyY,51
sWtHon2vqWXHNswzxepXhTmkLA1Zy5dLyqgLCxchAbc4KVQ,37
sUDGQ1UnQPdU7qbzgFVrwtLXLhrYPKJ9aEKaa61kSDgWfyN,36
pY6pBeqLjtPYEmDvcNjbcz16PDcCLbPHCmkyFH9UAgZ9pTf,34
qqUgNjrQKJ1FHqDNQR98cSr6paXms3hm1DZXQmqhbFFEHM5,34
tUBJmig2V3uf2XHhfjjBeCk3J2qAXgXw3Jx3e5TYF3DH9EL,46
rcopwAKKdh6Ei5RVR3igqajUBV7hA9zbSmkzGg1MYSiwPN2,48
pLnRmn1kLjriaxjd58g5om2tt7mjMoDKaPNzeJeeXRXbbox,50
sUJv3XV58LNGzhU6YyZdYh5388YDKcwZ6XoZZzZhxwYeQ6N,4
pBHsSJZL26jaQjkHHpSWgiB3z432XFw1rAaaqNc8TyZS6ZJ,18
rSSswhhgTbx1tTcQJsx77CzmnTyraEbMfi5zEJPaS8gW7MN,35
qPGuej2gNxX9bTqkH1hnf4RubbcW5WiAv8Qiy94JZ2z4E1x,34
s1wFNHungR3Pkdsv5MamKvD1hUMdJRqRHeQjaBetvbCCpja,25
ojASqkA18swo89YgYS4xjetvBDaw1NMUd48omoMMP6T2E5R,49
rkd21H3TgPe4bMLjtHeBSiVRSdxBWG7nkYeiHoa9RgsREaT,33
tEVoG3qcgyT1Vu9VQx2sumcnWhwNMAaYdM7E5gRXc8Ajwk1,50
pf7wWmFWnLSavsPSx1xKKFC6ognB4AKCEEQgzhcTwBrNBP6,43
oiGAA5VNPz7phqx9tnDuWq72qKDbJ47MrND8EEM3NpnN1A6,14
rTsN1nT5zK65X7bfc1ksW5ot3CD9FrDXcYgF8HxJifVe1Sz,35
pyZpCBxsBdXdYtX3XWxucBpaCVcM9N3DebN1KKeWpKf2QZ8,35
qMN7UU8cXM3dCMFySvdCKvBXKL4BJ1poJuM5xmRmxr9HaoJ,51
qWyDTjAVZhcvZKPzw4m3v3B4Fqw21U1BtF7H8J98wuzX3YV,30
tF4ZvnStQgEVgwQgh5S7jWGVLQb5nwi4uzPxoEcniuRcnDx,51
orsXhaw2A8j3Cp7brNHXnBTDdzJz4a5mkGENS667HbSWRjw,43
puHo1w9arJ8shNoQjJsUa3ZHiVCt9gCfeJfPgW8RJtqVpTC,48
r2q5RCR5CfGoERPQLUbLCN24UrKTqGF43CUQENiNQKuz2jj,51
tRooErA2kCqpoATyAXtzCu3bSxLGqvC5cq5SzV9FFpuHZTs,50
paEQTg1yyTkwwpt62eJdrHaK2WbCEkyrmP7icdSyP5pNyc9,51
piUnefAF4AccD4D5cNgW5uGpF9S7ub6vr61iqwdyezn5m19,35
sRNNAajnpwbDxr2dKbJxxQbM2z2k56Y9y9mwjPy8kwWkkF6,52
pSqRvZeSz38PFNk1WdP5axxMRqYYsmNAiqPXSQoymKAZ9C6,51
oXQgVRGKjPARXp6eu2nvJz5fjxurRAL7LAm4igcorXeSuZ8,52
tpSzCWtHYjGvST9vLV1VPapQ466boXKDJLfh83muiiCjedi,52
qFcktWgUj9PvoZTQGxKSrcPjyQTCzD4DcSmne8byZzvyW5v,48
tHjaQwYghz4ZnUVYFbN7CPx3SGkrYPYgSUYuoyP4ayD99Wz,41
oaA96cs6SajuD51GFTDX6zXE9QyHgZA2ZHPqGDHvBhQsGV6,47
pMAFiYTXVVqev2hLqvZqFFTjKcbVNmKZTX4aff1yMgn4Vup,51
ra9wLxoRM64a5btYGUzr2qJRpVuRznnz6d5H4FomsGcaXX7,52
qUAYNFTTsSXNYjYikmvtdT5qUoTcKHPHPB1D5kGBCERWLiL,35
qtqvUPf12W8QZLs4dewZFM2TTsMNozKmEFU3vu14uD2UapM,36
oT2fDqNHzwgv2Bm93HBDK1aPsmTDoM8XCytexb13Pv4tUfP,49
r4QLRjt8T7xzGDBZVWdEUSDjBFd3dKb5Y926LkLEFGfS2fV,48
oaFMGENQKADrR44vakL2Xp8XG6mzrtDSDfLpPYvajAHFk2y,47
tut7E2NoXfCxVRKekgypjAVn39dSPkXkBFxZXGBxaDZHxNS,50
rUjeaDdTH6EYih7ntMj7y7DatFwYakSL6vjtG7FEWC1ck9G,45
pAkYAp1qVPrhVHUybVEVGF26ew6jgxUq6hVwhPfvVzoAj1Q,48
rWkYY8YChaV7XRAMydZkMWD3niMBEr2dpu9hsyvTaY6cz78,50
rtZYyMKJ9FV3TM5yp5jampJkxqs8BczWiyJqGHBxUwPejDY,49
rHNmfCzhDdnnBuHAtKNwxdWa92tV5gVdZFghDYy8xnagnqP,35
qfuMx21j4wTL3fTtwGFq4urphJqxTjPap64HM5RnfraBEoi,50
pMAwRJSiBseVjbPDZ3C3dE6c9QCAoLbFZfrY1v69LvERiHB,47
thJZq9zxnKu7mz9dmdKAY7u8cvavGa31jwJiSvXLfowy6ds,30
sjpBtN8BTgReUweRmxJAF47GoH6EugKKDQbmT59ACxx4n6B,33
reMqP7cDcVsQFpFxJS8vQmQjBPY3GkLxy8d4d5viS5btXnP,52
qvmosSDc7TC4W71uiP3xHCWHezwFSAzJyRGZb8A8kBVS8XW,51
pFhiVoa1ftn2PtcU1frQxLhDZdFMbkSQpKRYPRzpFNxreJW,50
tTqgZqc9PJU2PuK4gJSoucmcTkTjCPJEMBHUUFFjVurdRF8,46
tevSjHZVrbBWBwKChf7mcwrmHVaNqA7RbKzf19rfwYESaKp,50
pZmno5c36f1KeGZVGCMgNBjcuecXgCaE1sy3Cw7rZrN55jw,40
r1vHiBmr2x7kvJHna1waSEcR2E5ma7EwJYwv22pHM6Mg9f6,33
pqynp4RJwBUGa8LRUEgCRaweQ9Dmc5C1G9VCZoE3CNhnujH,50
qFnc7Q3MnHp8z9LSWsZC9ab6BaE4cNgAX1vSWPegcJRiVBa,36
tL7hEo494cQ1t3hfKkjq1fjvk1QhFKgYZDaVRYE4FYGi7ad,36
t9jtroGFuq9Zgpm54ATBgREER4t9svAPCaya874EZkZKkp3,51
sU15uHhXVMxeRWVJCAxCjbcFADM9w9jY3onshoTVMf5VY4Z,35
sEkNaM61Lh4o3k6HrU3qrkxwAT7Ws3QaWQEGJW7f1jyztNS,36
s6dU8kYNcjt1viLQ6tXwMVAKrJJpYPSBJM3WFBkAadArs2n,52
t1rJ8Y5An3VrE6CkBbc2TgdmT3RubBh4fWPWTkBABf35Eb7,13
tQePowc13Huka67QXm6xE1F6QzCuLDRW48LnEJjHotUxnft,15
qokKd2JENgVfT8yEACuEbchUgtbTHPuoJYyF7yacw3RujD2,29
pfV49J5VxT1AA9jTLcN6dnQkdJsG2pzvMyzm12dw1UVPRLD,42
rqTL4hQat6bpf15hguEmSDwVURq41y56anbHF7g9uKTNFjj,29
qDWhfQ3FU4C7a5JQVqaYhDj3m4EHV39JGEwdu7pJ9Z2yUMq,52
pqXzaNEARALz8hx74Uqh2AsD5PxuncCGDu4JJSimQ5k168r,29
p5qxydCDaQhZabqZ27xCkHA7x4mwUe8F1ayo7Y8iVoHrJ8q,35
t1c3EAeSiBNZwJkhpD6DCPJHxVRAyQ9JaYiUmEm2jz2FBmn,35
p2REgSxb9p13ZXD1g3m5urxqAv9CdnWE1o6r39XhyStny1k,36
rFd17LhdunktCMLUZuUkBeD17UkXEDZ7wzPD8mepCG7LqMR,33
tnieWdvzUGJnJbSfD1nPJJFKywAtAC6EddhVMYmS24bzC7W,52
oaXfgUBEXuLBg3yNesFAauvHjkGYq2heqZRwDMzNh1EcHXn,51
oVamS6kmvqZwwDukqXPaA2KuQLGGKT3mBYWS6F9ZdbUKydG,35
tWtkJ8cbUQrd454ZCDb7w8wMNzv67aa3pYoAYUgsEn7hnst,33
qqbRKxgJA1op8mZ2XTfVFbLouWZH6nxHnk4hZ3wmUFofsMJ,43
oVx9f77rkx2BAbeMbYbQmbgw9u8Sf9X1gxJxQCYWcgsMtXD,35
p8hsoEvtTuUS6NUniA2m6J7pJMUpWW4r8cWuAecLi1BwkY4,35
sf7hp97ggpeqUw84zYGNhNUnnb3954Mvey5wJcWXgB9VZ3z,46
qtPEHZcuYhdYWieGChekm214LSkHpxTaTwArwbya4f1qV7C,36
qJKRpPkh4sHofZb4G6MDWkKehcygdfQQHMmyXsD8S4syP5B,45
tWBuY87caUrd87kMG95f9YbBVVvbo3cATBLX3py6ffkAXjr,14
qY47Rnu2d3qjtN8CkTWeXXqPhCBXUs6Lkb2p7mRbtaLakR2,51
pkeZw5koLiF7x5LwTSjSvWZZ3b7E2WDMwZYu59B5qinfxU4,35
pJx6LsuwVpKFV1Cn4np4j8gapoJtGqZfMdMk7nL1vnjfbXm,46
qSMGWriH7sd84WUkiUJULcNwkxkoB5sfJpfZhjZFvUuXsnR,49
ozornR4MAHEgnnHHsqS5ZRzbu8vsn7RR1WdjmSuNQwguDZT,13
s4C8DTpfRhLCXDogDkZqKK9MqzE3ybqc58WdAveiTqMqpZ5,49
oiFQrK2TfxRkVLQfkBHqgXQWpHE2BCmh7ff2w4JWFaihUga,51
tbCjvug9h52d8sewbURWv1dAPiVunhQurzvxCKqhup3o7jh,52
os27WQoharfcic22JPZpTiaRVwN3qxC7Tr9kRwbYibsQKJT,35
pMpG7ae293j8wfRJnkfDNd6qF8HRDCU3JJppU3hKPQiTnG6,51
qvo4ReTPTdZZFFRYHp2k4TLHSAAbMur1LYUKokHjBXUhvZv,3
qConvpnyxkKGMJTz6FhZdbzhPgUea9bgGF7gEszogRXhf5V,46
oK9cdFBuzGyetoAB2qGK3qxrJkbSiuLiij6DfJLgkbsgGiQ,48
q3Cx1WVgrXtvQJKQv8zGtwaJXa4VFL8MxGeTT1aYRQiCDN4,13
owtUBYPBD7s4YaarHyTj8yMAgUk5kZiLzsbqtMpaX3N82aK,52
rvADbQ1v9iorjCADanqVvdZ4sjMNmCbSa5qNgwvNUgjCEfJ,46
ooc8xskdZg77GUmSiWVqe12x8YZpJ1eG3ydsb9R1ucWeRff,36
qJNRNEn8fTJs4BPG5caYkUVP6RCKdWBojJNcd8H79C2DQKT,14
piQrHRhfGofkyGTVuySo9kzP2Zqv5926qyDqiPn5PRdrWoB,49
oaphjidJBTnmNqmADPZYUXummFb72iG29CEQktFrjJbUDKi,33
svUG6WeBxMo77QFDb1BJUL16jr6LysBDFWoeqgZnWLomdTQ,3
ssUbh9FQChWsfwfD3xakRYYhV3bUcbvQ2dRfy34n3BUh1kb,10
thJFg4RKAJpEwbL9mykNnpo4GLHjCDcNM8UMSXCyFf5TVQc,51
pCoQHwMeAfQxZoeVMjUoiPxtiVA2UgDsNcJm43R4UKCahGp,3
tKb2yNW1iAdTqoY9huLQWThKxedAxa5EpmAoVbB48ndMkKr,11
rXWzefdMvmGi8x2vupnM1YSFNZ6q6SGc3zmYKskbjLUsSnH,6
sh1gJNHXRLf9KRsGD3BDwWN5JKkrf5GqxBRB44n9x9XsL6G,48
tZ8zJQxJPBkuxuzNrjNrWqn3WPk39PNo2aT1sRHeugd3dfu,52
r1jfUDuyeUifWGGWJhM3gRkfMNb6s8yUEn1s5yzJpQKq2dW,52
qDNLzogXa7kFdMtUr76M1TqnZJK4Eppv4GEm6UUSUSbGjqH,50
sncEotUJdimokoEMzfbP5rUWotRXvsTtKWdjTLwn2Spzzzh,36
qM1Z1NqjF3MpeLo2SkGQNwFmAr3VJiD2eaPjrPjPZHXA7NW,33
svH8TPLVZgCEY3cfG4qA3x7U9YYK71PnBo1a5Kebz9egaHi,48
qDaRSH5o2Pz9ZUVrhZgWiuuAhYkmbwjJq9ibJ8LyLGtFGHg,33
sfKFgKGboRdpSCM3R2dp4KNeQkJ1pmqBdW4m1HzCzSE3oSK,41
qhMXYTner12MHRRiGxVoo7V9h5p3177fefkyqEZ3vFbes7z,35
pB3JzfZweyqEmPa2r6ZdhGhy9Ki2CSpYq8Pwb5mSYoaMQUb,49
pB1wLVkDnQ9Sm8gzEnBLLE8qAtW4vjgmAB2gMG5AKc2yjqC,44
sUAtE8AZ4tzke5vE58euBTniDXyPFDNtf4nRudJ7woXyr6P,48
sNp5PjKjGj75E2tUaMSbSKAx3vjhb4oDWzgxRkhcR8tKVJG,52
suvpwr89b95Lh6ENGxN4EYQoM5eV9WiKJXrxqg87D2ddR2W,49
s7DvJMP5wDSBbyTTe382w6pyewd1Vc8gUfrptuvQraUxRgY,49
skZf24SjacgYJ3aryqAswPTMwSsxZRw4bcRfTkuCHKYdXQJ,47
ozghPPkY9yF5GawqXakvkjiRpsEei91Vd7qxPvxt2UD8rFc,34
tnJEStdae4XP8swtktnirqKEmiCdgpEU1KCjuDissPt4eUc,33
pmUEvG2d32di4SCajt55pcSYfe86ASoRXcBj4gqZXQKHE31,45
theUSgmw8VHjjRuxrpLi2xDSrFCDxMpFssP6BawuSeawTad,51
oVN1UTfyvUbitwvejdb6gBtKkUQ9Tn7Ds9yZjxRDuUY5DAu,50
rJFM2oeiZ5bsnrm7z1ttscMxQJVQ82prMDVieXwxZXRySqP,45
oa7ws7vskW5txMHGJWZAKazXeH2yRwxusMnQXMcJHHSnjsx,32
s4AbeKnvxqX1KuVz11oD36Pn5JKeD86JWvzkRQgDXGcHKga,45
tsP2t72wSWe3F1q1TyCr9CK4pwPDWTLquMn2FVSYhQErgW8,47
pAjs9wAhv4LEwUJEzCJFvjbd2jrcx1T4j6kQgtXVDPXLgme,42
pyu1dEr45CzSKXy9XzmFKuc3S57DBkwvp7KaBfhxBqjjWpx,49
sxiLic39wPsM5RkVQ8FQo6fCcL1isAtLxwNApk1SRhsXeN9,35
tpewVCQ7FSWtSurjedR5k4TetHDBfHUAi9zsZqkhdxKWNv3,47
pQFtTKrgoEVxEW7LVoVWCBC1dW9JCt7uKdnZhoVTMNBprHZ,46
st2KSBHe4LohDkaEb79vPWxWUAX6dZ62ocnTBhDbXWEm5q5,51
rnMsoDvVwUiTzqCetoofNASzq3z7yocv5dSYK3j8ySdLxbY,33
rt8So9jMd5B6BzWw8W5bvwnoxnzEii8NASScz6yKeNpfNke,33
sbZjRorPD4MWGH8eFTEZ8PC9mYn65XWShC5ZC1Ltg1mtDuD,50
qoVVSG1AjUPMHhEwU3kE7wSavDEQRsjQqxNC8msipezAuFi,35
tTQujbczpAbvfXtXXL8CEV2mEJcBfVP1oWZamr35rfuQ4qK,50
qc2GqGfKTjRUZA8ovzW1Qwx7NqSk9nPUVijhuMEn3DecaCL,50
scgqHTwDrpL2ViYQM2pJu1Gm9ieahcYCSYjQek5rdUDPKy5,35
qyXvsKMADyVFC895S3oZfMj1AL8uZwXj3Dc4RsFUyCrXkuM,50
rsdZ3tujfDYPNwCrGEciHoipnPECdc4Jq33nabPPLDypKoK,16
rUWC49VnuunHPAYgqVdCRpiR9A6P1qUfwkPrsbDtyt1bNke,46
tezgMvm9ek6dc2stxoUFt1GWxqRKaum1DhsnJeNBtfPHyoh,52
r1pseT4NvtMB5vPZ1VVyfjQhWGpeNE5iXyvbnt7G2zoLLtw,50
oQYdREM4pgjr9hUQr3zUUWk3d3jZSVmUfSs8r2obsPFMKQ1,50
rcyZkRYo33gkcjmx18TjuUKPnLTMg5GycJnp8UYiYyuVTU2,33
pXjPeG2CgWkdqavvLYwLMRFhcAXpzskiL9d9CTT1hDscLz6,46
pu1yxVcGEHpEjaRdXryGybiiuTQDAMvvM1CHNYsw1SH8ZRD,28
qUtWKQaMq37YSoDLUMRZJQbL2Knj3zCgzWDNuNcdyrfjWDW,4
so28ihYZgKEMZL59vqpbk2a8CBdmSNPmoVbpG7bU49onqnf,52
rbp9JdhD5KrZZZaBGc6u6qRmGpMytEgySfCz8CXvf4juY4p,35
pauUrNK24LVVQkYMGDuBygeuwTPUaAafTNzeEermK9Gadwz,52
rxxb7Wx2yvRf5VhTGXoEA3LfWKp7iNZ5PpFsc4xiwtdMk5T,36
t4uhSjzjAGAvbQWxBBmia76ykQoNeVw6gfY86DKEV9A5WR8,52
rXdoHmSfe6AQXUh6GFJe34qG7ht5M8B5Erzdg3APnbF1YQn,50
qye25D6P9K3tsA7JDa2W8obLM3TBBA9rRBuYeX3XxGHgx8J,41
q5oJcRZo2DAss4gXyPJuiwPc7TcpR94ooWrpvxDygKHQAG1,50
qUUStFz7C9KnQbCivv8UAX3PqcXkAmZUEhWjBNc2bxEDLAk,38
tnrMbfUkw9KVTY8bdu5Jwe7zjNJ2kVF5zSHu2s1c8j1oXGd,33
qyGeshnV6XQsFAT8zSkjYut4PmWHhVV6sPRytnjzjEsyJK2,21
p5hSb1o6oKFfz99cs4qpiGYGvFdmkpZB8tKKaiDaVYQY1So,15
sehU6viXJatLTQ3hvnAupH128puPjfddTpBDQVqtVQRauVY,34
ofsoWCi2vJyXN8a3n1K6xQGNmkNJTvtGhhWaWkRVxD5vGjB,49
pJaPx97SqwL3iJnmETDctb4ZgWEN1c3i5AUV4KXnaeqFfut,48
oXeZTMSuNk5enQR3TbH6EAEfh6cd6KtGfiJqERo25siaBMM,15
oY4PPwAwPVoQyXvUdvvpxtXd5rBvBJT2NCJbkkp4q2LvxAU,51
u3y46xv6b7CFV9g6S7TdVsAf1BidW2zeHjjcDmug14FtKuu,52
tjJ7JgqjdY3hbDNor87K45ztZk3E4J7TBEMtdztHGrxK6U8,33
rSWPwVDeBZZkLtqLVTh1x35WNNdpXru816RvjgZpstqfz47,48
tmg4HXx2GScYbZSMQPK1iXXFksrQCNZXnYVfh89MptnjjaE,51
pimKWg3EqrXmvU8erZLsoc8tk3sWWmcoPwy1Lsrp6Fp7qbG,33
sn8GfAGJeg8Xsa6sTsR5yMqmAbGtG4A7ikaedz7vAv84ajQ,46
seAJwjS9prpF7BLXK2DoyuYWZcScrtayEN5kwsjsXmXQxrp,37
t6p2N8KhtPjYA5EfnVZAoXhJGcymdvkqTkkZuthNfYj2s8X,48
u3YW74Z2qgGtGhDVTsEtwSHfJ3zMYj6RYa9SJtpUgDg4NmV,48
t7YUK3Tc89BanhvLn8zA3AUx5oBZAwttJ7gF6mednYmt2Hy,50
pJ5kYb7eUuwr7eUteuNwdEFNpD8qxxE7bLf6zDfsTMZLtZE,36
p89n53fd9hNjtpiCeZRcLNzZYKDSUFzZfJeh12NS7QZApHw,37
sLgmeb1gdLR1NBCa1q8fqJgGwfyNEwkeAUwrvpb1tMMshxH,29
rjaaoFW5NQfRFTNpvhtwyyMFpAPiAc9sQN7qt8c5Dyp62yq,5
oacUKf6CU5ZGrBAVUCPgmcajbH6jQwy7wmazNmJmxUePjbR,33
ouHKhPLUjesRaKTNhyriSaWt3Sa31YRKbAxT5YcgKdTxkov,52
s7J9QFNC2VY5Ax93GBJhT7bhxkivU7bEr84mD1Z7tesvcM8,14
rnmq4zE5iVv3YUu2a1uMTHzrumfnxtsWnQY7Xcf8XSQq8Gd,51
rtMvCgybtFmKMS4nnHEpz4jcHQbmuzmpeV98P8FFXDtGLwh,52
sbdV7msZdi3pJczjRjJFQ2xxbroYnuTHb92Qc84mekABqwd,36
tgZNku66o2UcfmaduTWhdbt84SKs3VztFy4jJdVVxC6U1v8,45
pkjMeoxhtbAbK2q78jrp2g3kVpo5VwgNaLtMZTyitNZjH5R,51
s7jiVirGJmH6J8sUiRfzErQMhJ4HXckV1AakqGGsxs9xrzX,50
t6tnj1PcgkqCMGHcFBae1ZqZNnkEwyVPh3p3C53ZfTatDcM,36
tHTzC9ZkiiFzRiUgcN5iYXuST3ZWGk5c132M4Ad12TK9GVn,52
pdB6FWHfCBTgC25KyydVUKe4M3UNLGtGxUBeA2mLvofSyzW,44
rnHbQxM6Uq7bttbX5nzVVEQFeq3vJ3VNaC6LbCj3LWaWtKc,52
sa1ZpnQDx6zxsjUVhMP3reiZDFL4iZw8wqhmPm5pGAr3S9x,34
sbyfbXaixUfdErFHAjoHeZNGDk8WD4Qw9m68DcFSjmcMTTB,51
sL5SSLAiGUHvk7U72p2jNRJwQthMvi3VEPpgWgmKSkBK9hq,52
pMH1PNs13qEToJHjteDAESG6ozRqn6j5CoKr8DRuifPn9u9,35
tNWSo2vK6YxJsdjxSCgdrkHka3oxGcwxGe7qd5QGVmc9BzE,33
tBuePWYMv9DQXt2u1zURQJ1aCF8ALYPqcDABBFshTpxbUKd,48
odiayVMDn9qKLezFoMpTVjxj9VWBZELqvF5UGQ6KM8L8ups,51
snqUeGGD2253pcRYgYtLPrbTiduBpRr7GMoChXcxe51kMbS,52
rHTu7ikXpngiG4UcxqbsTNFwJgSZ3erBDs7UdhwsmZnYBJA,51
ofVQ3Gx2vsdsiFryYcw1VUMynbunSiTt4ydgjePwbUipbgE,51
tN4ZcSygXFD6nB4cKDL8LUGaiJ321YgaWdudPtFtN6eB5CN,50
oVbLFm3QmH56bqiYysoJPCccF9mdLbnLaeJG3FaawZ41Vxo,36
sP7nRFJ9otZPPLvBSAhLv7P8zAVpxaStpmBHMHJntAqWT4y,11
pJse5q9tCZjwT37Zf3Z3bBxUfJm88CBSCb2sABRSvmDHnPJ,47
qZgMdcyTAeKHLThboD4fEZQpcemhfZJ6uD7Sss7KWGEfQ1G,36
p5TZdX3jmbszSfav34My5VFBvpBwV55d9ucHRmpHZ2FN7n8,28
rvPsXEME1WtU7q2GfEcyxNd2wCQLbCzfuDRFAXwsvVzcgvA,47
tbFYdhYGXnY4E7JtbtDtJknzP1RsUX65W1PjDrFYdLWDnCp,48
pikLzcPT2TNBb1EWojBYeJMLwLacp4hpSz5tVL8vvKMhAoj,50
qS2oNLWygK7YL4Pdwi6kpJxFrd9A4ZUvf8RXs4SXTejNp7D,32
qXBU3ruu9WV1aCkJYVfiTEMJ5UWqvDApz5G4efdDkxf7FVX,37
qwZ5ygAJavhghpKCgzF9cbsxueYvsdsG2AXLoLzCZLpvpq1,3
s2VhdEM7eBu7nej1c9E4YVRYQWEsj1iFQ1NcRtWmf4DafvE,51
tRaBR3WCNdKgLuDY9K5mBhg6dy8o3T48TaY6ySnJxYgtuwy,49
pPkkoK6vWaYsTevdQSwqAA9sohzvBMfsE95FHGLb3ZjdfhF,51
tskNuBahmkqtL8iEZS64M47BPas59wPTzDjdAYVQXaZkNe7,33
rME83yA5AMyUvkU5YKJgujfS8Dxq6iC5cveumqGYmBP1naC,13
pcS1Bir3U9MVwEXe2N4FkjE81NDFnydCGSDVydzZV1Qs688,36
tRZDhfEWocNaPzVMYt9HoGjDNSESbxoq9o4b3LNJtzdEjxf,46
rExUPShngF1vY8cVm9SWHhyhDwCQHJpkheALxC5zdxMnqh7,34
rLxK3xe5d8R8KgqgfeZ5HXBa1TUCHDkWQUw53c6UJMZUspo,30
oJj241djzoSXsCmh33D94cYMP9zfE6tBrQihbB3mQCtAw2m,48
rtk1SPxdMasmyBvasfHRBmzedZriEWoLsaDg5aSbCHfuu9B,33
sBpweuKwZAYTL6Mx8zuvfqfAPKcKfBv5x4nhS8fNuyRGB7e,34
q4hxr8ptZTE4Y6fFHfxwjXwNSPPupPrnzwFZ4JYxD5iQtBM,30
svriUUiUkN6HB4yYk9xZSnZ1wDR15KBcixT1rh7fg9pdWwN,34
paFX72hRoizstPPXPjnX9jg47nbxND8kaQcSszVxD2LDS7v,33
pPw5tLsnaZPyxFsaAeh6JbP3JoCJvXZgyxdVfNPXd4U2R1C,35
shoSLJzJcebHW3nrfStbnBvkx5N69PnSicRNoBLriHMHRcV,34
pzBXYitCGk81GdCRqCDKSbG9jikoVttsRfD1eFfBnDuPXx1,48
rycMPo28Bv6E4wDzNMFjdihzyfypFHit2JCBfGcidAt2BEg,48
sCB6DKeDAVJJ8HHPQoMECRAs6aYU5pqeXWYSYEzC3KNvJMs,34
thbmMH5dHs7WouQbjnEJjqmgXyeD2NoxuMRHZj5brNAD496,34
qemh1uYrmLwwA2ZbbUFvsGP3ViUmzyJ7y6FnC8z3JS43tYf,12
t27Gc27NMNbZNyMQ9wN3nFgrxGQgKM5DjuoC75xrdpQNMKu,35
rRnMJ4LQ6L4JXe3oGmdC6abGZHgRPw4CmJohPBFMHSG7EQq,14
sRtjMAU7XNXYwEgrxLApJPChcu6TNrJXhdcqfjQeUnjaAoF,49
p56eMSqx41nzvtderMLjKDu1tehbstP761VCduNF8szE1ip,33
t4SGrvj6fub48Lh9dxDbHAN8dcdywQvVn7qs1f5T6nZTyhv,35
rcHCfwCZ4b8srefFTitvuvdjvE5v5LYEGqE9PTsQ7ERsAoo,52
rqzBKaHwhcMFHRnXn24S7jf27faUssndbjnWhPFMiJYBxEh,35
rvH8ekKQT7MSbF3dYqVxH9G1Zqw4gVfXQh77EDLMuzRm4SG,50
rPUG4d7Nn9evnSNXPPtxb8MFmRhHfev7RUJkWiw1t77zkaC,52
s1zc14boaqByFVAsB5mSGagMK6ynRV8WLZ8WwwrhmSrr7y6,51
qVKcv8BRsQtJt5BXKnYpy8sB9e48R6C9rdTc7gwdUyqMwxv,7
tN94goNGqqUq4a9gX1wg1NW4iMi389U5Pb6hpyyKA3FYQFy,32
stD4nRR89va8Ndgd9FTsRf4ahjBYjz1VoXrEmPUmrEkmXMK,34
otihMbsZwWXtVxztYC1jPszUaYweVsvoBQuTv2fL4HQLLzq,15
rHvcbgZLoU5sssEhi1E44vpYacpcE2znh4AZxmkChxMv2wn,34
ow87GmP1BTi3DNngKLynP8iQKTvRq1BJSpCYWtYCfdfMERj,14
tN4dEpBa9gPfac2Cgk4URFVxcRypF7nGKtb3hRk2mwgUMpk,47
tHy5DMCL4gw6gHxX4chJMkr3VjZUyMzmzxhzoPYP6LFyD68,34
tsnrt1EMAgmQLuh4Kya83irAPWpt6ekhV1nF7GbVByHU5pA,36
q28Yy9PDm6dQe8crANJXT56Y3BHukKSrvP3jRGbieQSp89u,51
rZCftdh7VfdptE5iWYrW2EZKDDYWb8Ad7c6ep3z7uhtgqKU,52
rLvtFjTVnodByn2ZxsxHmyeR53CCbwVsuBPiXyd38ysFBm6,48
teAQsX7ppoNM9wMJayKr46s632ZHzTff3GBz6v1GZpoyCAK,49
qX9M9T5DWv6psTrWyJtbQLQtzJeixgbVPGKFAtaXVv22oF9,34
rwM5mfh4auzvemY6F9pAUGi3J5KX8kNpKcx5KwG3rSUPs6n,14
sJLJg2Cgbba5748wKcxZohoDyUHpyR2LQosAQtioB9WUmvm,52
qtDAH8CVZD9S9j1LciFeDQqxYfAoYYMRikA8v5b8z3Nu6rZ,47
pXmUDgC2jN741G876ameUk6Ui8mcpkNsEcPiWMpcUk7zy3s,37
p5PWbbU93gn6hmwgw2c4CijCcRtScQsjYbvNyjARdWLNYVJ,48
pA8cXbMBqZmER7SbDDNqzvJqfhhJrfxgZ1kxqomPtTbPCYq,48
rq56JUqrsHwgnH9wH4NgfE7CffoeciEK9NrjUp7s4KFHXTg,48
qXRsJVcp8GavYNZHPi8Q2oCYzhxmkMajtpE1bM1nz3oCNbb,35
rRT7YXL32NGrbMSAzBFTsFotXbYm5PXGCX5xYd3UqXNC7Uv,49
rLUtY9s6jjisq2DtZWSvAHrAc5HUWkmVmXmxFhz9jSoFiTL,52
qMPjR26V6MEELNE6WrsDHFccn9H1etz5Bm8pnY6omfCNQqp,51
s26ksidq1Zr1N9LcnDqfZDZ1iG9EkSLof6ENBnJsWTC9oyu,51
oipW25eKpXbpuxpCZ2B65UtwKz9Q57baV2Jib81jGCENoM5,33
syT82ANBsBB89qThN2eSSbrud37YbiD3XMr9Boi5UjZiYBu,46
qJUaLUJzib8pyuvJ87cGZupfZ6Q9KFeTHpUJEH1XcxU8BCa,50
u3gTNYhjR6EPx5eccBF49k25ofKgEKicgi3fGgqwwXApsom,34
tYhh7EH4M9t5YPLqehssuTHTYw2gpMzGEkkdY6iuj9qBogF,33
oajk1nxwxSjbsc15umVdjKJVN7s3CEXjYTXkwhtwETvFwyC,34
tgad3uqEVWMDQ7V7XtF6EUQhYYUi6Q6XHwnejH9DA7WvzWY,52
pasTTeBwvVjcYeBtoNscDkvnHgiXwdqTw83fiPGVuEpK19R,52
pG9F8c7jWC3HsyavtkDCrWvxKZeparRaSG9hQn95UQhq6gC,50
tsYFBp3X8VhDQ9LQ9REdmgWHNTxa7Cg2Lh9ucih36GrWP4y,35
tPEGL86fbCd6zeqHdXV5s5VwkDyupiHNqFJtH4TE9Do7vmM,33
qATyCebWSpJyR8NaNM9YVN2bGo3ufkjboaoaJiWU1sw8cYy,48
qG2wvhBwb6vPaXLwH1G8GDh1yJwVx4CR4kuUjMo8ijLwFUH,36
tgm4m2hYNddqXdTnmysRkcQGthjDstBu9oahApaDv8fNrMU,52
pvp6UDmfHgySnoQdMKL4QGs9pU4spL5zkcF6AHCEHScL5GF,50
sPabQF4k8JujJ61ro7oEbktedhJ3qoZHTssweXhjTHDr84q,34
pX8oRBBUPfdhn149mR4Ag2UXj8TaBkhhnEX7eHBdrbp2QQf,12
qqYEHwKKVSNmLTGQkQvFLcPvu9Dt2M3jGtMW1CNhx2JTv9p,33
oQFofJsUtUAwE51dPAQi19gGk3xj9ugH47yVyLPW2WGuMdn,35
rh6eZBuosqvu9HNa7N5mqwMafpgsPTiopQj8z2QhM5Wt4bY,36
qUShcoruszHiPFmZBEwfG1eXK8CwFn1iYbP8FGshLzkSbWG,30
pzcRScNG8AaNogjgqUWaWe8yMJPjqtgP4vucnWtk4UWbvuY,35
rhL9fQ3YWhea1UWKB7uq2EAT7TfM6fBuV6MXvVXtq5zXD8E,1
rV9guL9hZMtHc7RVzBBm5hnVsRCNUYsraQ1GGH7Hh2Ue8Nq,35
tU2wPRu1n5q7LivznxmFkMrA1ePnDta1paAmJDuygNKxy9v,49
oKRj11cbTWFMmq9Kz9tbTY3YqQ18teBQho1jAFQGTgqn4xG,40
sH7zTgMNjxw3QwJgYYmNRhaFbAPuQZDWuSvV5gqV9xouQgd,33
sA52ixRmKD7hYTj3HB6BepKFe2yGDG5vB5VyqcNpsXnV1ke,45
qVQhwMZKxtmtbTfV78era4QZvxRLgHiMGT5UAGGk5XpVDgF,34
qFZif8EUAqJ2m7Th9DaoZe3LBXGaLEpVKxw8FFcoXddLtEm,34
owanBgKFiC4TUiJqA5YbLW22Kme2tQgvHJizVyAX7xKPSma,50
owrkjsBZy4bQUnY68RuZzJu2BAc3BpeGEEXdDbtkEyvijmA,50
s7F8QxDCpHNgHTfxNdaNTkiMR7GdzweGvykpPfFajzNDtVv,52
sfL2XQYL7z7JAUqnmWZDfwNMmd7h9W4gYdXRAYL24kvDPD4,32
pDSHNRFThpTd2ppr3rdbYQLorsePRsd99b4Pm6ex7wLRQ1g,32
prUzkE4Sx2sH8iw3mX1BRMruCZFNQ5P59jWefHfbLixfcvu,51
sFEq19oTCeyfvAkAdxYwQdcCPtFLKNwuzkXmemBmrF44fr1,26
pD6Z6gp9H4M8YfpUvUVK2xBnFFmQ42wnS8Tx6AiMYX5PFKZ,29
pDnKs5kSKSLEBkzGcweaAapEihmFHqGH8A9689MrtNN6umo,51
oYfP8DkB52YEQ7pu2mUVahp7tD8g6CGjfpZnjBSo7jLYEQD,51
rqYvETz6zVSoH4iBCsS71hfi7HTmNtjCnodwTFjo4UatT4k,51
r7xuhVSZBaP4Sp1DkULn7J5gpr3hoVRmoiZ9jcqdfn3juni,52
s52Pikeqmi4UaWfnx3s18wt3hjnjM8LKyeFyQZV5Ndxm5sy,46
qi21xNpLc7BcaWe18TLFnrYYLw94MxcvFVhkLqz9JUMrrRw,37
sH5uqwgXARPQjZDHwmA4KWf4fZ7rRwxsoPKFo1HbxC8Pzjh,49
sWSFLYusEfc8BaCFDhwqHDiKMYG815dvQYYoTVx7tfXbvDp,34
tNrpZU6HeTxc9Chrhjjy8JCG2a5coYUpqgHLaoEJRmmnL7P,52
tWasrtGaSRKkQ8SCkLm53ReSBg67q2nHM9BCMQJSRRSh8iU,4
p2NuyPUXfKd7kkLa1EMgyX8Vruvum46pvB9JgJ5Vx57DHU9,14
pLxjLBSoneAH6N8gK47SJsDEoTgARAXi5FWYuekJRXsJPnX,52
p2NrKQxZpbNpZ3uNbCRcaydvM5yTrZTypYod8Wvo3YqSx8p,52
rvVG9YpkmWvGmLYVVXLAJWtE6hU9oYf5r9Qon4MHUVxfCaj,41
oxJ3eKDXdAMJYhRZr2cMEHFGedgfF3yxXzqCAj9T7wogCCP,32
sH8kbv6ortckB6hq9iHoUCcFxHCzh294EwBb9otoizz8mXN,20
tVtJME11KBxicei5Yk27qkjVb521CDjWyWxhdMcvG7WPcw5,36
oVS9YTMDAx7b5S52AcaJpKVNhSAFq9aGcpHuRHENXZjNLPB,51
pYAWp7QBG7PabCJev6MEhycCsY778eziFZbzMnLLTc9Dkgn,52
so3WzzXEfJ9j2axnXAZRwjgGnZHANgDhDc9kYGxXghfhSU7,51
puYWD7QcwzgWE1FY6crJthTaeqzq1rCUhGaUor3dd4JMzL8,49
pLrX3891gEc8aSer2iJDPEzhb2B1qnpC85Ci73J9GQo5Bq2,34
syGXy3CPgimoFkvQfrtiaPxwhw9cgoxFgxbn1YSbHG1C4fm,52
qfNj5uqXKGEW5ruF64UjgvcdyN4GT2NdyjFjWPh6L5YKTgm,52
sL7ogLmHot8RAhehc6mfXjArjwQJpYMkZHYwMaoVxAZNuu5,45
tbvj4dPw5dpEh5upPCnUnNtEKe2LPN85u2kEyp2YViKLi2g,34
p2KeSM5nJybEQL24erqfN5MM9RiY8focmocbU41GPsYAdZG,15
tC9dJuxLujcv7Cu1Mo4sbapRdEtJymABZtqVywxL3Mr7qpv,27
sS3iJBXUAokcynsG9ZE1rP6YZsubtZDHxWtnXnZUW3zCJPS,5
u1CN4NrkA8uZ9Ms2D8dLtGVmtSsYFknpJRZcnKsJsBNL1Rg,51
pDB6vxYGEKyssDpovGbhQbkBWc5EipzkrDx525Wp6gwJ6r1,49
okwxv1aSU2tm1XAunx2XMbZS6iHNRCAEWkfEt2VaQmW93Yo,49
qqNk3ZbsCj1cCR3kpB9R8RkCMsyfVv4nzubuxDBjCHJ5CbU,49
rNwYgh4gB4pWBbvp4uUxRec1tkdAdEiBCpQX21hHmRfbK8s,35
ofjtDPZm2uUVUXwynqQeaQfGHiHvjQUyxR1mPcJT96xzBmy,47
t6Gz126P8mGXmG9cg1nmEzAxMwndvN2aLNYLW5KwrpwPkUN,51
rXR8kijdnMdX7Tr1RMUUKMoRMz9cemqMQWMWsnYA6QgzesE,50
oxHv62JHBZ9Z3JvEiZrpFtMtC1Afaz7TbLaoz5G94EHPY67,50
pMW7gpSEZgm7EUqH7yfNVBx4n4aU7xemzze1jMn2WA4bwxa,46
q5BGbSWfdvHRiJPehiyLqXs1bdvVLgG4NmaquSVeH42tGuZ,35
ooqLJcv7wftXfXuR6fbnvLsBxRH618YkaidTzxgrfzGWGyi,35
pSxQbktAuajMgbbr8pxYU44MiYM8WuZ48GrKpP7ooDzhDKn,14
tsai2S8SycBKaFLuFZDn1YeYx92uB8463ViqaaW9Wb1wcu9,48
p2FicDRmGXjt73pxxDQEaJNWNwHctjiPzo61F6zc1kU6nbu,35
oVWnVKAr52EJgFEHgq3Wt48DBT3yLdaw5JxaLwW582W1jnU,35
pBMjRBjeuLR7J7nAaPoQ3ukHPBu3tgpGWdNk2cTBfbkcokj,51
shQHVn4JE98JwCYjuzD1ohPTLsPYQHBxjy46xMWALPV1ZoY,36
r4juxva7W6va6XECDttbUYMhuhYZRA5JtnKyUVqa1WBgSgX,30
sTtDCYFtkvXKozx5TFXBg52cgx4ugBmgiacykk9zxHefNzM,33
qXs28b9qAs5sDkkCCSqk9E2o7VCw9StwkUJ5br6wGy5ccmi,33
u4aGpn1B6QZKBp2JXEe3ZPyojWU2ChuyNnhTFZmVD8Rf2Mh,49
rhSjRbxkmdzg2Eoiung1KFQvZFv3W5dbsqYAJReL1AcYh88,12
sy6FpNumGFaFGadqa2dVL3rCPNvPFN3qvhTwuuq7sdKwQ7Q,46
s1huoSNwucUU5sJdaoheBMmA6KzoVeytnSKNnAghdeywJU2,51
sRiHK64VFhwMwaPJydYMAbWkqG3Y7eszsJ8rJAjz8gBnNbJ,50
pZrQTvTF21wVJCkmqU9G36bq1iGc1VTw9WSr9s5J7tmtdTj,47
p3K4Ns8pjUs921Yh2EHTRAeYEFc8cV8ZfFKhaEvLTjJx7hR,51
rqVFZ1jV9RjQdrWtvctWCn7FzZCa9SHP7Y2BiapX6cFXY6B,35
odXYkLPspMF54c5cFycnptK9kFjsbaWo87XxBGjXoDWR8xU,12
svfVTErEaUGYRUyRW56uQYgS5hLH8oWvk5iyUv2qkeLLaZ3,51
pkKhskMxVzaSrwYyaDgXSVeum55vkAAx7ZbE4d6GgLtbQmg,33
qaFmm1BSXESzNk4KBcZiHtXTuv4dWUjwbdHbvbQt4EmfiT8,33
pBNoubtvNtwxECLUUYFH3AzHGq5ZDT1sShz5Hb8HKJgVXbA,31
sgudG3eZmKxztX35ieS7keUzygWVJydYXwv9m5SazhdSJ6m,36
pwjdiHLjfhX1oj6FhcT7NCYLfgaXBukNquy4y1SMVx4K5Wf,34
pr3zftatRA7BFhdzhZTMwiLW3hGma6kMzAjZ9rjpnfsKFt3,34
sBot2tnU35qw1DpgWvyJjxiZKhzCKF2HyEQAtDsaSepAdbt,50
sqXRzZ4jXde3WgbjRQdAwPbFcwLd3ynYp4SZA2DREyaumiz,6
tszgEp1s4DHMxu8PMKPZk7e9RhgrMkpmMA6UKJUBCCvHyJz,19
pDUYM4V4FEWTkaw8xYALmcU7GB2PpRpsxJvkMsD3WLagpDJ,50
tyByK5JgaiTVLTmnTeoNwrv2BsaruarbZe3zxfUgupaqytQ,48
tUMDpVAsLn7XpSNRvKDB9ASWLpdS6zK4gQPaZuMXb5CkdsP,8
s1tfkqxpmy11e7sBoa8dEKmwosoGkTdXh49r9GhSLNkwTen,33
tmjj3NdCwpTvdFWWj1exeBFECm1pahLEssF1TGppRegbJnj,34
tewSCXBNytYNDJaquRPmzVEfPWcPxisDWGMTo6j2ZsmfPRy,14
qDafaHtryfiBdsDFDxa7qdSmyGnuaXmzWrbYm7ZtPVsYed4,46
tdviEd9NkzfcTaytQxyEyYoBbrv7jXApsnxeYzUFbxj1i7C,33
sqe4oKUBDbtBB25md3AYeqS99pAcmeNhyA9ju2qPfZQqrot,48
qA7inAxYFCN1M3kiuQx7pxV2hGaVVtzzfRZDMiNXU1HxBgB,50
pJ3Y92S3RxJ3eJpdpTFUzSevfd55zrMGh7rRtkX2LrTohk9,50
sndahgMftA3k85mmknJYKZstbkGSVyHAnxN4aYo9RPgPeuZ,26
r4s2BkoMc7MZqNivgZsaTeNyRSzRXrUv3yAQ2MHDZFwxBj1,50
pPjWMMYMnS3ZYsUXYPRaLu7D48aqMXgJiQWV3A9bfnSKQLD,44
tsN9ceVYaZwzVxEqvAV7Uxf2cfy7pdEiM3GEhEtgYJPza3C,35
rcNYo28L5n2FMZCQrkpKojgNC25mGnd7NJfpBeKW4S6hNWY,52
qvaefxYyyHnvmZ5K8166UQY4Ntk3ADeffzFjcazv114S1Q1,49
oxCUKWkjJZw2ygZCJWjp2Q8D73KEekafqjg6c4aUEWTidPP,35
tNHU2gzR2EvsaKxpck5VZdYpzxUHHrE2yeyqPVFePH3WvbE,51
u1ZqGsdHei7uMgrPS6ThHTZ2URhuz227j86o7TZT1K4Tq7z,30
s9uneoqbnF2c576afWfRda7S97PgnvKwpZaXmx3ewSPxinA,50
rSMPYVqyafQtVbAn4KWAuRNgVaMi2hvQTuvsF1BqrmTndcD,33
qcuQAbjnxUEqS7hX6bTtgyXbHsUNn5HNkb3Y7oyrR6o4uYS,51
sWSZy3U4HM99zorYJREkEBzwthDUYuprTQhkE7qymWHarMR,52
r5Bq56Rf9znNoqaFxVywHXEKRG96GauskRsVqYf3FxierHx,47
tL1h1UEBc8Jsjd3dMjiiYp4wxJLtgVwkY2SFeJ19vJqZ6iC,51
p5nCzE1r2bW73S86B1jjupM99QGvJt1W9Ynhox2xy71bfcK,45
rxpVxAZcKvTGm1Jd6Sxzxw3dzHfUZiHEyt3BfAf4GRDyfrU,36
pw5YawV8Kf1GyymBDAMEVweMiU6W7F6aSw7onuu5HB8wWMr,35
qcFG4SUpsDZ5qgrxzyw3GcoFBviXCbY5vwRgkabscUj87Sj,51
tTkF7aZyjiXxfXVSQ6rWV93xc8y71kjvS5U13cg1dKhCQim,35
p4wuqhA22uqAhbEuA8AEGQm6YjDoin7Bwr7TwXC2tBZDCMJ,15
tejD1dB8dYyDe49zrqt55soz4s9kDZZJYkHLFX8Cn1vCx3d,35
tRnNtfKtRPcSYxQfe8BiuHGtXqhNVLWp7WKTSRYZ2E3Dkd8,49
sU7ZWtnHT4FDHbYQxJNMoYZJ4sKT6iGnbCTMyPvG1oaSFjy,52
sCs5DUTMtyywvY16cNDyGL4qT5tRuYRYPisE5ZvXcLoS8GK,51
pFRULNstJ5C5FGgYoTvYBv7kj4hbFS2TuxY3YubDRF8HJRz,45
sejv726XwUzKWHG6cv7UxMziEM1N14VssvbYgp6cf4V3fcj,48
prRQkW28zD1KWbPZBZCcjc7MaXY3anDuYr81N9FmGZDVbLq,50
qyVUHGYmvPWcBKhBjkDuXrf11n1rSHSr8b2CFm7VdfKbU9s,50
rRhqMhFyYrRvwUtAqUU3EmCX7bPy9ixo2zR2pQLJQQCBeq6,50
oaUCCyziWPcXn45qG8h1UEA6pWeH1CDhjTPRbBiZmFSUUHq,52
syEJ28Ncy1s1ryxcuhTYLnSJrxvu7fQFPbNQmfeKmqQa1bA,42
oubSA2HaZBf5xwupC7rpb21k2GpiVyQCaEocTF8No13ih1H,51
poQXPp9xUYMTPsUk1S2uDnhpFmnDF3e4aS7GviFsHeF5tAt,47
rHnVFcjMohwHZeiyhv9DgAg66NsiuoSk1Lr5CqKhrk9YxWy,51
qCfjppxHUuWeLiAEeTiworkgaAP3bvjiJFQswtoCrRr6gCX,39
pnzm69YDfTrWKud9naUNxqRWFmaVNxwUrS7nciY1VFfgkCk,12
pfMf2JpzM78wHWwB8PPnwyApe1QbeVtbHArMnjr4W3jbrvt,35
pJEptsZLv3MZk7VVBKYGSLpQyoKgFYKLyZD36t8zoSJzwyn,34
t7DAbTAJQJjU9iKJy4qxzGCWemq9fbQjwiZLqVKzPayjimA,50
tyMznuFjfRQ1mpYmctCzTLZXT22v3Z8B29okhTLuuS5xbEa,33
tNvGek6JQaGWqjeHkAATXJVtumocvXhbGzeU15mvWysdYiJ,49
or6rU6M6SfkJvLP2GE8YMKRy1nkE7y9E46Ze4bHkP3WG1L6,46
tHYmwvDCPo75wrGgNUGoUYSPZvGY3rvyAk4kxjks4ghYgJD,49
sPXcjEg7vdeHRYRWpoQNiE3uL3YKYHwihpSQo98hKgENwdn,44
pcwwLWUga1mQ4Yk9U9QyotAJDv6aHKhkt5UaUZeyqdyEEPv,48
