5HdZGjnnFse8vGeFh2S27xKHYxLvjvVuoK1879i2wyXSX8AF,20513641741308782
5EtXZ798ZS9RtzhTbxbCoHYN2ZVdHK5Yzvo3qdQQas5XC3D9,60000000000
5GREeQcGHt7na341Py6Y6Grr38KUYRvVoiFSiDB52Gt7VZiN,10448658460882
5EP3WQns43NRypgcqqb3sSXAugE73uExLXrtmzP4c9LEehyw,93576150478074
5G7HmJ1T8QPwB617axKgCeiwCPk7WiqqB41KrhKV8fWy3Q8V,505312596734966811
5Ea6L5GjM2Xiykwyhf75Kc6JncNXKMvT6TDhTgkJA9JYApHk,628507650722033
5G37EjzukybyVa4r8muHbrZ1aTLnHxFBSP9ajCEPonwYCMJK,1745298672002789
5DeyCtMXzWQfwdcBKGn84tepbfjdUL1NAB9gs8ADdHEt7Trw,57128528491650062
5DtkptGAdj7bLoXvTy7qNYc26sx5iggWHVLiojh3bKxMzfiJ,1545622953261975
5ESE8xBQvePbGKuCMPTgsyUetUqrqT2eyJcnQgG15nayUMsn,30021789664698
5G9Es892oATpPDnfGgGFS5McvYnjZpUVdVq9sfcwMVMTtNZC,109664123405144190
5C5fWZRshPQzdSVnyJo9xjpUJnazWYtpfjVctQKAF9JZ3G2A,599841633057204
5DjxYSSBYhbUyvaPkub5S2NQzCeJHuytwWzFNWvEztXGjHyz,598856232010680
5D2atEVuNsCz5GJKDd9bVFEZtWp2vcvuC2uHves23FC4tMe2,237013694046
5E2QsndStQ89zAzY9doUv2WvY9HjTpNJ9uC2AB8ZaznbWXNu,70758015723699333
5FW1NXfD9G9NjFD9d2chnd1oEK2PaQ1rHPCam7zqpJCPesYv,595650494193942
5Hm9WbxMuLb2oGqU699c7Nf1f1tkSpm2GRVYWg7NDThKjuNV,46582714280310
5H8hArcS28RvxVdJXRaGdYz9mpZDR299uGMTiYFWzWxC5r4X,4996900223626254
5FUQqzctv4xisbDhrhwzWfJjezYhn5zXSmwHXYMn4Qs2Ezac,452522553631182
5CfyFtZ2Rw9gWmDHxDFNBAj4MRuFVPz9e8yofmPbLZRLKWBz,730858141581132
5Cf9vyQBhhpycKH5eoRf7nCPsCicmZEnERUqzY1nff3RHiTq,37986257648136
5CJX5TSEokNNvgN23BKDLg5wPrC1hjmNb99hwndgEJK5x5jK,302420697694264389
5HYH1zVDPdszvwKUjDKs11HLgzFT1X6d4ho94BUmJTxqyDSw,44988602089440639
5D4ejSKFAKvahck5LezMqrKEd3AqmhG3ATtE6Nehamy3WSkT,2318648319774090
5FUT3oPmttYxaEe8KbdXCwovvz7tSQHqmGzz968yGZtAcT8s,5998171314007632
5FLXTXyMkRnGQLC4LrgtD22yMZP3mqrgqs6nSnoi62A6d8U6,9220110038322552
5HNpf9ydo2C2TFBS1frahQeNDVdG2QABGckGsBNKxPq44Mgb,14276724617922
5Dtu2D65WXPBt5jkGSDpKYfJLvS5fJW7NEPGzro1VZg2SXvT,3109972903998344
5FRBAAMoPshaG4fJoXShYMBG4FdGneQi2DZgrsurWqaTr41i,16775394025860920
5CCk57vH4CbSXybiUW92NvL1pmZqLRFu5nkFBgtZsAaBCMQ8,10964607487578
5Df86iGeKgZWNbF3ZSQuxLH2gT8rMP59QkZeuuxFmPFHL9dQ,8230799045621972
5GmVv5FZb7zguzGftZ8KjpREs7UxnQA7xh9PnBrikqPn4VdV,3588366442889616
5Dw7MaPSgN2Qh9bB1G83Gv5mmQwBKD93K961AaaYsV9RM168,16358859070744662
5Exyar4kUgMtVgSNeeb1nzxQyyJuxmSFnjXHgAka1TneAmx6,109119444690303155
5Hor5gaoGwxmPZ4jwXuwLNPnQtUtKHLx8dENAcQJ5WoXGvgt,16026650195806338
5D9ieEbJL9pavGApHs6wSAGnUbN1J5DZshoJ2skTBFg6Z7z4,52502779524000786
5Coiddko324JRzZpr7yKMEhXhhmEEZS1PL3bW3zuydiiyj1G,179938458117618
5DvibJKhceQ8gk52hoQ4CTbMG1NNMUYPtvDWBhqKs2LVGdr5,60000000000
5GHtirraLbXNnFMyRrMFY1MfJHpPqZaaNw89n7yGiQx8d4aW,743660517728400
5GFibG3LzKFJDLTfcNv9QA9UGENMojR9kMSgzcvKug3LLZGH,600000000000
5CDpfudsfCWbFHRtGnYWaVxjX581gtTD9ZJoTYHkPXNJFTX3,3684107515680579
5EMjsd1DGwJ4H5hwqRYc9UELsJHpnV5FYHVp2HvC5wAj7Zv8,371543054112731
5CfR43jK5FgBRnYijV1UaZJPBF3pSg9yTBJLrvUkhJeei6cn,151918279344534
5DV7Q26MNZDyJTmhKit4R4gA4fCTnSUDAm5gqCX1uicU9doR,1951402154339916
5CVURYA88iurYdjiSAAVZRYjYF8nep3e9HMBk7p5p8nwEjA1,17257198673690562
5CDTSxF5MtgQE1wXw9Bz3x42NNdT62kpwBpMaCTEnU8eTRiA,617375203033228
5EFicbRUuWGorzQzkzCgFQtVYigPb2yrhQDAVJrF7mqRXEuD,146024609324796547
5DLdMFBH4xPNUQ6VXVXcibhrv2wuuCaAQhnfebMiCzGX7QKk,5999998542012
5G6GoquGzEbyDWXx7A7Fvp1626MZQGmUnojNLek2UiVnYuSn,121187813133388
5FNhJGvys1dw8SB66YxnoiWXgJqNf1N1qZGa5Qgs8FcK5zPL,6028663206930126
5GWQXH2Sw7fxhKiMuhBa44cxxy8j1NctCjDQiBdDAHcaw4P3,2414824119578038
5HT4wqVT1d8AHyciCSTYVsYE7XVMNBjqX5tCshaV95xAAQBi,54011788021470
5GeT7Aazhx5X1DWM2h1xm2ZQUy2WxrxnSnTFNRZTLbipKqcP,159918109911228
5FCrLJ8JqGdPVPni6sa6av3xhHAB8hyobXxTQXZueSfnL5Wb,5997847345620
5DUN5o3DamMh5U5rwvbAaCaqChv83FMXmV7LPM2fzqnr2p5Y,107564442499254
5DJ6VEsn8wGU93upJbfQ2XvfY4QJkfsiBuTro8EmQg2F5gQt,11391222133824
5DnWLHUmR3BKnYN6vBPqHa2YcDsHoTgrFMtQPPhvvNr9xWhM,2495977250563722
5FLatVBwAAfjX7yKt2d1TGZWJFxNC9yAnRzxxyQbQQeRg6My,1920234822031040
5Hp6cLUGQVYdGMN9TaLhwiCNXdpYbw82pmKdrut8tLFTfsH2,3282250222783392
5DRhJqRbyp6PQydU3PQTsYYT2FwhyPzZ8YKcqt2RdjerR8sP,60086194668544117
5DZRYpZFHZCZpKfPwtVHDbssUkdaMcNdtqGahramkZUFFrsP,6385870308534822
5EeaPtdTx3fDYnBiHdZEJbGkqBsW3nTy5ybzDakpQqQnHvHT,17993106506969268
5GBo9tzSrigJXxboRRW7obT3KXr2cJWEZwzEryGCsqA6KqeM,71996494363872
5DWyxKtAUceSzjzqFr7PzyqDFB8U6i1bbgTsjYAmpNu6u1Vd,1074847357138510
5Cd1K9UM2vGkqpBeTqinwXiSXhdZNexe6qrzRZsqLK8RssE1,180092985131714564
5H5zEN6MLFhbaz6WdnZfLvypN1J1BDyzfjevucDL8rc6xNnV,211380584221302
5CRjsjGHwcXea7QePdZYHUxcoqkjJnjLUwAAjuiHmP1ViWtp,18304497361925166
5GSQjwf3pJ8vG9QtbQd8sf9U4G77VaUxwFfAPgpzwDnQiF9U,6000000000000
5DqzZ761penxw9EpCvtoA7z8hX19bQuyh8fY8vD1a5J2Ho8C,235875461488230
5CS7nMVEJegf7oR8aei6qAn9gSg671PqDjeynDvxhTHs5gxD,10822402612463470
5Gru3MF8nF9W1gaZDgXq5QaKTAAT3WktTk1RU7t6Ca2UXshx,299388571750411353
5CPrZzBsYP8w3Fj58YoJQFE5bKaE5Gb5tf4EWubzM8LvPNcx,262775097500000000
5EYCAe5fiQJsoL71D8qNrZ7NznTuLKXk24Wjp9pe18su2Yk1,195728985
5GZawrcGKpu9BQ8WjG9s9LZnAbJSgbVgrNedCDYgoz5RH2aX,33693895927912444
5Cr8Vzny78WDmmcgBBuyQBniha3bxHyFPyFBvmq5dFAUADJb,68037523534828
5CPqoKXqRmCcbxejNzzduBagDqyPvLUZX9KwZA722QC9JPz9,119000000000000
5F53GqgwJH5ebUvLdmxF1msHGTGzD7Y9soDVf8Qk8BzxiTsf,549195791569376
5HNdoz5P94bM7f6UeKQ8sYSQBbcsz7GrtZdps4mNkzkJzUXP,41908352386550800
5GBp9iGDmBhPbfwmDnzgCAAvCxF1WzzqoqsgrBDJfjaPPHk7,634999242799425
5Do5MAVJyPESuGnm3H8acxpDr5UPZdr85EWz9YFCdLn5A72D,12035487365504
5Cy9sRftGXBbdTLRrSpo4yvmuyv57CBTyiM4sNvyhvLrBEcw,4839669121158480
5GTz97KnawgGMTZVBPGFZZj6AVMoYy6GXMkNRNPH7s9tRBdT,2419388267505501
5G3wpn2mLw7FVccBBauE1NNXToxrWJrVmce55V2rt7FtEFyg,11482344061865
5DWntHtkniYkzWjCwcJoJnMyacwfGZBND9B9FH8npoCKzBz9,3189036229989762
5Dq31Eg5dwrm6Ltqi2vpZp8AeNwtxesG212oyWPtj3aNK6dC,191581591769973
5C5rWjRKfMExfmav864hS6aVXLG1183spgdUeQ7e1XuRMF2B,59982844944099
5E2DPqokRg2XSyu7EcnN2nd34gSDvqnNaVrPMkFtRgX1HVCf,13346135154504828
5GGsMhTB8B5rTzZdLQL3asESvPZDLnKXGSFAfTz5iqis9yS2,4850446700920575
5CJvbWqzZhfhbLxynCKWTJNWYNyUoeQcpRePRFNQoVhQF3gZ,88606086356672379
5GEvXCzvKcpYbDbBYwyR36rpAS6a4CottpBkS8RZ5sRWwoFi,7589061920178131
5Chmaw6sQM8wxkf4dM3eSBnj4uQyJGciHZnhjP9Dy2YU1eoa,59946118057731
5HRRU6LUDYUowbneh4iH6X3iVThRBpKTRCYLhYWbvxsxrwxT,13867975915825980
5ENfodHPg8A1W27pwEXgGkxVApzrWcv9PV8Tfe6MVauce6bQ,14996078531343
5H44BvZyX7zGn54KE6jvTABBwnSfBf6kmsd11dTowbhJupRj,4004339187219610
5CQ8QRp8VMyAJ1atSoSpdHTF52itZHULHdtKsNijYaA1RW4P,289414928885774
5CXvrq3GHgsXopmTtCGzhtkLRkEEwtgfyhaFXnskJE8YTyXZ,7581938297913228
5HeB6AnhGdewvUJkufWdbEfoJk4gG2h3ATMdAmszBdCZ27Ve,722520771622056
5GdnLe7t2VPrbUVszetCzKKtmH2rTDWoaEqCoQsZP2pzQait,204630227039264
5EZG5iDfZpqLdwe3G4pbgJcSCaUMYPtfRubFXhtuSSmcBCaw,38519249093514
5GF7qeEbq6J4SK7oGsbFngqV3TWS9YL1L2pfuYkrMYPphB4q,699648332820255
5GseNQLxXpsizfxLfY8TM6vWmCwkkYz5A2aPtsDs3qLPBHQE,24603808949048
5DiD5n6Kc4wQQpMAz2pSC4y9Ect8QgKMuKh1biQDwr3pt4iA,14396267658787404
5GzvGpbbN1RHNoVGgzrx7ZZfWZM52AdNJ5iFiQ7nfCS48wLj,32777818324876
5Equ6c29s9LD7QxAJMhyFNniU4vS9LuG4djXyWPgndu1Fuyz,52712133781823576
5HRSgFPpsS9exdMsUtf6dfBDMxEQ2P2TkfvCdmH8AKoh8jVf,609562202265770
5CDXVxDMBsNPFMYYAYcbE55B8d2Q49EN1pQGAebWteFHpJTL,2441894123356668
5GZSX6EYApUsFK2fFYc9atw1dEp7RTmSqkNdLLAKQGA9xhbj,4998847796607052
5GHhsChEguttmZxcwNuGy4UQzymkbVKzg1sdzdLu7Ubji6xF,416080422182
5FzyUopuowkGGpPzCj9V5V9RpzfDT7t3q9gPqaxKRgy8JQSr,33649925246719093
5F4EaC3JuxjyU5Kk2rwj7iT5SQyivhMseMTRYuGxMPiKVEgF,254840797717702
5HRH7PXrRLY8akMe2LRTdanRyMWk6PCPZk9pFSKpTMhuyY8S,4999113985265916
5GgpVcZiWnr3qzoDtRDsnJbZAggaHyNnceZ2VREYmidp3MT8,433367825246762
5EHQ1C8sZTSLEZ5Ao2yZtZ5d2khvtEshbs5aCNANt28a5zMJ,7998103634027526
5ELpMJRj5P6LjTsBr9HeHajur8dWz8y4XSHCEveoE5fXBURv,92014390740900
5D4nw4zCRs2zBvfjv2EnZhfdFaVPNBsE4RkxcsVLnvHN1rPC,20002689596971
5DbupDvLeBf8B6Qz8TFT9yzfNvgTceyE847HUkdzxEGnKVoa,2700822912506458
5DnyS2Cbkbgs96KPcvdah6PHMghZ5zL9JjYF5YU9JJb8A8LY,400054377778451
5CiKFux6F6raNYLMePtGZn1o9BLjwyyQkyi4m8E4KbFwh8nH,1137686418291157
