5GRM4r9aHBathkY786sJU6Qwj8biUVAPrnWNiJ32bk48K144,279356018
5DULWqBEgEZyeTiVcdBJHos4vhrqAeq2NUhvmdfuMRifcEYV,74931781076
5FC2S8mjEY2Sdj33v7UsnDx4R6qKDuAyCRcYkN1zb46DKrgc,324762607
5EA9oAMRRPu8R58DqcZHNFUxmuHmNfLsp5ZfLKCBZH7HKB4p,12021740761
5GnDbMjNTe3jKiQS6uPqL43Vu6CM5VzFaRxTm42mCQ4Vh8n8,143711207
5G23AzUAickg7VTAuU7GKbnRn9MbVPe5bEAVTNEQLZfwtjXd,2183301118
5DtkptGAdj7bLoXvTy7qNYc26sx5iggWHVLiojh3bKxMzfiJ,141088172
5EFM3WZhaY79Yg2bYdKtj4555QjZubM5wGkfd6EWU1tm1SNx,2502907009
5HmMwKe46Y8aN8awKqzk58h2JnZejHSXig7AsiDYDFZspPyf,13184169682
5DHXS7rwyadq2K85oLEa9WppTGkH21XcgoZtgtNUxPXvD9Tz,97578355433
5DCfqGBg9ujzp7b9oQhprVGHcVesHswuDWGwimFSNWobLVnD,24522854736
5GBQGsAApzCKMGuMonJ9Fv186P2ZEoJX193qCQy9Un4jVNBM,262787064
5HGRWqG1kwRQDZoBk5JixenZhke7vsD4HwWec55C6rbrpKAG,645275551
5D54Zp5xQL9UHd2UxRvhfHsDKqtWHb8WMB7UUBkoXEP3zubo,5974184192
5FCQtWidUZHxyoWoo9nJAg4g4QxDdPUaxe3ME8ezVcdP48tR,1238930449
5CiMBMj2ndrQYKjnu94VzKjx8y9F1YKUnrNAVqxpiF6m5Wga,13791214
5FcTDLa9G2361TyUUKWfJTPKc2EWfZS5d9TTneAN53x5zLP5,54680174
5HWCy9CUf5bdNWafUMF5m1DXF75ScLwLHsdJJTXkXS1vFRTM,3828811709
5DyDBnRxvyMc5m1nYXkbnyRngyJfWrHDxjhs3NTDefQnf9L1,62196972371
5CFRpQjcqE4Myakfe9dxJe9KLbVkXePPWMaH6tWpMLNg5eZB,1648430802
5GBZm78cDzRxWLWuNtyBqwLQSR56HXaXDjdEHHaoZL47J1UH,1426240685
5HMkk8cWiTzXWjq3MW7BWmGWfU5JBkizc2KCbzUx61a7Yerd,2764630803
5FLatVBwAAfjX7yKt2d1TGZWJFxNC9yAnRzxxyQbQQeRg6My,11619690
5HmhTNPZZFKFxyd7GWEZD5JKmBCso5GGX1dNVKVfw5WjAqFD,24550203497
5D4THRZ8jRmKFe6QPbtxQoLiV55nrEyPN136jdixtf6aFgqR,2062466673481
5GgWAVbHhiquDVAFusdr5syfpzSU7HcRiJ18v1xP1i1zzJuf,4016272980
5FTfUqhZ4kiYMXbu9jKrtDAL62h65u4frDdvedTKZQACb6Gy,408672010
5GjWraaJs1wjEAK9PU2dzb9Hey2pRyuDeQ5WUH2UAVtNiaD7,452043847
5DZnF6gRxKkw1enwefBa8HUrYtLrD1G9fkrburK84GnunM7E,523262
5FNNXRQAJDyTZojrNRPuhq32RRCCppVRZ2ckQCJFV5Vgc9uG,70312383
5HYfkhYG3zjc7S2jo2CZ7vNh9njqU12feA1ymZ1bMNnNnYTR,18057712542
5GzxcGiwcyDY4Twhoi1aLK5EYhRaokwFJZLd4FEq1NtV1D2W,67873398
5Cd1K9UM2vGkqpBeTqinwXiSXhdZNexe6qrzRZsqLK8RssE1,34773294769
5ECBrPe4287YbsGJeudbHHB9CAkmprcFb8CwMqFDzoKGNCM5,11448397882
5EYCAe5fiQJsoL71D8qNrZ7NznTuLKXk24Wjp9pe18su2Yk1,35541
5CDmmRXtkK7cSykeEPVYxAKnZYMZaELerWziZsdnGUz2M9hp,1034106844
5HpE5UWgwYzW9ENgJKTwvuW9FQpY9G8DcaCMAbwPLHZENdXF,291109594
5HEcEgVyduDeBKepmkCvscsaPnbCtTHX37v1x19XnCBHXYun,1093418029
5HeQnZuQMAcRKUpoqxuDZ9Xn3b8gqonvjrxUuq4Qc5AkHy4H,710627540
5C5bRUpSbgVrRGeYZg8B3uh7qkWpLZ16RJyv6PZ6WQhrYQuW,355862165
5HMqnHQNkVXiAvB7deuJg5JPudxR164j5594GHtJYk9HF7tC,73830313
5GHjUwXZtn4DgWRUPqbiEp1AYV4dg9TLFP3ZyzwPjm9NosF9,16375263
5EZu48v5LnTocdpBcYXUaQ7ju34ZnxTKiswriHgnTmzVVoB8,102310813
5D1zdyziSgjFG87kwdbzxR7btTx6RcQ9xmRSktVvw54eEZkZ,919704228
5FnDotDypjQTV3STpmofx2jYKDtptsBniEERRqABz4SxWtzn,11337662694
5GzZLDhmFHmPH5SsKUZPT8bqEecRPvHf6C6Evfzd3RAzQzg5,28536317806
5CXjk6xtp88pJBwxRsUeKayC5N8VsSES31iNot69277Aijot,1779337333
5C4uwqVxYUi55J9aFwKGu6Q1UeafN64RRRVMTTxVTUVnVohP,180940063
5HnM9GwxkxS38rSHBTjtu4iyV63Mi1Tgtppg57JQXbCpp8uq,136408395317
5G37EjzukybyVa4r8muHbrZ1aTLnHxFBSP9ajCEPonwYCMJK,339177931
5Eo129ENQAKQVJN3hiydQeC5hA3RdXKBzV4YL8ux2E4ZdrPs,68165829
5EvTnCY2Z8GD36oKqaFFK9hP6MEgGRoyXTuFiPMGuxZZh1SW,1691224948
5FhmFuUyfyRQsgsGjitxwTbhCy3yvkASdboN39wHBnrVzf28,268612820
5DAHjTGcLDXCpaZ3gYvQGuVuHg6fvoXFutRRCaqfYsb53VD9,7575822366
5E1wnFpFrc1UqE9ADVwMUtHL4UEBE1gPVVu3CPFkn6UBVMtE,7064218209
5HRRU6LUDYUowbneh4iH6X3iVThRBpKTRCYLhYWbvxsxrwxT,41210280
5ENjb3ouip8UnsDVgfDqSk9zcRoq4w4n8rzsxZV9hQ3BDAke,2055504030
5Hq41GACzMNR6qupzZdMPsnBFg4wSovv9qJuTZAN8aSwN44z,13103977
5GQbZciv3kJb7YjUnpDoui5n8zpmvGP9e6V3unSNsgm1rZYe,1087470830
5EFjifY6kSV4PSx7uNLudtpk4e9qSCJtAksHD4XhYumZDtJT,382427673
5H616YgXjX52ypTpaLot5eUvCZQ4kmFiuhkLetirmumQAwd5,22241867
5CwRhBKmEyhLR9L9uhQFeBnkCaAUTXXZdJxjXfCbVdH32djh,414522052
5E4Jr3JJNj2G8Fq85Xfsy3WGLgjBS5E6LvFeLkFwUSK5cGjZ,270965
5FZ3ThCqjJ28V2KAMTAbeDr6WKVgzAMFR5XCwfHobCJUWTtj,118078464
5F4QKZ6zH6PSq949DFxXUVTPQxFY4KoikQP8ddL5wdUnJ2ai,2450656
5GyDPmx9hPKrj79Sn92ZxqWNWnwWhvmVTwPgMa2atrXoYeJk,3594532854
5FgW3wFCie6BFHP8RZFeszihbSKncXS3EcKukiw3oH9vB4gn,1778093532
5CfyFtZ2Rw9gWmDHxDFNBAj4MRuFVPz9e8yofmPbLZRLKWBz,213924318
5GKboSUiK8B1F7wzgmREddtkCLmPUMuUnSWcEeoMBpmob2QR,556551363
5GeerwtjB55bF6v94VN9r9wvDM11KGonw7RrhSK3mx8kHnfo,88414517052
5DGA4JcnS5RavpxwJfadwjzhKMEN1PGT1NHAnmHsnqu4X6Zs,46140721
5DFfKfb5H4SzMis1ZrP2tPWxzTq1aQGwBHrtmceiiEBQNDAy,1281409454
5Da1EYudKfhQrwZrA3iRLu3rgXf8vnRf6icQxeSeJy72bLr3,2616466637
5D2Aj4fWeWWSnh9285H5YAuXwxM6DWmHJAK8abBPVyaXWsDx,6070487636
5FNhJGvys1dw8SB66YxnoiWXgJqNf1N1qZGa5Qgs8FcK5zPL,71830241
5FLXTXyMkRnGQLC4LrgtD22yMZP3mqrgqs6nSnoi62A6d8U6,77530101
5CJPEDH99tmA11aR1pPzunvChWd9L4S6GPnRGHcNsYPHn2oy,601503590
5Cf9V61adqFFCVimge6pa2vST5QwWjHdDAFNP9tu58VyuaZ7,691475233
5Gh2apkyHbzsob78yjpLreyjXAiTKb8tb1Ze9DihNZXeta6n,8428082125
5EBxcZB9hJsrMaJnxBDrzvwuAFhs5cyPNHf6JvRrpd2vJW14,3684870619
5DCoaBXCxQ6cansiFh1WAMFKaLMQLuzBcTk68eJPoKXshJrz,18170973139
5GKWT9HxmFPiBKyw93F21qYxGCbbRXXFpvDKRBsxyhdTzpj7,1438562855
5H3gGx1FyFwKxHcJ4rGt8CNa2mgceAaxJmxcKBqk4dVpAzZY,24556803232
5CGGsEVqF9VhMNizzgJxWt6DXFkh2yneTaWAAffaYhiT8QdC,681461249
5DnVvW2153zR9oXUbB5obuxuu4dq6f2gEnbL3GKio3zGsCxK,2488675026
5DfFfo7AxJmPzsVLuEjEWhrqdLHXwjZ55PS1visBDDmmhDWf,141590
5EFBd9EoC3txrgMvDsUbu8PaQ5NiDvTfPaSSLBZSt6P4xVaM,13662008949
5EcdGUHdTn926C2toHFGheMMc3Tr44WmjW5P1qvnutReLiZb,28155977289
5EhCYHFt2cgCCuNwMfKK43VAanfThXmcboFNjP6Beb75ZgY7,111410310
5DZz2f6u46S6DZhvUWdHPBBfJcj8PrdPS4TXWKFsrHB8MNZy,39997377
5DP4BPhZcGmLkVFU3afjYoVuLxxkJeLXQ9gLXxmrf5xGTTfS,75279392
5HGnHByCjMXawj3xndmJKmW49SgwC62GCtTUrEeQfKavQUMz,57697214
5G3UkXLnnzsfYQrkEZA7LfxesLh7S3MczxPha89EgAGwLUG3,7217587
5F4cqaC3EECQbfh7gpiW6D8RCgQdH83wQddWRyR3x23xSnZh,422421905
5GSQjwf3pJ8vG9QtbQd8sf9U4G77VaUxwFfAPgpzwDnQiF9U,858863903
5FEh9dFqsE2fXqkav1VFZJnqR8PmVKJT9pHe6NECKSxJ2pSJ,788572396
5CPqoKXqRmCcbxejNzzduBagDqyPvLUZX9KwZA722QC9JPz9,3355750
5HL4vdXBy9Lj1nkXizPjHo6C7VqZtcN7fYWHtJ9H7i1iwz2E,49051072
5Grkw2XQhadBf2Ecr8wPCGL4gGEzc8Rg1T3Z8TkNmVRTVLei,330683898
5Ehk4rhATvsHKUJCypE7DjNvTWFndbXzqzqn1gFWWz37ef3M,398213866
5DU564tLz8dymv1ikTtMakqdLzp1nutrSGUQo67JqeqALpQB,230579
5EJFQRvLCLL3EHThmb9RZkTDfPiNRC9A8MRrbFvdaPdSA7V9,1402432507
5FcKLw6EjnaSSJ3BDKiH6qKD4Z2zLMjGmcdRBpKvWGUALhZs,43400721
5HHS2m4ZsJgXCLR4XtNB8YyEkTxbAubsiS8aLLFH9NUjHqiT,8561625265
5DV7Q26MNZDyJTmhKit4R4gA4fCTnSUDAm5gqCX1uicU9doR,13947338958
5CqJcCW5SMqCZBA9KhGsB5KEjuGzfevLZ4998jmhKib1qpdQ,14851612617
5HgA7EcFQ8x7NsS4mSaRdqS2h8Nb7mL1i8mhpCZdxRZ2zCoQ,3721651024
5EfQFdDaCVzH6bW3hse25SEpKRnrw1vovioTSr2mGaRVYPeE,4512905442
5F1qqJeVmECzW4fwxj2ymaLB7UhVvUhipZo5RJyu8zeGcWzp,113775266
5EXbHkKczMciJBBpDPfySuExG5QQNXaZHCaV4DbZJhL9UgYq,1301531
5DFJsScUySVeJ8UPrQNBwqfjPN4P7ebrGQqQzeRg4J9ucnL1,22918918410
5F9YDKVjNjk27gyxzJKskh5tP66vjHdRW7bJVEaADW2Anx7H,356888804
5Fnd4pSWZ7bJK3Q8o5GmK4r98iHZ1scqhUehAJHourDWwC2M,536035335382
5CDJuMdfVLB6Pi9KhMpJrtGmMbsEeVbGVZH3WFeJzAWdJEYC,151092126599
5FCLbQYRgS9dh4JfryexxGBmmTpBcWQcn9w95kaJTZok2Yog,83242654122
5FZ16H8pied7AZtn2EKvfnAoQ7og3gTWp4Z7KZ437WPB9KwH,61483627
5Eo8N7SJv4rTqAMSqufXpNzE1kPSTeNPLRT48iEWTKZLYcu4,71510863
5E2QsndStQ89zAzY9doUv2WvY9HjTpNJ9uC2AB8ZaznbWXNu,7337094767
5EWXeMJDsd65gHLKfT6EQod4erLuoZj1MmNh1mvbyQx69eUM,11683832
5Dz2LcfsVPVChqqu8XXmYkDAp3cgPEB92EnfK2Q2n13EyT3Q,10156020725
5Ea1C2FXG2qWe9seXsh65ZMVphNjsvBjbLFuDqf9ZbNMT9kN,405326415
5GREeQcGHt7na341Py6Y6Grr38KUYRvVoiFSiDB52Gt7VZiN,308155040
5CJ81rSAiPMwVBhUNVF3tvFmQizp6z11snJd4cA8ksShwZd1,1355377008
5Ft6ENtYp95D6pn2o8Ex74u4p8ppMuS6r9LeZMUWKXZqGKiP,71489894
5C8RPQskJFiMATv4guZb2ZR9xtFeaWdpAC5sHZHgv2ycBuhb,10549821
5G6GoquGzEbyDWXx7A7Fvp1626MZQGmUnojNLek2UiVnYuSn,573962695
5EcfVp6zjk9LFRiyw6524NYiyNSZAa9vsdGedUXjRg3CiYLh,5497856336
5Gy3HBdYRUVpVcUMKNjZJeXRpH7p6TLXkejcxmSz47ahpzLA,6468420552
5ChV2NefDReFKY6W2bCbaLpNafqwpc4FQwDdSoGYDVRKwWkb,1386252045
5Ff1ZAcSnmnFo7QMWEDBK6VSFL5S1qWbGEEv23c7JD1kVWPi,5302334982
5GEjhmwC9255azTEtetNUBjX1czY5Z2dy5NGUoroT3A8DQRb,2302710101
5FjmPXaqoGq5nChJ49SiACU1Hqyr548aDyURf2FdGxMdypYY,398716421
5EFicbRUuWGorzQzkzCgFQtVYigPb2yrhQDAVJrF7mqRXEuD,8120648344
5G4UwKvEWgb4SnrD2w8VcbH2d5yqyjLV5cqaLQNAUUKyL2DW,1109500829
5HWQUukoM1bdgk1VyaLZpQP4rewNDDXkw3YYh4FJK9jnAeA7,435376909
5CtBkJvf22w4Npj4MaDAMEcR8cLxhWEzxSQbcAFfHmNUgTPV,1457300808
5FHpBdzdDctrQJqwWLBBLmxnkCV52ZSCWYkGyAuWHkDgDyut,5937559619
5Fey77ubogjtYJWyrW4uXpp8uvuooTQPBNbjL6DQpu3HijQd,55033464074
5GKfipmhTVTiPT2bqimvUJyFScsinSmvrYLCFbPo1xeFe2kY,1597780146
5FyUnDrNjG4grSozvXg826vc76uCs1kmNXAaKhBk8MciJ9Jd,359982796
5C5UfFJBdABBQfkLXHskofR5NzEG79n7t8dZfbM67HgeFvA2,68195774
5GdwxEVvuNh7KhskCDaUUcKWyQ49v3Ek55kZp3rS92of89Ho,183182964
5EFkQeXtVm9bcspxKRhMfcBK9eW3zeVtZqTvXMZBNZCQvjm5,2977125827
5EwDTvm7nxSDHhzseBD4nURhMPkCxWYiZaqYFdjmdvmKdPbk,122102783
5E4yqyGXkPZKHsT2ZYt7seEf4RNiSKhx2dujTY4d8bxQvGsj,9996930629
5HnEv9x2K3bTftMPXwjyVh4isdFj18zQWijRgZG3TrdvmURC,64364890
5DhDv5XdcpH1i7jY44JGXrQ762CfSBqgPd37AK5k7Ftr8AEL,79077448918
5EetwP1nJ42KtwGaXASn78Bh4M6Bhg125TsewMf3SnqsMxtJ,3992042802
5EP3WQns43NRypgcqqb3sSXAugE73uExLXrtmzP4c9LEehyw,692559041
5HnBagircVsjZbZKBqvo6Eq4GNovrBbFnsG4zUj33wo2jy1x,1536669851
5DMLi7wPSANfCzx7nF2j2hD8P95AVezNep37XByg5n4ZTpu5,2826073469
5CtMRnfxY8e8xJkpM6Ry838mTVoajKFgByZG5SFN1Rs7jGn9,338258006
5EL4BhAQpgrVHSKpuqndqJCVJGS4fnP3KnXwc94nLGzubYAc,736213289
5H9cvJNzdEFbyVQWa1HZkHNq3yWyN6VAth7MDFbS2htvcN57,46266441
5DQ1Mt4Gb8eiXDjwjnQrZq2T3ghcndvdaMxa3zJ1KdWfpoSh,13803104779
5FTWqxpJ72x7kGDR4A3ZNE9srxVv4vuDzvvhWhNpkR7X6V6a,8661283922
5HmgxDrKNSbXQRK4gvNao74zVu3FC4wL86FBnuaWAQ4tvtQM,2897940722
5GNJYvYhDXRNHELqEbigLdpxpUcHqGmbH2q2S4VKQfVTaCpV,11139485814
5FnxE2zHkkuvyWVUtma1jmKkrXSV6bk1cY6Kr3abTcyrT6BQ,796954209
5FRiGCF7oW9gxdEWRhKrR1VgFhRhqo12WYpkikpB8mZgd4iJ,28211488
5DvxwWFxUBXinc5y97szTUAKA24HkrozmbtCjT8rkqoKEQpa,68150027
5Dz1TJhbvsQRVdcz3KsNxUftkU8nmowUQVh4TzyodTiT7Yb5,1386726730
5Gwy6RBFre7CavNqfahSVmubzGr6AEo3FW26XcLqcJBNHK6U,1119503174
5FuvMyfcg4RPTiUGSfLZcoqbdxgmTESoPMCHPUu42Mc5YgX8,1064209702
5Gq1m76uCdfvTK9HbH2c7VUVmc43kJKFGcrZoGj8QYn4zAhk,792099056
5HeXq63icVSggCUe6j3XUStTiGb31eDZFFKjheTko5GqeFgr,90934838
5HGyq2sc2iPfy2jeGVFDVsdUcAJmFX2XLLth4KXA8NXVG63D,149712658
5CqNha6s5veYUhM1hG2y4uTD53bDfxBobvgaPBPRmxQ8n7y6,95328407
5CfR43jK5FgBRnYijV1UaZJPBF3pSg9yTBJLrvUkhJeei6cn,6820145739
5FezLhm2N2zCMT6rmuzYRQrkjThrzR2gvhomkW9RhZ9yDvr2,638195449
5HRNDvvtSsdFgD4Me1LCcdXgdtNcGC8ZdV6pP2xxme6MEWDx,341254542
5FHwnP5LRpVz28hoj1jbBeatDsR6hKqy22qETZjzLoZ4SLzz,938342703
5FqZ9vcwv7HEmUww1k55bUypVFmStwzGai1Yjpk9FVP11RHP,255401999
5DJ5qrjUfhJDqAtpSyKbNUZPfr3xvfTRrxQXHxe2hordaFUW,248102570
5GgvWoTKyrU8czUygX8wxv8CHhk4n7s2gPESNTES9BuyykY5,197982321
5Hbux8QUKSaEiQ3R6cBuYghXvnHkKYvevVAJezWbuEV5TRRo,68162329
5CicWVKyxmDngMwewaEffQsoVJQTo78px4cecfCS9FwxUBm9,2170447484
5GNsXy9XhGrzzp34WE915RkzzgZA5Jzc99bch6v5dYMdrzGE,3566150744
5HGUByxcNd7ogYbMb5QmVhHm81vjt1VxCPoNjDXdcBrMVFQw,47802658
5FPLb1UJAuJwLbcw6nBfirqSK4eCFkd8y9MjX8Z4NKFcBVmo,67999747
5CUj2qeLRmfHP1SFcwE8NsyufzkH9rKJvhrACi8bZ9HaK3rf,6115408
5ENYimB42qGNXTPjUoUH5BZKs2iPXGEKcyDpuakhQkd5xskQ,4888855
5H9Edwuf1khpgJVp7sFUnay8ZyNSM7kpMiaxdFKRzzicibkW,310949889
5F4iSLxHMEYw9R3xjftAZ4NZZT9wfKkDiNbsaPtDnda6o8Fq,5201078268
5HYZGfVEwaWHEEK2VqEUicmvjamLy6HsmrgJ52bG6uktxWtt,1446075643
5CyCtCA1aYAHNwy73HvXGLTTRvYCyue8oBu9w1qt3fCTDDgW,154764878
5H74gZ8ZEmGouL5jTGGBR439WScprreAcHmxeUvqNAufwToH,998248054
5E7Ks6aaqBiSNC164AqfzWNZyCUXHkMwBWUvxGWu43siNmNe,83934888
5GR1MWP8N2xL5ZKtVNV5F5H1wKH5a1Y6Xgikb5SXHC2PxGXU,1385181071
5FCWeSGbaZYbJtD8u9VDBNTgwVen7uJzNDe4pmADLRisbz7S,54316499834
5EqrDxVusQ3ccmUU1zwG8mi2ub7pPHJvEGwKcAkszuFkfAUF,3335704465
5HotuNzNdeh9ha4N5fqJgZa2o38vpBrWP4euEwfsSx6oFyQd,410047882
5HRSgFPpsS9exdMsUtf6dfBDMxEQ2P2TkfvCdmH8AKoh8jVf,90265167
5CPrZzBsYP8w3Fj58YoJQFE5bKaE5Gb5tf4EWubzM8LvPNcx,132719911289
5EcYKFgYpUq9AfnmzT2p72hirjVijtJzWR4sQhj3QRtKTXam,1723217288
5F9YoBC7apUc1eqejfMkggp7yGYSme7GUufW12FMFX1pTzPy,39725641
5Gj4mbM3aJpjzkFUDPkpQbWPiW6UE4rh5r6JQbmaGPmEL1MU,46980429
5HQDgbc65Jw3injp4gACkaBwtJESxuz6fPEWWB9odAkJyRQe,1086088544
5EtHT9KBbVaCcUgNsG4aKSq1LCiHP4ToMDX9UJV5KMLw63ts,9154284028
5EUraZ4vbuAdwP1eJmwAz1eCVfR4BiwFmgT4A9MPsDRKHURd,1446741405
5Hor5gaoGwxmPZ4jwXuwLNPnQtUtKHLx8dENAcQJ5WoXGvgt,27198696035
5HBspBWUy17J2oWPP22oTxnQnhVrwpGH2ms7ZAuZBQMt4y1C,3230423788
5DyTSq39bKmSqLRdQb3j8xgfwik8XK6YUCNBEK8ypcQ9fWsr,3325590693
5Eo2EcmAHPdZu83YmvHMes1Df8a79jxH8Kq8HhPQbFwnKAuZ,4240985553
5HjDuV6ewrj7gf1Sa5WjCFjJiZwgLXMaA1Uh5mrR4uCDqLYA,395446
5FP3wjUPBFfYMvGfn4JKkYJK7FrJZBGQDrPyjaALoRPT34Sp,818968595
5H3md7x3HtZjDt9vbcvwqGnVTWnoErrTVpzQin2jNeri7aJC,4681311802
5DZRYpZFHZCZpKfPwtVHDbssUkdaMcNdtqGahramkZUFFrsP,17474442733
5Fvcdqi5k6pV2CotYRkQSFe2zGhe1Bq7Ad2YNBN7Uiydz6oi,64402478
5GTg3a4daxsQKm3CsAPM7wNaYs1kCgjND71tSXDHs5mMLcS9,303339285
5DUC1jf5VWTfXwdb88cPu53kPyeckSpQ4zPCMzCJHCN7ovfx,1732389402
5Fsiw8f5FvEFPAhuqN67Y6A3gTcinhXHepxXgSsnrxsTVMv7,872117833
5CkSW4UJPdd4U7shhfzkeezaYRK6MQGv94Rc5keFXhKGNfTE,1162615194
5DWpX5RdYBwstMoMFdtrLhjVDfKhQGbhVACG43wBVjnoC2uT,705221893
5CCk57vH4CbSXybiUW92NvL1pmZqLRFu5nkFBgtZsAaBCMQ8,84941343
5DjwFtiVdTGSTKUPxH7Ub6RDzcENAQF8hRPT7mf9v1h3uPiB,16995480956
5GBo9tzSrigJXxboRRW7obT3KXr2cJWEZwzEryGCsqA6KqeM,45594731620
5DUUuTJNQyFqWfQ8JhxdWKo6khQoxKmkDDhnUhzJqaYuA43m,4246969866
5DD4YwLvPBeC4vCeDHcEH1zKKwbu1CqBBfC3wa5QRRiknUq6,142786363
5HVc2NyGF919h4WbV8ejXLMvG1iUBGqVUFwEnuLdbh4pdYt6,50772762468
5EFUhRv12oK8mfKwER6GUp7WUXvUGdBdqkuhkLgnTVFArScQ,2493768344
5CXvrq3GHgsXopmTtCGzhtkLRkEEwtgfyhaFXnskJE8YTyXZ,12387272813
5GnEdqDVWkGayiPjdiAmQD6j8NQXFSfZcTpyw3NnbnVGCrNL,68177759
5HeB6AnhGdewvUJkufWdbEfoJk4gG2h3ATMdAmszBdCZ27Ve,1800917404
5HGchGXpgUDZw7sX9N3tVnb39zMvU2TJaS1oSHhCqjtKjgCH,391327428
5En45vBfq4iDxpYqbcT4BPT54p8V6JnYQgym9KCmqKDFHjbZ,687033764
5CDY4f3DrcSnzU3JUov3QEQzUDKPoq9vH31UG1D6Qaq2LrFL,2921784564
5Do4JCEjixckj84LBhftvgUYYMMneJNoCWsHXS8v1CZcVsGv,1311610862
5Fh32KLiysyk4amj1EUJYXju5Jo3nGvwHKJCtJwmwfeYuGbm,12069670
5CcCNqRkUgUnd6y5kTGh3eRgUVZqvwkgEezhBGD2Qb9BRx6v,40289281
5GGwAwQnTe7gPbW2GeFjrLYHowSms4yUCSUfFkTqiu8mWGe9,484653932
5DRwzAYEVJGKSxE7RbaiK3cmsH25hgfhEfsVBkiMFuara1Y8,61990967
5DSZGMxgtB1LEASx3dzCKVjKLe1YD5FoFmjrFxUdDDrtZjcg,1773150195
5HYQo86HY857F6LVJNTTekiTtS88KgtDPA2yApuDGksS5uQE,265160646
5Fv2eP41hqwFcsM9wSAiVk9BeM33jFdsLp6ziXnSJ5ixqyhY,140819348106
5CSwrN2LbEdaMjbhH3avC8qpeezrbTdV1LtohpYdPY8KVgzF,1160795766
5Ci3a3phaao3tfsY6fLGKXR4QB6kLWUQ5f7ESSgKoPVHVbBG,1769609434
5FgviVHUvpadN35ZaihRpuA8K4wajk6oEPru9pHNBuRJCfrn,50020901
5DFySvvcSWzLLrSdFRtDWCcZazpiyRWHG41soYKDLa8xggj5,10190108
5EWh7qtj7mhbohuzQCimXPdXEwAHpYZCNoM67tmk5JxsqDPn,141915106
5ChgmTU3YWC26kQ6StfRSbYnLU4Mas8Kvz9rnAipLxHsta83,5376341544
5DqRWL8R4qzusyFyqxDqeMatUHZhtX1Ld2CPjqCYDpya2CYC,999556140
5Gj92ct2p7q452E14Soxqcg6pxuEzeJjpfByfMrV8UP9Lg6p,3655113050
5HEDJCiJTfGpmzq485FGWtpRYds78JeMkD9EiL6XL66dfWG3,68185292
5DXg2bP8w5D59cGJuV8hFZH2vFYGjt9SUanRo3sUFF8SFCBK,2581191568
5CQNX1QuoReTMpRNnMT9vvJPPr7Rdq3vyRCMj1RSgSTR1HgY,41821606
5H1KgAvN5VPVbtXxzqYTv5PPGESjrj1rJD3ownDQ8fhMqx48,32732332
5GazbzPHLe9cNvSzjMPhubuJEMC41XqhVGf6GBVc3ABktqjf,27691653
5EMjsczSutdgpbA9x4CP9NVyvFTvnEN1YSmBJSwHtf2QVGi8,1132578116
5Dw2kMYviKMM9yMeKDX1i318ZvfboadQYapzQ1quCkyPqJ3s,76488146034
5EnKYAcJSWQ4TTSN4gBcya5S1vo2S9waw1qDGg45R1ZXtG5b,985453541
5Cg2v9MHU8ZvqBNobjx9TQiGaRx6W5e9B1uNp9yqF4SdUm6B,2287750976
5Cf2iCt481pTfJn327dDaiDcbwQAeXsUAs9keQDyYmVLZXhC,1278587580
5EFAgFVeNQqQppXFa52VKHDwv7nYasoeGyzfdTiHkGaUJqTD,185388176
5G77wm9RiUXqjx1UhGETehthRhc42bmauPohZTTxgFCFGhRn,62018427007
5Gru3MF8nF9W1gaZDgXq5QaKTAAT3WktTk1RU7t6Ca2UXshx,66980250735
5EXNWcTZ5kZ5wnie58S1YhiYBRRRadBifYtv1VKagxb444W7,1233199892
5D2RoM2wLcSALVGSBrCowqeBEPmJbMbchAANZ6Z31B48SoPe,478728118
5FefwC1TCtbetAkiJFLHidKFquHWn8H37oq9MmEZuGXk871J,1022197873
5CFezFNGVfunfEGfnASkJitNJujzih3pm9SpEC4RRk1THkws,12063581759
5EWPPuWRD4SjtCw5ZXeLnAAxzcavG4fiCkPrrPPwU66q2KNX,248972696
5D9ieEbJL9pavGApHs6wSAGnUbN1J5DZshoJ2skTBFg6Z7z4,78090529867
5GZCiMZRzmyPUMaiLNCwuV5zUzC2E3p93V3ZKed6DCZVZZ9u,1660648102
5Eo6HLwLskpMoDU3QG7PSzTUgoYRrksTMKUy3Ho2TXKoUMUo,11167253728
5HVSByx5xBxP6NYf9MwCDpZcN1cqQBefo7udJVA9vezgTWz9,901773037
5EFdxiLCtnTmFUifoiVT9xfm3LDTRdaQZfTBPw5hheC7eEBn,12857168
5HBDHvdAdByZKer9wtHiQ5VPjZdXDvvu67UHnCRMq5GZdyAY,211000521
5DofGxArMm96FuzXMK64eEgYFDvnenMRFCFnEzv1r9s7i2F2,14664094777
5CwDhKayeSpA9gAznw13UxZ67t1C6uP3Lbe8ug9kan3rvvUm,3126159176
5GHcA8Jji1EZHqyLsvBZCsNSP8g15TsYgT88RNQJnnpjKPFt,1024826811
5FeLQQY2s1RUnfQXGaNfnNQWEtzAXJXvBHgKSpYw5wq2pGhR,47938509539
5GeT7Aazhx5X1DWM2h1xm2ZQUy2WxrxnSnTFNRZTLbipKqcP,415799115
5F3w3KX8qaUgrA8hxKU8z8yw39zPRbDcxvLCqNg5iSUDssWG,202265
5EAEHaeKgu9JyEteqynGpPfxHb7fuX11kg4uzS9u3zEE9bBr,384261344
5DvmF2mPdbrrRRLds4LM68h3pbNGo4XyeNXJPVUeCcxSL2Q5,224757
5DnyS2Cbkbgs96KPcvdah6PHMghZ5zL9JjYF5YU9JJb8A8LY,21313773444
5H9Fp5Xkra573sdC3uoDFSmtMVrTPWd2NiEYqEYjfB31KRZC,2173157640
5E1np1ZJvFghkS7WXcnwBmPe8ttmhNKjGiu43UNzCYPSNMe2,74519306822
5Ec3Lj8XqWxrJikYTKvmAE6saNQxTm4t37P1Bdboz3CaY1BE,199221855
5G9GUykJQoW1qBBM2GvqSDtgoBM9U6XChnJLqM23iKz3Hr8N,112761177038
5EJSUsfTeFcRJiuWVDBZL1RMa8wgd6TQDik9WNv8trdRDBDt,11770256033
5F5421Wt7Cx7LfQzumJTv1e8ATyGHaA6sPosE4p894oGD2Tz,953177460
5E7jZQnH2Ysx4mEVMr5tym9SD1r3xTwBgSo28SLgLYGb1cW6,2672337
5DxvhUru2LCHoxAed42C3MvfwJycgy8fAHKEpSu72vqGrkBU,309626
5ELJk8ocd9irrEJRzNzEbSzHAc6zEJGNW5PaFotPSzxFPkhz,572890568
5F4XEVfWnmRhgztz5KtuXxCRaBEC2dmw4Xrzc369s5JSbjwe,498741329
5CXb4GNCFZU5WKxcduG6rLDoyQXX6EFUzEvYYbxvUHCVKz5S,751024
5DcXGPJcbN2vC55zstGh6ZXRR5zJGD2cADhoY9QzNd8Abh79,64721178
5G41iECb6hLgZqZUSkLLmiZfy9t138qGCyJfouPdnRR8bPFj,76877445790
5FnDmMEMRALAnzZmKWiLMQSdyWaxgayv6ZGmRJrAEWAWMPuM,482431177
5EKr2s13j45mLTdGeKswoP3gGQCaLTaxa7oKTSCNoCUJqeGY,641279333
5FpooFgFwcuQzuAjC3Z3ZGvk9kWzko5tQuqdBPGunssgbtuC,71181999
5H6YjD6UXkL1odHMrQa23Rqo9CQVfxM3JYnyZ7rubokG9yxS,4354599781
5HRQkYGZ6jjKseWF8bUjmJh5HWQN28HuBQ9MmXHs6ihzoPyp,180291615
5EXP6etUcaiQc6HrGZkt5B4BkZiQgMUgieDtYtAGeQyR37g1,73581263
5HmziYKdmuSwdCLrsAnhmUDZMpvXvD8if8HNSKBHMEGr83ae,164500038
5DPd1uQDd9vb2JDpWKcpHMoVjed2nxDkWuJVH6LJ3fuQ3LFC,83845232
5GsZmSHUEX9XZa2TYuf4thK9rLGC1FC1ZLbt63wxRWJ5vahU,11752678409
5DvibJKhceQ8gk52hoQ4CTbMG1NNMUYPtvDWBhqKs2LVGdr5,50336
5DkbK1U5AoznZQw5sRnSZQvhT5rQb3C9r4LshQhatyhyiaQy,6354657541
5GRQ6nyE8cFgToGqyG4DdVUapZ2QE1XQPvSTyfjuS8zWnyb6,68159907
5Ejxibj4E7iCZBsusXxcQJQAyfC8moME9244yfjVE3RS73cV,43945919
5GQi6wsSgf78dxCgtc3zeUmrXTACg8RmpXHYgxCbwFwZRLn7,948366628
5FAFgbEfFaHwV2tRP7kPXzL8ssgChBSC1Aeck66Sz9YBjBqR,141396707
5Fq3Xxna9nLWUubJYf5s3QchZMNumh6GqrxTsDKx8j8pevMs,945931404
5DUN5o3DamMh5U5rwvbAaCaqChv83FMXmV7LPM2fzqnr2p5Y,533736
5CoMHs9VQBgUz5sxHmxvvKYupLKJXzZZchC5cSaABgcTQAeu,20749075800
5E7p44NbkJhrpFuGB5kJBE5PeWk56RYBHrNFUABe1gR76z9V,2378531156
5G7HmJ1T8QPwB617axKgCeiwCPk7WiqqB41KrhKV8fWy3Q8V,148042160929
5GqLVB9ho3ztEbAHkH6aZD9YxFGoEsudWfW13L5YyZMjeVDu,228051447
5FxeAZhkLnnnPKLy1eZLA5BdA3nStqSEatr9ivgmdJUopMc2,73043598066
5FWdNh1fo1ReXC5QddTEMjLaetY4UR5MMkVFZMPjfEtP4m9s,70918650
5HK8aY6ZTcRyW6U4RF7XdQVcadybE1DcTZZoadTukhnMPwSk,16649894
5H3dTwZXqTCCwwc7F7jEfdfXz6Q4cXCTXALfwSqomJR6CguK,1141857805
5CZcQtKbECcyCwihdyCGv8a1H7vzs3RpAFGy8o8qMCtFP4NY,40124640153
5H9axSWnNEBkozjKg1RuvQRH6gtGtfRCTZL7vrjwrhRP2rt5,1203360777
5HVsWN1bg5fwvKzwrqtNqWYf5VjQ1HUQEhzAjZRgy4srggAd,605630012
5H1aLcNJkzVDQeRXtcJdVQSCXkUechCY1tmsNRCtaTQPYmbg,13426276
5Fn5WRxziLv7toDBifsfrPPmnNcMLYZNKdQTgfNR3ZVTZZ2w,250292701
5GGsMhTB8B5rTzZdLQL3asESvPZDLnKXGSFAfTz5iqis9yS2,165571791
