5HdZGjnnFse8vGeFh2S27xKHYxLvjvVuoK1879i2wyXSX8AF,1051377556653
5FcKLw6EjnaSSJ3BDKiH6qKD4Z2zLMjGmcdRBpKvWGUALhZs,378913511241
5FhmFuUyfyRQsgsGjitxwTbhCy3yvkASdboN39wHBnrVzf28,2345145997418
5Dz2LcfsVPVChqqu8XXmYkDAp3cgPEB92EnfK2Q2n13EyT3Q,54353808130412
5FuvMyfcg4RPTiUGSfLZcoqbdxgmTESoPMCHPUu42Mc5YgX8,7081542655199
5HpE5UWgwYzW9ENgJKTwvuW9FQpY9G8DcaCMAbwPLHZENdXF,4181841130506
5FCQtWidUZHxyoWoo9nJAg4g4QxDdPUaxe3ME8ezVcdP48tR,89554383091960
5ENjb3ouip8UnsDVgfDqSk9zcRoq4w4n8rzsxZV9hQ3BDAke,11332011374821
5DFJsScUySVeJ8UPrQNBwqfjPN4P7ebrGQqQzeRg4J9ucnL1,226583482763826
5CUj2qeLRmfHP1SFcwE8NsyufzkH9rKJvhrACi8bZ9HaK3rf,438270672878
5GzxcGiwcyDY4Twhoi1aLK5EYhRaokwFJZLd4FEq1NtV1D2W,382154893428
5F4sPi6oXEbZQqzQEwW4GoxadwdYccYQZSsJsyTSfs58XubL,11584022058020
5CqJcCW5SMqCZBA9KhGsB5KEjuGzfevLZ4998jmhKib1qpdQ,84205475080998
5CFRpQjcqE4Myakfe9dxJe9KLbVkXePPWMaH6tWpMLNg5eZB,68759456796704
5Ck7eEPMDx3MnbVT61RGYwcyptSMzaeqf66HtVMRDupz2nZd,1109370723367
5DCbULBJjTbRP5KZ16u1D8mE67CQijSTQdhjpThKqbMXumaR,439708771531
5F1qqJeVmECzW4fwxj2ymaLB7UhVvUhipZo5RJyu8zeGcWzp,576906071887
5F3w3KX8qaUgrA8hxKU8z8yw39zPRbDcxvLCqNg5iSUDssWG,2410962144
5CyjjpUoDxCFxJfziNcAZ1YFVNcnV58QUkKstDZTsXfpoLUo,45542978263
5DXg2bP8w5D59cGJuV8hFZH2vFYGjt9SUanRo3sUFF8SFCBK,14533160506189
5GNVSdHAo4Q2YS97a43VdqvpkpjNzEESggXoAkN6miykRCnx,191790902696719
5GREeQcGHt7na341Py6Y6Grr38KUYRvVoiFSiDB52Gt7VZiN,1180354756452
5EFBd9EoC3txrgMvDsUbu8PaQ5NiDvTfPaSSLBZSt6P4xVaM,76922678427477
5Gy3HBdYRUVpVcUMKNjZJeXRpH7p6TLXkejcxmSz47ahpzLA,40817094718371
5ECBrPe4287YbsGJeudbHHB9CAkmprcFb8CwMqFDzoKGNCM5,111414163962285
5G6aXzhk8PGgYxuXpMGE96h2it5cNhKxdTSUwSwxhwBa7zLA,65456590823456
5GBZm78cDzRxWLWuNtyBqwLQSR56HXaXDjdEHHaoZL47J1UH,8030365247504
5Gj4mbM3aJpjzkFUDPkpQbWPiW6UE4rh5r6JQbmaGPmEL1MU,410166441222
5CoMHs9VQBgUz5sxHmxvvKYupLKJXzZZchC5cSaABgcTQAeu,104461246376409
5EP3WQns43NRypgcqqb3sSXAugE73uExLXrtmzP4c9LEehyw,3681509575228
5Ci3a3phaao3tfsY6fLGKXR4QB6kLWUQ5f7ESSgKoPVHVbBG,8989630955251
5CyCtCA1aYAHNwy73HvXGLTTRvYCyue8oBu9w1qt3fCTDDgW,1864494380093
5HgbYY4xQj4jZ7syRrTmrsZWfewezcVP3JzGoTGZ4i5RbvtG,1066297189398
5HjDuV6ewrj7gf1Sa5WjCFjJiZwgLXMaA1Uh5mrR4uCDqLYA,9427301148
5CSwrN2LbEdaMjbhH3avC8qpeezrbTdV1LtohpYdPY8KVgzF,27968841664511
5DFfKfb5H4SzMis1ZrP2tPWxzTq1aQGwBHrtmceiiEBQNDAy,7214857477078
5GKboSUiK8B1F7wzgmREddtkCLmPUMuUnSWcEeoMBpmob2QR,2801958489266
5ENYimB42qGNXTPjUoUH5BZKs2iPXGEKcyDpuakhQkd5xskQ,151751132842
5GEjhmwC9255azTEtetNUBjX1czY5Z2dy5NGUoroT3A8DQRb,11608275230714
5CAyGyhL5j3s7jjgpz3knTdhRPqBMiafLCab6VG2mZeppJND,372459668236
5FxeAZhkLnnnPKLy1eZLA5BdA3nStqSEatr9ivgmdJUopMc2,447062735815602
5EFM3WZhaY79Yg2bYdKtj4555QjZubM5wGkfd6EWU1tm1SNx,14417467331540
5EFkQeXtVm9bcspxKRhMfcBK9eW3zeVtZqTvXMZBNZCQvjm5,17816874802671
5EWh7qtj7mhbohuzQCimXPdXEwAHpYZCNoM67tmk5JxsqDPn,1517523951104
5GazbzPHLe9cNvSzjMPhubuJEMC41XqhVGf6GBVc3ABktqjf,641463658423
5CihrUvSJJYe558gDqUJcBScQN7gSWckYz2kXcFzJZ2Ryh9C,423025493571
5G37EjzukybyVa4r8muHbrZ1aTLnHxFBSP9ajCEPonwYCMJK,8251023270428
5DAHjTGcLDXCpaZ3gYvQGuVuHg6fvoXFutRRCaqfYsb53VD9,38518117850753
5Fq3Xxna9nLWUubJYf5s3QchZMNumh6GqrxTsDKx8j8pevMs,5028387926695
5Eo8N7SJv4rTqAMSqufXpNzE1kPSTeNPLRT48iEWTKZLYcu4,401937495700
5CXvrq3GHgsXopmTtCGzhtkLRkEEwtgfyhaFXnskJE8YTyXZ,74334574780040
5CDY4f3DrcSnzU3JUov3QEQzUDKPoq9vH31UG1D6Qaq2LrFL,18674558319053
5DtkptGAdj7bLoXvTy7qNYc26sx5iggWHVLiojh3bKxMzfiJ,365150645578
5D1zdyziSgjFG87kwdbzxR7btTx6RcQ9xmRSktVvw54eEZkZ,6784366368102
5HeB6AnhGdewvUJkufWdbEfoJk4gG2h3ATMdAmszBdCZ27Ve,9077526279513
5DUUuTJNQyFqWfQ8JhxdWKo6khQoxKmkDDhnUhzJqaYuA43m,23912171224258
5GjWraaJs1wjEAK9PU2dzb9Hey2pRyuDeQ5WUH2UAVtNiaD7,2545191089276
5CftZBBHfhCJTMZhRd5mnGcEpp4PZppGZiXTmb8E9txs2YEx,398666188810
5FpooFgFwcuQzuAjC3Z3ZGvk9kWzko5tQuqdBPGunssgbtuC,400026643295
5D2RoM2wLcSALVGSBrCowqeBEPmJbMbchAANZ6Z31B48SoPe,803385756388
5EFjifY6kSV4PSx7uNLudtpk4e9qSCJtAksHD4XhYumZDtJT,2821047639372
5FHwnP5LRpVz28hoj1jbBeatDsR6hKqy22qETZjzLoZ4SLzz,9020034495825
5EJSUsfTeFcRJiuWVDBZL1RMa8wgd6TQDik9WNv8trdRDBDt,440951543404663
5FTWqxpJ72x7kGDR4A3ZNE9srxVv4vuDzvvhWhNpkR7X6V6a,46448490827061
5DUC1jf5VWTfXwdb88cPu53kPyeckSpQ4zPCMzCJHCN7ovfx,11173086542428
5Eo129ENQAKQVJN3hiydQeC5hA3RdXKBzV4YL8ux2E4ZdrPs,361605429401
5HQDgbc65Jw3injp4gACkaBwtJESxuz6fPEWWB9odAkJyRQe,5773436105299
5H3dTwZXqTCCwwc7F7jEfdfXz6Q4cXCTXALfwSqomJR6CguK,6833549783924
5EhCYHFt2cgCCuNwMfKK43VAanfThXmcboFNjP6Beb75ZgY7,825857566665
5CXb4GNCFZU5WKxcduG6rLDoyQXX6EFUzEvYYbxvUHCVKz5S,8952084354
5E1np1ZJvFghkS7WXcnwBmPe8ttmhNKjGiu43UNzCYPSNMe2,396130185734144
5Gq1m76uCdfvTK9HbH2c7VUVmc43kJKFGcrZoGj8QYn4zAhk,5058599257514
5FnxE2zHkkuvyWVUtma1jmKkrXSV6bk1cY6Kr3abTcyrT6BQ,4487177002804
5E2QsndStQ89zAzY9doUv2WvY9HjTpNJ9uC2AB8ZaznbWXNu,132587950340531
5Dw2kMYviKMM9yMeKDX1i318ZvfboadQYapzQ1quCkyPqJ3s,388962090346734
5EMjsczSutdgpbA9x4CP9NVyvFTvnEN1YSmBJSwHtf2QVGi8,27678626172841
5FyUnDrNjG4grSozvXg826vc76uCs1kmNXAaKhBk8MciJ9Jd,10056793411379
5CDkVAfPCFMtUT6udEPb29RzvUsWYkiu8s2Q35axXjcbb9Q8,563502676433
5G23AzUAickg7VTAuU7GKbnRn9MbVPe5bEAVTNEQLZfwtjXd,39216566655360
5EFAgFVeNQqQppXFa52VKHDwv7nYasoeGyzfdTiHkGaUJqTD,1109472058133
5Ehk4rhATvsHKUJCypE7DjNvTWFndbXzqzqn1gFWWz37ef3M,2242106355756
5EwDTvm7nxSDHhzseBD4nURhMPkCxWYiZaqYFdjmdvmKdPbk,619336798670
5G77wm9RiUXqjx1UhGETehthRhc42bmauPohZTTxgFCFGhRn,331915203121222
5DPNMAHaf1PV2cFGyFRCS3bmVyeEpoaVdDFw9sqp6hmpAJkg,15487776752495
5Cf2iCt481pTfJn327dDaiDcbwQAeXsUAs9keQDyYmVLZXhC,7651821310989
5GBpVvmN8BYLKH7niBzGR16s37BNRCZFfukea5mQj1GsDdSB,457602321956
5FZ16H8pied7AZtn2EKvfnAoQ7og3gTWp4Z7KZ437WPB9KwH,536787784990
5Da1EYudKfhQrwZrA3iRLu3rgXf8vnRf6icQxeSeJy72bLr3,13908629309011
5CcGFFv7QHLpxPg7g5h5RNA9gZwg3XjbZAMbLmRaHxdBuD5z,18396387711653
5Gru3MF8nF9W1gaZDgXq5QaKTAAT3WktTk1RU7t6Ca2UXshx,324504547634267
5HYfkhYG3zjc7S2jo2CZ7vNh9njqU12feA1ymZ1bMNnNnYTR,76112035967710
5CfyFtZ2Rw9gWmDHxDFNBAj4MRuFVPz9e8yofmPbLZRLKWBz,3865806251469
5Cf9vyQBhhpycKH5eoRf7nCPsCicmZEnERUqzY1nff3RHiTq,3856645457755
5Fnd4pSWZ7bJK3Q8o5GmK4r98iHZ1scqhUehAJHourDWwC2M,2876590152464046
5F4iSLxHMEYw9R3xjftAZ4NZZT9wfKkDiNbsaPtDnda6o8Fq,34127708524609
5HR81bbB9gnJp4Ca3u1s5rGLMvVjurkrd33VGEXZHWRkce7F,372182554327
5CkSW4UJPdd4U7shhfzkeezaYRK6MQGv94Rc5keFXhKGNfTE,3385389165844
5C4uwqVxYUi55J9aFwKGu6Q1UeafN64RRRVMTTxVTUVnVohP,1934824892596
5FjmPXaqoGq5nChJ49SiACU1Hqyr548aDyURf2FdGxMdypYY,3832753062675
5G6quAaTKfZV6gWePHDxTRpQwfx1XU8ufBXYijium4tuzNYC,727621679693840
5H1aLcNJkzVDQeRXtcJdVQSCXkUechCY1tmsNRCtaTQPYmbg,363155834345
5HnM9GwxkxS38rSHBTjtu4iyV63Mi1Tgtppg57JQXbCpp8uq,871147872182387
5FNNXRQAJDyTZojrNRPuhq32RRCCppVRZ2ckQCJFV5Vgc9uG,395887369461
5DZz2f6u46S6DZhvUWdHPBBfJcj8PrdPS4TXWKFsrHB8MNZy,722775057672
5EfQFdDaCVzH6bW3hse25SEpKRnrw1vovioTSr2mGaRVYPeE,24871245138582
5H9Edwuf1khpgJVp7sFUnay8ZyNSM7kpMiaxdFKRzzicibkW,2486582582014
5DHfUCP7cRkUsVBBZUG9EkdW8xKMqFiqzJMJcZuna9MYdbno,8904816795363
5Gwy6RBFre7CavNqfahSVmubzGr6AEo3FW26XcLqcJBNHK6U,16184349359965
5GeerwtjB55bF6v94VN9r9wvDM11KGonw7RrhSK3mx8kHnfo,607932185925210
5CDmmRXtkK7cSykeEPVYxAKnZYMZaELerWziZsdnGUz2M9hp,5853920902670
5HeQnZuQMAcRKUpoqxuDZ9Xn3b8gqonvjrxUuq4Qc5AkHy4H,4001122667917
5Fey77ubogjtYJWyrW4uXpp8uvuooTQPBNbjL6DQpu3HijQd,294532517002278
5FLXTXyMkRnGQLC4LrgtD22yMZP3mqrgqs6nSnoi62A6d8U6,1868052237061
5EWXeMJDsd65gHLKfT6EQod4erLuoZj1MmNh1mvbyQx69eUM,421624445069
5FEh9dFqsE2fXqkav1VFZJnqR8PmVKJT9pHe6NECKSxJ2pSJ,3972544697261
5GZ5NomwGDqc1foqRHshbg3Ah2Ssz6tNG3i39xsGbBBEBAiX,492041036865
5D2Aj4fWeWWSnh9285H5YAuXwxM6DWmHJAK8abBPVyaXWsDx,36329374194176
5DjwFtiVdTGSTKUPxH7Ub6RDzcENAQF8hRPT7mf9v1h3uPiB,96638216875547
5C5E3wCuGJsBor1zYmYSAtPAvQfGnucYhwpzZK6D3vuZNq94,424178890413
5DnVvW2153zR9oXUbB5obuxuu4dq6f2gEnbL3GKio3zGsCxK,10822286215617
5FWdNh1fo1ReXC5QddTEMjLaetY4UR5MMkVFZMPjfEtP4m9s,398560464128
5GvCpqwuGxvV7PAacMZC8cWZAGiRC9TDwasSvtPgo3dSESTW,1271868356177
5Hbux8QUKSaEiQ3R6cBuYghXvnHkKYvevVAJezWbuEV5TRRo,361586852297
5EUraZ4vbuAdwP1eJmwAz1eCVfR4BiwFmgT4A9MPsDRKHURd,4329076428340
5C5bRUpSbgVrRGeYZg8B3uh7qkWpLZ16RJyv6PZ6WQhrYQuW,3122937000523
5CCk57vH4CbSXybiUW92NvL1pmZqLRFu5nkFBgtZsAaBCMQ8,759811885508
5HVc2NyGF919h4WbV8ejXLMvG1iUBGqVUFwEnuLdbh4pdYt6,269898160418533
5Gh2apkyHbzsob78yjpLreyjXAiTKb8tb1Ze9DihNZXeta6n,90235025603561
5CZuBMABu9fVYWoHXZgDtnCLvLdjbXnJCWzbdpNmJKPKYZEQ,482049160976
5G41iECb6hLgZqZUSkLLmiZfy9t138qGCyJfouPdnRR8bPFj,581181373545224
5En45vBfq4iDxpYqbcT4BPT54p8V6JnYQgym9KCmqKDFHjbZ,3652138272681
5E7jZQnH2Ysx4mEVMr5tym9SD1r3xTwBgSo28SLgLYGb1cW6,31853832114
5HawVwUx5wzmqcjHojGmoG3cspwebqi3eqkFjySS6zR6X5tF,129836846070
5E1wnFpFrc1UqE9ADVwMUtHL4UEBE1gPVVu3CPFkn6UBVMtE,56490651872639
5CtBkJvf22w4Npj4MaDAMEcR8cLxhWEzxSQbcAFfHmNUgTPV,8205197485756
5EWPPuWRD4SjtCw5ZXeLnAAxzcavG4fiCkPrrPPwU66q2KNX,3599329755652
5EBxcZB9hJsrMaJnxBDrzvwuAFhs5cyPNHf6JvRrpd2vJW14,23140685498527
5GqLVB9ho3ztEbAHkH6aZD9YxFGoEsudWfW13L5YyZMjeVDu,1823666054000
5F9YoBC7apUc1eqejfMkggp7yGYSme7GUufW12FMFX1pTzPy,717878318969
5GsZmSHUEX9XZa2TYuf4thK9rLGC1FC1ZLbt63wxRWJ5vahU,87572155950
5FH8faMRS8aR8EZDvkXTBnEEeto4pnaVC1AhKniNoEKvss4A,363961725231
5E7p44NbkJhrpFuGB5kJBE5PeWk56RYBHrNFUABe1gR76z9V,11974717886923
5FZ3ThCqjJ28V2KAMTAbeDr6WKVgzAMFR5XCwfHobCJUWTtj,594466162782
5HEDJCiJTfGpmzq485FGWtpRYds78JeMkD9EiL6XL66dfWG3,361737035652
5Fsiw8f5FvEFPAhuqN67Y6A3gTcinhXHepxXgSsnrxsTVMv7,4636009300755
5EnKYAcJSWQ4TTSN4gBcya5S1vo2S9waw1qDGg45R1ZXtG5b,5006995745905
5FTfUqhZ4kiYMXbu9jKrtDAL62h65u4frDdvedTKZQACb6Gy,2172421163049
5DxvhUru2LCHoxAed42C3MvfwJycgy8fAHKEpSu72vqGrkBU,5536031382
5Hor5gaoGwxmPZ4jwXuwLNPnQtUtKHLx8dENAcQJ5WoXGvgt,163672545748842
5CZcQtKbECcyCwihdyCGv8a1H7vzs3RpAFGy8o8qMCtFP4NY,213601601391984
5DJPz1BztSmwoxLiupNsdrMoC3MXqbaVj93rMYBKdrd5er5p,547904843695
5FC2S8mjEY2Sdj33v7UsnDx4R6qKDuAyCRcYkN1zb46DKrgc,1930900621479
5DGA4JcnS5RavpxwJfadwjzhKMEN1PGT1NHAnmHsnqu4X6Zs,402835304159
5Fgc46v4T1NLfPdyYyL9TDzLk924DPNqfefJLBA4tuzVHYzH,8118350178550
5EtHT9KBbVaCcUgNsG4aKSq1LCiHP4ToMDX9UJV5KMLw63ts,49029537111209
5CPrZzBsYP8w3Fj58YoJQFE5bKaE5Gb5tf4EWubzM8LvPNcx,1061325412499837
5E4Jr3JJNj2G8Fq85Xfsy3WGLgjBS5E6LvFeLkFwUSK5cGjZ,9689575404
5Gjf5kY5grkaKrjjR1cGNyptHMpvmM56fNRqL1Xt4r3z8zjf,373458254871
5Do4JCEjixckj84LBhftvgUYYMMneJNoCWsHXS8v1CZcVsGv,15634192404132
5FqZ9vcwv7HEmUww1k55bUypVFmStwzGai1Yjpk9FVP11RHP,1438017345349
5H3gGx1FyFwKxHcJ4rGt8CNa2mgceAaxJmxcKBqk4dVpAzZY,130539204399566
5FgW3wFCie6BFHP8RZFeszihbSKncXS3EcKukiw3oH9vB4gn,9452000440859
5FYu9AtsmjAZgZj37oGwVNrEwxxptSJLXSd84NUp1Sr1VwgW,365661157061
5GNsXy9XhGrzzp34WE915RkzzgZA5Jzc99bch6v5dYMdrzGE,19094343111974
5HGnHByCjMXawj3xndmJKmW49SgwC62GCtTUrEeQfKavQUMz,503730202419
5HK8aY6ZTcRyW6U4RF7XdQVcadybE1DcTZZoadTukhnMPwSk,401171557412
5Fv2eP41hqwFcsM9wSAiVk9BeM33jFdsLp6ziXnSJ5ixqyhY,798600863347690
5GRQ6nyE8cFgToGqyG4DdVUapZ2QE1XQPvSTyfjuS8zWnyb6,361573999101
5EyDz28qw6gpWG9NC4Jj6tnd6dRpWYhDkDshidTmTLQ7NBhx,124937706530460
5HMqnHQNkVXiAvB7deuJg5JPudxR164j5594GHtJYk9HF7tC,505432712287
5EA9oAMRRPu8R58DqcZHNFUxmuHmNfLsp5ZfLKCBZH7HKB4p,76774701878613
5GyDPmx9hPKrj79Sn92ZxqWNWnwWhvmVTwPgMa2atrXoYeJk,19107839668252
5DvibJKhceQ8gk52hoQ4CTbMG1NNMUYPtvDWBhqKs2LVGdr5,600000000
5GuxbgNVR7U6X7BgVCK8JaLGmkvYfDq2UCzZZ4CDXX7mxKbn,423567970913
5DMLi7wPSANfCzx7nF2j2hD8P95AVezNep37XByg5n4ZTpu5,18852598628252
5F9YDKVjNjk27gyxzJKskh5tP66vjHdRW7bJVEaADW2Anx7H,1897151679665
5GTg3a4daxsQKm3CsAPM7wNaYs1kCgjND71tSXDHs5mMLcS9,1527161986212
5FgviVHUvpadN35ZaihRpuA8K4wajk6oEPru9pHNBuRJCfrn,1806563143135
5HVsWN1bg5fwvKzwrqtNqWYf5VjQ1HUQEhzAjZRgy4srggAd,3219411711868
5CPqoKXqRmCcbxejNzzduBagDqyPvLUZX9KwZA722QC9JPz9,60000000000
5DXUCcxQ3cAgaaLjAi9kQpV4wgPCzbXqLRYAPazYuVJpuydQ,447374371565
5FnDotDypjQTV3STpmofx2jYKDtptsBniEERRqABz4SxWtzn,90173041169580
5Hn9NEDQtkDmFfd3BvoSiGzUVP35cxc4zbpG9W5Q7w4k8bh6,494704404100
5H616YgXjX52ypTpaLot5eUvCZQ4kmFiuhkLetirmumQAwd5,401930696310
5CfR43jK5FgBRnYijV1UaZJPBF3pSg9yTBJLrvUkhJeei6cn,36381134788473
5DV7Q26MNZDyJTmhKit4R4gA4fCTnSUDAm5gqCX1uicU9doR,103388235864868
5FnxACLZnP85frm22qeo4byE1kgN5ztn4RJDtGTuNviH8hmM,22103394437508
5GHjUwXZtn4DgWRUPqbiEp1AYV4dg9TLFP3ZyzwPjm9NosF9,394554442652
5FTiVHRACkYuy1zEPMGLp8GbPpddf5gD1A47gxHLCktgG8LK,713715146281
5GHcA8Jji1EZHqyLsvBZCsNSP8g15TsYgT88RNQJnnpjKPFt,6133701455854
5CGGsEVqF9VhMNizzgJxWt6DXFkh2yneTaWAAffaYhiT8QdC,9851697776666
5CJPEDH99tmA11aR1pPzunvChWd9L4S6GPnRGHcNsYPHn2oy,5846265170204
5CcCNqRkUgUnd6y5kTGh3eRgUVZqvwkgEezhBGD2Qb9BRx6v,727994236356
5DU564tLz8dymv1ikTtMakqdLzp1nutrSGUQo67JqeqALpQB,2748470040
5G9GUykJQoW1qBBM2GvqSDtgoBM9U6XChnJLqM23iKz3Hr8N,831867665246417
5EFicbRUuWGorzQzkzCgFQtVYigPb2yrhQDAVJrF7mqRXEuD,65403767246722
5G6GoquGzEbyDWXx7A7Fvp1626MZQGmUnojNLek2UiVnYuSn,3389902345783
5GKfipmhTVTiPT2bqimvUJyFScsinSmvrYLCFbPo1xeFe2kY,10542097728803
5GQi6wsSgf78dxCgtc3zeUmrXTACg8RmpXHYgxCbwFwZRLn7,5599971805840
5FAFgbEfFaHwV2tRP7kPXzL8ssgChBSC1Aeck66Sz9YBjBqR,1130711416138
5FPLb1UJAuJwLbcw6nBfirqSK4eCFkd8y9MjX8Z4NKFcBVmo,360749768805
5EXP6etUcaiQc6HrGZkt5B4BkZiQgMUgieDtYtAGeQyR37g1,503727753300
5Eo2EcmAHPdZu83YmvHMes1Df8a79jxH8Kq8HhPQbFwnKAuZ,29033235153159
5ELjG7rDGBv7t7YK1yMeGEMw9HXtRYSXDG11tSK5v63DF9dL,852255926186
5CwDhKayeSpA9gAznw13UxZ67t1C6uP3Lbe8ug9kan3rvvUm,26298523644444
5EAEHaeKgu9JyEteqynGpPfxHb7fuX11kg4uzS9u3zEE9bBr,2659999342283
5HnEv9x2K3bTftMPXwjyVh4isdFj18zQWijRgZG3TrdvmURC,361725964057
5FRiGCF7oW9gxdEWRhKrR1VgFhRhqo12WYpkikpB8mZgd4iJ,2038855302116
5HWQUukoM1bdgk1VyaLZpQP4rewNDDXkw3YYh4FJK9jnAeA7,2293031594663
5EvTnCY2Z8GD36oKqaFFK9hP6MEgGRoyXTuFiPMGuxZZh1SW,10147349688
5Cf9V61adqFFCVimge6pa2vST5QwWjHdDAFNP9tu58VyuaZ7,3481232868408
5FNhJGvys1dw8SB66YxnoiWXgJqNf1N1qZGa5Qgs8FcK5zPL,361629433665
5EeFpYq3avWGJ2xZP318tHzfst2h6QGbQoYB9zEjnm9oAPBi,590039960452
5Grkw2XQhadBf2Ecr8wPCGL4gGEzc8Rg1T3Z8TkNmVRTVLei,1757851478653
5DfFfo7AxJmPzsVLuEjEWhrqdLHXwjZ55PS1visBDDmmhDWf,1687733010
5GGsMhTB8B5rTzZdLQL3asESvPZDLnKXGSFAfTz5iqis9yS2,3989376379377
5DRwzAYEVJGKSxE7RbaiK3cmsH25hgfhEfsVBkiMFuara1Y8,746821965600
5CXjk6xtp88pJBwxRsUeKayC5N8VsSES31iNot69277Aijot,13325304419367
5GR1MWP8N2xL5ZKtVNV5F5H1wKH5a1Y6Xgikb5SXHC2PxGXU,25031477020075
5H9Fp5Xkra573sdC3uoDFSmtMVrTPWd2NiEYqEYjfB31KRZC,10940764680511
5Ejxibj4E7iCZBsusXxcQJQAyfC8moME9244yfjVE3RS73cV,383673406573
5C8RPQskJFiMATv4guZb2ZR9xtFeaWdpAC5sHZHgv2ycBuhb,473832386667
5HRSgFPpsS9exdMsUtf6dfBDMxEQ2P2TkfvCdmH8AKoh8jVf,788067362547
5GeT7Aazhx5X1DWM2h1xm2ZQUy2WxrxnSnTFNRZTLbipKqcP,13252814425203
5F9bXQePzYxuBBNVfUa3camwqSPRYekxeZLaDePXiVwmhpxT,555866700423
5DUN5o3DamMh5U5rwvbAaCaqChv83FMXmV7LPM2fzqnr2p5Y,6362046708
5Eo6HLwLskpMoDU3QG7PSzTUgoYRrksTMKUy3Ho2TXKoUMUo,138285048330207
5DqRWL8R4qzusyFyqxDqeMatUHZhtX1Ld2CPjqCYDpya2CYC,8792525122762
5DyDBnRxvyMc5m1nYXkbnyRngyJfWrHDxjhs3NTDefQnf9L1,877786769690022
5FefwC1TCtbetAkiJFLHidKFquHWn8H37oq9MmEZuGXk871J,5470680747086
5EYCAe5fiQJsoL71D8qNrZ7NznTuLKXk24Wjp9pe18su2Yk1,622007328
5Dz1TJhbvsQRVdcz3KsNxUftkU8nmowUQVh4TzyodTiT7Yb5,14828520241449
5DCoaBXCxQ6cansiFh1WAMFKaLMQLuzBcTk68eJPoKXshJrz,109772894824026
5Fvcdqi5k6pV2CotYRkQSFe2zGhe1Bq7Ad2YNBN7Uiydz6oi,361955651534
5EetwP1nJ42KtwGaXASn78Bh4M6Bhg125TsewMf3SnqsMxtJ,83624165901642
5FLatVBwAAfjX7yKt2d1TGZWJFxNC9yAnRzxxyQbQQeRg6My,119118300963
5HWCy9CUf5bdNWafUMF5m1DXF75ScLwLHsdJJTXkXS1vFRTM,19276157023641
5HBDHvdAdByZKer9wtHiQ5VPjZdXDvvu67UHnCRMq5GZdyAY,1687314380322
5F5421Wt7Cx7LfQzumJTv1e8ATyGHaA6sPosE4p894oGD2Tz,6525328840443
5CtMRnfxY8e8xJkpM6Ry838mTVoajKFgByZG5SFN1Rs7jGn9,2160224381911
5H9axSWnNEBkozjKg1RuvQRH6gtGtfRCTZL7vrjwrhRP2rt5,7204251672661
5FCWeSGbaZYbJtD8u9VDBNTgwVen7uJzNDe4pmADLRisbz7S,290305288901598
5EXbHkKczMciJBBpDPfySuExG5QQNXaZHCaV4DbZJhL9UgYq,5756981310079
5GZCiMZRzmyPUMaiLNCwuV5zUzC2E3p93V3ZKed6DCZVZZ9u,17817517809275
5Dy5F7468sd3VrrTLT59XdzrWdjEQHzSpUwkDmWUh92yGuSF,1271754374199
5FCLbQYRgS9dh4JfryexxGBmmTpBcWQcn9w95kaJTZok2Yog,565925291924111
5HBspBWUy17J2oWPP22oTxnQnhVrwpGH2ms7ZAuZBQMt4y1C,17172306476323
5DkbK1U5AoznZQw5sRnSZQvhT5rQb3C9r4LshQhatyhyiaQy,35779311838512
5H74gZ8ZEmGouL5jTGGBR439WScprreAcHmxeUvqNAufwToH,5620543387397
5GzZLDhmFHmPH5SsKUZPT8bqEecRPvHf6C6Evfzd3RAzQzg5,186518896767598
5D54Zp5xQL9UHd2UxRvhfHsDKqtWHb8WMB7UUBkoXEP3zubo,49139918828813
5DZRYpZFHZCZpKfPwtVHDbssUkdaMcNdtqGahramkZUFFrsP,152562038387497
5CG7ezTmMzEMAALNhxngHvZnhSxUFWncmN3kiafKjSTZU3wC,10966886832718
5HVSByx5xBxP6NYf9MwCDpZcN1cqQBefo7udJVA9vezgTWz9,5396741094624
5EXNWcTZ5kZ5wnie58S1YhiYBRRRadBifYtv1VKagxb444W7,9353217430803
5DP4BPhZcGmLkVFU3afjYoVuLxxkJeLXQ9gLXxmrf5xGTTfS,10070404962413
5H6YjD6UXkL1odHMrQa23Rqo9CQVfxM3JYnyZ7rubokG9yxS,26060490421468
5EZu48v5LnTocdpBcYXUaQ7ju34ZnxTKiswriHgnTmzVVoB8,2764471836412
5CqNha6s5veYUhM1hG2y4uTD53bDfxBobvgaPBPRmxQ8n7y6,832272389303
5HmgxDrKNSbXQRK4gvNao74zVu3FC4wL86FBnuaWAQ4tvtQM,14738477334181
5DWpX5RdYBwstMoMFdtrLhjVDfKhQGbhVACG43wBVjnoC2uT,3972663574000
5DvmF2mPdbrrRRLds4LM68h3pbNGo4XyeNXJPVUeCcxSL2Q5,2679068088
5DD4YwLvPBeC4vCeDHcEH1zKKwbu1CqBBfC3wa5QRRiknUq6,803945418077
5Ft6ENtYp95D6pn2o8Ex74u4p8ppMuS6r9LeZMUWKXZqGKiP,401736101503
5H5q26BECoANiskfRVLWR3cnZx7vSa6ZoHsJSdD9BCgR9jDN,9486728063263
5DhDv5XdcpH1i7jY44JGXrQ762CfSBqgPd37AK5k7Ftr8AEL,420783772427263
5CwRhBKmEyhLR9L9uhQFeBnkCaAUTXXZdJxjXfCbVdH32djh,4960798541286
5CicWVKyxmDngMwewaEffQsoVJQTo78px4cecfCS9FwxUBm9,15524355455116
5CkVDwLtm5DmJfg6HbX6vFpTdJBniyHB6f59Vxx8U6ULKwMz,360742873854
5CJ81rSAiPMwVBhUNVF3tvFmQizp6z11snJd4cA8ksShwZd1,7245666580014
5GBo9tzSrigJXxboRRW7obT3KXr2cJWEZwzEryGCsqA6KqeM,1234317831978174
5Fxny14sMqWJx1zuqa2S9NBPjzS6VP7Xm4uJk1169CG615gv,499131960153
5ChV2NefDReFKY6W2bCbaLpNafqwpc4FQwDdSoGYDVRKwWkb,8317512270
5GRM4r9aHBathkY786sJU6Qwj8biUVAPrnWNiJ32bk48K144,1574564370210
5HRNDvvtSsdFgD4Me1LCcdXgdtNcGC8ZdV6pP2xxme6MEWDx,1814042977311
5DvxwWFxUBXinc5y97szTUAKA24HkrozmbtCjT8rkqoKEQpa,361637806074
5EL4BhAQpgrVHSKpuqndqJCVJGS4fnP3KnXwc94nLGzubYAc,3706466665743
5DtU9gN9ZErimLFvPgfHAzLAAro9Wp4mQhPFsJjxLajGivJC,384554664799
5GKWT9HxmFPiBKyw93F21qYxGCbbRXXFpvDKRBsxyhdTzpj7,8115428634543
5FP3wjUPBFfYMvGfn4JKkYJK7FrJZBGQDrPyjaALoRPT34Sp,4353478251592
5HGchGXpgUDZw7sX9N3tVnb39zMvU2TJaS1oSHhCqjtKjgCH,2720311450351
5CngPaqWCYb8mDtFKgRqcAQEsYbcqNEbV4WyAuxFuh82Wo5d,509666024248
5EJFQRvLCLL3EHThmb9RZkTDfPiNRC9A8MRrbFvdaPdSA7V9,20325172628304
5CZb25hkpFr75rHRV24fASe8HztFrBSCvkQNUkiNfEGcwfvV,6936369944140
5CiMBMj2ndrQYKjnu94VzKjx8y9F1YKUnrNAVqxpiF6m5Wga,996878942377
5Gj92ct2p7q452E14Soxqcg6pxuEzeJjpfByfMrV8UP9Lg6p,35135612678686
5HeXq63icVSggCUe6j3XUStTiGb31eDZFFKjheTko5GqeFgr,483391966585
5HmhTNPZZFKFxyd7GWEZD5JKmBCso5GGX1dNVKVfw5WjAqFD,130504121491822
5GgWAVbHhiquDVAFusdr5syfpzSU7HcRiJ18v1xP1i1zzJuf,29626771859906
5GGwAwQnTe7gPbW2GeFjrLYHowSms4yUCSUfFkTqiu8mWGe9,2728799160184
5DQ1Mt4Gb8eiXDjwjnQrZq2T3ghcndvdaMxa3zJ1KdWfpoSh,24049531076207
5FezLhm2N2zCMT6rmuzYRQrkjThrzR2gvhomkW9RhZ9yDvr2,5103477249704
5DcXGPJcbN2vC55zstGh6ZXRR5zJGD2cADhoY9QzNd8Abh79,3289199542885
5DnyS2Cbkbgs96KPcvdah6PHMghZ5zL9JjYF5YU9JJb8A8LY,120005231063440
5H3md7x3HtZjDt9vbcvwqGnVTWnoErrTVpzQin2jNeri7aJC,44828809168786
5GnEdqDVWkGayiPjdiAmQD6j8NQXFSfZcTpyw3NnbnVGCrNL,361668745800
5ELJk8ocd9irrEJRzNzEbSzHAc6zEJGNW5PaFotPSzxFPkhz,8282121310772
5GerNMKhXQbUJ7CnBE2QMnTftxLEFb8BZ6Rs1vXe6EDDAyQk,1494836506377
5DHXS7rwyadq2K85oLEa9WppTGkH21XcgoZtgtNUxPXvD9Tz,1181100184740196
5C5UfFJBdABBQfkLXHskofR5NzEG79n7t8dZfbM67HgeFvA2,361841574861
5Cd1K9UM2vGkqpBeTqinwXiSXhdZNexe6qrzRZsqLK8RssE1,837846591232845
5GgvWoTKyrU8czUygX8wxv8CHhk4n7s2gPESNTES9BuyykY5,3577719934448
5EcdGUHdTn926C2toHFGheMMc3Tr44WmjW5P1qvnutReLiZb,149671715812200
5HGRWqG1kwRQDZoBk5JixenZhke7vsD4HwWec55C6rbrpKAG,3633164337825
5CzKnbNBAyYWFYFcNkPbJBFyEGUK4hTzarBEk18ws8E3q5ps,539762641395
5HRRU6LUDYUowbneh4iH6X3iVThRBpKTRCYLhYWbvxsxrwxT,1489414186517
5GnDbMjNTe3jKiQS6uPqL43Vu6CM5VzFaRxTm42mCQ4Vh8n8,1449091569986
5DZnF6gRxKkw1enwefBa8HUrYtLrD1G9fkrburK84GnunM7E,9355792920
5EFUhRv12oK8mfKwER6GUp7WUXvUGdBdqkuhkLgnTVFArScQ,36264480631917
5G4UwKvEWgb4SnrD2w8VcbH2d5yqyjLV5cqaLQNAUUKyL2DW,12960596162978
5Cg2v9MHU8ZvqBNobjx9TQiGaRx6W5e9B1uNp9yqF4SdUm6B,22058129258806
5GSQjwf3pJ8vG9QtbQd8sf9U4G77VaUxwFfAPgpzwDnQiF9U,11655355623270
5D4THRZ8jRmKFe6QPbtxQoLiV55nrEyPN136jdixtf6aFgqR,22173867741662932
5HmziYKdmuSwdCLrsAnhmUDZMpvXvD8if8HNSKBHMEGr83ae,1981776489875
5DWfZwYL4jteGqfvm6vQmhkzTqNXnCk6A8PSA5zHdc8u3kfD,567675085546
5G25enZWhmi381QdG2UZaBft28XHY9UHQASwPNHdCrXKeVWZ,1366386554745
5HRQkYGZ6jjKseWF8bUjmJh5HWQN28HuBQ9MmXHs6ihzoPyp,1355922693955
5DCfqGBg9ujzp7b9oQhprVGHcVesHswuDWGwimFSNWobLVnD,142580477903491
5HnBagircVsjZbZKBqvo6Eq4GNovrBbFnsG4zUj33wo2jy1x,8168638962209
5GBQGsAApzCKMGuMonJ9Fv186P2ZEoJX193qCQy9Un4jVNBM,2810029696214
5FLLENGmzVLjMjrmkFViVapfQkhtUA35CVZR8CF3i9qgYgPW,5356160410
5EqrDxVusQ3ccmUU1zwG8mi2ub7pPHJvEGwKcAkszuFkfAUF,12696923087526
5EAL8iy1mNE4WbGNoxexiMDMin8JkrRoZkEs1gwpaY3Vtiir,1348993878245
5EUytMuz4oFf1xoMoBrdJ9UhcjbXAxyL3KDq26xihk39yHKg,8736454636
5E1v8zZos2cghEdfUX4QdLyhHDVPe65XCc1fVaTU8EQzXFVZ,36331306288
5Ec3Lj8XqWxrJikYTKvmAE6saNQxTm4t37P1Bdboz3CaY1BE,597665565
5DFC2i2TLZxennhmhfVbQFD9guwgk3nedPaxNyrXjTqwCXk8,1816498182873
5D89JZBCJjQPt8gyFz14ouov3z6uKWsAdXeZpr8YFhhTNHNA,257942805418
5HRBQoHYaicqnQ22bKh64DNweoh9X7MSwhxrc8MBHCTM7bWD,41411912533403
5FjmzCpF4iCVrEMJo7M474L51j9idfB6Q4V7G5b1sojWP5KR,25318763672163
5F99rdafLq87SNjXwF1QJdK6RK6wk4mhHmSQ4HTAunGqWkCM,13589379491177
5FbfjNGvTd2gqeN849dvYF3jf2T6DdoVpHoabfbqdZZ9nzaa,1683999077555
5FWpgZPQpZd3A2753pd56YjYSTWrCic3e5jsSUWxBi2mL8dg,31091512368244
5HnPDcTSv8GQhD5GTLW5LDMG24ht44mLNZ23ZkvYN7XUbuq3,8737038666373
5GTMKMNZfJzdcECYtKeCB6hSr1LeKnucSfFhbqHsxZbv8rNA,160829847197
