5Gru3MF8nF9W1gaZDgXq5QaKTAAT3WktTk1RU7t6Ca2UXshx,40093911044
5G6GoquGzEbyDWXx7A7Fvp1626MZQGmUnojNLek2UiVnYuSn,311273571
5GREeQcGHt7na341Py6Y6Grr38KUYRvVoiFSiDB52Gt7VZiN,132636042
5HmgxDrKNSbXQRK4gvNao74zVu3FC4wL86FBnuaWAQ4tvtQM,1686904106
5Ci3a3phaao3tfsY6fLGKXR4QB6kLWUQ5f7ESSgKoPVHVbBG,1030074610
5Dw2kMYviKMM9yMeKDX1i318ZvfboadQYapzQ1quCkyPqJ3s,44524087961
5Da1EYudKfhQrwZrA3iRLu3rgXf8vnRf6icQxeSeJy72bLr3,1461962049
5EFM3WZhaY79Yg2bYdKtj4555QjZubM5wGkfd6EWU1tm1SNx,1306165633
5FHwnP5LRpVz28hoj1jbBeatDsR6hKqy22qETZjzLoZ4SLzz,189622540
5HeXq63icVSggCUe6j3XUStTiGb31eDZFFKjheTko5GqeFgr,50810234
5GEjhmwC9255azTEtetNUBjX1czY5Z2dy5NGUoroT3A8DQRb,1340417730
5DD4YwLvPBeC4vCeDHcEH1zKKwbu1CqBBfC3wa5QRRiknUq6,76053786
5HYfkhYG3zjc7S2jo2CZ7vNh9njqU12feA1ymZ1bMNnNnYTR,10511474304
5EtHT9KBbVaCcUgNsG4aKSq1LCiHP4ToMDX9UJV5KMLw63ts,5114995791
5CfR43jK5FgBRnYijV1UaZJPBF3pSg9yTBJLrvUkhJeei6cn,3699780949
5EetwP1nJ42KtwGaXASn78Bh4M6Bhg125TsewMf3SnqsMxtJ,988035664
5GzZLDhmFHmPH5SsKUZPT8bqEecRPvHf6C6Evfzd3RAzQzg5,15159413275
5F1qqJeVmECzW4fwxj2ymaLB7UhVvUhipZo5RJyu8zeGcWzp,66229085
5Gy3HBdYRUVpVcUMKNjZJeXRpH7p6TLXkejcxmSz47ahpzLA,3431519727
5CoMHs9VQBgUz5sxHmxvvKYupLKJXzZZchC5cSaABgcTQAeu,12078128755
5G7HmJ1T8QPwB617axKgCeiwCPk7WiqqB41KrhKV8fWy3Q8V,86175996372
5GKboSUiK8B1F7wzgmREddtkCLmPUMuUnSWcEeoMBpmob2QR,323971009
5F4XEVfWnmRhgztz5KtuXxCRaBEC2dmw4Xrzc369s5JSbjwe,144698840
5Hq41GACzMNR6qupzZdMPsnBFg4wSovv9qJuTZAN8aSwN44z,13103977
5DAHjTGcLDXCpaZ3gYvQGuVuHg6fvoXFutRRCaqfYsb53VD9,4409919692
5DtkptGAdj7bLoXvTy7qNYc26sx5iggWHVLiojh3bKxMzfiJ,110778349
5HeB6AnhGdewvUJkufWdbEfoJk4gG2h3ATMdAmszBdCZ27Ve,1048321983
5D2RoM2wLcSALVGSBrCowqeBEPmJbMbchAANZ6Z31B48SoPe,278669754
5EJSUsfTeFcRJiuWVDBZL1RMa8wgd6TQDik9WNv8trdRDBDt,6851518073
5Ff1ZAcSnmnFo7QMWEDBK6VSFL5S1qWbGEEv23c7JD1kVWPi,5302334982
5DFySvvcSWzLLrSdFRtDWCcZazpiyRWHG41soYKDLa8xggj5,10190108
5FyUnDrNjG4grSozvXg826vc76uCs1kmNXAaKhBk8MciJ9Jd,284302435
5EwDTvm7nxSDHhzseBD4nURhMPkCxWYiZaqYFdjmdvmKdPbk,71076570
5HYZGfVEwaWHEEK2VqEUicmvjamLy6HsmrgJ52bG6uktxWtt,1446075643
5FEh9dFqsE2fXqkav1VFZJnqR8PmVKJT9pHe6NECKSxJ2pSJ,459031478
5DnVvW2153zR9oXUbB5obuxuu4dq6f2gEnbL3GKio3zGsCxK,1448668735
5Ec3Lj8XqWxrJikYTKvmAE6saNQxTm4t37P1Bdboz3CaY1BE,199221855
5E7p44NbkJhrpFuGB5kJBE5PeWk56RYBHrNFUABe1gR76z9V,1384553501
5FZ3ThCqjJ28V2KAMTAbeDr6WKVgzAMFR5XCwfHobCJUWTtj,68733996
5HotuNzNdeh9ha4N5fqJgZa2o38vpBrWP4euEwfsSx6oFyQd,277321106
5EnKYAcJSWQ4TTSN4gBcya5S1vo2S9waw1qDGg45R1ZXtG5b,573636863
5FC2S8mjEY2Sdj33v7UsnDx4R6qKDuAyCRcYkN1zb46DKrgc,176009972
5D9ieEbJL9pavGApHs6wSAGnUbN1J5DZshoJ2skTBFg6Z7z4,78090529867
5CFezFNGVfunfEGfnASkJitNJujzih3pm9SpEC4RRk1THkws,12063581759
5HEcEgVyduDeBKepmkCvscsaPnbCtTHX37v1x19XnCBHXYun,636483469
5GTg3a4daxsQKm3CsAPM7wNaYs1kCgjND71tSXDHs5mMLcS9,176575139
5FnDmMEMRALAnzZmKWiLMQSdyWaxgayv6ZGmRJrAEWAWMPuM,280825321
5EAEHaeKgu9JyEteqynGpPfxHb7fuX11kg4uzS9u3zEE9bBr,223680227
5HWQUukoM1bdgk1VyaLZpQP4rewNDDXkw3YYh4FJK9jnAeA7,245040720
5Cf9V61adqFFCVimge6pa2vST5QwWjHdDAFNP9tu58VyuaZ7,402510790
5FNhJGvys1dw8SB66YxnoiWXgJqNf1N1qZGa5Qgs8FcK5zPL,41812701
5H9Fp5Xkra573sdC3uoDFSmtMVrTPWd2NiEYqEYjfB31KRZC,1265004670
5HWCy9CUf5bdNWafUMF5m1DXF75ScLwLHsdJJTXkXS1vFRTM,2228768223
5CQNX1QuoReTMpRNnMT9vvJPPr7Rdq3vyRCMj1RSgSTR1HgY,41821606
5EL4BhAQpgrVHSKpuqndqJCVJGS4fnP3KnXwc94nLGzubYAc,428553010
5GnDbMjNTe3jKiQS6uPqL43Vu6CM5VzFaRxTm42mCQ4Vh8n8,83654929
5HMkk8cWiTzXWjq3MW7BWmGWfU5JBkizc2KCbzUx61a7Yerd,1609303813
5Dz2LcfsVPVChqqu8XXmYkDAp3cgPEB92EnfK2Q2n13EyT3Q,5674720503
5ENjb3ouip8UnsDVgfDqSk9zcRoq4w4n8rzsxZV9hQ3BDAke,1114875099
5DFJsScUySVeJ8UPrQNBwqfjPN4P7ebrGQqQzeRg4J9ucnL1,13514984183
5GBZm78cDzRxWLWuNtyBqwLQSR56HXaXDjdEHHaoZL47J1UH,759669356
5EP3WQns43NRypgcqqb3sSXAugE73uExLXrtmzP4c9LEehyw,386970359
5FxeAZhkLnnnPKLy1eZLA5BdA3nStqSEatr9ivgmdJUopMc2,36278890006
5Fq3Xxna9nLWUubJYf5s3QchZMNumh6GqrxTsDKx8j8pevMs,528543263
5FTWqxpJ72x7kGDR4A3ZNE9srxVv4vuDzvvhWhNpkR7X6V6a,4839529850
5DUC1jf5VWTfXwdb88cPu53kPyeckSpQ4zPCMzCJHCN7ovfx,933541164
5HmMwKe46Y8aN8awKqzk58h2JnZejHSXig7AsiDYDFZspPyf,6634815876
5Eo129ENQAKQVJN3hiydQeC5hA3RdXKBzV4YL8ux2E4ZdrPs,38150281
5HQDgbc65Jw3injp4gACkaBwtJESxuz6fPEWWB9odAkJyRQe,606856671
5E1np1ZJvFghkS7WXcnwBmPe8ttmhNKjGiu43UNzCYPSNMe2,41637984968
5EcfVp6zjk9LFRiyw6524NYiyNSZAa9vsdGedUXjRg3CiYLh,3071951005
5G77wm9RiUXqjx1UhGETehthRhc42bmauPohZTTxgFCFGhRn,34653064307
5Fnd4pSWZ7bJK3Q8o5GmK4r98iHZ1scqhUehAJHourDWwC2M,299512061889
5F4iSLxHMEYw9R3xjftAZ4NZZT9wfKkDiNbsaPtDnda6o8Fq,2393417561
5CkSW4UJPdd4U7shhfzkeezaYRK6MQGv94Rc5keFXhKGNfTE,1162615194
5EfQFdDaCVzH6bW3hse25SEpKRnrw1vovioTSr2mGaRVYPeE,2448434100
5CDmmRXtkK7cSykeEPVYxAKnZYMZaELerWziZsdnGUz2M9hp,552607317
5Fey77ubogjtYJWyrW4uXpp8uvuooTQPBNbjL6DQpu3HijQd,30750186060
5Hbux8QUKSaEiQ3R6cBuYghXvnHkKYvevVAJezWbuEV5TRRo,38148323
5HVc2NyGF919h4WbV8ejXLMvG1iUBGqVUFwEnuLdbh4pdYt6,28369500611
5DyTSq39bKmSqLRdQb3j8xgfwik8XK6YUCNBEK8ypcQ9fWsr,1858188182
5G41iECb6hLgZqZUSkLLmiZfy9t138qGCyJfouPdnRR8bPFj,28635699800
5En45vBfq4iDxpYqbcT4BPT54p8V6JnYQgym9KCmqKDFHjbZ,383883087
5Fh32KLiysyk4amj1EUJYXju5Jo3nGvwHKJCtJwmwfeYuGbm,12069670
5EBxcZB9hJsrMaJnxBDrzvwuAFhs5cyPNHf6JvRrpd2vJW14,1781589410
5HEDJCiJTfGpmzq485FGWtpRYds78JeMkD9EiL6XL66dfWG3,38158820
5Fsiw8f5FvEFPAhuqN67Y6A3gTcinhXHepxXgSsnrxsTVMv7,487299611
5FTfUqhZ4kiYMXbu9jKrtDAL62h65u4frDdvedTKZQACb6Gy,228347253
5CZcQtKbECcyCwihdyCGv8a1H7vzs3RpAFGy8o8qMCtFP4NY,22394350322
5E4yqyGXkPZKHsT2ZYt7seEf4RNiSKhx2dujTY4d8bxQvGsj,6029018987
5H3gGx1FyFwKxHcJ4rGt8CNa2mgceAaxJmxcKBqk4dVpAzZY,13721220009
5FgW3wFCie6BFHP8RZFeszihbSKncXS3EcKukiw3oH9vB4gn,993517451
5GNsXy9XhGrzzp34WE915RkzzgZA5Jzc99bch6v5dYMdrzGE,1992602151
5Fv2eP41hqwFcsM9wSAiVk9BeM33jFdsLp6ziXnSJ5ixqyhY,120523066922
5GRQ6nyE8cFgToGqyG4DdVUapZ2QE1XQPvSTyfjuS8zWnyb6,38146968
5GyDPmx9hPKrj79Sn92ZxqWNWnwWhvmVTwPgMa2atrXoYeJk,2008460778
5F9YDKVjNjk27gyxzJKskh5tP66vjHdRW7bJVEaADW2Anx7H,199413163
5HVsWN1bg5fwvKzwrqtNqWYf5VjQ1HUQEhzAjZRgy4srggAd,338398388
5FnDotDypjQTV3STpmofx2jYKDtptsBniEERRqABz4SxWtzn,5384491231
5GQi6wsSgf78dxCgtc3zeUmrXTACg8RmpXHYgxCbwFwZRLn7,487448601
5FPLb1UJAuJwLbcw6nBfirqSK4eCFkd8y9MjX8Z4NKFcBVmo,38055225
5CwDhKayeSpA9gAznw13UxZ67t1C6uP3Lbe8ug9kan3rvvUm,1327142544
5HnEv9x2K3bTftMPXwjyVh4isdFj18zQWijRgZG3TrdvmURC,34339337
5Grkw2XQhadBf2Ecr8wPCGL4gGEzc8Rg1T3Z8TkNmVRTVLei,184771058
5FefwC1TCtbetAkiJFLHidKFquHWn8H37oq9MmEZuGXk871J,571157482
5Fvcdqi5k6pV2CotYRkQSFe2zGhe1Bq7Ad2YNBN7Uiydz6oi,34357860
5GNJYvYhDXRNHELqEbigLdpxpUcHqGmbH2q2S4VKQfVTaCpV,5170665304
5FCWeSGbaZYbJtD8u9VDBNTgwVen7uJzNDe4pmADLRisbz7S,30349579190
5HBspBWUy17J2oWPP22oTxnQnhVrwpGH2ms7ZAuZBQMt4y1C,1805013262
5D54Zp5xQL9UHd2UxRvhfHsDKqtWHb8WMB7UUBkoXEP3zubo,1913147833
5EXNWcTZ5kZ5wnie58S1YhiYBRRRadBifYtv1VKagxb444W7,689055773
5EZu48v5LnTocdpBcYXUaQ7ju34ZnxTKiswriHgnTmzVVoB8,38732105
5DhDv5XdcpH1i7jY44JGXrQ762CfSBqgPd37AK5k7Ftr8AEL,44184866577
5CJ81rSAiPMwVBhUNVF3tvFmQizp6z11snJd4cA8ksShwZd1,757322765
5HRNDvvtSsdFgD4Me1LCcdXgdtNcGC8ZdV6pP2xxme6MEWDx,190677451
5DvxwWFxUBXinc5y97szTUAKA24HkrozmbtCjT8rkqoKEQpa,38131792
5GKWT9HxmFPiBKyw93F21qYxGCbbRXXFpvDKRBsxyhdTzpj7,804509863
5FP3wjUPBFfYMvGfn4JKkYJK7FrJZBGQDrPyjaALoRPT34Sp,457602244
5HmhTNPZZFKFxyd7GWEZD5JKmBCso5GGX1dNVKVfw5WjAqFD,13717532379
5GnEdqDVWkGayiPjdiAmQD6j8NQXFSfZcTpyw3NnbnVGCrNL,38156956
5C5UfFJBdABBQfkLXHskofR5NzEG79n7t8dZfbM67HgeFvA2,38160625
5GdwxEVvuNh7KhskCDaUUcKWyQ49v3Ek55kZp3rS92of89Ho,183182964
5EcdGUHdTn926C2toHFGheMMc3Tr44WmjW5P1qvnutReLiZb,15732274079
5HnBagircVsjZbZKBqvo6Eq4GNovrBbFnsG4zUj33wo2jy1x,858620925
5FuvMyfcg4RPTiUGSfLZcoqbdxgmTESoPMCHPUu42Mc5YgX8,639396925
5GzxcGiwcyDY4Twhoi1aLK5EYhRaokwFJZLd4FEq1NtV1D2W,36152114
5CqJcCW5SMqCZBA9KhGsB5KEjuGzfevLZ4998jmhKib1qpdQ,7910568964
5DXg2bP8w5D59cGJuV8hFZH2vFYGjt9SUanRo3sUFF8SFCBK,1374846923
5EFBd9EoC3txrgMvDsUbu8PaQ5NiDvTfPaSSLBZSt6P4xVaM,7276937984
5DFfKfb5H4SzMis1ZrP2tPWxzTq1aQGwBHrtmceiiEBQNDAy,682530451
5Eo8N7SJv4rTqAMSqufXpNzE1kPSTeNPLRT48iEWTKZLYcu4,38147498
5DUUuTJNQyFqWfQ8JhxdWKo6khQoxKmkDDhnUhzJqaYuA43m,2262107751
5GjWraaJs1wjEAK9PU2dzb9Hey2pRyuDeQ5WUH2UAVtNiaD7,240776818
5FpooFgFwcuQzuAjC3Z3ZGvk9kWzko5tQuqdBPGunssgbtuC,37977246
5FnxE2zHkkuvyWVUtma1jmKkrXSV6bk1cY6Kr3abTcyrT6BQ,424490013
5Ehk4rhATvsHKUJCypE7DjNvTWFndbXzqzqn1gFWWz37ef3M,212104795
5FeLQQY2s1RUnfQXGaNfnNQWEtzAXJXvBHgKSpYw5wq2pGhR,27790790131
5FNNXRQAJDyTZojrNRPuhq32RRCCppVRZ2ckQCJFV5Vgc9uG,37451216
5HeQnZuQMAcRKUpoqxuDZ9Xn3b8gqonvjrxUuq4Qc5AkHy4H,378508941
5DjwFtiVdTGSTKUPxH7Ub6RDzcENAQF8hRPT7mf9v1h3uPiB,9049798753
5FWdNh1fo1ReXC5QddTEMjLaetY4UR5MMkVFZMPjfEtP4m9s,37835600
5EUraZ4vbuAdwP1eJmwAz1eCVfR4BiwFmgT4A9MPsDRKHURd,728059717
5CtBkJvf22w4Npj4MaDAMEcR8cLxhWEzxSQbcAFfHmNUgTPV,776217293
5GsZmSHUEX9XZa2TYuf4thK9rLGC1FC1ZLbt63wxRWJ5vahU,6446120929
5DSZGMxgtB1LEASx3dzCKVjKLe1YD5FoFmjrFxUdDDrtZjcg,823505377
5FqZ9vcwv7HEmUww1k55bUypVFmStwzGai1Yjpk9FVP11RHP,136037424
5EcYKFgYpUq9AfnmzT2p72hirjVijtJzWR4sQhj3QRtKTXam,917855155
5EXP6etUcaiQc6HrGZkt5B4BkZiQgMUgieDtYtAGeQyR37g1,31768660
5H9axSWnNEBkozjKg1RuvQRH6gtGtfRCTZL7vrjwrhRP2rt5,605362123
5DkbK1U5AoznZQw5sRnSZQvhT5rQb3C9r4LshQhatyhyiaQy,3384747368
5H74gZ8ZEmGouL5jTGGBR439WScprreAcHmxeUvqNAufwToH,531707248
5H6YjD6UXkL1odHMrQa23Rqo9CQVfxM3JYnyZ7rubokG9yxS,2191413525
5DWpX5RdYBwstMoMFdtrLhjVDfKhQGbhVACG43wBVjnoC2uT,375629675
5Ft6ENtYp95D6pn2o8Ex74u4p8ppMuS6r9LeZMUWKXZqGKiP,38143246
5GRM4r9aHBathkY786sJU6Qwj8biUVAPrnWNiJ32bk48K144,148796303
5HGchGXpgUDZw7sX9N3tVnb39zMvU2TJaS1oSHhCqjtKjgCH,165759025
5GGwAwQnTe7gPbW2GeFjrLYHowSms4yUCSUfFkTqiu8mWGe9,258146267
5DnyS2Cbkbgs96KPcvdah6PHMghZ5zL9JjYF5YU9JJb8A8LY,11352576926
5HGRWqG1kwRQDZoBk5JixenZhke7vsD4HwWec55C6rbrpKAG,343699831
5DCfqGBg9ujzp7b9oQhprVGHcVesHswuDWGwimFSNWobLVnD,12687769320
5CDJuMdfVLB6Pi9KhMpJrtGmMbsEeVbGVZH3WFeJzAWdJEYC,80471451420
5HL4vdXBy9Lj1nkXizPjHo6C7VqZtcN7fYWHtJ9H7i1iwz2E,49051072
5H9cvJNzdEFbyVQWa1HZkHNq3yWyN6VAth7MDFbS2htvcN57,46266441
5EFkQeXtVm9bcspxKRhMfcBK9eW3zeVtZqTvXMZBNZCQvjm5,1498212036
5CXvrq3GHgsXopmTtCGzhtkLRkEEwtgfyhaFXnskJE8YTyXZ,6233784630
5H3dTwZXqTCCwwc7F7jEfdfXz6Q4cXCTXALfwSqomJR6CguK,574629762
5EFAgFVeNQqQppXFa52VKHDwv7nYasoeGyzfdTiHkGaUJqTD,93294947
5Cf2iCt481pTfJn327dDaiDcbwQAeXsUAs9keQDyYmVLZXhC,643437803
5D2Aj4fWeWWSnh9285H5YAuXwxM6DWmHJAK8abBPVyaXWsDx,3054918794
5C5bRUpSbgVrRGeYZg8B3uh7qkWpLZ16RJyv6PZ6WQhrYQuW,96585312
5Hor5gaoGwxmPZ4jwXuwLNPnQtUtKHLx8dENAcQJ5WoXGvgt,13687501345
5DMLi7wPSANfCzx7nF2j2hD8P95AVezNep37XByg5n4ZTpu5,1333465480
5GHcA8Jji1EZHqyLsvBZCsNSP8g15TsYgT88RNQJnnpjKPFt,515689674
5EvTnCY2Z8GD36oKqaFFK9hP6MEgGRoyXTuFiPMGuxZZh1SW,794644470
5DCoaBXCxQ6cansiFh1WAMFKaLMQLuzBcTk68eJPoKXshJrz,9144380266
5HVSByx5xBxP6NYf9MwCDpZcN1cqQBefo7udJVA9vezgTWz9,453809243
5DQ1Mt4Gb8eiXDjwjnQrZq2T3ghcndvdaMxa3zJ1KdWfpoSh,6475621777
5CDY4f3DrcSnzU3JUov3QEQzUDKPoq9vH31UG1D6Qaq2LrFL,1372931208
5Gq1m76uCdfvTK9HbH2c7VUVmc43kJKFGcrZoGj8QYn4zAhk,372203183
5HnM9GwxkxS38rSHBTjtu4iyV63Mi1Tgtppg57JQXbCpp8uq,64097587912
5CCk57vH4CbSXybiUW92NvL1pmZqLRFu5nkFBgtZsAaBCMQ8,27258457
5EA9oAMRRPu8R58DqcZHNFUxmuHmNfLsp5ZfLKCBZH7HKB4p,5648952790
5EqrDxVusQ3ccmUU1zwG8mi2ub7pPHJvEGwKcAkszuFkfAUF,3335704465
5GKfipmhTVTiPT2bqimvUJyFScsinSmvrYLCFbPo1xeFe2kY,722719065
5Ea1C2FXG2qWe9seXsh65ZMVphNjsvBjbLFuDqf9ZbNMT9kN,37893896
5HHS2m4ZsJgXCLR4XtNB8YyEkTxbAubsiS8aLLFH9NUjHqiT,5553261302
5CtMRnfxY8e8xJkpM6Ry838mTVoajKFgByZG5SFN1Rs7jGn9,158945659
5FCLbQYRgS9dh4JfryexxGBmmTpBcWQcn9w95kaJTZok2Yog,36267259821
5EKr2s13j45mLTdGeKswoP3gGQCaLTaxa7oKTSCNoCUJqeGY,641279333
5H3md7x3HtZjDt9vbcvwqGnVTWnoErrTVpzQin2jNeri7aJC,1288794689
5GeerwtjB55bF6v94VN9r9wvDM11KGonw7RrhSK3mx8kHnfo,38172907022
5GQbZciv3kJb7YjUnpDoui5n8zpmvGP9e6V3unSNsgm1rZYe,1087470830
5HMqnHQNkVXiAvB7deuJg5JPudxR164j5594GHtJYk9HF7tC,31876187
5Eo2EcmAHPdZu83YmvHMes1Df8a79jxH8Kq8HhPQbFwnKAuZ,1831042600
5Eo6HLwLskpMoDU3QG7PSzTUgoYRrksTMKUy3Ho2TXKoUMUo,1462756760
5F5421Wt7Cx7LfQzumJTv1e8ATyGHaA6sPosE4p894oGD2Tz,411533714
5CicWVKyxmDngMwewaEffQsoVJQTo78px4cecfCS9FwxUBm9,927469568
5HGUByxcNd7ogYbMb5QmVhHm81vjt1VxCPoNjDXdcBrMVFQw,47802658
5HRQkYGZ6jjKseWF8bUjmJh5HWQN28HuBQ9MmXHs6ihzoPyp,67741418
5D1zdyziSgjFG87kwdbzxR7btTx6RcQ9xmRSktVvw54eEZkZ,356558721
5HgA7EcFQ8x7NsS4mSaRdqS2h8Nb7mL1i8mhpCZdxRZ2zCoQ,1442841176
5EFjifY6kSV4PSx7uNLudtpk4e9qSCJtAksHD4XhYumZDtJT,148262798
5EhCYHFt2cgCCuNwMfKK43VAanfThXmcboFNjP6Beb75ZgY7,43192492
5DV7Q26MNZDyJTmhKit4R4gA4fCTnSUDAm5gqCX1uicU9doR,5407222444
5G9GUykJQoW1qBBM2GvqSDtgoBM9U6XChnJLqM23iKz3Hr8N,43710876338
5CXjk6xtp88pJBwxRsUeKayC5N8VsSES31iNot69277Aijot,673252416
5ChV2NefDReFKY6W2bCbaLpNafqwpc4FQwDdSoGYDVRKwWkb,593623486
5GgWAVbHhiquDVAFusdr5syfpzSU7HcRiJ18v1xP1i1zzJuf,1557062710
5H9Edwuf1khpgJVp7sFUnay8ZyNSM7kpMiaxdFKRzzicibkW,104547739
5E1wnFpFrc1UqE9ADVwMUtHL4UEBE1gPVVu3CPFkn6UBVMtE,2375135244
5GqLVB9ho3ztEbAHkH6aZD9YxFGoEsudWfW13L5YyZMjeVDu,76675580
5CPrZzBsYP8w3Fj58YoJQFE5bKaE5Gb5tf4EWubzM8LvPNcx,44623159924
5EFicbRUuWGorzQzkzCgFQtVYigPb2yrhQDAVJrF7mqRXEuD,2730328752
5FAFgbEfFaHwV2tRP7kPXzL8ssgChBSC1Aeck66Sz9YBjBqR,47540477
5HBDHvdAdByZKer9wtHiQ5VPjZdXDvvu67UHnCRMq5GZdyAY,70942709
5FezLhm2N2zCMT6rmuzYRQrkjThrzR2gvhomkW9RhZ9yDvr2,214574417
5HYQo86HY857F6LVJNTTekiTtS88KgtDPA2yApuDGksS5uQE,265160646
5G4UwKvEWgb4SnrD2w8VcbH2d5yqyjLV5cqaLQNAUUKyL2DW,161065090
5FcKLw6EjnaSSJ3BDKiH6qKD4Z2zLMjGmcdRBpKvWGUALhZs,11948492
5FhmFuUyfyRQsgsGjitxwTbhCy3yvkASdboN39wHBnrVzf28,73950805
5ECBrPe4287YbsGJeudbHHB9CAkmprcFb8CwMqFDzoKGNCM5,3503881261
5Gj4mbM3aJpjzkFUDPkpQbWPiW6UE4rh5r6JQbmaGPmEL1MU,12934009
5FZ16H8pied7AZtn2EKvfnAoQ7og3gTWp4Z7KZ437WPB9KwH,16926831
5FHpBdzdDctrQJqwWLBBLmxnkCV52ZSCWYkGyAuWHkDgDyut,2563537288
5DULWqBEgEZyeTiVcdBJHos4vhrqAeq2NUhvmdfuMRifcEYV,20629192321
5G3UkXLnnzsfYQrkEZA7LfxesLh7S3MczxPha89EgAGwLUG3,7217587
5DGA4JcnS5RavpxwJfadwjzhKMEN1PGT1NHAnmHsnqu4X6Zs,12702832
5HGnHByCjMXawj3xndmJKmW49SgwC62GCtTUrEeQfKavQUMz,15884407
5CJPEDH99tmA11aR1pPzunvChWd9L4S6GPnRGHcNsYPHn2oy,116226442
5Ejxibj4E7iCZBsusXxcQJQAyfC8moME9244yfjVE3RS73cV,12098589
5HRSgFPpsS9exdMsUtf6dfBDMxEQ2P2TkfvCdmH8AKoh8jVf,24850570
5DqRWL8R4qzusyFyqxDqeMatUHZhtX1Ld2CPjqCYDpya2CYC,275184115
5DZRYpZFHZCZpKfPwtVHDbssUkdaMcNdtqGahramkZUFFrsP,4810824388
5CqNha6s5veYUhM1hG2y4uTD53bDfxBobvgaPBPRmxQ8n7y6,26244512
5EFdxiLCtnTmFUifoiVT9xfm3LDTRdaQZfTBPw5hheC7eEBn,12857168
5H1KgAvN5VPVbtXxzqYTv5PPGESjrj1rJD3ownDQ8fhMqx48,22751015
5DcXGPJcbN2vC55zstGh6ZXRR5zJGD2cADhoY9QzNd8Abh79,17818149
5FjmPXaqoGq5nChJ49SiACU1Hqyr548aDyURf2FdGxMdypYY,80573569
5Gj92ct2p7q452E14Soxqcg6pxuEzeJjpfByfMrV8UP9Lg6p,738633997
5F4cqaC3EECQbfh7gpiW6D8RCgQdH83wQddWRyR3x23xSnZh,98457529
5Cg2v9MHU8ZvqBNobjx9TQiGaRx6W5e9B1uNp9yqF4SdUm6B,462314195
5EWh7qtj7mhbohuzQCimXPdXEwAHpYZCNoM67tmk5JxsqDPn,15950978
5C4uwqVxYUi55J9aFwKGu6Q1UeafN64RRRVMTTxVTUVnVohP,20337306
5Gh2apkyHbzsob78yjpLreyjXAiTKb8tb1Ze9DihNZXeta6n,947299816
5Dz1TJhbvsQRVdcz3KsNxUftkU8nmowUQVh4TzyodTiT7Yb5,155865351
5GZCiMZRzmyPUMaiLNCwuV5zUzC2E3p93V3ZKed6DCZVZZ9u,186653573
5D4THRZ8jRmKFe6QPbtxQoLiV55nrEyPN136jdixtf6aFgqR,231817188156
5GBQGsAApzCKMGuMonJ9Fv186P2ZEoJX193qCQy9Un4jVNBM,29536748
