oJWxPGiLrDYkGPFTevPDhc2Apcdax7D9HatSMSus69u1T1Y,100
oKEiq2AdVgHKSk2BCtM86n2LHizeKV8Fkf9yASvW55yUBYa,100
oKRj11cbTWFMmq9Kz9tbTY3YqQ18teBQho1jAFQGTgqn4xG,100
oMVACTVb9iKfQPrsKWVxzfgCuu8vKMwF2wp49fxwLJCoq8w,100
oMXGL7okdcJxSjyW9DDxiNqBHzWDz5zBnr6ymoq8YmZKAKW,100
oMzbgU3EMydrUAHtoenBvNhzPPeiHE7kDFQNKRTAxm2d5Dx,100
oN52XNdn3Gge7a4KcD8D7PcTPWPKyYxuvLeHGyNy6HJa1mt,100
oQn2B1LKEjYCnbw2fKnJTBFaKZUDqWfPxwezLoMph8VvCUw,100
oT2fDqNHzwgv2Bm93HBDK1aPsmTDoM8XCytexb13Pv4tUfP,100
oT5a3ALDt23ryoiJXj31T3sL3xLhT9M4JAiiyWaiXFBJFt3,100
oTLyh8BgRNu8yzsSHak7XHLb3VZhzvxSYAFedmYXQmSnGHQ,100
oVGwxCPbGdsYy8hdFZZAWxFvfY98yGV3t5AKJ11q5ommUiu,100
oVN1UTfyvUbitwvejdb6gBtKkUQ9Tn7Ds9yZjxRDuUY5DAu,100
oVVMKEbEo9bgd3Lk9uXRLP59TVaL1bgasupowcFP3uGeHye,100
oVbLFm3QmH56bqiYysoJPCccF9mdLbnLaeJG3FaawZ41Vxo,100
oViTs37WY8PaxSF7jgrYdEKPZvrYjpeSpcdTJW6xTJvfBe4,100
oVxNUuUFenhkTDr5v19qaMd4xzjkdjG6Mmgrt2XWvGGuXZU,100
oXQgVRGKjPARXp6eu2nvJz5fjxurRAL7LAm4igcorXeSuZ8,100
oXUk1xfjc6F4J5YQ4ewyuhTdLosjfkVuXtChVoFvqKksbet,100
oXxnrCnFmJkmeGp45196nKmb3TJZoEaP1raQZCuNyJvCwjV,100
oY4PPwAwPVoQyXvUdvvpxtXd5rBvBJT2NCJbkkp4q2LvxAU,100
oa8tsQqKdcLXfCQT2JNf4JCovsBq9WXysJ3VF8GXHQmGCTS,100
obAeyon8L3uoXvXshecT6mXSLjisrWnnm6bDQjgaSszdyDg,100
obFfE2mxNpAC8pq7zKAyGRsRTuhyjcbE5MhTCkvzP9MAmPc,100
ocuC8zrumazWPXWDLiomNtFPuzjDhyv2TsttZs1aQvwyJnn,100
ofK5zrasinwG7esbXejSqvAqLtjSZKe4xKhpfr42Jnv9U2q,100
ofVQ3Gx2vsdsiFryYcw1VUMynbunSiTt4ydgjePwbUipbgE,100
og93xf4m21Mb5rJb92YwX1iZE5rGKAwbrFeGqtRD9G76Zb8,100
oi35i3ZPxuzjAxiCg9tCaWm8Pqa28K29qHSSyNr5WMmQmLZ,100
oiGAA5VNPz7phqx9tnDuWq72qKDbJ47MrND8EEM3NpnN1A6,100
oiLKQtzwN8vKbif3KGJifvpC2aEPUToWra9dWR91oEtdf38,100
oicqGFHmZMw2wuKYR2Vp49we1gYGtfjzp91gGWd26onf3ta,100
oitqr8zA2FHgx6ZXJmvM5kfPe51Zrkm7xmMi2jQ1cvo91xT,100
oiuLq8hZyubbdMjibcCtnQiYNCWRVESGG5WpL7eS5f1xkNJ,100
okamEnkd6MV3Ld9NCk1EsT8RTnKbgGLkDZRQXY9fPx3KAHv,100
omGkNTRCe2KgEHgLuhMssaxwyV7PvnLz7eUqDp1NNB6dVpF,100
ooBCmR1WabrdmgkXpK2juuJhLvM5q9f9hRjcBxu4wCPaEuH,100
oqpapPfvs7wk8KF1GVStUo9s8bkvrvrY1XYpqXbLDb1oLat,100
orW3gKVLKdhHUFCFbomwfa4z5kQMNgvSUs5wAZWo4WZznRR,100
oraXR4dy2Y3XpRsfjoz6tfzZCmZWRYwgs2XWL1bbEurJzeZ,100
otihMbsZwWXtVxztYC1jPszUaYweVsvoBQuTv2fL4HQLLzq,100
ouHKhPLUjesRaKTNhyriSaWt3Sa31YRKbAxT5YcgKdTxkov,100
ouTmSmaboTb9MovdXAxwdZnrKCPhbQa9jgzrMFzQpkHTY5t,100
ouYUA9KN3QyCmTXA7LZLXgcNw3FdAaTEA9LkXXMbVCkkTAF,100
owLsZNpTiBUCyphZrvS71qCTjzuFmGxAcNiTewZEzrorJRH,100
owtUBYPBD7s4YaarHyTj8yMAgUk5kZiLzsbqtMpaX3N82aK,100
oxBLCSoCds27ADziZLtqTGWvyEUXdyWnJf32rAeeWtNu14P,100
oxHu45mo1b2ngktPRreh54J8pCtwj7Nxk8ZmZiGGsVTjiFe,100
oykhw8QEMcAmxvBmnGr3wf9GEiDWJnamFxBsRsqsktdNzx6,100
p2KeSM5nJybEQL24erqfN5MM9RiY8focmocbU41GPsYAdZG,100
p3JUdqZhY8a1LhCnHoKkVqaVzuQyjBZaHdx4UmAxDE2hymQ,100
p3Jy3sSZgcmuQM5moZe2ahM1ikoogrp1uNQLs6oLD6Q9JDJ,100
p5hSb1o6oKFfz99cs4qpiGYGvFdmkpZB8tKKaiDaVYQY1So,100
p5uvi8V6gPTk3Cz9425KxqikbzvrCsRMhRcGbCLtXmGTo66,100
p6AXNP4zR4ontKKfBm2rn7Co8eZttiQDV62YVNLTwnt2sE3,100
p7gFqVrhqZqo3vDxHLhPv8SnBbEd4a15iCBmXvJcpsEJEqK,100
p89n53fd9hNjtpiCeZRcLNzZYKDSUFzZfJeh12NS7QZApHw,100
pA7vPcT2uYB3oHJSGrLX3V1Ek1Vgz2ULNKrShBYGpJmsXuP,100
pAGs6xSdPELENPdewu3bqy8VF6w2voAax51a4kB13tF6wfu,100
pAoPomTch4snzHUVsvXGPgjXUTZ4qLqWo53ox3dK6AxUV2D,100
pAuJfMrGFs5isG55ybhKLph3kFxe26wm9Hn9a6ct3eHoRSW,100
pB1wLVkDnQ9Sm8gzEnBLLE8qAtW4vjgmAB2gMG5AKc2yjqC,100
pB8jEedig14BbWKnWcDxkRTvSknZBWP9wK9XVMRmWiWaWmp,100
pBHsSJZL26jaQjkHHpSWgiB3z432XFw1rAaaqNc8TyZS6ZJ,100
pBLr4nekSXS8eqUGDir9xM4LH5hAJ3aVWB6R9TsNNrgTqTd,100
pBMjRBjeuLR7J7nAaPoQ3ukHPBu3tgpGWdNk2cTBfbkcokj,100
pCj5hGBCdStKTaf4LuzELtKwV45ExmmZjWbx94jxr8Gc3ef,100
pCxeA78P1ABZMBbZzwpMHNHCBCkenXSBUKK2VUkVnTNjj3S,100
pDQfJf6EZ5yXuD4T1nfyKxFHwNMejcgka84XBKwN5D1Pivq,100
pDubmCs2dJFuyvQwPCjnbbYTLV93PSMJmfqFPsFJhia5k5o,100
pJZDHjxVZwzdtBJa4nyPxXZKygVWpu7iHuepVAQTVK8sTbF,100
pJdn5gFLSQkydGiAL1tpepmMM2WRMiowCH1YwtZnAAUS3Ke,100
pLxjLBSoneAH6N8gK47SJsDEoTgARAXi5FWYuekJRXsJPnX,100
pMAFiYTXVVqev2hLqvZqFFTjKcbVNmKZTX4aff1yMgn4Vup,100
pMSbMqR2bjw4itYogyXNmqoyyQG269c3xjKCiE3ofuBWA7K,100
pPhrEfT9XF3YeYfY9QFrBAZVLZNjtfgM1yPa7poEWo4H3Zg,100
pShDFixT8KUGPr7yfS2uPLLS2x57VH13D1pN7BJZegLLJe3,100
pSxQbktAuajMgbbr8pxYU44MiYM8WuZ48GrKpP7ooDzhDKn,100
pUnkHxUJpD6pHgNFd7x4cDe6PtG2xis4N1HmfbdYvAziy83,100
pUr9AJXwJXFqpcTsJf8x1QG9pFPYuNnv55BMELhXhxDWR68,100
pUumNsnCEYTfLstnRPiiT3ugTsDe1FRSkme9pWFVYJ3Jido,100
pV5ApW6bK2CFzSakjn4Md2FVyxCn1BzHmqwuXVVNkT6fFpz,100
pVjGaD5NBgscqDAWZfq76xFLrNN99rkbPShsXRe3mgUx1ds,100
pXQuZqrwyARzBLJGbYWPew7Lq4KeewcC1Z3TzH9GZU5gSq5,100
pXmUDgC2jN741G876ameUk6Ui8mcpkNsEcPiWMpcUk7zy3s,100
pXrPr7soTmdWLHY4Fghfc44bd9SZzYEzLhzjPFqRAD46CyY,100
paAZ4EFzdYETwGv39abkDXJo1Gw83hLKRHQdHnQrPn4vBK8,100
paTPMFwKNBcyV3LpeAb7su4FGgUQkRVaUseKtinzmZUJb4R,100
paTvEvoBXpdmhDNpcoY3X88B3H4NgGEDFV2vc3eqmqwXpAa,100
pasTTeBwvVjcYeBtoNscDkvnHgiXwdqTw83fiPGVuEpK19R,100
pdB6FWHfCBTgC25KyydVUKe4M3UNLGtGxUBeA2mLvofSyzW,100
pfsq7gfi5gGzvk4WmDFgvgPsmFbXmG2qYTgbfMq1UpHYTsV,100
pg8BSCQDW3zhzwKumFfkKg3q3LHMopQJYkfCJKN3SfR5jrq,100
phnFnqVcgySCKPQoNhQnjEz1Q3xyLPn2c3UUsJG4VtHAWYz,100
phwJ4dWWscymUL69pgMjZYPED48B1wqMWGsU7ASFmaGTmuW,100
piJTWZhX82b8X7uM9tNJ33y7cxpwWRyVVpKR3yGUAFTxjGJ,100
pigcHgeJfVFzU1vXcyFaRdi6ALTvD4WknFDuxenAePtad2v,100
pikXCsCjs1pGDyer1v72Wsc74LZwthhVgHs8TyTDzbQbfzq,100
pkEnD8czr9vxqv9y11bw4iYVLWXuyLPk9YyEr83tXvKUpEB,100
pkfnHYn1wtQ6Wgwd5TWvaZjwkE7DMgsNgjBzZHjoiVcximD,100
pkjMeoxhtbAbK2q78jrp2g3kVpo5VwgNaLtMZTyitNZjH5R,100
pkuWPTotWkKXYvY2RKSGyT6Xs6yxQ3qbPzRPvt9HzEoeLAg,100
pmUYm5643xkw1cQ4EtaSGPfEaYDY4WnkWrT4WCM2xGZmFqY,100
pnpbigYQGA5iihmGFd5hT131xb4S213qAjbS77fPsu6yt7E,100
pnzm69YDfTrWKud9naUNxqRWFmaVNxwUrS7nciY1VFfgkCk,100
poaSpVvFmxhYwp5MwocWG1Qi2o94Z1xgjmx3QaQZttT2XCK,100
pp66SS5XocsoyxNfEzPqbV1C8dGnV9wsboCTUHKNdvmGfdY,100
pqXzaNEARALz8hx74Uqh2AsD5PxuncCGDu4JJSimQ5k168r,100
pqhK5TbfGUQdhvvZtLf7UAQNFfDzRFYR73ude6fiUTneEvY,100
pqkXBdJusBkpdTCMSTTyEuxR5vnofVziCrGKpu6fBvJ7dsg,100
pr16QdPB3R1abs1Bgb5MpUsv7A8563f3s2pKgsrK4nxPnth,100
pr3jZUVGa7gBiN15Mt5sdqpK2YcheXCpLtptBrdL6zgLtwe,100
pu3KU5ZdQDF58V3DrXZ6mSHKNZQZg6FZu6u8Ag53DERxuEB,100
puMv89zUewbGkjJehmqhevFhKFESvcaL1DHrujGRxmLsgNz,100
puYWD7QcwzgWE1FY6crJthTaeqzq1rCUhGaUor3dd4JMzL8,100
pvo8M7vYvYJQ7ymFxPThDMf7XLfZxRyyeCeF5DWNBgGZ8CX,100
pz38aD4uw9HNrqMgFyNNTP21J8NMEFrZ2Ej7ggGg2F2RLUJ,100
q2xfahhdZWAoQAv2C74fQSBut4GjacQdvBj11uCyGRsUoLY,100
q4yXYKcxsHVGPkd8rzuKH2Ps1XtYY6fi43LocgsCi8YrZSB,100
q5dj4qEBUgYjvUq4Dd52FEgyj7KXEooaEgp4pYheb7jAUv9,100
q7Ez3pct2MRfMUPGqGXVGzKZWyFPtdRPV3SZtcWG8wWS865,100
q7dHzzcnhJe4UqfosMg23diq7tS5UuNdNDhwYgVQYRfstWh,100
q7jtzYSN8qFLEM4dWfonnKJMdKxJsihE7KmXJZwjQVqtaAe,100
q7qwtAebgf5YVUq7CX4uCVv9Yx4gKnExwvH14dEphK9e8Kx,100
q8L39rTZqNt2on9fsD2XuZa8P65rTGosWWFtVporFjnRhNi,100
qCeTNeP4ytLBs6gYMALgzxQY8sEY4akQW7HJXeEx4pPhqy8,100
qCfjppxHUuWeLiAEeTiworkgaAP3bvjiJFQswtoCrRr6gCX,100
qCifGWS4vxqBkRkDejZ2nitmzivxNmpNwjWrirStFFYzWFm,100
qCn7FRoNisFeCK3r73Cpt3u5saeCpMomjzSsn4zaysToRqC,100
qDNLzogXa7kFdMtUr76M1TqnZJK4Eppv4GEm6UUSUSbGjqH,100
qDafaHtryfiBdsDFDxa7qdSmyGnuaXmzWrbYm7ZtPVsYed4,100
qFCknUeZ5mVRhf67SgeJwiqYHYej2H6HH91D2qvLP2pQyca,100
qFjzaDBTgacNgmP6vTz7EoP2SGsgjCcdVEZ6iVbk9LiHnSQ,100
qFnc7Q3MnHp8z9LSWsZC9ab6BaE4cNgAX1vSWPegcJRiVBa,100
qGLvvxpA2BTXrEGgBgHs4q7Lt9P9HFSrXNkYtK8x6KHJU2F,100
qJNRNEn8fTJs4BPG5caYkUVP6RCKdWBojJNcd8H79C2DQKT,100
qJY3nX78Ng4cw4mtAFLs8VZoHn9niGdvkGvfBzxve7wTN6F,100
qJtPhK7xoBbgt6KobTkW5UZXvp6w49fJt1XEzd1KDkKCUEo,100
qM6AZe7LErKSVEzBZScshZFWTA2sJzCZVzmGzLivs7TUjQZ,100
qMRc2vKV51kips2qbfDpHZqjco8Su9hWSjDU7uGzyi4XBPx,100
qP3kyzF8tGcjsZisWzr52qkZ3bfgq32GqWa43nzBMAUPwgi,100
qPVa3hwZphcP1jWzvxFYcjZzsDCFMBdt6eEPKPH5ZgbzfSu,100
qPaw5f8Jcfutqe3nwtNNYP1VoPtwwyTrJ7xSeotXmHhiPft,100
qPicaRz3jCRYW8giTV8SPaKiK8q1VHGAoGfzZQCnfdcwztg,100
qQ7abmpqtAXrJxwpK1HkxtWPFrELMw9vyxJb11qGaidXXKQ,100
qS3DdmwkdownZDuK1MF6eVTth7cW19XhbkoMauHCTHZycGe,100
qUkSLRyTMqLGuzHwGLKGW2LC6DMgBCKP9E1CtUTxegMGGk3,100
qUtWKQaMq37YSoDLUMRZJQbL2Knj3zCgzWDNuNcdyrfjWDW,100
qVKcv8BRsQtJt5BXKnYpy8sB9e48R6C9rdTc7gwdUyqMwxv,100
qWyDTjAVZhcvZKPzw4m3v3B4Fqw21U1BtF7H8J98wuzX3YV,100
qaULpPP8MB5r5aSrbdiaKk51aarYHNEXo3hWUvKanmcoWdw,100
qc4YbQ2igLEhpJ2qQdzuGP5nprZsK6ZR6AU6xCGhDb6orWu,100
qc7w2mLxwXfDTdxghZUEYWstXrPf2pdCzPMzLtTfgQWQ1RM,100
qcFG4SUpsDZ5qgrxzyw3GcoFBviXCbY5vwRgkabscUj87Sj,100
qd2DojPnN7EKcq6PRTaFagUUk1Wz5dGvzTQtZf8mhKT5sfq,100
qeknj856ZVtR8G4kZXUfVNL8wsJaqzfczqdzEhKZuRtcgdB,100
qemh1uYrmLwwA2ZbbUFvsGP3ViUmzyJ7y6FnC8z3JS43tYf,100
qexFX9EPywhdsKqyj8r7rtdEhCanJoUUZMtMFGZWaTshHnb,100
qfqk8hehfDUNwVrcEbQddFyH8cATw2Ras5D9WosBttrqnUN,100
qi21xNpLc7BcaWe18TLFnrYYLw94MxcvFVhkLqz9JUMrrRw,100
qiASNm4DuVwPdPE3dWAZrDRJo4EjLhhgtfUvSw9XjfcbCr1,100
qiB6abkv1rSYAMBu1KARgC6Y6WHgzaNwLv8SD8qunTN4eUB,100
qk6rctWojMNNHaYsMBRaAacgMUuwLKJwnYE6Y4NELjWaVc3,100
qkzZF6JzfCjWNccJ8Yo17ZD1AnLhonQ7iCzvF4njKfx8AY4,100
qm3qJVxrHfhZTLYaneedjBbj2psn7rcXaCSCBTAVEfFj9MK,100
qmBojGFg3QvABQv6FZ9Pv5Z5vghqvA8XL6xWNqSj4F86JgM,100
qmK4htpDzH9bHRSF1oFEvkYbr3PgiwGorPiR6jtaVXzMrFX,100
qnmDbH1yhahhXpUpCXE3mswvKUkz27AW5Ee7KjfKmfPXtBr,100
qofYLs2H8o1fmCCuZCGUy3rp7WXT8WkgUPEYSt4R55xbxLx,100
qqszuMpc2CZ3tveEcFFTNsDZtL7izHrNLTKpS2ZCuMNBZyG,100
qt4Tjg1axLRHHHw7cHLKXX9Qqi3acC1aBhGgPrJNoksYisx,100
qtRgxP95ckTNHrCzPJFhuArMVtaLKyR51DtKDS4hfpj6w5n,100
qwTUVNPsXWxzyUdDhiTuHNqiMh6juVkGZXfmyu3Fvp1U5Du,100
qyY1ciALeMPn2mCMrUQWADVZjZj8ytEE98NsPHMuwgoKL29,100
qyiocTsebqFMW3eSFfwcExXNEYtNztE8nCL6G2GQ3vguq59,100
r1irT5sgByANtUNMgMY7euSaNgNPL6QgBbQBBB8h5279fje,100
r2P6PRc7SgPAirkotpcMDaYuFCPp6569dGeQnaJ148LDjwS,100
r2fH4bsRCgLcUThjBHHpYoGDynCqQVpf1pkKsUrGBsgtgng,100
r2q5RCR5CfGoERPQLUbLCN24UrKTqGF43CUQENiNQKuz2jj,100
r5JxmDJYe3uEvX3oBLduWiSHFG4w6epY3ekTQCCAMLnpU42,100
r5UJscSoFbVoRCPWFoAQjkGVa4SH7VZeeu54GXT3ZgRgpFV,100
r751tA8vp91ww5JazYUv3UFbCJLaLC1Mzm1uGU225q3y36P,100
r7D1aMuvYveTNuCh6h66RYVHgyTUkwPwrGVa52vH7zqgLSk,100
r7ZM7ENddMDrRN65xVsHo3FjhztsSkdXVgdEgA1nPmYeNYj,100
r7mhs7oyFCax5opmMBdurWbuShwzFQbR5tEjpdfMmhkinDu,100
r7xuhVSZBaP4Sp1DkULn7J5gpr3hoVRmoiZ9jcqdfn3juni,100
r9deYmG8wdAi9urXaE4vU8StNrC7mkeVb3pjzoTE2JnjXLa,100
rA2hcQ5AWZR4ypVNsNnXQmCz2T8ThQF4YZLYuo7SD4FqJTj,100
rA5QLoshSCPqh8v1ybGvCMAsXPaqDuDvVX3k2vv6zvvapvo,100
rA8WDW6iV2gNkoKUnnNbh6mCbNuCaS6ryWMnqQUMRJgtQ2X,100
rAbniZRCcttT6yBdsTxLscxztnkX493fgrtoNgKVP5gDuYJ,100
rCUZxci4Pbdiy78hnELae9dTSk6ynEU2Rje874mPeULKjUo,100
rCdc7Yxe9hbSLEBtn2r5TgBfCgNuoJJsHM2j2s4oVowagDi,100
rCjaxVMDvZJ9JnMYrcouXTtF4b5P5qb6BmvKNqUX5NeuChb,100
rEkTDVA3mjYC41DhjQAme4sGzapBJXzUoZXpH3Y3tWb6Kc3,100
rEocCJMjBSpvgsrJhZwbHwN4LoxLF5D3cnP2WRMKHMj4BJt,100
rHotLryKx8nceEZeHUDXMSeUEAsUGBB2fgmebCrGh9ZbFN2,100
rHpEf84k4Hrjo9vzRjSJzuULsSVYF8ZSKQ7ZBEqnrtVS1UY,100
rHqKbMNFc3t99fuJhVyA4VpDBr4BNvJeAN7iC7S53YYyC32,100
rL3pgJGhndyuaAMW1tWVdS878wM2d2AdVZGScq5TfN3WT7J,100
rLUtY9s6jjisq2DtZWSvAHrAc5HUWkmVmXmxFhz9jSoFiTL,100
rLue57TLtxc3W98bJMbHca1ym8cAHU1odBnUKZhoBaZf3At,100
rLwCmmcqq2Ssk8T9dABH4MmdeLFR7FUStN5gRv2hHDwSL7S,100
rMEKztg1TB78mdbBrvDybyS684c7GuCYLDttcuY7sS5BtcD,100
rP81SnQWvjthf5swZSwr3mfzmgSuQha4vq35nP7WSoEu33H,100
rPtbkExLtpN8bURTZ8x89kLiWMLt36a5Fa9ws1A1QcigxGs,100
rRREkpL4NYST1n6Hj8poVCfBcCTE1AZhf7YJohVdxJLio35,100
rRbeQN2AeHjKjHH81a4waucSbyKMfmGnSn5q89kqysdkmQ6,100
rRnMJ4LQ6L4JXe3oGmdC6abGZHgRPw4CmJohPBFMHSG7EQq,100
rS6R24vPxBfj6merSyyj1Gakvzw9LZUbzyXB2RenaTAhJPg,100
rSPkGEYDy6bzJV18gti8RHAVF7GgczNLEc9r9JxgPUV4u2J,100
rUKiR9FAeJYKitJNvHHskoSq5DseDGwfjNNpUuurgx8412L,100
rWjbYzUzbKf84kcr6TjqtREQNW373nF2sfuhjREqj7utUuc,100
rXWzefdMvmGi8x2vupnM1YSFNZ6q6SGc3zmYKskbjLUsSnH,100
rZCftdh7VfdptE5iWYrW2EZKDDYWb8Ad7c6ep3z7uhtgqKU,100
rZuSds4vbc23k6zx9auewnDSFqtbvdNnWixCxNoy5d6ydyN,100
ra21LUwA8Ap6N8ZXu2ifT5TUCvjXGhxVtGqPnhLda9ATb6W,100
ra6w3GAQRVGUfUvMLqVTSCoesaTRHJs465hd7yqq84wviDD,100
rbp9JdhD5KrZZZaBGc6u6qRmGpMytEgySfCz8CXvf4juY4p,100
rcHCfwCZ4b8srefFTitvuvdjvE5v5LYEGqE9PTsQ7ERsAoo,100
rcRNcXNXaBVRPEcudFzELo9sWbpCLEASaH7zfz9Z5yMRRQa,100
reMqP7cDcVsQFpFxJS8vQmQjBPY3GkLxy8d4d5viS5btXnP,100
rekNRx6Kyxrx4uY1RXthi8p5kmGvR11cEjDwe3cmmMtH6wP,100
rfFgtyrrcFjgGFh5xcB9BHeEuCTLdguZcCbwq2ugbiX1Zsz,100
rfUamqSGGNubN5LH12nPTTV5bxDLXhRQxBWCDG9AnhFT39k,100
rhC9BrwghoV3s4L3hL2Mkf1JTNS5QQgnpi6doR695i29KTY,100
rhHhZ1T8rpCf2ETbFMXyVE9RKmdnrGWbBDemiR6Tgg6hApX,100
rhhjcroRminE7a6DCKkSZ9JuDbar6RuwwjJyPEaGsC33jWe,100
rhoDDbHZR3L8dkneGLQt14ShhScqTxJGmc5euEfyRyvwNgp,100
rhq8ZUWqGUzGwX13QazEpR6GWARai8dMSFXNoAFqtchr6Yo,100
ri2G4z4pzpFGEtMXViiNJmUxVFtaAt9MJAXDrGjXVfb3mJt,100
ri9zD6t9BLxZSZnzpbkF31PXSQy1oZeTeSSriQgwbMQSoTp,100
rjmcxVPnjie76bPFkQXsFfUPQJ3C5c9XHnonSeoUcHN36YP,100
rkHmioGyuzq6SRXYRgu4tRXuN3QXFy2zgDAFChuVEBDDqKP,100
rkLWMr3DytNAwhN3ugwfEwVabyaKZMtYYBxcURVNC8CQezr,100
rkbcW6pRweRvHYWQHG3RNmdoCp54mDAxhmqnubPmySUSCSx,100
rkgKEZM4KipBdUCUtXSH11iDTYtSr57V2grRn7GJ6BjpPRd,100
rksJrJ9Ys9TzC9H2w9VheS9Svm7uuDXBpHxMhSjP2vCwDj3,100
rnHVjvTTD11ZemUDegdPMhbdANtZ3DRu1szkW22zabLLj5z,100
rnHbQxM6Uq7bttbX5nzVVEQFeq3vJ3VNaC6LbCj3LWaWtKc,100
rnr3D8eJPwNXeCK7Cvwn1gVKqhLSPMshVLJiRCm5KMaCRbb,100
ro1GptNJbAxbD8oBMSbDBtV7XdZjXSp8iW8uvost2kFxLLh,100
rtF9Tbk8zrwaAzwW9RUszGosQRWutsLhpzgSXNLACKAZG8Y,100
rtck6P2k7NBrBGqVUyNxKivaCRzwqbR8bumqPMEVbCLpqMw,100
rvB6A6fxT4isztSHa1oqm2x5XFikbXmf7TLiYgYuSaVASe5,100
rvVvksmrvqv43KnncnczG7gLa5asWh6pR2SEaR8SqCidgSn,100
rw5s8ekCDqsxYDSGrr7YBe22B24YBYwSwJCjcVhxPepMJrD,100
rwM5mfh4auzvemY6F9pAUGi3J5KX8kNpKcx5KwG3rSUPs6n,100
ry4DtagGcCiwBGaYah4vfsiaanDRHABqaz1gfP6h5kFeNjh,100
ry6zpi5vaHnaUGNANcjgGcPUwhKgUrkf8h6NCc6U9miUEJg,100
rysmTvVk6eru1J1CuEQTktS5T9th9RprVPRd1xFeDhPNx93,100
s1wFNHungR3Pkdsv5MamKvD1hUMdJRqRHeQjaBetvbCCpja,100
s1zc14boaqByFVAsB5mSGagMK6ynRV8WLZ8WwwrhmSrr7y6,100
s2VhdEM7eBu7nej1c9E4YVRYQWEsj1iFQ1NcRtWmf4DafvE,100
s4ZdtozZQ7Nq9mkUGV2utuYNP9pucJZgEXGv6pNmvB7JqFZ,100
s4u8ein7xfsoDCPvER3uYhoLZRTXHwJ4GkdnMTMRKCvRNNT,100
s6dU8kYNcjt1viLQ6tXwMVAKrJJpYPSBJM3WFBkAadArs2n,100
s7e2xb6rdhDFF3ApgJargq77zmF9kNmWCaGCVcX51eJptb2,100
s9Yo1y4Byi5ZGT87SKbicStrPFMxXYWF1UWgf1i37wrdVQp,100
s9uajKV77EftSbucbyPYMjx2ARrpvFCBRywRnCAgcmD5FgV,100
s9xTvojZsSCH8KWAZip16mYzjyb4RVq6XPWQDD1yWu4uG3B,100
sA27fV42cKMFutof1QtvNXrKPZiCNAaVq8FjZxcwEhZtLFS,100
sAGaBx2Mix71yf7BZL15Cj9pCTyn1ZFZdefLEQyuKPxD3Jv,100
sCpfUpRQ8toforazYiXM42wPELugdtjKaShtdjcsh7dSfDD,100
sEigPTF9DQgAXYn7C8BqZEhFws6rn1d4tNapoFpLaF9V1TX,100
sEnfMWrBDemE53bkiXAkL2gVBCkmKLtczC2F9b8GVYP8Z6Q,100
sEuzoRW24EzxdPnjYYVxn48Eh1zSMirkj56HCaY1QPLkq1J,100
sFKumz3ewTazi2dZDu7AU36At7heeUuU4SGsnsdkSt7uGPe,100
sFZGnA2hqiguPCAefBtMSPugCtqPuXejBFYBpV4PVS6i6AC,100
sHMn5D6ASdrAKt93vRECBoBLaC3JpFXgf1zKzGAhu9wAkp3,100
sKr27VZvLsFuWnBK4CT6Axe3bVZY3MnNptuRQsnjeHCyvM6,100
sL5SSLAiGUHvk7U72p2jNRJwQthMvi3VEPpgWgmKSkBK9hq,100
sLBJkwYqVoyk7yiryhUEHcaNAQBD5n5uTndF3BJ7ZHqLjP9,100
sLr3q6bHnXgHRoLsPKsKMisEmRdnmUnbf4uJfhuAZyp4fe4,100
sNdQMbyPFdRYJMs3WYyE9QHn7HpRp1SseoafihWY3eR9v6h,100
sNp5PjKjGj75E2tUaMSbSKAx3vjhb4oDWzgxRkhcR8tKVJG,100
sNuvxvDiEmFosV8xzoRWaXBGrRZAAgKZd8S8xeGPZNDCgr9,100
sP7nRFJ9otZPPLvBSAhLv7P8zAVpxaStpmBHMHJntAqWT4y,100
sPXcjEg7vdeHRYRWpoQNiE3uL3YKYHwihpSQo98hKgENwdn,100
sRGK1ppsGzUpwnsCAhLGEUnK4R5mp2btPXqyDWKgNJgHLia,100
sRHQv3QG8eArtnqeHyHZR9v3HY7QQbq9n9QPyyAP3k4gmf5,100
sS3iJBXUAokcynsG9ZE1rP6YZsubtZDHxWtnXnZUW3zCJPS,100
sTZyXamKGMrBcK4ssptoXKXpMscpnUcYjBdVHAyxyeuxKPN,100
sU7ZWtnHT4FDHbYQxJNMoYZJ4sKT6iGnbCTMyPvG1oaSFjy,100
sU8ua92jEkqPFbwrvPRTqjpxsGsZqx1bg88giBAsP2mdeBp,100
sUJv3XV58LNGzhU6YyZdYh5388YDKcwZ6XoZZzZhxwYeQ6N,100
sWSZy3U4HM99zorYJREkEBzwthDUYuprTQhkE7qymWHarMR,100
sWtHon2vqWXHNswzxepXhTmkLA1Zy5dLyqgLCxchAbc4KVQ,100
sX2YH8cEKHRs6aNVUad72RKVmYxvJnz9JNLMbfRXpWiGCLH,100
sX3miBr7AUTYTTwH5Wu2upRoh4ZULx1SLSicFxSWVvLTanr,100
sXH5UHXd2ABTaCr9GzU8RRy2UukjFvJG33B5PUfNQPA8wSm,100
sXHosSQudNCqCZWtL3rxDQCZgRF1vjAJRocGx6mbYFnvtME,100
sXJhD7rptKWNWfhbjguQAxiZzCdov3dqQD74m59zgvoErgF,100
sYnb1MCVqfMaMcan64h5tJvfe54fAFuEWk38hgRfXG4TPSx,100
sZhJSjFJpnFQSoXAKTtG9oodgJYmt3mLEuhJVUjbH8JMKXX,100
sZkwgFYSVpFGPaARRCjwdvG1eDcE77gNFEWRtCKYupQoG3T,100
sZvVypeqSeAoR1bpzMPw3johZkdeH145P86dX21mR8iaEBC,100
sbyfbXaixUfdErFHAjoHeZNGDk8WD4Qw9m68DcFSjmcMTTB,100
scD9QigxRfETenpoUHpiKUEdHzUv9XsEe59AzwwhiednFAi,100
seAJwjS9prpF7BLXK2DoyuYWZcScrtayEN5kwsjsXmXQxrp,100
seorgCZDzP5G3JEbsBjFdpQ4dTUgCWoPjQynyJqHCfXvZVW,100
sezbsaJSUFQmoUHuzMrLt559a9rQxQVKZVbP5zPc22BFgDY,100
sf7hp97ggpeqUw84zYGNhNUnnb3954Mvey5wJcWXgB9VZ3z,100
shZMNv5X3wZ3ToiPHMSivgeBzVogjga7NuuW8X3NnwJrCgJ,100
sk33db2AnGdcC13h76rCYfudpJdZMqkVJ5JoE1rgjhbNXyg,100
sk7zC2ndte9YP6zn7ZHACRHskrV7f7cgRr8C7PJ2w82JR3D,100
skWLhTcLuKsnFEgZ3QjBpbQzxTjwhbAKwAADAVhHionRWMD,100
so1jMpq6vk9wKGtTShLkFtZejx7ZEMkRmYAR6J5fBwaPeXf,100
so28ihYZgKEMZL59vqpbk2a8CBdmSNPmoVbpG7bU49onqnf,100
so3WzzXEfJ9j2axnXAZRwjgGnZHANgDhDc9kYGxXghfhSU7,100
spZpFyaGkQu4vhDwFUu4xrrFrL49JS15HpdLwdNJ5yBL29Y,100
sqZsTmUdvZfaQfRJaNTTUVbGhkcG8myVmuwXbq16XGhwxzF,100
sqf5B8uHszv2GysF2b9oTcsBY6dsRn6PkBvv3tchiHno5SJ,100
ssmX3feRhei7MGSMGtc2FAcAqNFcqsjWDTziTbd15gMgFLX,100
st2KSBHe4LohDkaEb79vPWxWUAX6dZ62ocnTBhDbXWEm5q5,100
sun8u31tx9Jhq9rwKFjgYAJXKbDBJLc72eeLFSKCFSRtZiK,100
sv5NmBadq7BuVQV7mj3FEwDrVaUF4CjJKAfzn69GdoRRFKF,100
sxcn7RJhRBXwyeHgyCxm1e1MH3cbsWPeS5gJY2HAvC8Umty,100
sxrr2Ybp6z4YoZpma5iimPVYpPw99Y1xo4DN93jYiKFcPcU,100
syGXy3CPgimoFkvQfrtiaPxwhw9cgoxFgxbn1YSbHG1C4fm,100
syQ6SbzN3YHfuRDgBSDk7j75FiiGMiPH6G5ix29iu49dYxg,100
t158LqrXEFybzWu6TDWuBNntccxvAkRYiJvrwzV1mBCVKDz,100
t1SxXHjRrdDXdbYU6yw8zgLuhG8o828zhJz2JUwA6d9ePrs,100
t3fUrDxLckyi2Q4nuJ9GUZ2Ekg5aypA8fTFQcDTKxGg5AXN,100
t4uhSjzjAGAvbQWxBBmia76ykQoNeVw6gfY86DKEV9A5WR8,100
t6V6LEfnM4ckwCGG8cj2BsChjuwQSUwW7qFvAUnsATJdskg,100
t7DAbTAJQJjU9iKJy4qxzGCWemq9fbQjwiZLqVKzPayjimA,100
t7HyVLBk8MAqkEikDnFeVnuKCjwH1M2pvGVyfzCkWD6n1US,100
t7WahdiE558hjDT2uTzdw8DdEK79oQ3U1zchTZXEh4hXZFx,100
t9vHd6GstVc3hjiRj8GoyTiW6MbR5Nnb1qDCwyiHLVD7z6F,100
tBejzgb9swdgEFAbqRqn3B2KzwHB4R5gZyq9F5eYFqm6gcK,100
tBogvEj9Cb6TcLMcyJhM9E99c7wgScMCAutJCZ9QUnjHkmv,100
tCg3Cv9tDExrVktrMEuRsn2vGtqB3D4NisVHrYSg6LxHxJx,100
tCihc8vZaMLbNTshi3XBP3ahtcSiEuVGaoRbCQ7k7zZJkL8,100
tF9Ysxbh6kW6efm6WPpemPkZFcekTnqbuwQTBLeqPBoyiWv,100
tFBnWS7CAL6b4JfYkMdFqXND8CQHJPwzrHBDFUCQLD1g3RG,100
tFHp6t638z9fkKrp1rjNqdKh2Z1xwmcs1Y853K4zN6xPsvg,100
tGkV8tX8osg4Ys6nYHdbydFuWpxyfZuSsPFsGcS98bbKyXV,100
tHTzC9ZkiiFzRiUgcN5iYXuST3ZWGk5c132M4Ad12TK9GVn,100
tKQEMmX8uRfQsztdPRhaQaLbTFvaLgsPK2qXPLuS8Tqaf6z,100
tKb2yNW1iAdTqoY9huLQWThKxedAxa5EpmAoVbB48ndMkKr,100
tN4dEpBa9gPfac2Cgk4URFVxcRypF7nGKtb3hRk2mwgUMpk,100
tNHU2gzR2EvsaKxpck5VZdYpzxUHHrE2yeyqPVFePH3WvbE,100
tNNf86xKynQ77f6fPCPpBLuAYbufeVubJPoonDHMRbfgMxE,100
tQePowc13Huka67QXm6xE1F6QzCuLDRW48LnEJjHotUxnft,100
tR75MAzFNjYXyJgGnDFf8kc5Y5rwQv95QwNqF21HFT4Gymh,100
tRXHHf87g26BQPYSJ5D1ArVDQpAe75ZWfQdBiufVwCkTb3C,100
tTK2mre9ggMWth7iT9DCgF62LzR4wf9wnjmt8VWgHjaKcwV,100
tTjcmyaMvwqN3GvuCvtjxaJE1K1cYRYUmuByKnPCqw4qxUX,100
tUMDpVAsLn7XpSNRvKDB9ASWLpdS6zK4gQPaZuMXb5CkdsP,100
tW3QFYuJjP6NYqanyVxf4FK9X4k1n6FnQxuoyfPs7dmvFy1,100
tWBuY87caUrd87kMG95f9YbBVVvbo3cATBLX3py6ffkAXjr,100
tWRFherFbE6hs3tvzmx6xYRc1tsrQu6MNRTyKFohSqTTAbM,100
tWZ3JTtxpexf2ysUPLQfEb2dfSmPHcpvN4E95evPJJuh9aG,100
tX3Xor8M39iyzZ1ZgTyk6q9cRpP5YJKhSihKqmaHC8GgnUe,100
tYanV8yNskRQgLvhHgz3TidPdvfhG8kVgPnksyCiwvA2GgE,100
tYcYXC2DEToazyuZRxa16y5vvstmEzKyMdmxACixAedFLMk,100
tYs6FC6r4X5BLuLskGGheVze1PsAnExWBrjsp6WfKVcNKEZ,100
tZ6VZ4xsRLSdkYUVdK2u2gD4DhZ9J1FyiZWWRLp2gMXbzYj,100
tZHwiXTt3Fnc7jrJMJ69Gxpi6YUBv4twvghmR6SFmnSXYtE,100
tbdRtDbxx7tZzteYNnAezhTCZ7TsP9mF8zKsXThXjFVqtek,100
tbgKLcG1CMnXF71SWqAQWMJ38FXRh2oj7kMJqJXEJf6uLam,100
tboEJWzXcoAC9odCEmnSCPSbxFnct2jjxzsDsDfiwTQLggS,100
tcPsRZvj8TK9FRfDZwmrmbvEzmGAAkUrduowwW6DKcUVSMn,100
te6AR2pTKjZMLcy7bhjgXuYvpKDvENEW1Cb5GgnNi3uytFc,100
tewSCXBNytYNDJaquRPmzVEfPWcPxisDWGMTo6j2ZsmfPRy,100
tezgMvm9ek6dc2stxoUFt1GWxqRKaum1DhsnJeNBtfPHyoh,100
tgad3uqEVWMDQ7V7XtF6EUQhYYUi6Q6XHwnejH9DA7WvzWY,100
tgjEMtgD3EBAiLHx5vgEffGB1YwYnrCPrHEfBPayKjJvgQP,100
tgpunPJ9QmLnznkXxm7otUkXk27e67CmGpf9625KSqzCzcB,100
thV59XRU8swczyFbPJMuoCeNRDsv1V249qWTMxKWRVmtf7r,100
tiynF7jKdZEX75UrUjiX1BRyhuD7Vy2jwoPYqbPtZZLLUjz,100
tj22nwETUcynmTfEf6FctkKEW7wL6H2injH1TgueN8ejG5j,100
tj4sKw6uGVucSfEiGwACUahPYCToi6LJr39cJNVeMvUFxbc,100
tjETc6pAsadgBm1WGbkqLoBBda7JoJZAWSeU6hzZbMkfBAv,100
tmrEG5WKk9HcwZhw7R4ANEtiVPT9Hgveixg8wcXZPkGQ5da,100
tmzF6DmMwz8ryfVYwyQ8XXS1bWsuidwhGjECFsmBCM4ex79,100
tnCAUb2z2YBm9GS7vx2J6E458GprYcmip4C8Ytn8bRgbutx,100
tnScb7TRSWeuvkU7Aur6RN47kFa7VvXnsd3ZBgwfN38UdEj,100
tnieWdvzUGJnJbSfD1nPJJFKywAtAC6EddhVMYmS24bzC7W,100
tnnit5j6YtXa9mzNYMfmrCPSv836FBgXK8AD4vUbhZPDBq5,100
tpnJBcUdFFDm3mmnRMCd67rQ5ASYkKVpZarRik1ktnFiYUz,100
tqEJBDGXHBrgwEcGomX6RL6wTWwH5SzfYEMcugT4bFkwHzY,100
ts8V1P5ByuRcGtUtvXDHKGqaTUvsh6DPLAfBuqoCuJrx9h6,100
tszgEp1s4DHMxu8PMKPZk7e9RhgrMkpmMA6UKJUBCCvHyJz,100
tv4f9mb5UDi3Qeoc4uLmQS6yoNE15dWma1enR3cNrv21h1Q,100
tv7bCxGznVyxDLTXGvCEf7WPo9UtJQVKjueXmoReQ4E5qwx,100
txPe3AXAQgBcykwmRR22RD1Gfe3XTBLCH9W7z6cvRE24XdQ,100
tyBxhkS9UvLzYZQsuJbLVc4DyfHw8oUzzXG96RHFDWiPamy,100
u1EXm59vHgXHv8v2Ypx1NCTJeyhCvSRtSCvq1KK69mMG29q,100
u213SCkod3B2WLYUxzPzDnBABEspguWEt1mjtvzZqdi8SnC,100
u3RHxB6D4E45ZJy9S18VjMLSPctT3wFiePuFNY4LSawhmEH,100
u3XJyN5CrK81SDg3CZFZU2dS2tEo6E8TGMNiyaCtUE749Ud,100
u3m9z8xCy7mYHwPfV61RhR1KrvBLPx6htnTent8BUzMxK3k,100
u4T1Jf1GXQjcRXZhhtxfNjeFAkY48JuvwiZvXbAedfDWYFX,100
u4dDXkVvTdhnrA4CTiYZEjjHBCwaaXDjrUSYKJ8PWEMnttJ,100
