5GW6jd4gZUyC1JCVPbfGHihdN65yWXqyG5m9WSA3Mjhmvuxx,315669215670
5CwBKuDiuP8a1V3FmhQ3KuHU59o6bvNBF5XxrwFufaDNjWke,508500000
5DRuqshnZrBiU9uWFSXAwGprj8As8GEhLLpTgEtsg5h4xPuZ,240859800000
5CSuucHmQq1BBugtLmUnC9nJzz5WBKiBPzHndK99VKtoKUth,205041300000
5CDEryDfPLfCY13qo2JgaKs2P45bXZmxysANjfpSj8FTpoei,317836581834
5CUTsSTGTrei3AiUzn4h3DZD6thZtMiiZp7uNDF5paaLygUR,3547633320000
5Fmr9NrTrFL3RV7dBf31a1rkmthyz3wvDCnmGdqh9bY9Pp7x,229267780200
5FCD92U3Tz4mcXPpbNgS2jd3F49gHdLkck9Gcd3V6MeqgLb7,3223418868354
5EtCVbXX38wJG5ZbZT6SkVZ3swZwrUpHq4ihf4Vu6qvLHoy3,1319844085
5DLgxKbvdwy77f1hQKr8kkrrnXraw6XyhNTPCj6Xsu4vkWUf,68220000
5G94C61gT9N8rJ7dqcTn4nSjkc9pJ3R9Hde3axZkH7rziwXG,4256132819376
5Dyo8jDPbTrTZd7fGx1uBeWHm4AJvUEXL36hgLLiBYfAqrmW,32665111200000
5HdZGjnnFse8vGeFh2S27xKHYxLvjvVuoK1879i2wyXSX8AF,291622776810
5DtRzvsStmo6XCgaidenK57PGeBexUK2fPTPxdgcFwkVixsX,600000000
5Gc5ruYcMmjdLGje38Vxe6fKA2xdjfBnoj2PqHkrSnWNMoA7,8991105668184
5E7wmuKkwxrK59tPi4mYHwc1kHiJVyxepeHgRJGcvaRTSBny,71199053755
5ECn4FGRM1cLS4GFYpP7JyepvFpkfQVa5Hf8UwbnzzhV6vz6,1135973700000
5GjHdkxJszimroKbZfzXZQRwXKFw1NwiNmtgHNuyHnXqBHAY,154475707830
5DPFkkiAfUYe2Dm3q9c5DpreE5DMdeHe5Dg8NtoULery3ugH,343424624903
5CLavq2aALKTDCpn4MN2Mk2yCeGy9uxrSY7rkW5XfFuzSWM4,1094100960000
5DPYA3Qok97kxmktoRFxL6o7upZMfkphFHqkzRBRiGrw26oU,102550185315
5FUDzwzzdJn3SdWZSNFDie6tgCJchhMzgkSYa96uiWCWWaWV,19039881004830
5F4KtVJ6ihbc6nbuTx7i9KU7ArhdiNJbJmMDyhmzZkmscG3W,12724857626286
5EvWC5DamKw79gtgp5W5kqPcr2FahTJvLUMWfGo9r59W9YqX,89078708610
5ChmfHnXXbvBWyaUMxqEweseSEru7zgeabDBNtonz55PRBFN,2346935250918
5Cr6VaLeQ4PAYKPQ3c28EoZnmi1rJ2rQJ7SzCrYXVokuaiyd,2630760000
5E5KbQgCRHB2HrdWJaThoArrDKPBYqcLFHioxuTUaHhhW2D9,126627589860
5GLCK2Dpo3KB8vCUnBy8vCNWWLY4eUrudMXMsqUjP81D7uFx,950520000
5DPbsyuzj5vAzBmr85tSL7N62quUEZgagwJeZPu1612F1tu5,43050900000
5DhEtCdUjBRgknZBRTE8u3KK8KL4k3jnQjSi1Q9RyMfBu3y2,600000000
5EWwHtt8eSwmSbbQepZTg9MweiTxjaVBomgLzJt2iADY2fDP,373570020000
5F4sPi6oXEbZQqzQEwW4GoxadwdYccYQZSsJsyTSfs58XubL,68051574155
5GTKo4GkvrmAJjCwaqm6nBHs4j2GZJ9GxxHkKyvXDSe59fjb,1273372857359
5F4MQL6GQhCoBsd1Vov2thyGX5UpUTShCftdVCdywnAwUxup,242291580000
5DAWpcTou7H8nGjfviYWzEGCoHRKLaW44YQ71GkX3eBvQbU8,128944572775
5Ef9KLkGQGsgFMnFi5fQuZuJC4SfYKJM1FtL3PoJtEDuj8Sa,164923943346
5HU1DxoUsjCCfZKQ2emX9uaYHAqHqu7nSAQHQ3pM58RyLooE,7202802704226
5FHtgx56ViPjAXoUYSrgN8RHF1mKAjRT8Zg212EcNTByX4k9,150000000000
5EFLJhSn26gx5tRXTRF2XWg8zhJsw91WCpMwiprQrwUMGkEE,657720000
5GhMFL7fXRutpHKoUWYaBYf5HHJbkWRSk9s6exajrPSPEq7r,950220000
5CDjUCVpo3UWCggJTZjh6yLiUWnmcPNxLmEwYbe4AinK8urV,296572803918
5CS6tnkdyZ3GsMx3ZRwvATsKfMsFBXpnyUsu9ktDxx1eWQgT,92446893569
5FCFS87cphv4zm72NHxJWeNZwCYhUmGhUYBiTXe9jTBhx416,1153419780000
5FZ45opdoKCtXtPTAbM93fnD7cFMDzvirJLz7fdk3SC1wjwW,600000000
5HK1aDYgSmV8ig6hVPbnt6m5N8nfZVYSufEFg7qSU28jbHWn,399354915168
5FCwBftvi5JH4Lec8bNVrb5XUsEdgmGbXyvtqyYoZx7REs3F,402315166533
5DCbULBJjTbRP5KZ16u1D8mE67CQijSTQdhjpThKqbMXumaR,102386380580
5HTBrVSQcGNM9XPEastgGPerFPZj67HtK8e3cQgoxzMEwzR7,1200127383486
5G4mCi6KnB5y1FDueurotrtqiRZzhuP7rhmNT95XRbXjzEnz,2157566760000
5E2AnJctXaKKggX9u2Nnwsqpzw8sYxcK3U521xMqVDZHrsBx,44139860562
5GvWBQAJudpy3ZC7DpPfrzGKapED9HyVjJ5qvsj6JxfNpmYL,36154120500000
5CwKBcsNdtxgZm125yZKabHU7zTFJcQrtcJi35VxF3NAxiUf,191370727020
5GbbmffsE4T5DiXR4gGTYxh4TmY5DGNjBxpbytsShjxRVmcJ,1007760720000
5ELgZVQtWQyAJNVq7HXNYvvySQn4VjtSMaTkXATed8TMEqtp,887640000
5FhWes4TG7abGXyD4xkvNpgTzft4QQxdrv8ferMwhTsPvCDX,8253473640000
5CwAetLsmoo3YwE536776Zn3bXbrVBR9UhwDKvkmEHc6uaSu,156054900000
5ETnKGsVijjjfHBCWNsJeS9w8BwouEWp5dWDu56nnzUBDspa,1101303180000
5ENVLKojna4x1p3odWYojuRXmKiZjYWFq4zw2C4WSHogNjXR,108658349939
5GNVSdHAo4Q2YS97a43VdqvpkpjNzEESggXoAkN6miykRCnx,24684493399938
5CyjjpUoDxCFxJfziNcAZ1YFVNcnV58QUkKstDZTsXfpoLUo,543071201113
5GRKRgvcrPH2h8vQGVBjUmvCzPKkEYtVGNABmjPPiK6TXtqZ,373199460000
5CyeTJZ3TkZ9neGELUU9B9ZBc7VkGCaZ7vzgEmp5juokykh9,12911202236916
5HKvkPvxwMUjfHuLZwJwWePzKzv67oZg7gw1m4KSMa647UQY,10825966986246
5FKn2a9CNwkBDuqHU78vRXiU2LPrT1hV3sNG91hNnmAjLMmf,102499026923
5DLJrAF338kZjSdhC4f7cN1tf8tdbxKrJPnmWFHLDYagfYnx,596431389813
5Gy3HBdYRUVpVcUMKNjZJeXRpH7p6TLXkejcxmSz47ahpzLA,241550454429405
5DnxF2QieBmUu5T9FeQ8GWMfWA42hg3Fe4Jkj3L87dWeJy43,1196634780000
5FWmJ6FkHsd5UwT8r1bkVsywZ6qaBnmaxX2RXiHj7GLmyfgi,2949169740000
5DNuM5YrQhuBzCF72oPaWaQ2dYxdB4WURabzYiZ2X4k65TrN,102466751366
5GTSTCATtFj5CD9SySm7fNPAxtaFx25jrhUWXGNUpXMGQq6R,102499026923
5DArZmV1MvJwjMHzonk2tE85cAR2PvARiveYNszNkpW7ThaC,81078720000
5F7eunNs946gnvWEseE7XYn7Qd5xhL7tVbm7q1hWHqPxaiWY,6666541415010
5DaAMgXqgf6yFFBrEm3S1TqRtWAAjmsDCRzaFcdnUfZ4ZX9Y,600000000
5CcCZPV5SEAwDB9woJEKMhkQdQBwRVnctjcE9vx35YoEyGUm,3156713220000
5CfnafZdffb7n46yCrLfBriyR4nzGSwgoHd3o32nahzcoxef,9364260000
5EcJndmXfuwGMtgR2iA4J1ufYPC7bDhYnKHnjftnwyZwkbSF,600000000
5GsZx9yeZbNTdNc6eSAkg3XanjWvbfgZFkVntJgFDv3x13zb,65814640467534
5ERCjaVvyCH2vYDkJdBZ45SQK4kG3ZnUejsYxmwek5enTHud,10299174918
5ChddTt9KYBbt7D3z3hEjC4NCBcg6Eou6Fd6M2YHvCcf5wCq,1597771250538
5Hp7F6xQoJpwhwqRQi63tnnU4JXKYTjR2fYWaWZ5h1jkQ7PV,182960232379
5Gj4mbM3aJpjzkFUDPkpQbWPiW6UE4rh5r6JQbmaGPmEL1MU,1148733433992
5ChYu1B655CRMD8ZURFnd2BANpKvJ4QsiRefTkkmwjrEvCVr,958749858954
5EP3WQns43NRypgcqqb3sSXAugE73uExLXrtmzP4c9LEehyw,62204806993860
5CUgCaijXZh94V6BTr66gKZrVK9DtQcU76W7xAvYFKoJGWzD,1090817640000
5F9q1KKE5WV4bXs8oEDEidXVdVmsupiRvA34oUQpbvSJgx3b,18930360000
5FyFTDE8U2dWyocMnedLBh5PMjCuYsJRjZHAosbrcmLD1Xbc,41497986690082
5F3u11e8K1NrajNvpcAPY4sf2drG5zQ6e7Pabgik3U9Ydo6x,3387667403915
5Ci3a3phaao3tfsY6fLGKXR4QB6kLWUQ5f7ESSgKoPVHVbBG,36772701847174
5CRgetipbvzUstXo8eSvmJihwvuLQ7Eb8rjXH3U1qq3yM1cP,1517259426474
5GuQ9XvrDyiHiLpKZvn435sJ9DxKpsXZbHV7i7P5kxG41uKK,1482213499782
5CaEM8XXk58czMwnMTmSLcKXs6nDiVL5yYbXQrtqEb9TgjS2,121302435578
5FvVqM5ENsLsFCpJa5buPXTjCsfELdK2qetJKwohMYC8W3BH,600000000
5HVfFLWXEmKLzBWnJNWZfyqdA8S7B2iFaVH7PLaEJfaLEE9F,49757009004
5CCgyaV8AKwkJfXn7GGQ8eJMF7smR1ssabLNEsFKuXdHS8TY,110407726941
5EJWBrWzEPCtEpSCuF5qe4sh48Np7yKg8dFLz7Ka6FLzgyRX,256825193868
5CZjCT6NUPtUazp4ks75gkqN9nGHrkRhcTJeaqBwWHAknxKC,600000000
5HW7orL9wyn599siBrmWHY72oJbcQnuTDThf157Pq18juLEZ,129011280000
5D1qDMfbumaMpi6c7mCD7HzvWn176TdPG2cFt2rwtZbmb6qT,54185940000
5DDKQyHt2J2SAvDL1L31UrUDL7HLvqcGU3M9jtu8csFkCq3M,246548861328
5D5ftTDqXsyV9fKdgpYPT8UUScuv8HiDX47sXey7UDhvCQhw,765180000
5GWo93Nr5KoYeJn2Aqv8P3GYqx59AM73RuzZvaxZNQYgBVC4,102423939070
5CcFqjAkjGiWR1gDPbjc64iW5LKGNrAFBTfN78SacVB1za94,316827360000
5CSG6Zxmd3dgRbuKZUiQinTQF4HorzpRV7LJCAbsXRPdnzC4,7132343700000
5FpjiP2QtUKuEcq1id25UTzD6duCBcjawWatA9EPGuPDkEdZ,390702960000
5CVbEa9s52cf77uKUeLsoNhLtg5aoEn3tbtbj1fb6TK2bHPM,150000000000
5E4tvwG6XShhgeewmoKzU9yaSGsekbnbA3kG2XkV3y6TBwdB,8377086261270
5GLBjQfFWPYxaPKwDX7YnGxhz95c6LXNnE4yM84ZHz2zNLDY,112712835877
5EnFfNrmSpd4V5gAM7QJpJmrg18pWbdn8WpPX2kM17DNuHrv,60000000
5Fsei2m69px9VbjEFjwvsa9Gx9ocsj1q6TWKk8nA9vo4XfC8,150000000000
5D7bj9i9n5cMojMA1ewztGGYaeGC32kHfYWKTFnKtR8ozcLM,1374000000000
5CUbC7kBWhsbZ9xfR8sMniNctoGxvhPopwLXbftKciJx1g97,950400000
5F1StjDb5RVTDGnSaFn6T1psqD9SuXEjRKbt3q5FgkoQkakM,102434642112
5H8iFm6hUuyeBa5jcietLCfzoVpU9XFvSxVSkdMVPTVd5xtM,186812880000
5CcU6DRpocLUWYJHuNLjB4gGyHJrkWuruQD5XFbRYffCfSAP,60000000000
5HTj3QU8P43XYwM6wstZDRsF2mCHbRdJnKxwGgPSiKsf2HRm,695899920000
5CkNHeRQ8aLNcwdP6URT25mPpqFK5wZK67k98cZhS5o92Gr6,188004720000
5HBx524qBZkoVQ9KEPz1qotwBugAWLVFveF66xmuF1RL2XiS,104716252780
5D7PX4b9sgNsb67uUQxvGwufDJKg2eaE845yU9Wz3VkSsS8i,50993678354145
5FTsXA1fpfNhz1zaX1hUqxHru47uujVL1rg15YHt55PC7dAN,31745146659756
5FZ1xgCtbwrDyVHbpuz5KDkkizZbaMinHxgNRwWPJTL6z5S7,128398716750129
5DA8dy5ADQykreJSLFK4gpD1TqRNc85NkzorVMh2yb1drGQk,7848865844784
5FhmsW5Q8UeiEeXJtM4d17KA1nwKPNA5EJTQzZoVnvf3xbet,19444501660566
5EUVmw8Jn93F3yWNygtHZN5E7qUBoaqBDRJLYGRXNP8uxEA6,108108873794
5EewFNEtH5LHeS5t31uAeK4Dz7MV2SkNGGPppB1TYVBFzmXy,103405126213
5GNQTKwHnrDNwEc25Gec8HbpEic8NSU7M8bZ3TUVBozBvLgG,3496963140000
5ERPUnbBAFR1vDgJEwUN7Ky4hGPDaASb7EW7jRqhPWPx6vsW,4298199264630
5G9xQTePBpNMbRJCJviDDMGVspuYBmhe8geuL31NSPtowu2D,43147140000
5F9Y2ZXFEvxEgkwKCdJm3R4US5TSrPxt8yagfK64PgALvm8N,924370997130
5EfGiCoN4vEqiZ6drjZkPtPURxjMF3Q2BD5vyAmEoyRc3bee,759243420000
5CXNkeRHWMmc51GwhtrqMze1QbaHEebreVb8A7tjKUz5hvnN,354780000
5Hjmd1yvMb1GahBgqMQzbgi4NePGcMh3oeJ53F6rb9rxP4iH,533736589842
5DMJFC3u1pESvYPxguHgSroNknYiQB3XsuxWaxFWEyTPszid,1900429860000
5H49xAhWQsmtnHCKd9QUkYDWGknB2NeJMPWNeZUhN2XWXb2H,19346881527762
5DWkKJa3gf3tijad1C4dcCA2ZCefkRtxPiYWUGZzcQva6XB1,7135898611230
5DrE6LqGruwtBrpTL5J7kMyqacKcgeYmDnMKkApTikXry2bw,600000000
5HYj2BJLeXoEh8digrobZVsmDGaCVvDvsz9ff95xcwcTde6a,950400000
5GWYmvSVhnNrrNrmaDU5zqTjrFiUytXK6Qgb7MFXn1LbsiNq,6123155013976
5Ea6L5GjM2Xiykwyhf75Kc6JncNXKMvT6TDhTgkJA9JYApHk,14728943525910
5FnHodMpXXwvLW4qQeDc7p2DxJEYLrPMrysJPm6JNkhnAwh4,425435528346
5Fn4rrnuBMvNLiTFKiQ39z7aQ6ggMgzyDLoXuX3sfTA7cTzc,104673129294
5DAx8es5iTd22SxNvdhDwmaLXbcgYU85Bsk4XMdpdXzr2p8g,102421206671
5CyuL5UC88yDmkLhw4SyBQev5m32G3qXHw9PfbjSnaZAFoks,213102480000
5EErCfGUa8qgLPs4BaDXXXBG9msjoBBZCvjYCcuUQXkz2Kne,621610660226338
5Gx817WDQdzd5diZehM5wpuyfsQd5ZGFzGVx4sCPNjHyw6Bg,259200480000
5D5Nt5Hd1PZ2ZUkyaAhcuNB8ZKfJkWFG5LTpfMeZm11KEgCd,42000000
5G6TGLiF9Bgfn71FzoVx4rMeXQ7yCYrozEGPTL9FR21hvADR,60614735770706
5HmE5aPcxSjqFb75Y1ehPErcKSSXiwiyyX24HQmh6spbmUDL,1134971160000
5Dc69m38KoDHNTLSp3zLmnRfduYUuKBxtDR4ZAx76VruncB2,102582450376
5FZCcoPw9cEdMYEfpfviC6LSqQdffCJZvmF12mUtsbezQ99A,360818340000
5GhFcEPMoPwq5f3jwfdHxsSY41QLmXq5m5fe7TtuXNztzYSE,373384680000
5C5aQMetyt1gxtYvy8k59gtQpocbJxK38hZZ8uAaRppTF1YT,718215660000
5G8uywfrPonecYEwVx4A6Tqd8nCDksgmfNnq89HojbuoLtUL,125326630986
5Hox6hmnGk3qKRySqJU4Q755QXkEfKdpsFBqeDSSdYSgd8iG,1108391760000
5FKdTd3QBPQM8syrWcTfLfH1Hi5YNpXs36SZa3vDryvUFs7C,10154940600000
5GEjhmwC9255azTEtetNUBjX1czY5Z2dy5NGUoroT3A8DQRb,8409482408724
5Ci1Zv62KbvmmUU5dFzMRyYTzpddu7pPLG9BujqQGCAtxc8u,600000000
5E4unSvXrF4nQyhX4uVabfPFWTzUh6sDWg6vMLkaqV12KxCT,102015477985
5EFM3WZhaY79Yg2bYdKtj4555QjZubM5wGkfd6EWU1tm1SNx,20677767360000
5CP8iLScBWBpzcHTwZsJirdm2GdTEzyNixJ1P12h4yuz66ie,9938578140000
5G6eEHnBbokT4WrugPQP7Zm1nnbCcqtEANaxKAjPwL4ZHjVM,8456353098244
5HGt7ZZmUs9A1wecSrqwc6YMTk1udUmeySiZtnrDTa9doW9r,103383241276
5EcUgMzkBf9BruaNnvw9jetWrjiM3HRu5cBeRBK2jf2Zcsd3,43806513709542
5CAyGyhL5j3s7jjgpz3knTdhRPqBMiafLCab6VG2mZeppJND,9220901580
5GC256V9wFrpbvFyMDNqMuWRrFa2GcvDs5nK5bDRB7TKJsZm,104708229400
5CihrUvSJJYe558gDqUJcBScQN7gSWckYz2kXcFzJZ2Ryh9C,102381050951
5CGA27XoZ4srsQurPxFDJ3cdxyYK9pr4rQcmiNs2MXYnX4QG,39261370002
5HT8FcLtfeT4cuCVWd9SvmKaWd48Hb9A18mrgBAd1gZBoNoe,2225302140
5CqtMMvkofLbJSRMi8yAoiXhARgBoiUn38k5Cfe42dEpwAsE,263550563075
5G37EjzukybyVa4r8muHbrZ1aTLnHxFBSP9ajCEPonwYCMJK,101957033419659
5F7f7jJP5LupSmPMyxq2pF1t4cvbyWJtxK4MormmrweekmFY,927752665570650
5HViu36YoXGm1ay9bx2v9h8Ss4c36HhosA4poss82M5Xt4N4,1109700000
5GsimDjtp25t9jzVYKh4V8qMHhbw9EkjEu6xturSVaRgLnxm,114624581881416
5Ef734WYSHYjhMbfqxpmNjfRuGwFs2Zb55dMR8wRuFfjpctg,72544216485
5DSJ5JnyPCG9nX2AK1eVS9A8xT81dPSSFkjDmSfhQQNAF2pa,103410597466
5GrsfEUmAJBQqrAyJWp1MXGTHHpHcygSbf85jEzM5aPzkjBT,44193780000
5GN7KAVyM8zBsSAbZ6QjECaF1XaXgE5NjkpHRjzYWGhLZUNj,545645898474
5GLBemaP3aDVs1J2zm9kikY4YVnpFMANVTAhDcS8pAtNqPs1,950400000
5ES1TTdJDzDDYqpDExnbZD55JgWycnunYg2p2fzYafxxgbBZ,95442982080000
5Ck7SNs59qeJxAqqQkLRoUibJHwSJYJa6ShQzqQb2v1NrhPX,162861660000
5DeyCtMXzWQfwdcBKGn84tepbfjdUL1NAB9gs8ADdHEt7Trw,15739825101576
5GZSvT7Fda3wfZ5qx2kdSP526h3ddfn6BnL4jVyqD8NPN1zL,1116170870765
5FsSDitXrWBwENrbgii1mkiFGpUH1s186ez6VDFSTb3Vb3Lv,7652580440742
5DFEER6TNomLLJAngjE5eapd27TyKRQJ9wyfwFby1dxV98FH,600000000
5HB5BYMK4w2d4ZqtCdfuns3h4urCmZd7v2xohUAy2t74Xiu8,6873322719438
5Eo73iLJKo7nY1BXJMDubD7wHEypPP7tvXduQHHv5jYAzb9r,1103460000
5DeceoL4ttZR69G1P9dc44EXSUbGDTDTgXEuac2wLzBcys8h,66783257300
5FCahubPY5PRkXyyXpLESt4WMNCyv5NHGHz4GwpdQC8ssoyR,126564927114
5DtkptGAdj7bLoXvTy7qNYc26sx5iggWHVLiojh3bKxMzfiJ,137720698348427
5H9LTXAE4qFCTNPwcooxUtHQReFYZUSFNhRqmADWuQvoMgYF,128720589312
5Dtq12cM717STXRDTacw3MUEkhZqrDn2XmFBxstGrGmHgWy1,133823460702
5D4qnX9bNHSjUUeaiNnwQ4gtYaxTJcXuPxj86d59yhbHQMEf,1201196340000
5E7Bfn523V26TqrutBTnSBG7xnULZD54BaYyGRgZ6FByfVSX,225008760000
5DyCtyqWScbxxC4peCx1fX6M4NSe53mWBipuo1wEL463NdKf,12230791873333
5CftZBBHfhCJTMZhRd5mnGcEpp4PZppGZiXTmb8E9txs2YEx,965570167683
5G1DT5vZF7PUY4oNYpRyay58Tg4kdYkb2y2VAPTN1ZkxhLyy,126995340000
5CUzHMXBgTFiH4DNZVmiKGesQaRnm8XjmpjbpXJxsWj1USTF,102426535019
5EZdtp8LY17Rj2oeqFeiFR4iQTtJXNGi2tYwToNct9Q1BJYe,107501526688
5H8wEXSdNzHfcsPWkY7VUVnjj4uopW2eNFUakrwe1ZzBiJ4U,950280000
5G9Es892oATpPDnfGgGFS5McvYnjZpUVdVq9sfcwMVMTtNZC,286110625575639
5CRwfUzkidJ2bd6pvc1VqSToDmRHENAkcsnEooDv9w2PuzNe,7791858520488
5GdnLe7t2VPrbUVszetCzKKtmH2rTDWoaEqCoQsZP2pzQait,11465404283585
5DRrbmp2vqu5JZxg7KCDzryAp6KqEsCJ4zYPhPNZuhfrSJ9X,180370440000
5DMCXNBU8W7UuMQp6FibbXHm6AcCSx11gaPq8RZYkjmbEiya,219928768041054
5H1YGvuuteUTA3u5tsdYNSB6LGgNUsmnjBTqWbwPLDnYdCQU,119311800000
5Epq8A9bCLrgJFxxMbRS57Ufhg7curjHVWyV1acZyKVEzwUo,600000000
5DZFPT6FU9to2iTY4MXtY63UzTT4JFQkF9a4MLyu8x7gYbFQ,49975602006
5G9iNDAu1ukxF1k7ns1HKhDqbjDCE3vrkfhHcdBRqK4btc8B,95318488937
5EFWy6Pq2rKnrskp5vYtdSa5mgiZH84gTH5dCM93s3inKw1f,556451160000
5DMAUtd9wNBZ1ABUiCpSdy6n4Qtugw8E3AxjvMUYhQhMZtjt,82270561614492
5F4Ni8r4TvbYMGMhBh6UbQ2PVPdK9YT9LcFiCR45hv3dG1g2,9728289602082
5Dc86osJjAD7whghMzFTx7CrLkXDrefEq5tNYsxuTYgNDJa1,15282
5CXAcTNs9D9CQv95C4r4McR8SfSN1P3dj4CABucAn1baKpAq,634800000
5Ggs7y5zQTLaJzPgfAkH1Q4Bpvv6TtQf5Xz9JJKq1EpqHNpu,1773747617655
5FZHxi7j86QuFsTFyvmbJh5RDxh3sBjKeWggn4GS8DRhigGo,33952089333840
5E1auKA3CXE7TitKQ12gE9KnbX7pKGRhwH333foFXa8Vmehy,971171934740
5CG7gxUaVznxVGDANTdF3RL2JAvo2xpBYHTHQnHgdVxCDh7B,492360000
5EZnhMQ7j48f6xtEvasfpWeW3kD3BnhxUjNwYUBETXnWv4Ze,102499026923
5CcvqQjCQDNQbTzy3hianJcWxacQDc6crThYrQRkY8j9Zoit,13948852168110
5EjjuWxprcsCrgT1xFwghnrwYq3iWsCjYZKeaGpnqPwgVsdt,600000000
5FvVpTN8qCwq1YDVqP5u2HrmE8ty8SfnL9uxu5UcZwkN44QK,600000000
5EnFBJJ68oe4ct7r7WjqME6iScGU2csmbLyueaRiCVTjsxdK,102499069171
5HEn1YtswEWpqpC9E2E21nCtUqgdJLQ1UfErVombGfHnKaGq,82620875896626
5HjnnXJxoZA7KmaKZio1q6P1Vwt2nGxpazzGfwKaeyefXNpU,950280000
5FHwnP5LRpVz28hoj1jbBeatDsR6hKqy22qETZjzLoZ4SLzz,91956465846528
5GhQ5DGMD3hEfnreMVVMMQ6xH13UzixWfBPDZFjMQJUtbXbP,275108322162
5H6NpSQMMUHh4ebY5TDR5fK3daogJKtjchnLUPMYBcyBLieq,927325527078
5HpBwiYfGrrUrHhATazpGLTTJMnBCdMo7scva2kMvZCwXPcM,950046888044844
5EFK7PrsJgTgiZEu2qLNrM33NzJGDopMiLhwkXFbhAYmuHyr,52755232252308
5C5fWZRshPQzdSVnyJo9xjpUJnazWYtpfjVctQKAF9JZ3G2A,170269775011044
5FTWqxpJ72x7kGDR4A3ZNE9srxVv4vuDzvvhWhNpkR7X6V6a,2829534384162
5DbupDvLeBf8B6Qz8TFT9yzfNvgTceyE847HUkdzxEGnKVoa,3773223748304
5DJbJYX7F9r6tax5T21A5M24BNQ6yN4h8EQ4ubea5XpinjuR,897952800000
5DqDDDBWCrVWfKLCRBskQNddmEx21xV5sooKEmssDxNbsQxJ,3219158419644
5EZG5iDfZpqLdwe3G4pbgJcSCaUMYPtfRubFXhtuSSmcBCaw,49927229295
5D4YUkP6i7NVJEWYgutm9AYGk43aUtNdYFt1zGxNdaSq1xcF,12102017820000
5HEC4jrwtitqYB9jDb2NvUTS8pSQZvHkug5F7C31hUv1PQz4,887700000
5FeZEXZSRWotQBkHjEQtSZzEnTez6x7pn9GuYDyD4ibQEEYZ,950400000
5GKDNjkuZjQ4tMNMaByVvXMNe8w4XPfbeVaW3wYfQbUe2Ccv,7543465800000
5CdJKRze63sSMCZtPxH6NRDuC8rJrHynBj6hHfxKrMp25ML2,132033000000
5GTfVZDgHS4RQUbH62M6Ugxa2T9iiQyUMNdhr5FvvxJKHMN4,15060305043390
5GF3z69NXTJPQ1E7Rb9w6ttvAaMXA1aHkemsFFEyT2jXnrdh,1713109310
5G49tJFdsFktaN3CcVHva8moiv9peDm5wQ2gG7Nbp7Rn9ZiF,4350504580344
5CXhY6s8GXm2zE3T91cAiWdQvUM7GAC3Q6UwkTgF7SPgCTyk,275150084718
5HahFgbcKbj82NLsRn4H5Yp58tLPyqvbNYkR649p3beXZudF,999300000
5Gj6sdg7fuFfzwKUhdyTWrGhFphcRdsBs9r23NwaampSZwpb,1548963688711
5Fsfv9MvGi25zHDSkUYPD6oAKuyGWEMLgupDjdXVKpCwnvP4,6458626783370
5G6nEtgZV3SJUeQU43gSX2qFnr5M94xHAnPWmLTb7kxxYdaV,5703467820000
5HQDgbc65Jw3injp4gACkaBwtJESxuz6fPEWWB9odAkJyRQe,57085947222
5DjxYSSBYhbUyvaPkub5S2NQzCeJHuytwWzFNWvEztXGjHyz,489034703838
5FBp7fF8QLiQ9cWq277Zqg7xpWNz24KTYHfJwZJT9C7ekaSB,59598413564700
5H3dTwZXqTCCwwc7F7jEfdfXz6Q4cXCTXALfwSqomJR6CguK,18317388509220
5D2atEVuNsCz5GJKDd9bVFEZtWp2vcvuC2uHves23FC4tMe2,66017163924
5EyJkj5vB8mo4bDgJsLmyfWaxRV1mJ7XBswBE4giFY6J6fX7,2285065576716
5EqQbibgifZ8BkmrtXuvJ49MLM5zQajpXoas1AWHVGsfS9ox,102499026923
5DFGvtiF1CFy9pNEfQZwneSi8K7PR8nVL3ueGUCwGnAo5QSU,259692677328
5FxFUL4aaGniru3Gu4nCLD1rj4kox48A1uXBHu4K43rAPc8K,1109700000
5FEkW9YxEY3Fdie5B2C6iPqtoa5sWSge5iCqjin9bmAhd3HD,121244911164
5Hgx2vu9bWECxfsPwdepAzRT1qtdcruxyDX3XnGNSypckWZW,794966056296
5EPEZ7q5TPjPSpqSN6sQKkjriHP6By7Qoa65gALs7RAoL6WJ,1099680000
5D2ibiXdbko44rwUsye2fLUagRyvubSVo8TftEoSzk31bUMD,50641146480
5EsdoJmczSfMmNeyVCbtw4awGBqTLzM6Mq6xVJuA2CDRFGCR,391252560000
5DUqsSr47rMcs4ZV9tSEbV2NKcLUjMqJb7JgTZ5ZhRhdjh1X,16082700000
5Gs2cfqrkXVn2dtmD4smnRnaDn3uWcBdzDg2ZFtbUz94dVmP,600000000
5CLYjbXdweEoCx744QRMzxdSW992qfMfKrCFKmDr3MW2MhDv,188821798524
5CXb4GNCFZU5WKxcduG6rLDoyQXX6EFUzEvYYbxvUHCVKz5S,11314890861426
5FJ3uTXV1u42PefykccQ7UGFC59XeHEK6FdfZYph8JTVXoB7,128632731812
5GHUZSbZB4DArTDi5BRhsYrsnBvZLaMhrKHBXVpgFa8v2cbJ,202824240000
5HTXzE6qG16dBhjG23ThXXe3CcBMvmQTyWSn8bmfVsSvzk4i,2348992500000
5FEPXYbaBuzX4F1XycTbbptbbePZ8rtihjzpR4erthsB6Wzx,102766652959
5GCKX5aBBR7ErvzTf4EyewReg7m6KcFzwgU5kubePZ1K9Mrq,600000000
5E2QsndStQ89zAzY9doUv2WvY9HjTpNJ9uC2AB8ZaznbWXNu,15274050642648
5EtPhRu9d5K6NSZn1rP9ckLXfKi3a2u8BnZ24yV5NjzdK5mK,22974720000
5HmVRRpw5p6w8HJfN9XDdvugEeXpL8SCk1qpBxsyRsnSqYWa,600000000
5H73xpMAaSVAveYem3RgAgU5L9hBdSKLF76HQpi7zGEr3sZ4,667550588704
5Dvb3qJz5hybuKp7MBd7WvPePynX2gEag5EUBrCd8M1AKgf4,246277140000
5G6caHmctMpMuN1jVBuxK8X2wYVsEiNYV1KjyYSC1dtmie5J,529980000
5Hb6mPCkMb7bLVTEYsnSdUjKSMfEyAopsWbsd82qEreHMbJH,102461424293
5EAGLZoE8ESSgrwtQ4wFb1ixJrM4vijPtduN57ZMZNFZM4V2,82386495938
5FnacYXbpDju62iAw6AqELP6c2mESrFwWp1k4qRkVnfK3NGS,279740505468
5GWmraL6564hcGn9utyUtpf3WBb6UMQC2dTYnGgKXa7QW6NF,41676336988
5EA9QJqh7cw8rVtTWZPwH2cmgozpsigxan78uoGSXjrCX6ew,2113868562726
5Gk7QdymBxa4weyQzJv9BFoK39hqC1sCS5QXiVWo59FF9HHz,90603131551
5DqxkyUj8GEn9NhsvksY92QYQ9tic2ugeb3ejqKxfSZLamHg,317951555892
5FW1NXfD9G9NjFD9d2chnd1oEK2PaQ1rHPCam7zqpJCPesYv,46707345515016
5GKhnkC2QvQS1oe76tnGZFAh6vh6A8JAg1uqeRwLQ9SeorVr,45396333150
5FjM2knaAQAAKxJnXMcmsoz9yRnjSfUHukC9DqEaEDwuXanf,102744937324
5G23AzUAickg7VTAuU7GKbnRn9MbVPe5bEAVTNEQLZfwtjXd,25937247928888
5DLkM5QKSqk6xVa4CEYV22DhCzZR5WfmWjVutokt3idtN6MC,1104247715536
5D5LnBWMCSYhHB5AsqQzTrzjFKGRo5PHhf6CRgqGTUgZB5C9,102777481921
5FenkhtocujRwqstzSZ4VuqkedpWJ4rAWnKvXEv5BaQDpSXo,107278365177
5FyQTTvGGRztGb8sYURVzA4ijHCyEQCjUoKaZTkTk8JyruJh,133944055848
5GxKZWcxa5i8KXNGp3KGL3aFX8geaA35FvRhDgw8V69p4ErC,489837459024
5Gc4rXjBF7LbVAmrZiwyPHst7egAV1457wzcf8u58jmzQswv,939066682418
5ExuMh2R8HLM2xruVt99RHC5Rwc6r1eASQa73Lw18igutmGT,790277373288
5GnZLLW3v3U2t73zTmvdReLjy7W3KFdXPr8wMgtV5Rk2AXSJ,946515600000
5E2ia4rLJDzpr8xf3mt2u653Sy3NDJFWyDKGrESxppRpsx8H,128970690384
5FJA5A9g1c59nkkCNKgxVwZBa1NcLrCntdPfjUDVggKzEGf9,1037654030682
5CVKdaYhDuyzzwrLKQgjBio7N8w1S6ATXwbpdGbdkh9NhzLh,744328836964
5CLwfkx9q7KWMJvpknhJK5THtfEwg2SehFoZeaETifViMtSp,58960632993420
5Hm9WbxMuLb2oGqU699c7Nf1f1tkSpm2GRVYWg7NDThKjuNV,2052978720000
5G7DvuV6m3sjgJe6JKPKJ1YSXszKAJ1VX1kuE93DEPeRtDtt,277955828982
5EhCsGesvhD7eEFFe9vwRy2qHTCZB5kRXjBmNJXr75bSDgg4,240569220000
5DDGDeyMWsmqhF8WocYBvE1QKvhYR7B4ahfrSgH3iqXk8Nr5,27746160000
5H691MYeGFtMzXw5YMNvgUyDFGRztKsWX9JHC2ZcsJWYaNjb,102539368796
5HoyHqUG6jQzCGSzHZn3jaUjdnuzDn8nqXQcMYm4DkSFdXAd,16669860000
5DPNMAHaf1PV2cFGyFRCS3bmVyeEpoaVdDFw9sqp6hmpAJkg,289911327998514
5F97ANXV8RLA6fvDZb6p8kY1smTnRvekMMVBrZkXaxLNXbev,375244440000
5H8hArcS28RvxVdJXRaGdYz9mpZDR299uGMTiYFWzWxC5r4X,1016102665104
5FPCPby1QoQQufd4k8A7HVVPHtc3aTHSJQt1YS3YbS89AcPZ,600000000
5FfAoAofhFKb5xwhNya6FppSd8RraTvVkrQgbKSgLGWFUt3Q,950280000
5F7Ro3LxVSRFKhxfSpuwEPbM2tTYSUwn25KAJEt7VkxEWsfa,374685060000
5GBpVvmN8BYLKH7niBzGR16s37BNRCZFfukea5mQj1GsDdSB,101996533198
5FuoiXGMv63eGjMHZMAwyXkfNzPx136p9pkxBZR42Q4vTjqz,103416068720
5FhVLqEPGAXNFQsuQ6DqFa4PbWLXDKYunM2C9kpHDhnLvwoV,11089950000000000
5H1ibqHo72iryk5dc7mYDUfmfXR1qBBKGzNazHBJjSKXxiu6,117237193920
5Cr9987XKPDh5tqTwSbFW3PLUN73Me2e6Kvc6zUNbEJMgoWa,162846357090
5Fe4LnJcoYxFhNgyeN9RYvrAoHFE4s1kiosWhpTd8QSZPFot,8630645580000
5Ckzx3dxfiLnQ9AFTsrPCaGEedbbjz61ec8RQXF1kCSxzL4w,102466828288
5CP9UDzsfko4UxpagWHC5mSxQQmKV7cHK8ZDmVQZcisQzuaq,102477576503
5DvNH5w741fvSZHZRcLdgz5JJehUx3HE8diqnzaqLfKtPs6X,1085340000
5HNpzTWCyAi99UMyu53XFN6z2iFPzq83t7PZphmYJFwCLg6N,950400000
5E4oD6eVCZC2B3wA4BXPPPWwMbHCBrutDi8qXrzWrDQbnKKW,16942014540000
5DAHnAuwo5Sn5ayT698so6WwUEWgepZsuimxgcyDLrR2SBLG,393505752226
5DyHfesgheAmcv9Lag2Sji1VBkgxhcX9z9REa3PeTHA1wPdz,1488245400000
5EtXDT8FTvkAuG1GdaMjEggfrZKFHKm5FvvrDMK7NA6y5d3t,6501464100000
5DFspXGiV1dybas15yj2g9wvMVhtufQ6ThioLxAdSEBFoqCM,102517891091
5CLg8ze5UCtwAQoqigf8sAraVkxms6HurCVojdRAKoNrpnLD,6848215844
5CCgPxWf7dEUPKZf3y7z8UQT6n8Mq51ahQboW5uY6VaSpCQh,1150732735730
5FjxnWpr95UrEuxGEjwiK6AwQmNoMbFYsGmwEEZRb1qYJcQP,102504393481
5Ef2JYyrREYVw2oJaUyP9JxgMbaWX5LyoZnVpty8P3HfPxPj,114291443750
5DydULrXTfHpy1xfBxRBHSXJ8FmqTi3C1xSNBA2RhHhscxL4,7028535003804
5EqwJZEcVRmzyPs8F1Dw34vyemLHLLWhnAPde2TPrYaNZGaS,20852828304
5Gru3MF8nF9W1gaZDgXq5QaKTAAT3WktTk1RU7t6Ca2UXshx,82690196728523
5GHnJJ3NPZPNVjYXKrcSA6XM568CMRxEwQsmg4FJSMXNFpAD,375431160000
5EsNQMySaE3LBLAEUn1VYbrWBgN1WFfnJJTy4AMstpdsTfcx,637560000
5Grut4eNrEoL4vx34EXXrpuegEmwGftdv6fiqQM2cEftCmHP,12028051560000
5CfyFtZ2Rw9gWmDHxDFNBAj4MRuFVPz9e8yofmPbLZRLKWBz,602075288790
5ENg3nrBtkxGPqSdm6tjsufFDgniPS1EVumtbzSqcghJhAND,68232284880000
5Cf9vyQBhhpycKH5eoRf7nCPsCicmZEnERUqzY1nff3RHiTq,49597333866492
5F4iSLxHMEYw9R3xjftAZ4NZZT9wfKkDiNbsaPtDnda6o8Fq,226760227642252
5GCJFVtF4XStUj8faNGr1b5mrHVfTGPuf75RzYq5eVRe4J8j,600000000
5Ec5CPRTJuZKEr48saTCaBFX8bY2zQwWV2jqwXtLCPFRKiea,146987880000
5CadpsLKJPj1L2jsVrJ1VQabeT9TrhmyDyr2TZtt6VpGvh4s,119925600000
5CJX5TSEokNNvgN23BKDLg5wPrC1hjmNb99hwndgEJK5x5jK,587267449469799
5HePB8NWsC5HQS7u6Mi88tWKVzE7Ait3gTcv5yTXcgsuBn2G,2085370801632
5H3tmvZGpcSyJRUFUiGtZBaMQwuZNW9n1ysVGJ2rk6ftiTkG,18119696940000
5DRQDcY69K2qmcAG37FcoadFa9JH5yKhQNfRhtYFV9gTfYwW,117050648503
5E7pX9RoYz5wYL7ztcmg3vJ4bH1GstJgVAbbk2QLYqsmwQ64,1373338076970
5GKmokaGjzhTFxcaiZ3rtteaaDP6QUzuBaCuA6AbZxyHUP6z,4416320109474
5CPxLUk6wi5xP4MrQMtRdTvm8F7jjpzDD6wzsR8yGsS5z2Kz,20323487520000
5HYH1zVDPdszvwKUjDKs11HLgzFT1X6d4ho94BUmJTxqyDSw,59946823759713
5E7B3qWkJsetJE27wY6RvSboRXwStM5d6wCn89w6fcbUJhAy,2547475949646
5FLWPuthC6Ydt8exXJjGPFNngqa7DHpCxASaGET8LsKixaak,106892716304
5HeBAdbHmfVZCKtV2fLttz6Z9tSrwPM5sy4CYQQj9bo9KP2a,950460000
5Eh9Qap35XRYEZMqj6ZimZRtMdrEQagBZu4rtMzYj1wrqf4L,619403303364
5GWEycmqFMR8xUhRDss6zt6ZFJ967961jCF4ggwNuHBXdhct,887700000
5ENX1Q3GZtrmEXd93zJy8nrrCNxfxQ9csfRqQpS6VJU1D6D4,180000000000
5GrunC37Z5b4EtHd47rCto525s57D2G1EGTP2jhkwM25SkPL,655440000
5D4ejSKFAKvahck5LezMqrKEd3AqmhG3ATtE6Nehamy3WSkT,1730654096342
5FnRPjUJsUZuHFEwfGzaGud8KoxyeetpvKPbSBp6SqfSR6zQ,197523706866264
5F9u3o2pSftNEnC9KVJhoEAoEGHh9u4cXQJmfkbAkxKhZsJE,276113501634
5FxutL7ayJEA9FChAWEvTMnnvYvkeieDSRrUrduqrPRWG2hZ,101966872146
5DvMKPGyqtXXZeknL6eNZpQgEzkLXkwdBYK6LXm6d9iriGRC,600000000
5DWntHtkniYkzWjCwcJoJnMyacwfGZBND9B9FH8npoCKzBz9,824177167896
5Hmd9nnZp3scs97dpK3SBXJwkPJsQVAVEHG2Y2C73wPwtpLR,311827115436
5CDWMma3HmkmAyZV6ddqr66KJYpLZgZ3UH1BeDNpTbTksHui,8919816120000
5HdTygKMBLjtQd3GikeoNQH25gXLyjFfZdyYp983hbX5jiQ6,600000000
5DJ7pgTz91Tn3rmFrdhFew1iAM5XJ2Uv4t4vy6PLpvWRiyar,999720000
5HYBh76QachKuN3mVqCsVytitAJay853Z5DsS4ABLUuvAqo6,600000000
5CvZeWJK6KtptX3GvKm953gYdyCL9rGu4ZnshvYZTnuQjYqL,370870272642
5HNMWo36zyNXYgqgcV7bKRRLCpW2CcmpVssDADgGHZvturjp,205631211288
5DJABNfjGaFTwqLhiSTkAzThg72XhEHT8Jz64SKgkmSTBP6d,71220000
5H1aLcNJkzVDQeRXtcJdVQSCXkUechCY1tmsNRCtaTQPYmbg,6062053271388
5HK8Uqdz8EtbPY97dkcgiYVjS3o2Z3mggDbDYmxxeoNQksaP,950280000
5E23YcvPYct7EoKECNs8HVeqiUGT5DckdbHEhszqieDWYQpq,17170740000
5FX3ojgkXa8MNb77XzCT25kwPwVx3jfpCjP7dXfotVuSzSzC,950400000
5Dq31Eg5dwrm6Ltqi2vpZp8AeNwtxesG212oyWPtj3aNK6dC,30688673406
5FNNXRQAJDyTZojrNRPuhq32RRCCppVRZ2ckQCJFV5Vgc9uG,38033237376
5H3BGsJEChcPNYcsaeCSScfht1gxqtybrrDinWUftCpAts35,2218363680000
5CX1YyCTgz6CMLNvAJep5WVaPxeKTug3ACPtKmQPQUAct7ZM,21188021640000
5Dke7BzcgdXUeCdhYHuVeQdrJHCfPqNZH8iPG6vKPC9HghAN,3005783400000
5DZz2f6u46S6DZhvUWdHPBBfJcj8PrdPS4TXWKFsrHB8MNZy,2527819980000
5E6tTbTMHwaKkjDu3dZiAbHUj4v7LvTJWXakcZkwBLFNFgKf,102456048324
5C5xMoJs5RpsAqsHwgsKkt4E1ThzxqqoWvaCk1h976mU2E2g,965696844006
5Gc841nMMF3E9MiF2TSw6psB4NJvPT1KtBvwbjCdDQPV6Uau,128995717280
5DtWPq6XXabQTt7agBwwowtFfAwB63CZWN9ScdCdFCGe9DLn,260463026074
5H6DHYX3uneaEhnGKdreWdgcgRzrWkEuuMPZFqjckGGVErCP,280271592702
5CyEC2M4i4Q8GZZRHTeHeMSQsDM9ti5vHMSmgHueoYXn9fjZ,3912255264348
5H1VMfC9xJQwoghBUnzExNYiTqGax2MQUtprt36rXo81Be5k,246150674070
5GBetrBJuGmquzY8t6rVAsuj3ZK6Htj8AxJoH67GNCGdTLBu,186444720000
5DLbVMKst1pSvChpyHsmZmsQHRtH6BkQwkBi9FgCuTdJ4hzD,7383142740000
5G1khWPkiqCJJhnQMKov175Y9NyhWstbt3Gjo2jsVX6hU6gu,12753489591960
5H47jv7ozTvpxo8jSmGiMWSsKvzshxxEG44ByfSLdCqJipQp,359527680000
5DAnb9ghfxpgey3wUHdKLGFxWNj63aWnpapZYu2mMpC3CXAL,102431912256
5EEeb1iReujktfwgaXpHJMXGK71jJxUTfk7gcHAKYy8LzcEd,926580000
5HHMTBaTA1oqEK55BDVW3eyA2K8SEAvJsZbDVShwtokze9QM,107001195597
5D7TSx1EkQwS94zM4NfMgD57sJntFcrSR8XxK5Pp4NMzbafH,90000000
5G9Ya9f1DhdGhP6gyY5WBZ9q7V2VhBz9JobeCb9YXxPR5MF5,3296290860822
5G4Lq6W4EajfEaeoHE7BN7ttHVXP8FVa2XBySUmRkRiSLnzu,950280000
5DkQ829AkVXR6n1hMs4mTZLmjuhi2TA1DdMx7Zm9fUPpVCTc,23320294201968
5FbvavWuKUnX8VbziLAvoJSHSuJLTvT2pChdiUUNbfFExatq,542157960000
5FUT3oPmttYxaEe8KbdXCwovvz7tSQHqmGzz968yGZtAcT8s,72297258128
5GHBkeQfeswEUVv2UmPhvzWm1tKrb6xiJgorYK1885vkD4DV,8193067578255
5D78Abt9T1VXh8tSDak6yf7mY9eqsEyVZoAePhdebpmVRLxP,102539329885
5CDmmRXtkK7cSykeEPVYxAKnZYMZaELerWziZsdnGUz2M9hp,2775872567658
5EyBVmwjimr2XNigWjf8cRd5gdwrjPuSD61ABLB52bjNmiN7,102684922127
5EhTVy3QF9YvMQYwKG6wqnJ2K6XnBTjaR3au8JTGVjDEi3NK,2526497822490
5DtkhxjwVfMmYPWQkpmLN79BiE9jqDXVueH2TCnmYX6H3QAz,497340000
5HEULgXZattyGsRoK57C5Pet7cpgCWdwZXAkEJTH7yD8utx3,950460000
5F9KtF1EGwuWmiSr7GjB65a2SccKG6Z3oHbgL6rUxjcftHT7,125293517208
5GWSKFqbXfSyMz54GYk2GBr6QHMpq7knNkwdK23rj2Qp952J,102734134773
5FLXTXyMkRnGQLC4LrgtD22yMZP3mqrgqs6nSnoi62A6d8U6,14269682484648
5GsGm1LqjNPCZd2WFDxc473kSGYSWn5QBpVM3sbQBzFzLqDX,240118080000
5DSJcr6NmyQzJvVqJs84XZiqrG7bPzfjFXJ9WuE4kZ2s7iD2,37496573100000
5CSZqh4mpuk4u5c5PEwMnA4AXiwr8Yae1q67C5kexDUgfW4q,808459114620
5CLWUH3oHMumw54E9mt4gjHeibcKNw3GLcur3M3X11PfXEbL,628458883872
5HMgLN7FLRXFNDs5gho2iwoExssRjhvnVUqreTiVHhZ5nYbd,452979584593
5DUDiSeVmtr42ffVpnwAFGKM9zogPkBiKp2BRZeeM7gvFukb,102410501086
5CqbPLxqxY5JBvRUHVWnyjWtkGh1DBXwwgTFCtq1EuZkL6vH,103421588360
5EPMKMUbytrg8YkA4RGAD4wr74arhH87V2RWQggozw2BamKP,764520906737
5FHsdW75T17yFNJWGUKem6QVCSkbPVE9ivM1EgM9FW4HVgbo,102499026923
5CwUvmUCwFm5HvfKvDuLJQp2EpHp84FP8mYfvrxypcTKH9Su,609780000
5H1BqNAgtR9oCzJAWukKSfL9vjQA3TuzpgUndd9v3mwA6g9j,102445345218
5FCnBGuZ3UQ8CVLwaAEK1YTpezSMaG7cpSkPnUsRavz3MQfo,926580000
5CJNHgzEu3DwXRyfjJ2q3ub9nbTietgNhB97CEsh9zFvpQwM,4589257890846
5FWxGQCF5zBpN6txGRKnFUiR6uV8zPkcVuuZBpS927uND8a3,103385971847
5GNHCjZzXryyThzRcoK1wUkv1PH3NUz54NMaj3HJ7dMR77gj,65266579095
5GNdP4XHp3STJncLr2XFHJ538DSWTUP2ZDYh1zUg1KvyjW4Q,102501775322
5G1UWtXo9dxnzrmEo3hRF5itc8w2M1fgVyhHrSXhAD1x3yTn,60171631328454
5CJySS2EyfSqhXCoZM4F2KevBDZzzzkywiYsSi6cAJH71pAH,102450672354
5EZvHAfiEdD6fHT1jZxZ4kytZR5EGfHRppnq7Ne7TtsZjr4j,120783428930
5Co3ecRXbwehf56dZPS2nCwHaqet3Ntb1Etz9x3Q1ZCtnszr,112267489038
5FhMMRk2JNfPHUR1MvB29KZHkMFUVyry4Lg1XyEGz7hh3ShH,887760000
5HHUKYFqQvtSHzJnMnNnajsbavgNwmi27RZAF5dp2GLrFtKY,16688220000
5C5E3wCuGJsBor1zYmYSAtPAvQfGnucYhwpzZK6D3vuZNq94,10218006804
5HarRgfYRdtUUUZGbqoiKjwLKhQeJ9Cbcp34zHRHZ9Ww8d6u,102791010545
5Grw6wDqMuwqp1zW5fM2335hrKcf2dfpbQ4tb7ZCnMu9s1AC,1693813140000
5FnXYc8LtuJZKMu7Qt8eWCFzzD896yr3DdvhHReYcafmj6qQ,6635617940610
5H1Fj1c4PQvFMsBXen48aUM7mX46xiTPn8Y6mWk3DRGXvxj9,6880353156162
5HL2xQhab3si9Yo7Mi9uVSz3FehZkaThtMUcSanR6RVXd2Wa,74428935828
5FEgYqy84WkN5BqLymv1inZhn7jrGoWJeXuAnnDC3sZAhNGR,444864376107
5FxihrNjfZe9QchjU2cQaHJw79wSkjrrm4QZbXteQkwST3gn,126550874508
5DLHCCLAJukeoHxXZwNx6g93oWaGUEuAM8LumPjK3C7MTcVY,14501028869
5H3kHNEsmH6FCfoVF2R3uFMkoiqZHJgL3QyBUmcotizb4vWS,497102160000
5HHGCmVmXj6eDKMY9JoZgxeqkAGCmvbDSnKUhWfesneiE9ak,128779336016
5HNpf9ydo2C2TFBS1frahQeNDVdG2QABGckGsBNKxPq44Mgb,32950534949226
5GNUPoHAMMHwzi1D51NMe9iVVmqrKafK6ADnDtNwqSeRM2oA,926640000
5GvCpqwuGxvV7PAacMZC8cWZAGiRC9TDwasSvtPgo3dSESTW,65192705724
5Fbt7o77emqK8ekrVnp3c5GPTyHpvFNmWZd4CUyutyY2wLHr,1099066850041
5HNWFj6NKJ5qGEnq88R97yNVmDdmnYzWLk8sZrJM45FjfFDU,1091758419061
5DJjSWAf5JsABiEYKJh1sHGhkeKZFm7itdMus8Q23gq6g8By,75515285526666
5CybtfNFL84hBrybc2BQY3eCA1U56xEhAq4QzFwkZAuWs7fK,60000000
5EqjkVd1cXncYvGpbHFSk9ktFk84oL4Wx2VDNe4RuRZNPQ32,23958327720000
5EepQoPRoocRuBp8HzHnnGaFfj8DVNVXoqZkjbJ5YJYcUsj8,63212894658608
5Dtu2D65WXPBt5jkGSDpKYfJLvS5fJW7NEPGzro1VZg2SXvT,21421978669272
5EoJYZLbbjsVpbAErKtwbBq7G3uTF2e3t5Fu7wRmLCkx4ViG,435258381030
5Fmu43qLMNxjwWc7m4uPM6Xr9ATDRKukxZJSc117hqwqnfPh,126860756008878
5EYyf8mw1JWmg76pYfxZkBVUdeSinTz24vwPFs9VDSFBnQQP,254707582782
5DtPEPedsgNn8P9c4GuquksU6Mkgnto3p8AkUFjmAzKXjSGh,950340000
5H8VQyDte3R6yaMnznesK4Hww7HygUXUgJj3xwHymrAG3E3B,5227646330604
5C5ktpa9zSw1h8YZasYQWjET6URebjHXedG2sQ1dQTaKpoqj,42248794872
5GjhKhSuTaTV7FWhCmmhZDSQvCo9UvDeffo4hFQgLMUaksSM,138876748260000
5D7hvxfuMC1Zrbr18jYzctzcegzRCe3tsksUENyjMmajhgdH,542024400000
5DJovVaXYQFVwnkP5i5DE5JFyudCdoEfMiM68BVgzbL9v28c,469095000000
5FRBAAMoPshaG4fJoXShYMBG4FdGneQi2DZgrsurWqaTr41i,192147557752635
5CCk57vH4CbSXybiUW92NvL1pmZqLRFu5nkFBgtZsAaBCMQ8,405083896488
5CojknH9daMVDQ6rZuUSsDjnzDcofvGWRtCsG6y35HJyiDvE,121614977880000
5CM1xaYqrMc9SXcHVYzYmS8V5vRS1CLE4Lwc3hq6riAGRTcP,1237205664629
5CK88gvBmMaYEiQwj3pW5UrBSNamuDQpSzZf74mUPn3ihERX,102702034778
5FREbZGCWLqUxnSqYfgMXPSEPwyPxYK9nbDsUyT9iifk7e9b,752224438979
5Hq2s99sGRVwiUzi8ehoxrrZ62rtoBfvT4woBWhv6QQW5HvV,126755523210
5G1LnXqD5wyiGd9ZXeTJoR6aDBszJb8ZAhuZCSSmkUbvKZ3i,993612622662
5ETzqusHkBisj9oSKgtg4BJjr5zCNVBgW7yymxtNr4gtghmm,53534946540
5FHuXFtUH3r9GjayzJtED2YCcUZ2PzAT33Rjo3SDYxh1mwzQ,16920868722
5Dt2QpCNab76E1AxLkMeVuyTk8pyVwi53SoCPAAMCcpZ4yqJ,180000000000
5CPb5qG33ose2LjiGjcJHBgfQNa4YLfWTpcDu96eLqS4H3G8,102687640460
5FZ5yxjtT87dBvrLT2Xw9v5VubRYT1Ki6MnfT9kk7Fj4tv5B,205114500000
5FPBih8RAKr1EdtCWsBv97faVaiKTktSoFCuw7pKEuU9s8Gh,600000000
5CdTRfp4QEjUM76La67E1TBeMnDfqrPUs22HLcW8mBDgyqEq,102515139884
5ERCUkKFvf5fF9nLPhP4mWJq1zaUeENzXwvihS1DnNedcsf8,24956308740000
5CcKzLvNLZkk2eUbzH4svJ19FrNZKNP6JmEomNACcwzzMMfT,20342822467854
5HWCCe7amkN5LmkVW6Jr2Li8AWHi4RLuZ78SqGdHMcsNc5E7,480093430134
5ELUG4w6z4PdKdyGKT7PHg6cwjK7JG4vzDURBcjfcUVjTiut,103427074809
5CrR2uAhtU5xok9mgfLxuvNXct1PurExDWE9e2BzY23iMQP7,102499026923
5D89rvojuMwUGsbehMQufthcwpaLQg15bHC2JRCkZD8sGgy2,107347828403
5GsLXdaF3ibsrotkhZz7yhCUrhTuXkZyHJ7FZXSmsTjjCWsM,102725997876
5Df86iGeKgZWNbF3ZSQuxLH2gT8rMP59QkZeuuxFmPFHL9dQ,232206073459410
5DqgveQmE1Tu9DukvLGsg32NhizY4FyMbLF8FQLWJXmaE1Di,7160057123136
5FNHG41VNY7h9d6SiYKiEdD14fqFYp8mGNZVRKMhNXSZz9L6,4080780000
5DAggBjZkgyDGEFt8biJLqDdz8N9ASHpKJUFUwfjCRamPrzJ,6156283591236
5E7K5xhKkQWD2Zep8Cm9jnaVZwktsfbZ5RJ5u8xHTXMMGx9y,1541252460000
5DcUXHtCLTrPVi7msTntiGtGHXQcZsvuEKjHoRis5BDFv5o1,395685421890
5H3yZgKvGHXpPwc3UUP5e7atN4nGQHGdP9aXgCbzc8uH7gCG,240000000000
5G3WhaMPb4A6ijJz63fxtxZ73AR7ifMfHnDnB2sXM2Qhy6ES,600000000
5GeUyAHayJNFbrpdXu5rzs1gVMZ59eZxBStq2vJun3d3Sdqn,243184351584
5ChV82z2vGiLthrgjiSC1DjGeqow7ddbqq9ADXbMSbsJdqz1,102571662832
5GmVv5FZb7zguzGftZ8KjpREs7UxnQA7xh9PnBrikqPn4VdV,925396980132
5DkmYBLEwjfy9LqRnxteBfcp5GBoVnD4Lg8knAToSzqstW3T,4416789744342
5Hmzd1HLMYSqDMSdBY1GXvVzzyHhnDRiXhxZiMKoC5Xe2byS,231689618351
5D4UKsS97Kh1Me4bRvN4KdV6uAV4xEG3gfxKM8ckmR53Nq5T,527340000
5FUCdJWasQ6L2jQkVjHb1ZnCSuvDA7Hd1HqnmyB3CSPJa4sw,1812240568350
5Ctz8D4TY2yRDUSJi95QqxKDaZoW9j4VCzbwoMudz8zXwNjf,28474620000
5GBh6kEXwAjC8wYdzGc96sXEHZH5e3SJJNNJtTNZRSXFrYWk,8382343311114
5HR8sT2viwxoEbkoPeRhTfYrS8oEQgaqUiS3o9TMZ5VrLfMe,231996634830
5EHLKFhzYSzhCWXshhzCm8okzRBWR3x8Uw7iYDyD64e1kxg4,103380504241
5GEbfxXscxdi4dqh2B3TjpWEgiPyFUd5JduFM9VXs227YgGt,11672340000
5Fbn1p7VB3oMTkZPFQnYCF6AvKijwMoSNjz3vH8vKwA78SK6,126437834460
5CwSj4uTHg8rkktTnLgzAyGaofkVwA9PB91Vbb8JuPpcYgcj,56879640000
5DMR4fDhi89UYcd9uEhNhrE2xZbvVu9r833JaF8qa1aCb1jS,129085330516
5EqWXLnXWk4UugfECZrzuScERrQdb9ojQSRKXPFzfzJQsGaD,101886057617
5HZH9L5Bppt2oTHuPjot9agZyEEHtytwVyGkpGjFMCwbNgXs,950520000
5En45vBfq4iDxpYqbcT4BPT54p8V6JnYQgym9KCmqKDFHjbZ,63259380797567
5DqpSvMBfTQswWGCDvzVRhNqmcRMZrtDjcTt44iTWsK8mwP8,950520000
5H6LVSxfxseHPMZjWJF3i6zr3ncM51th6WiNZMQGRjpewBJx,7352445798
5FUUGLKXKLXkwzXvsBH3LSpfwSXyEG7CZc8coXu1fVZAPuQc,106961685228
5EXRLyW24YwSpNNP6ETbqkbeyfeLa3C6Xh3TqUw2UPtXh1Wr,369670079340
5DbxnJmwEJu4J8TiuAPeXfDKBaFxn21tgCjXDYJxWUJKaBub,5542338162666
5FjvBfuknC6fxnVT6U6CaPYdndsg5X4ZTNFV9x7CajXtZjTy,53471769318
5GqLVB9ho3ztEbAHkH6aZD9YxFGoEsudWfW13L5YyZMjeVDu,67910775989998
5Ev6517A53cqiUC7Q8W6Y3vj1PCXdBggwzeohVgQLLhJSRHt,73961700000
5DtGjcaMfaPnrVEbuJRsjqYN83p4YZBwNvkjvJVUZmXjD7V4,202793760000
5FRJkYjccvtWPEoHcH1TPK17mu3fwqhoSWtgBNdodnRBU5vu,242025840000
5CLtywPhnQ8KqmordN3Vr7Gc5KNe9Ebv7iHrLq3xJqU23SBp,1217761200000
5GVkyxFR2E4f3sHkxY1uL4t7C6tUACHFt2dXKen4NXz7W44h,109119288185
5CVFHkVMPiGK8uiazevyviXLupr9GJXHzTrmdpzFULQowbkD,950400000
5FtEEfxEdXX5nM5gekhuoWcwWfhW66TtDdcJiBDaCezpF6ex,1156971958518
5F9YoBC7apUc1eqejfMkggp7yGYSme7GUufW12FMFX1pTzPy,2545590000000
5DSQZ2BYQrboecjbAWrRxgafA8ZBko3a6p5d2LGmds28Tma5,19005060000
5CAkb1LBDm6wCKSniAXdEFeGqxo5zhyeBg727MYXtbs8UtrD,59948973218202
5EWNs42A79pPN53rtSdFYPK9jzSuiD1zMKYfisDhipBzsoVo,88040014688
5Cg2DtRzeSvNPxhgcJ2ffE4TiX8pajP6cZ5GXh7N7sDdHrCZ,733252020000
5GDzmFzUPA6ZVc4qfyjheAMynrjch1tJxi26QX3Di3sVXYJQ,156434387222
5F4g8mDMnSpKBncXv5vhjWeovuAVGMSXGL3xdtQBhdk1YVFL,3124386420000
5Ff9dEzymtig1d9oP5dPoEGWQQ1xQVk7BHP4MNo8mBX4AVds,8362657260000
5DD4TQ5ZM8Rq7xJ6YiNxNfcaQAdDoBAHTXrECPcZJZLZMxoW,22684322921514
5DLgJqSQVhTiBt9AKVebMnn82cebpbcqAZF5N7rjhHEunRQT,950520000
5Hj4rKydaju9B2UzF8QTBxxm6SKToZ8KKGhZHEsUqreQhfYg,102763886195
5H4CTDB3X8MEf6aEmvVyXiEST56wiLXJXsagVW73oFR7GNAv,950520000
5D1rG4naxBouPF2TLuNjNpxZjDvhTUqistnzxnmpxVThrJN4,101493924066
5Djq5tVSyA8QM68FEU1E1q7ufPN1TEcGYg6KK2eZMX8jTzVM,106892694865
5Fs4FsAFSWUbKvU7CCoLmzXcJMAJgmo8bHBWRV3yueqkS5oT,16015113420000
5CFpR5cEd1iJoKxU1nqJGw13NVnRn2xggGfqsSd2Cp2Ed3zz,120000000000
5HmmwCjHEJHAt5Erxh9sbTFLNhH7dBp383k3g4vvUDJiDm2S,102682225418
5HK8xzoz8vXvnq9f45XmLXrsNJVfx4m8H9kbaKyVEEH8fLBF,621296094096
5FLZsBtwTeNu5EkiMDkwF4hS8V7Lz1bR4HQRLHc9fkrssB4A,259236559686
5HR6v8tt6WYNcAYFawvGJXZLQevr1b6LZgG7pcV4m4efs7kX,180000000000
5H8zXqgiFq7y9fN5D4W3h2YtaLG8Jj7mmB1cQuMcxJi1rBpD,244657980000
5FjuYMBQj8QyFLCActE5X46kQdVDfkz7KTnJf46E1zxKduuv,1131000000
5Fsiw8f5FvEFPAhuqN67Y6A3gTcinhXHepxXgSsnrxsTVMv7,163181817213204
5EZ6o5AspMScJMa8PdduAB6uxLYGX5hsehJU62Zuqk8SxHc5,4086665880000
5DfVUoo6RaTK8ZoDcwY7Qjyy8JCnhQAmi5gfJvjmj6Lm9zUR,164130281829
5G9PSu7Pv7HJa6LCqTY1Vfzj3tmVT9oVBUfvVFkrok2QReHw,261942371244
5Ckr4mC7esLVKwAdnxcNXGZWYjQ9oPZkpowZGRfxfdDtXqvc,1805431560000
5CMJWyHqJCXXngYcMEVL7MMC9a9dRnxx5AnFsW73sXbSVop7,61829827377
5Eh5gLbxuEvezuHUbnChkXY7Mbrca8ViCi4TLcpQeeVoAKiF,104684819811
5Cr8Vzny78WDmmcgBBuyQBniha3bxHyFPyFBvmq5dFAUADJb,9280216140
5C4wk7gRQjxG4G92FkqC4LeU9KUdTBWuZGRMMbK9cANUaRdu,2906940138738
5CwifAiGPuqStQVX5PjFMKkd2Uv2tkfdRq13W5EqsYC91DRP,2807904660000
5EnKYAcJSWQ4TTSN4gBcya5S1vo2S9waw1qDGg45R1ZXtG5b,34993372344953
5GjS14uD9KoxXTjdFF5TyWvLp7tdKshDfM2z5bRmt9aHYNDp,266107745202
5HH1fbHyeLA34PtCzrFZugU6QgY5z4SUhKye7bGYBVe2G1Rg,141381480000
5CwWVVXn8du7GyuAFyQ2ynMV9HKscYw9sx6r2VUShmTd44UU,103427059614
5FjV1czPLVwSFB2MLgbsmJvAZ5eDHWZtFZpUbuFLS9xqDASW,1944305146632
5HVVf4LoyAEcvSR1WNqy37d9N34TfwW2ipscXYEjPS93phSS,3274255561291
5Ff3Xpnjp16uAB2cHatBnxmNYhHzp517YakEkdDUEfQvPsLL,4290398294964
5HKHsybouxFnVLf7frB5YHYScWFs31eevAhCo3xkQPiBw96Y,12344451811122
5Hor5gaoGwxmPZ4jwXuwLNPnQtUtKHLx8dENAcQJ5WoXGvgt,151743760875028
5H9M4P9oNJJypqVR5r4yJALwsQdoV9wQ1Fq7PEx1fbCTCPCg,88980000
5CPTSAH8YpQukumneamLFkCjjpHmAg6gkdTp4Cfb98WtNCS6,926700000
5DoWpSf2dDyJAp6SWVfLrKwqQaHdbpE6Y8xd1bS3ZNjXvaHK,81428534110
5Ggu3pvMFr6WR7A21guz97NT5Ei6DDGsdEMGa5YoXaZPLacb,621518688636
5DJPz1BztSmwoxLiupNsdrMoC3MXqbaVj93rMYBKdrd5er5p,102397088712
5Ft4pgzovXRvZEnwcnDPhKsZ6VdF1ynTvBQj7jUkp5rtPwcv,5603966107578
5DcQaYU8NpvBaZt7Da9V34dPcu1DdqUtREyx7ofTnGbHMf2C,133584000000
5DGA4JcnS5RavpxwJfadwjzhKMEN1PGT1NHAnmHsnqu4X6Zs,3041938740000
5DtEWxZr9x5RBP4cJafHenkVQ939Q1ivfZvfeoXt7qi4xKmm,13258140360391662
5GgKSgp4zXqdcXEsoBgqYLCyGaXxp6y592ACJnKxvZWeWA3S,2768613001836
5FHBLGYFGbKCRXAwA5YNazYf2HaM3UFj3ojcd7rACekgBzn6,438060000
5F1Jzw6aGCsZd4SduRimgReQvZjRd6rULF7NTWPA8nxTVqew,141748979298
5Gjf5kY5grkaKrjjR1cGNyptHMpvmM56fNRqL1Xt4r3z8zjf,6936769983914
5GYzc8MMnLSkKYHoopsGEfUUFirDQTY4uZCEAAaQoK4v8czH,81747304620800
5DLCaXVK6zPide2LHN7AX1EBbQWcPucGdziRxSoMbe4weCoB,1708882775017
5GpGXrXkrVTWewqTHYeLctBCtkL5yZDC8QgTHCH3PB58J5Sr,603291180000
5DMVu9jTd7Vz97nxAuk3gvNQCJgtjFgnqNbhEetzr296FhVR,6294069078773
5FyPLvme4q2V7YWzaenF2tE4xiprf8rrimFLZUgmXEr9yDvj,1378960089744391
5FxFPe4y9RTosq9UgFoGBXhTD4UmdmRvwURpZt7czcut4g5n,950520000
5D2bZ3SkPByh2ayMDTEy2dYBKD34KFBaxp84dZs4ewYZCTeT,103432588055
5HQfXQWnN9zYZe4FqA5MkcGvJp7Qe51cJyfr2SW51puHtYeu,128764601510
5ECbDQdQi8BLMA8jjX944oL5KgKygCzojoPqfRBjLw1jRsMu,102509766717
5FtAWE8ZLCVzQHteGpLUpstrLCA49m2Stz13g58Wd35jXxxA,600000000
5DyddMB3aZvcoVDfhxVHwKVRmyGDixVzNB2EnjZ8eSWDHBL3,1094693174024
5EhvJwbxjpLBRbNgtjSVhw3gexTieApKpZoW8YXYhpbnNWRo,130006310557206
5HibViEmT9yxbAbTxTEMUagNiofRezhuvQdFE4i7JkH4i8Zf,3003000000000
5DAp76fsnTWdG5JuYK4D3Eu5qPPWbtXnmiLAf2xwsZgAgxqZ,102063791023
5GpzAgJS83tuDytzue4Tsz6oycNdpp7F8tcai6kHQ1jPznRo,150351126766
5H1PZdTgSsxuQFhXtjpZkeRKs2MT3iFVXekNH6BfAdwtL9RF,7660752660000
5F1iLbihHTAS81NBTdbVPmPuQo76LefK7XXRdLsd5WijEhto,6031901760000
5C5oRMn9Bf73fBYNvBmUpDsg95w8QkBy7ksKDfPoNceVUBy9,85154653665024
5HDgNPVySAEunMycZeCuYUdkUkDPhx5Cn4sXXQPu3Lgpbgmx,191523503094
5E9vMn7ediSKh1VHo2s4PFn1yN5C7abLJ5UhJZFWpduBZcgg,5154221133386
5GYdvpiP68FGzexAVe3LZcdGttte9CHb9MxzRvUNoDSQ3j8n,3054806262528
5FbyhxshAtEA7GpUyJnEwek7gc9TdcJRcme6rh7yY8hATYMd,266170800000
5HNE22vhbWXsW9ZPzLgbGqRtaT7nV7SS9wqL975uU1fyucTD,56919600000
5HmfKVUrzBREbutgpejkr1EuH9qh59r8JR3PkFBYqDyvq1hA,119292530422
5CSJbEcR6p3gqMtLqsv7wbSiMGcNAhLaggXyVkcfF2RfVU2Z,315960000
5DvhehzfCa69WX1WCB6dvrXJowuzmrYDD3vt5ZTVgL57Rn2g,887760000
5HbANGXhG3m7U8kQYXTfeULRahgauerVHFDhVVGTMEVLRvH1,6649986000000
5CT5jwBEAhveEjgiSCQbkaKcKcUyF3VJ8qNXM9rXsuQyn3Kd,47500072541241828
5CFnoCsP3pDK2thhSqYPwKELJFLQ1hBodqzSUypexyh7eHkB,38457894360000
5CZr6FVGYPHECodShXTyevNgHQ4E2YDGDFhNKj6FWgyNgpKW,6351063713333
5GpS2JMCk5dbuNWYKVXWLEJdAuVowiRVkJw6LUsVmoSSBZ1C,293843460000
5EA9fuJgoXtHcudEFm4en7n6UF9jFTM8yPGtFR4u9r96hCo9,134222040000
5EDCDQj8R5YymhZAEw44Mo69JSoUySJpYuf5zNcT8PEtHp5S,64310312955
5G6viY168a25uEaXNLLNkzaKGFrjdzThjZiUsE9tFuzzEkDz,538561529146
5CyHdRCoYxpzVxAF8csCyezk3XfZhB8yCJzkSjnCjtjUrrvW,18513403283070
5H3turEHbnGpwMjjzz1avM2EeQhqhKiUNQoSzio9B6jyFrSd,107486603202
5FqTBTAMufSmnaGSb3xfqmzL2CbnbaY2jxUiteRipSrYLAMq,496020000
5EnMrjZEtLy4D5iBtkW91za6qA7xmwMxXRwNhVJxnHbEHFCJ,1506656760000
5F4K3TY3hkDYGeL2F86gGKpX7KofMkLpgyVwxhxVVgM2ExWG,268178375017
5Gs6F8ew3pgEdKH3FkvLD53T5DJkCK8Xy9TDnEmZc8Z5goBg,103413400030
5Dcmc62woAWmy5TYRUUBTEDQi9mb6hCV6frCMJxQ6YTtwbq5,205703940000
5CJNK5rQgb4Sqq5oe3vdjgg5pSEm4yWWrraH8SZX5ZiZgUuQ,102772068177
5DvibJKhceQ8gk52hoQ4CTbMG1NNMUYPtvDWBhqKs2LVGdr5,63449649504
5GH92cDtjNTwBVoNw7zZpY5hataiZu8UantR5ikxPYQ9Uxp7,23122773354
5ELv2QeJnFN9JVZSyoAryTGHWpvLupd99LoGbgL9QvcXFJZz,102550159201
5ERoWpKYbCzwp5cg3ByHaKy4cUE48gS53xZiekFvqQJ7tTmi,2010309218496
5DVBJwGuokkXaDjRe7pus9v45ZCZp87Puf8L3hqgy4ozAvsq,12949380996
5HQMVy2rSejNvTLkgWsn5cbFA6iuyxvsErdRZnrhzgBJajCD,950400000
5H9YkHis6Jg2r2YwSTsNn2ziqwh1sFm3uXhG4BxJXZniRKiL,64933958100000
5DPNj4vBkTkUi4JWwa4DpSvcGin6SWjQAruwViRtiurYoErE,197829769800000
5GHtirraLbXNnFMyRrMFY1MfJHpPqZaaNw89n7yGiQx8d4aW,184184713646
5G3wBMGPbTqyEiF5cH7ZHRnDyVfs2fyheFqb3AdWVAgA6LuP,128867744388
5HNWDs8xGjKQDRpiLi3Rw1fSxTpG9rkK7i5GCiGFoXsSFeEe,102528634889
5DA5GVJ5zRwxkGPqQ1ErVFh9pfC7Lgbu3ZrXcyrR9qRU6Uvw,600000000
5GuxbgNVR7U6X7BgVCK8JaLGmkvYfDq2UCzZZ4CDXX7mxKbn,102375672452
5CM9dzSCeegXkQnE575qacKvuugXh6eizgHcZskMyRFgdVLm,109027541210
5E4EV199ANEXZQ4FUVWR4Y2eQvb5JY5USR9NNp2siap5GcYG,375057840000
5GEJzvwxxefEdokisZAL2K7UbBp4mubU6hR5tzcPk2WEETPb,950340000
5CFZzorpaiwjYuPg1dRRNJWtVpJx3SmkPL9YUngQ9xeN3e6G,106383332620
5CDpfudsfCWbFHRtGnYWaVxjX581gtTD9ZJoTYHkPXNJFTX3,37721895883860
5DJe3bt4RrfWV4vc4mVv5U2WPVbqkgCqHrMQYh2Xmes9atVR,186225278550
5Dtapv2Yx6m7m38AxnHKXnmKRQEXDTLYcC7yz1RvPwkpxzsV,128735246526
5FWiZTCz3ojYQSBJLXbhuXTysruQPVNjQf3dASa9EJPnnz4B,159095029119336
5DABYXiozQKGBTQhRWMkfoCbrJZznQmNHCyYAX8aL7nKChjc,249746820000
5EZNW7K97Djq3CBNGnsK8w55WQVC65wa5jpmJqFH3VztfWsU,102693027366
5DPdkrgiXoR4bhiif91cSx7wjkqmqG4dGUzga9dyNoAb63ug,2153828921602
5FNhzQLucxKrBrQS3ZdhmYy5iR65nJkEeFfh4dL79BT1S6wy,23296020000
5DtAgix9S2ZxeE6qRcacdRMkL8BxB78Pe6AESYSBUUiRTqsk,260132759646
5FsoFFxe4isFdSPZU65HEAVZfceJRnNnVypySYHjpPDBK2he,104649728714
5E4uN4t24cKr8yfh6E2R7CxGe3xQ1YfLsGewDU9FGhB3hDnR,230146740000
5Eo64o1aV6R3vUDUXHC6fBqiCUeChduX4zfDF7M61G6GTis5,12222338460000
5DoXSs7uAhqqcAYcZUo1qa1UJniRP1oKPFnFyYycff7Chnvr,128100777700
5E2azjbmeL8ewzDCigTKakoesJjUw9ozSQPsMwGqu3ETFwdB,950460000
5DUUaC2PposYZ61pbDtz5vcrRvgZN2qQhM9dUTW1GPh4vvwS,57763439642411
5DvYWWafc8w5KLoXX1KkxTzw1C8aMjJhQeG28bacGYDsWzXJ,600000000
5D5gp5RB2UExQd29N7ojk3f3fcaeJq1rYf2eycF3935vvFy3,102560900732
5EMjsd1DGwJ4H5hwqRYc9UELsJHpnV5FYHVp2HvC5wAj7Zv8,251284812683044
5FvLNTjCAzyPCSMgQhtCNznPzfHrh9etbQpQM24QRgyneZJH,19945342620000
5GL86B8xNiWxiSZHxRNh6nrFcBAYe7TTkDkADjLyLMLsvNh4,6424352113206
5CFhjgc6fANarxtURMUN19zhuAQ91CgBTrudEXsFaA2MLDB8,876459060000
5EFDoVMZJhEbAPUcs87487Kt9XdE2LKZTJtxd9F2fLCrH4u6,60107131134
5DrA6EYh6kaUnmv1iXn7AKHy7FZhDG8VnXE3TqUhr1CMjQ4m,30121639269162
5DAMctrzYjNSjT1EvQt1iU3CX248StBeybeQDyZsSMKqW2Bh,169045800000
5G77ZNzikX58KMvyN7jwWUM8FSXyEUMT49KQnAgpkxZwShL3,180000000000
5HmfTzuxcBqMEuVAqYz872KpTLGNm1ALn6PQNaozH7MrXDrj,104696503887
5GdfxvLwrYzZ74VAbrVQBtRMGyXfabHRiHBXtXnPGBeNgXwV,2597922201408
5CojGNFGmRsHKLSyaPi8b8t2UVmQqxbFzGUQyidQhHScGkGZ,3672325130142
5CPqoKXqRmCcbxejNzzduBagDqyPvLUZX9KwZA722QC9JPz9,107994001722
5GjCKug7Rzu5vFRFy7vweTchaRNaeNYqxmanRiVcfkZ29Jki,202105388481
5E2QQEfWs1RTjThvQcQKuRcdbh2WXtbzZVFyjuKaxEdhZxAg,3124173411228
5CG5QanQewTk8ZJr5qax3Lg51j6oM8zxEEdjBodXWZYkpzEv,187986960000
5H1caEqpG44ou44SLrGS6UZpBd4Q9XoeQq7e8VLS9QRbF2ZB,607933080000
5H1Ja6XQ2xkRE4s79ajYexAfUNvGGyD9k5enH4Gb2MoWjrg6,4117198768837
5Hn9NEDQtkDmFfd3BvoSiGzUVP35cxc4zbpG9W5Q7w4k8bh6,4061510301900
5DXUCcxQ3cAgaaLjAi9kQpV4wgPCzbXqLRYAPazYuVJpuydQ,102402418267
5GxLS7vFRosviXdoh7uHG3LTYh782Zx6Fb3d6R87SY3YAds4,72360000
5D4s5hK7XxAtSyCLSyqNdCnnE98pyrqrT9bxUGMw6yaoJcJD,1636129885146
5FxFjPK31SuFmKr8kEuimJt78tBcBtbcVvuFcfzu7zBzq4N3,758644247
5EPT1Y96rFqwdcasBXNP6DivTEsWrK2yLyHsooXNWmY2egdy,769768603828
5HYR2pdURqirAyRGM3tCyAZsz6Nsmx3e7FZh7VjzvGZeE2fd,1499400000000
5GKW3WB4Q37byhk6wGupoNAJJ8gXVsbGz6Ye1JAnpUfsNBh6,600000000
5DVCd4s45EkMjxzcb2Azjwgb4pLKPLqgbEdzknywZousHTs4,103388712525
5GNJ3VpZEainiyccN63GSHT1YXbAU8deNrQ9PsxzaQ3nnJBC,102472127403
5CaXUsyMs6pLcKLBWZ9Wpbo8tXVvNEREmjgupnBMMFmVpi9N,9002975982
5ExYunaktDwCsyZiUb6ZadaAyzCnFycm1HNN6Tw92N3pQZqG,102499026923
5CfR43jK5FgBRnYijV1UaZJPBF3pSg9yTBJLrvUkhJeei6cn,56347591466997
5DsfmnEKwv68yMEA4wBLKv2mY1qFG837oTsuV8Uk1DA618f3,3278405114928
5FHAPHQC4V4NS4WPeCNYgXTgNsN2yHBwSrWNcyHUaoLVTWsG,3546222539124
5DV7Q26MNZDyJTmhKit4R4gA4fCTnSUDAm5gqCX1uicU9doR,3837876238938
5Equ6c29s9LD7QxAJMhyFNniU4vS9LuG4djXyWPgndu1Fuyz,65752599899781
5CPyr4BAPbMTupgiyopwgS1KXQcRfPZw5tnTf9Bq8MRXdsEN,34233092386
5DCxJt58sz19dGqSJCzbqPgG7WpPKAUPosN16T7GNFnubB5B,396037798584
5FTiVHRACkYuy1zEPMGLp8GbPpddf5gD1A47gxHLCktgG8LK,1125439284270
5GR8FqLRbCKbeT9pW2gykTKSzdguFy5L3See8eN5dZd19eyx,208541140247
5FX2QEWXVqP9EHJHCPArG1p5mhg4vzcsNgcJi9TdX3f41Fyq,6615180847212
5EHcFnGcy3FCKZxX6eQUZ6GoGaLWi9csExuiytXrxqBEgPFm,30209914862858
5G1dvgZsEWniLNLBAApnVU5eHsCmyw5b8DdsnBeUC3WCy9A4,542160000
5GHjUwXZtn4DgWRUPqbiEp1AYV4dg9TLFP3ZyzwPjm9NosF9,1277571223452
5HK4B2C7ripwTwQ7HxpGQdeVF5dyqeXuC3FgoomRXeKDMyEm,101576580000
5DepwbsiThs2gQyM9bpm8QNz6RHZatTEnpCwkT5Nf3ccyZ2b,102771932736
5CUiY4qDtHA69W2d9jHsoPjqtvsDLTeVmdtp7sbhTAcGrmKd,355080000
5EvZPT2oZCtbHJNKTNa4dyVZPeQ6WVnVXxStX4bgwbSZ1sCw,26300739458766
5FjFHgaGgDfAakm5RCMmqbyVcV9fLo7yexiW6u2toLdoYbyT,126226125234
5E762JWQVxvT9JBJ9GBN8Xb8z1e5wiekCZBBBxXExrE4tjiw,186624231558
5CcCNqRkUgUnd6y5kTGh3eRgUVZqvwkgEezhBGD2Qb9BRx6v,10293197100000
5GC953VmZ9SefwLA75YMBodxjL83QM4aQr8bmY2yjCtmMaAu,49860000
5FjWPXpn5Bfb5NwCk4gtPs35khF3qoRyyhMcNUt1ADwSK42Q,102493696004
5C4iaaao4MAtSKWMYEQSw7wqgN2sf9owh9vEoqzpCw5T8D87,6567255720000
5Ey8eRSxhGsr8p4R7WmtPUxzeLLmGXrdqRZZv71n7isuKhyj,60000000
5DUD3XFCgai9WK9BbUcDdNHRytuxqZoUSaswQ7AVoa6rjRnS,18606862380000
5HbD5v2Bh8yw53XYaXG1TjAJNa2SQyjCEYRKLxcFVxzqHNvS,672798255780
5Ggre7PhcgQN34KkNuZYNpX1riRE72fqcmPWjtDmfSKSMrgQ,102533957986
5GzvazTYgaiAKVevHWrqiYp4m1ZwEaaGxcBa9KYfGgLkK2oe,100740000
5EnrP6ky6oWTqMJfDuG8y1DxxNdMjEzdZeM7W8Lr35oCLBRG,96030337764
5GsyG3TAg1sttnTh8t3nzgCvvafBRQMbJGx9ALdtNrmMT85i,365760000
5EFicbRUuWGorzQzkzCgFQtVYigPb2yrhQDAVJrF7mqRXEuD,37909102227264
5FYnfXddZqDRmzaySzicW1CtyKuyzDDKL4TuTYuxt3fCv83a,950340000
5Fehb17yjcFoPhm9nqr2AdpzJnbkgXLyfTGdgkgGNAv6QGoz,846060000
5CDTSxF5MtgQE1wXw9Bz3x42NNdT62kpwBpMaCTEnU8eTRiA,566086230634
5ELuguHmJMLeGjDowbuY8sqzLRVi6D1QJ1f1XUYmGjGNoWgT,20279418466698
5Dc77DVMPvTBLQxgcbFTZ5W6MzGcBtEjy88rHKXAZkQzyMoY,726884460000
5GEyHN7YTCuNhELAPMrQve6vT4cRJqMmusMYKwJgPiuaerMr,343841142590
5FNy4QWW3J7Wae2pzcq1A8wwJN7QKhyuJwNqvXn5JH1TUg3K,1199325420000
5EnM5SbUuvgq4v44afvkR5H4PX65doWwMHPQqFu42RJwEurz,950280000
5FPLb1UJAuJwLbcw6nBfirqSK4eCFkd8y9MjX8Z4NKFcBVmo,6753208745884
5DLdMFBH4xPNUQ6VXVXcibhrv2wuuCaAQhnfebMiCzGX7QKk,440050562772
5G6GoquGzEbyDWXx7A7Fvp1626MZQGmUnojNLek2UiVnYuSn,3014491116389
5Eo2EcmAHPdZu83YmvHMes1Df8a79jxH8Kq8HhPQbFwnKAuZ,35234106372564
5En7vuU5CoeDEjJ7KiASbmMEUvWVUPWoxNW7KjRr2YuuXe6f,194052459114
5FKvEZTZ1qTaeWfVtnxWyTPGjXxLpi833H1bhPKLvpurcoH2,137793360000
5FjjfhRycMmEvTVNoAwU61eA87wxLPVJfzVtRggXFwqtJN73,103424387238
5EvYHM5XjDkGCqKUKfa4aNTroCAtJTFhcL515nSMD7E9pcg4,85825547265
5GQqVa5xCpfLFhs2rRQFNnwMKs2aWRyu8k8yf6x9bkbmt1w9,102560924105
5FpXj6GLmrPHAGDSV7w7b13KUQ5V8f71GU7USz7Uc3sq9TUN,9502673766126
5FsPcdj7f9ASdkHv6TLJAFNTMTyMcRKEgNE3RhK5oLzuzggr,93211380000
5EABd11GAjxsDXWDU2F7rx8nEgHsJXNpjEewcm9LmurtKeiw,102544739561
5CJPaacVKf3U5e2arAuwwRNDZYKJS2eGnzh3Ko5983XVnEA9,5164081074816
5EbspmevJnnp3Frxd5QcqF3BWYBD9HNCeGcAz9druydRwyDd,104743230873
5Cr1EEjv89KFqhmmJUHNpgmLk9jLCUFvjfjUAkRb1baPTHf9,102481342227
5ELjG7rDGBv7t7YK1yMeGEMw9HXtRYSXDG11tSK5v63DF9dL,2398746805584
5HYZyX93RMEDfkN45UeDu91WnutV9UotkSwQXjByzMyBL3Vi,106942010735
5EckUshihyp3r8JYx1MBSHtv3nHJkGaKVvbTZnkh5qMwHtit,102777341532
5G4ScB4GoPX27i4bErtX3BLqcYpe2N6VrgPMQWM3djXPxuxq,1445351875980
5FsEUyCnLhdv8jdT6X4rYB6WKi8VKazXahnSeh1ezhkTWUgz,1865759318861
5DqQKGjL2m2CaPWPvxui9v4qqWPtQmWN82soirZ6wnM8RN9M,48810646460663
5F3tgr8TbiXQ2FpFR4kQi6QhuoYSRH4YbChaPsaBcqnN7AVw,3703404240000
5ENoS6KgfncjL9Yec5BHQcTfPVUJ77SYzJqwEWQkXtsjxT6H,600000000
5DMFhmqPcfMUXEzYdTDRmqLtv4wGBQTaKesuAhM5bEFSQawv,102698461543
5FLaj5NWVEpmt5MfLNPogfskQKMuJECVQ5TYCJ83WwVC9U4r,31409343360000
5G1BBpvVPcj6sb44HuxXDPyCHyMK74AVvuHPn666BJgM8DvD,5862007864308
5Cf9V61adqFFCVimge6pa2vST5QwWjHdDAFNP9tu58VyuaZ7,2779893045366
5FH6CCoukj4T933Wn1bJEV2579MsGBuNBYzwELRRsfyU1tup,10162048632
5ECHTmmP6CUMH8qBPFhtShAxibpZyWb6Z3S1reBt9vQ4S7jE,19608
5Grkw2XQhadBf2Ecr8wPCGL4gGEzc8Rg1T3Z8TkNmVRTVLei,158106720000
5FNhJGvys1dw8SB66YxnoiWXgJqNf1N1qZGa5Qgs8FcK5zPL,15182639514608
5Gmnv21WC8p8jcxJk8hGzNQdTZuofNbYGgc1xBNHjBWyBaJX,47257914834
5HCEayFs6dwZ8nvEmGShpqwVZwpL95KtVbfYNEMNzL3UrYS1,63987900000
5GZ4NS64jmtm47qYZrh7NxcKs6cGJjNyamnpypR2tVcFxcoj,6067805754954
5CPuUJGhgJgVLzYSmCfjZBt3sLMym34GJivUX4nSRtfgH1Yx,102571642326
5DtcKmC678vGsYbg3sNSq9KvmqKSRubXD7b66qyygoPDgKhe,29430128875740
5Cr8EKRWAh3xyytvQxyefMJzFR7ddzEFb7inEpaTKZkz6urd,14730705368556
5HMrtzxe9dKFoCMohq1U2j1QT8iYjA28NbtZ5WHJZgmeQHKK,102758478921
5GgKqNqyhw41PErE1MDWcqTHMQZUwTTMuC7tALhA57RzUeYK,180000
5Gy9VLYddU63uNDeVoxL2262gPUSaUKBgZdtWSGMVCD8sqyp,16208544560262
5HNdoz5P94bM7f6UeKQ8sYSQBbcsz7GrtZdps4mNkzkJzUXP,10185827339481
5CMFVU8LN5CW5NbXxKJNP7aMkG7ayG7xS82hKzkVboXB33Us,950400000
5GEaqVvmabtEkAt7iDHFLCvZgYunHXuCfzjTAm3JDanAAwVE,364401364182
5GGsMhTB8B5rTzZdLQL3asESvPZDLnKXGSFAfTz5iqis9yS2,6071514180000
5H9YaSZQeayv9W6xHgrrD6V2kUURHTFxZ4pHeC8n7MT27wyX,102676862605
5ESA6k3MCZ9zWgYtS8dqUzXEQGe37fYHgBb1gWxBjqQkZiQN,104762729363
5FgdzAobt1aGUaH6TiSdS4rxjAGUEs2cijkJ9yWUTn6s37jd,1255540560000
5HMndvrTjn4X1FMVdrRC4jUotUv54fRFmtasaX9ntRwk95PD,150000000000
5GjX3Yncq9zHZGLQdfwSKy6JAtEvFUmkFuXvs9n4rwquWCoK,817080000
5GnH5rwnEfnDADqyYHWQs6j5jwuRmpbPUeLrRhcQuFsceFe8,6085449420000
5CMka2i8B6P6b1WVUFcc5g4bLovBWeKjA4d5yRRnnLvy1M31,126467025072984
5FjnRnrt7YfPbXyrwXLCESvLGdyyxkRV4AZfA6Nafub8E67U,140856120000
5DcRt936Ew9itbcmynVtCTXKtc27wKTMTqsHEvk6491XxwRe,343806155280000
5ERWETkvSynVengb91LLTgMSD97fGTtMskSqLCJkLDcxSMYG,111549637498
5EFKJ3pHRimprSYz8aGEPwT3JXBnbHPu6yLgJ9ErP45FJXMk,2316608417839
5FUcxb7wMmaqDiAcrRpj4uzJstcFqtp3eDobBeZhjjnYteAR,563431797830
5EqjVfPGYdMbuQTkFigmqtnGiHj3kS9Ca9F5bpgebJ5RWuot,286069772244
5FTT5XXzmnbzu6249of9HzKKhEPqg9VtAZfHzT9vDyFQ3E44,325753098966
5G4JiFzTpqikD7R9v6YjpiLYSiRdCXH5Yt8YHFximAWjNFMn,373941180000
5EhDrA4ATMNGsF1CLPiqahVnFw2ATbKYRKNwF3cXUFk4GmiF,382863240000
5DkWTzkWpf7KdRDrxFBKYxW4ZRiCai21oTGv8SkR9gXsJySH,102442617841
5DtRfcT1LnjqZFJbDsu1bo7WpDWLRk8AJjub1nX6Hg1cx2oR,1269780000
5F23nqkQhoXUCC77GfpHapgeycLkPTdFXvpr8NdtZGUgujSV,950400000
5Ejxibj4E7iCZBsusXxcQJQAyfC8moME9244yfjVE3RS73cV,1551937080000
5G6c6VMFuPYh47jVf5cH4vf2LfGB5KBnKSd6AH3XrdWQuz8m,24596053140000
5HYcxCzk3vGu592Cv2rq8jGW3d8pin2U8ntf3nm1sfeGAmLb,253363740000
5F4F2PXmox2a3nuhnXeF9dwvKNJVQUYFrJEaUR75Xw75123R,3334920000
5E7SLjnYo8n58e6ZpYf5F1yhjfi3MY7uSdQrf6Fy8dW6j7uj,1117260000
5HYyKbbkpp3JphVu8HbAuvag226xhVsx5XwnV8X5eD4CK2bN,600000000
5Ca4hzRNHPNRQ4JsbSbeftAehuXxmnYiKuMLpVLGZdMLuNLU,600000000
5FvN75kMPodK5DV9rEg4GuDCp2jq5DcjeNNppg9aKRqQUcdr,1141103340000
5C8RPQskJFiMATv4guZb2ZR9xtFeaWdpAC5sHZHgv2ycBuhb,748740649806
5FtBXvWPefHwsykjtwqPyCZviVf1PczZShkK7VnMzDjpkbs4,6366345425976
5DJGK5mxseWXsQUwLiD7DE2PvhLdJjrmZuMqzkuUxNnThPki,8033372152288
5FRuNWF9LA7cuMq756wbE6Vw46pDCm77pw1y7T8Nuruq1xnB,70828140000
5EeScxLDpWkcgVY268jdFHS7RGYyyxA9qgoaYyMmf7zRu1ML,104727993810
5GeT7Aazhx5X1DWM2h1xm2ZQUy2WxrxnSnTFNRZTLbipKqcP,128499422478
5DyYw4F3setwJkStEFumoB2xx6EDJ8oh9TJLCGnHZH7ZgJbj,180000000000
5HETj7qc5fpYRLUhntsa6PQJ8WWPeTJGRoQdgY69ikauY6S9,206316360000
5CyXLq6XDAo4SYRbH2PJ9fzdkk7mGHSeCQxvsL2x6cjexGZM,180000000000
5GZBJSciedih8Q5gVJkN2BeUTBRBH7Kqo6LTPQhGVQsESA38,1807859529696
5Ek9bLsaiVZxfVoREMakSszyLjQtFEHvYm2o1VtW989GUpX8,6898510080000
5GCXLJZf4KqYTTY61QjmNLnZG18Mp4XUg86YRhAMvJ3aE7uV,600000000
5HSzAVJoAgmBvfXMS1NKYGeL6ZJKjGuhJEoXeYVjF2Qg2t3p,486619001176
5DXu2efjgvmM24ByNqnsvTetXAW7xPrVqWSeeJZ5Jbctr8zp,731640000
5HRSgFPpsS9exdMsUtf6dfBDMxEQ2P2TkfvCdmH8AKoh8jVf,51964843193156
5EkZ5NbMpjUCr1S6Dq8DzgavQ3qE1SDca3RL2x3d2mJY1rRp,241304575242
5CUgwtVCSHiq8hbiwzh2k9sZ1LBDTXTomqCg3U6anT3MvvKL,7288948421944
5DUPMUm9FNxXgXZn7zTJ1PincyEFL3acGMUeQRFJbJxZdzo6,93608867294
5GCUW2bEY4YTvyYe4FU2rVRYX4juU7xuhwMMhmeoDaGZm8WA,62707160548944
5CkWjh9tdPkJCFVmbSknjDk8MVuUinhu6fCnbu6DVxggLpbv,11933778683508
5FxjrEsfpvN1ZvtC5wubt81nCSJS1V4SXBkdcfHEmrLirxgS,600000000
5FhWSc7RYaT74YTvohgMSdVrHebP3z3ksTXZrhLbGBi4RcCN,1483128509934
5GgpUqZXE8N8wRA3ZYZqHKoDYTRJv3igcShzwwYTLfeBEN6W,6241908680862
5EhmTJ8RvXoqKqyBHTV72Hg7i4JkRXhbJ2R34vjnFZuLwzqc,207116265590
5CiUEzYiC8bXTDqeZ8ccSFPrk9jSm7rMg8T9hDQVsAxtm1Ld,3692138040000
5DV5S1ZZiddR5JAPmv9q3xUjQkSxk3s1oWrYKz4cXe6Sq1VH,1229403360000
5FvnmswPzQ48h9zCzrNqkWQqjBesNX1fua32bkRVieJ2QFpG,102047686675
5GjAxuHooT9cwWJWqjecSBZnWLRMUPR9hNqP41nUNgyHPr7G,3665817960000
5GLF3FGZu9DBdSnKrp4vzxwvATatFt2VWAaKDcAnCm38qdBc,1141103760000
5CDXVxDMBsNPFMYYAYcbE55B8d2Q49EN1pQGAebWteFHpJTL,1035950799783
5EU2tPvJZ9QnUuRmpKSuv93BnLb3e2mUYkN4vws3yehCizve,102690358458
5FefwC1TCtbetAkiJFLHidKFquHWn8H37oq9MmEZuGXk871J,5672259398160
5EYCAe5fiQJsoL71D8qNrZ7NznTuLKXk24Wjp9pe18su2Yk1,47465234086
5FgbstWP2LoSBzeD5fvcgQ5Q427icpwU56HodnYneWo4jQab,1177335060000
5C7x44XWpXM2GSVkJF82oMRH9nrW6DVgbmgZu1g4scz8tFvu,12057903291408
5EYCAe5fiQJsnzYGdTNgiw719xk2hhoFczYFMNqwMx6JDf7h,139680364480454
5FgpfFe4HuFbn7ao4m9RpbR51S4QCpch5t3tAQQBcziaBmti,532080000
5Cwa5Wgf4T74FRUY1oY7iL7yg8VBzpSK2LXLwsXFVfkRJ3FP,60000
5GVpqnHh5dAxQWYbhDtAu2G75GD3KwMbDoaeckBC4P6vhxqx,600000000
5DA6n2fyD1z5UYmCytM3ANfEE2bGS9TZgFpPYzjNgsGY88gd,1795149649558866
5DJ3viMdg7ZE9yMb72DX9wrPqMDG4cMwBpxEb6TepSmqC69b,2402866791354
5CfNdpYraF8jLFztKtrxr1nZxMAi8TFjCvggTzqXanuEKWqH,6028173660000
5HDqhU1L4huKEfHfKdEw2sXUjjAc3tu5RnM2W1iGpvtUyG1H,287153940000
5EfQUym2mdVJvsYwfKPvVpBbc9uqSrksSpxUwFA5UqKvGwif,128794002268
5GduPRYxU6SEBfhS19sPb4azfyubLr1cp1TtbCuJX7Q4G6zX,9663755006946
5Fy6bqhKLc3mnG1DLfaFgVwu7hnPRKAV4NVhh33HtFYSWt1u,260914388518
5Dy6XZEfMNeDxLTw2kNXnSuCf52NuqLS8H5soBm2wveRfsjf,120493380000
5GZSX6EYApUsFK2fFYc9atw1dEp7RTmSqkNdLLAKQGA9xhbj,14680816803572106
5FtCSFjaEQFpz15FZMdeojQycofmvKJa8eLUUgaX8nZH4LdC,130089720000
5DnWLHUmR3BKnYN6vBPqHa2YcDsHoTgrFMtQPPhvvNr9xWhM,723292387226387
5GBp9iGDmBhPbfwmDnzgCAAvCxF1WzzqoqsgrBDJfjaPPHk7,8164828059561
5GgMcgFqDUsnegr1ANsAtsarmqweMNvQjHNKt5YMrHFDCemR,150000000000
5FLatVBwAAfjX7yKt2d1TGZWJFxNC9yAnRzxxyQbQQeRg6My,120981131780112
5CVPEgeBnaFDYzDvgSUSPUVWdWsMcWfCXFyUqkF7Serr9aPF,17624280000
5FhYnG1HD2EtjNTDgJ8U2oGDTaGgp6yPhYXZpYDTqdBFa1DE,103435320987
5HdwjEouKXRRJy645sKWsYem7aHoibMGkzLS7vpherA8cej6,600000000
5EAYNLBXumuFAJiicQv6bbvxMkiECbLrLxnmWEt51ewD6ido,1244623020000
5CkMHPG288Sp9Bo95FNpr8JdYiLPY4EfYUKuQRs2sJrVZMgB,1136437020000
5GjeU6HDQCs9b9VTUq7cWx5rYsqonU5j3CzW5KSBZ8qW36uu,348250695877
5Fh6SuTFcuxCmNZtqZQ7jNCMdv6TH8C1dsX1j45k6m5s7WcR,1825167974269
5FU8XMGWVfTVY7Ks1JEZHCBksiTaiKqcMvZmtd6p1wQccdL6,397516114420
5F73LWSaE5g1SKMRefByjWhHmWKHXwT8ZSabAvQ4gpu5QBYU,1250766480000
5EEoGMbFsjL95dyJ2uSfZztVL3kdKSVJD3RwjymHziWNLCpi,100263161606
5DSYGGkxJPru8CqTnMyLa6UZUCmtFPiqnYeNwa5YtYFo6T2Z,102750346116
5HptKtnTGhxG4SbLhsG1vmLQRDjdBchLRNxRFUdUQp52DbFr,2428750873815
5DkcKH8bGAUqKGNyDw72A5di8EakfjJbHQVfvt7tvrSUxM1q,445235029966
5EvUbQp1NqY21nNKNvyFotX4UXUjVPdHsaDhrGmkGLYmgsq7,1165440000
5HYsQKXAVLFNDvWEuGpew4QW6F7ZyjLECrTWURZBQSFi3hnR,954218713151
5FpbPNjVzraEKKfGn6vc3g8qkaAKWSXniVmTffGuxbVBrAvg,1222035480000
5ETkBtkt4tLioTJV84rebk7kqcv56xv5zdpyPGhfq6hqYcT8,6544030628136
5HTECABradWz9Sj6bTPv8X4V2soMKb4RYJNmNGm6jTcUutqz,128992699002
5Da1it34L5Ser2iAM8zMRQ2aQyf7h3TqWHU2PsSjHLcZWjHV,4152189830183
5EnkuM2gFLWn2XpugoYHCUNGTsCfi4LuRRzjEoPNKiZ3wkzP,950340000
5CGPADKBKYXR4Syct1uxgDQ53Trjcs8xWLc9n7tmFzUrUpeb,292215643104
5EMjsd1BPEmLpLFBbth8YCjtLHjDrvvMCXsrag9oAT8ZnLGT,2031885135812824
5Gc1xGthG8jUsDYaCG5Q7dmtvodKYq2TThiGj85n3i1qtwPv,402004770585
5Hp6cLUGQVYdGMN9TaLhwiCNXdpYbw82pmKdrut8tLFTfsH2,770188986402
5E1tZbFM1vxdVfVA2J6YTqTTp5ZW6r6t93NjaheAE9Evs4Lo,100333194282
5E6n5Ccsc2mdRbi19uXUYudMxbrK3FJSdwcHCbDSHh2bfAqt,600000000
5HTQyLsqoJBh8ntbn9W6onGqvq8Tixiery5FNydAUq7yz7wF,1046721780000
5DwGkbUdtd9T6UvuLFVMXzBdsJ5yjWUXKHZCeig494kXpvv1,102555554676
5GYKpZaJcWGixnvD39jm43N2XtodU39sNm85GjfRDomw6VsQ,1762491612550
5Fk398CjC5eoY4gznUG4aGm9yUXygUhRJ18f6u8rThPTb6nE,389097104691
5GEoFUfB8ejDoXng5btWpW7gaH5f5cKbwxez82kE8oMWFpJe,52095240000
5CFyZzhdiMt1PphUFg2oLAhZxjctJYdxo768JEQmbbR7GYSt,7656862800000
5GEZhJYjo8VYhFMif2JEJUnGwN8sS5Mi1exbbx3QcTFMCKfA,240901560000
5Dy5F7468sd3VrrTLT59XdzrWdjEQHzSpUwkDmWUh92yGuSF,64972301352
5DDVgv37uQwiecQqWVzpSiCLEJvmPisLRPxVghjqg6JSfchy,257519747376
5FX76xy48DTXVdDyGzSF7e4ABxQtK5Uou1XKM1yW3AQKPQQi,484572293280000
5Ey4Pqxfi3SJkKyxgswev6iddhYNn2i1HGBVeGjJYa2X9ikb,1767407760000
5F9fj6o3bHggF5WKuDsaJk8bC7sSxKLiZM4yveiuD1RTY95p,223509360000
5FhSQ8m9GLqyTMFNVGbgiP9edXoM4m94wFp2e9Haqrk7bGNh,887760000
5FEUrqrJ1SehNUH4gcGfsAmG5b7yw3wLvFQhk4Vdgzowg1X8,2208438966
5GE9y9GBw8uRazygyk1hAAg2s1cCkEFb1phsVdAxDSgaTymh,102644449951
5DUYh9hc5A5AZQjTT8B18dBRqtfHQabAECpXmJ729UgYZdaT,210433128102
5FbfjNGvTd2gqeN849dvYF3jf2T6DdoVpHoabfbqdZZ9nzaa,459577466883495
5CvZg3kCQY1obsLJdbHK5RxKx4tVswLYAmLhPVSg7xyGjexW,92624100000
5CG4QEDvZdEZaLoDGzVRM8sjFpgm3cVJpTgENM3dXtoWUzfX,102774775185
5HGr3S4ZKUxp1rofj6gkwbasaWksieJnmMFvtZ83SX432DXy,268872540000
5EZTUGTbYgQi34VK3hrfb78yRXebjjsirBSdqJ8ewoL2EcvS,103377764312
5H8VMLrgkQyvQmvqQR88xyWiZDA2tExNzVUNYdkVdSKDkDf9,600000000
5HSwRSefnnG9vKZpiTvdrVwDMB4MDokHVrrtWnmWcj3pRSRM,262200000
5D54Zp5xQL9UHd2UxRvhfHsDKqtWHb8WMB7UUBkoXEP3zubo,21673513890282
5DZqK8Ds2NH4mPdFY7Lqjrq9nkdn5UTLUZGaCAaVcMrped6J,37846047035
5DZRYpZFHZCZpKfPwtVHDbssUkdaMcNdtqGahramkZUFFrsP,72613729583610
5EhtGDn6wRFgJyEQ1odGjvRHgrZ6c8uSgYN8hDmH112b3LwW,328554805164
5E1zGchLf5PByGKQB2juG4iQycEuWXYQADZYqsK3UWVbjNFV,660000000000
5Gy6pwKrx6ygAVWfeT9iGWpUtmkq3GcknhhxD6QgRAZXrpVo,537049455261
5DkPeuxJWiNeX3iP3sURFExNMzkaGPrgWcmJ2dVypXdrzRgZ,113400000
5EXAV2RRGCnZUg7YHbNqaPbbcibdECChjjRSR2Kw6VCwHLkn,261713094840
5DnZLhZ6HeqLidtPeGH7N67YWY3Hmyj9GuDWef8qTid2P7vt,65801340000
5ECb8j54xQdWGM8Gi5cNurXELopMiK87qrYVAxdGuwRLjwXD,120168240000
5ENT4ZgNPMU8nYuuc2uJr3zQ5shScPC5tUZCd9DUX7SEBUBc,600000000
5FnvuCmfc6zC6vrQVTkxr2MUETZbVqFfQcG5e1W1AXHBawhD,103383243765
5CconAo6vbEQvHkX48C51xLGjSK6GYCaZ1rxnmdBAhq9szvh,9161633176450
5FUXtY9zGvnYypAxjpWprUKP3ZLrJ1CnGmxY92mtRZZnUiX8,251760000
5FzzkgJDmMJVzVf5k8xfkJzFiySsid7k3m8sDuTyEcFQPCxP,1830704749854
5EUDh1kVZEwksfQ1HBRrQysgNRHrc1s3BjudeKki1CgwAktD,82145488249
5HNpzq2hNm169gBtxRmBQAFRDGUq41yGPCvzs3YeFBYj8tHQ,374312820000
5DhVQgvdUBqpyuqgUpEHKHgRT8FKN6yhbvAQTHop2LqZCJMU,13551834461196
5DZKjEJTw8jHwsdbzJ1ADcsteYXB53f9oAS4x69LntirVa4V,9027003878880
5ERmFTN3KG6GAFSZwsWZSSkW68DFZCb25gEtgyJGDZCudgRc,405528180000
5ECdQA4AnsXqEn7NtBakRR1YGU8y5Kz5ADP1mwdUFwyVgwi9,457690320000
5FC8d66y3Sb9EwEexwPGssoeVcTPqP8fD1psx4Ga3UcmkjSE,600000000
5GEvXCzvKcpYbDbBYwyR36rpAS6a4CottpBkS8RZ5sRWwoFi,2120191533369
5GRYVYYpkaZN9Ugts6T5DLQvmHT31JU4LdoYrYUkGkPj4fgG,51834300246
5CJQhwnQuvqMrThHNopxJZ6832Kjkvr278Fxf3o9FvYXgmmv,376179540000
5DvFqZmbc9YRQdkH2LG3cxms8cUxyjtCQSALWFtqqvSzpq91,1117200000
5GNaLdhxiVEz8jCA4omBQVEY8aGwyPzXzcpA8S2PLgCcVUv2,363848053146
5EqHovAWRVr4sq8VinUgR6gpwvJzHmGBL2odKGDWxdUXX9NF,1290451953225
5GRRPbz1WMz85oE4i6GfBX7X851rHBpBjYL4JKrdM6EkpaBA,186462240000
5DkoidQuMGTMudqNNChszmyGHC7zazQwmtfhZcgkXLHDvAhH,703698310397
5D7HwsRpw2HmSEyTmKXeEm9KNQbjGyf6BUpTPVrda5kVTV8w,41986240619
5CrBReV3v7m2z6G8VktHYsFNbqiUGxLBBubmLq4743ew7Scy,102593189170
5DkmYUaN6tAFWzW2tK4Ka16puXz64wM4tBqB96Ki2wfaoB5k,506646960000
5CqNha6s5veYUhM1hG2y4uTD53bDfxBobvgaPBPRmxQ8n7y6,1022263215578
5HY6r1wf6ABKrbKD9WJ7rMZyEFjrGRnFwmNxavzP6u7NJSmy,203415836634
5HeGYQUMQ2sgN6bocjuNChctenTthnZroLs5hNdiHBC9gmjy,151171837468110
5HmgxDrKNSbXQRK4gvNao74zVu3FC4wL86FBnuaWAQ4tvtQM,7093049514247
5GukuZHF4wuC2bqqt57jrnLHuT9dJNgmcvYN4FdpZUrQiPeG,300368111664
5DRYjFAxag59tvdAF3vm9xHe5JYn3Ha1cD4scEZrD1QRw1Eu,11644709835750
5DSCwE9cjeiGqqimNAC3KRPfbZf7sVysBpjfHWc1B7aLXG7y,1817726100000
5En9eBVak5hsgtE99nGLxHwtYsYNFZW76ARs6R3NS9EgieWm,10271280000
5D4viQVxMnCzYUefiHfrf4kxK2QyFhtfmfdYXPZhTrqo5cGk,158414220000
5Ggaqm6KmTuczYpQwuxZUK3S3rCJYrd72matA6ScAbqmMtvo,102499026923
5HBzy9TDGGN2zLezLFDtbpk858q8fGrkYSR12DK242mGU1UD,6656941200000
5EfV1So6o3FCGF14gCSNibJ3oDRZpqMvV94u9ZL1i3mjxyHq,107978992981
5HMdXfKPDaojw8dRjhPEMZ458taVn277KqqPsSC5Sz2dN9xY,563526540000
5FNoLXRqPyWjZMJyCxfdASn8Lgt5dWCKXM98jRWZF8egGBhZ,894694800000
5HGKvqKy6NagrRK7myCQFsoqMDpmcn4LDnMqovST3DicM5D8,586182540000
5Chmaw6sQM8wxkf4dM3eSBnj4uQyJGciHZnhjP9Dy2YU1eoa,644554153362
5HdopcWk1LFMMEmboZt1gnEm3KoP5js3FtCEwVMgHmcpRc5q,648660000
5CwYLeNRWcqiMWSjzHJzemGNJ34M4fAdiZwgESgjSB3dQ9QN,261570215070
5FC972yM47kmFLVQnJL8twdvhEYKdEMVHvxQsy2z7xGfRkkp,950340000
5GHhsChEguttmZxcwNuGy4UQzymkbVKzg1sdzdLu7Ubji6xF,226635025908
5H5q26BECoANiskfRVLWR3cnZx7vSa6ZoHsJSdD9BCgR9jDN,6220780584584
5CUne6VYn4ELPu7vsZxCrwxntMASdy8iUa7DbBhQVezgiS2H,128647367853
5G9JeAvWgh63fWCDe22BsdZfP6yqvhb5CwVXyTbCmC5yKdsx,388238553726
5H69ATpDRuyB6TX7ydhdneqZnsC86VqmJJdsyG9RoSX4mY5Z,600000000
5GWR3treA216xEsjjetw9n9bwWrTYeKYRfwMpQZdp9XzTxSZ,44770025384095
5EFdxiLCtnTmFUifoiVT9xfm3LDTRdaQZfTBPw5hheC7eEBn,2352244504
5Hb6kgbwmzokHLBbLULZXShPfmXUKigYsY2tMJWYdwjr1Gqu,600000000
5CG9FbSpaRs6txC1uqbfPGGmN4nrQyELroT6NYNLhXXWE2YN,4197591635922
5DPhtGM7FeR6k1fp4WF1M5saD2TARW8aJGYnQ1gv2aip4Kmv,102415829434
5Dh9mbKEFtniRUhB7y5ZcQZd7V8cvnJDGVQvtCwz9uJocdZw,102769360770
5GyBMPGucS9qK2Yz3yHQKBzicowvBNDJUvHghHqGmuvZXuhq,1932239100000
5HQxBzzDuWL4pwhCcXFTBw7rpegYoLKtkuq5TiG8wM8RKbrL,251442335466
5Dt5FgqPz94WR6ABDznCNQWQ4551dtSMt4oXJAMAEo7FUPZV,108480052411
5GnY4LRpSF7JsNj8CFrAtRJ8qT8QYYkmdikG7LxCbi2ywATr,557259874290
5DhDv5XdcpH1i7jY44JGXrQ762CfSBqgPd37AK5k7Ftr8AEL,899911306200000
5FWkKCx5Lt2y8jH3XoQ3VdxaXRwjWWGe76WaUTDLc4uVkwMz,108388560000
5CrCzidiuvLDR3BttGvYaYro7eGGnYHhv8PFd3pGi3KbAhh5,645676080605
5EFqVfmGPrdVCbDSHD3ThD6rYRpRCuhQmFHYPQ8WV9kQ4D19,414690162528
5CiPXaseHDLZy1SRJNjQ9RsZoDXa19Fubs8uLKe8KCy9DSNn,284858700000
5FnvVMe4BXvcRnQVoi42uBXsWuNEjxRQfNqqXfkkWjGo9cJt,667401000000
5DkQpQKwXPuWTNfJ3Y1xoXqcMvfuGfWzjyVj7JyCkzu5Fmkf,307783061814
5FXJ6ahrcktBJBu3q34JYHUbRRd7n8dDbo8RGwJy878nWFo5,102407492955
5GsUwwEXvGMg1Hc9SFRGH9E71gKwVVnWiJYd8qAZcigkj4XU,1499373240000
5Da8bAFyATAjdT2cnqJZK9gcHi15iN6DGTiLUPVCrmahUKWY,102682252209
5Cojr7GqtdDaT1mKV896J4D6Wj7bzqtpye5ncp7A5XwtXHC8,18683340000
5D7b3SxAbPEYxunU8wqNftHuhpUbMcB1ySMXVuXFiRuMdVdW,667330783300
5GU7CiGpUf7Qgcnufw4SyZNTbS3stVVmSNcZMpF79JZrGzpq,5637743575152
5FRtVBtwTRnToq8Ac43R1wd89HPp8Qrw6Vy3KQexqLS6b8gi,208555200674
5HRQVWoL4aUhpiZPLjfLpY4tzLGjhnEKmjTCkjvxYccse2Qd,106912432129
5EHRaery9SbutmZffPU7VbhTy2WkfBF4zdygAH9FkHkpEiaV,104739719538
5GcEaZ4L89CANZEkMqGGGUXBV53cs6QGhAa5SHDodJEzyrx1,102695744622
5HC49gQkL8LTqeYGe3FvwAiyR1jqGyEwQ5s5GcZAauTL2RUU,946585380000
5GmeSsfeM9GpoP5CpGSbbzjL9a555SfNnM6kwRovcyW4E2SU,102782750397
5DvnfTJhU8ueHzH2YpMGt29NZ4P4q2RS3UYjTp9E55Jxhk76,102533997962
5CoSsNpts4FqsaWa4D3GBhYW1KLGEpixD3BWB8skbtTti6e8,101859119421
5H9huswk6d3ZaFLwsSrCrtFmhht636TCUzdtArHTj1PZ2J4i,258094471662
5EFiAdwmgp8h2PjqyDKpiVMfjYxMaUN3MxFdWZ1qsX5Xx3nx,23555494740000
5GswNS3RHxor1iyDq1NoUaAfbjB722ojszq5chRkymHH6R7D,33337172027667
5EXCA6r9tAkbvA9s3UTCFwWGjgxUJqw3XZrLnFSWpC2jrg1r,128095196351
5G9Jprf5tThxA2h7bi41MZyY1F2JsvW33eBrFfHiBjdYPfeN,25782
5EtZA1P73Js7EMTnv5bD4GA4MVefvbwZepvEdey5actHu2dE,102507147221
5GTLQzTMdf4gJtGospZExPgvyUYWMYPKxWnP4zwgL4vD16jb,409289073762
5DUtpE65LHw278DtnxA2oxfnMLSJa2s5Jy4kqBujEM1sYgSC,102566271492
5EEuEcfhB5t36QLyX2pwJoZVNLUXcQBFtDXyeREqmgAonFEd,62744186586
5HNjLj8roo3fHVEUEafcmm5adVCYa23ZBu4BDaLwgyPHhSep,12179986306848
5F3nFKXgseH94zgfxD3ek8sx42DytHMpVWNpmbj8n7t3PEdH,126626123608
5Cky2Xpvav5mnjNSTgAG3TbNxKe1ams8C9Cqe6CyBTNCgmGv,102488322837
5CCGCVFJXhwYagfABr7RTTxDwT86ngTi68X3hkW8WHfP8CfW,101580807154
5GTMKMNZfJzdcECYtKeCB6hSr1LeKnucSfFhbqHsxZbv8rNA,232296471234
5CSKLETuATjsi3DJXxews3Hbqjt74pWCpaJoCCBgwsC4HWro,102399795432
5DfSmguKL82XYjLCRdmn7ceAhQKQ5PmdLKqfCcR7g5erhKR3,347047786521
5C5XHVhSQtFzHErL5AXSupZo736TwQfKj58x1Z3StVvdPAEi,24991220400000
5C54vHKLtgoFjbewigF1V2ZdoFWdCjov8wrieXpXFwEkNgt9,376742294934
5ED9pQ1J1rcMuLAKr2TsZAmPwTGuneQVhDLSqdy6YvSiZbvL,269480529276
5CJ7LVzvZpaCgP4tB8NeEyGZuqwGpXT6aNpxtoUtJgHJfaNV,950280000
5D4rpfGTm6z67gLb5wVb3mmFFd988prGCiYQ8oz2G6Q2sMgT,285256680000
5C7uwvsCf3T2yQ9dfRRJodi8BQm8nYmdf1nGyPYCgQWnNzpT,12498225716323
5CwZWy4LnZjmVbG6acX2oPTutwcnRQv5Zv9cSjDfWaw69n2x,3430807166448
5FvGmsJoWJ6Ns4QB2RPUigD295kUo7rqZLYRs6jRaLEeB1is,135060000
5CJVB8Lt1HEWiyHhGjqjfbvybaiBnQi9SM2mWzd3ouEvVoVh,2129695664526
5HEFZdAJHeKkfecjJP2xmLZij5fteqF1YkScs1bLpWPVPEzZ,950280000
5FNrALw5bTvCjNzPhjAo4yqbr1Tp4ZdrrZ7auurPJABvzLb3,180338009898
5DUPQ3p4Mq7HzKEExzk4Hpb5UPEQZsj2he6ydkt37HSeFpSS,99516900000
5Gp6GadfQWVh229qb1Cx77bUDFY5TDDrYeHiKr5h52VFe7Ei,6053504520000
5Eego49L3kse7Bx2SzMmpVvDXBWbFMPjHJo4KBrQd6Lwbn8A,926580000
5EvqA2QLAu6Wush2NrFdwX776bkMoZoQDmZbmFp1rXiPeXHs,102437240604
5CrMatoayVFvGfVWmLSQYcAYWLGB5qmRD6RqrGg2NpexKzvX,17211420000
5HVQG79kLb4tDDiV6pWXbarpxGJxsysCzYZTPSZSavpDfCzH,100265915865
5DNu7yyU5Katuon797KRZ6a7MEEWUzfVwi957kGFt5TKGD8d,950460000
5EyANgu4HpJ1TJY8LxXckAWLDZT5FKFHWAcPEchiG9bEUHmG,22828939364556
5DywVPokKMnuRZq5CbkPPLGB2FvE9iSqiF5QZ8z43DmcYcPW,2300212677480
5HHHa6y7fp6P3j4uVqig21iU9MPkpdeVawpGGu88kaqRF7nQ,102079895370
5Fxny14sMqWJx1zuqa2S9NBPjzS6VP7Xm4uJk1169CG615gv,102407796771
5DWkVcA52PjHkrhKmg8VN5Y6tFw5nyZsN6Q49JVL1kZUAU1b,1117200000
5DU31Narqty5uWzzcKbgLXZ7vN2hzhMJbGy9cv4JcJNjzxbL,102044583064
5CY5qj3xv4BEcZ6Q3REN9yg7VivNeBnfqZu9TZHiicrnBPrN,741727380000
5HBxJCv7FqNvswRWv13d33iedWUoUGtkcGaRcE8VRn3jnvhJ,109347167509700
5DFqBeA3N4uV74uSr3hVEzFiLJLZ7fgexQFUU2YXhtcAPqkQ,83292555120
5FsxKHru1gUS7zNEj3tTTUUmqXaeKYyid4GvV5W4G7trWghT,2124783960000
5EMjsd19rWkc1FL6AnH15CBfqkrF9QEpNE98FkSUWDVz7Gcr,60000000000
5HRNDvvtSsdFgD4Me1LCcdXgdtNcGC8ZdV6pP2xxme6MEWDx,1500027960414
5Ew2aSy8GWdbm6ixRyNmBWfQyPekPHYk5fhMicYZETJFnjYB,663189294
5D7DDWBipEUa2aiWRB3UvSoUsNymbbCujZDqutAtPbe7AbPd,120000000
5GBPFwdjGahFED2UpyDUrvCKJPv6LviAEXSDx8VA7i9vhuEL,831134846514
5Cm9baRmyGiBSU4T6x16BeiPSXZgVnooTXr9fkJbFWxQY1LE,9339749204394
5FhNfjHkapAGJedooPq83sMm4yUMUWY5EiPVGmsmAauyoG5t,6249579349304
5FxEfmJVXvpZEzybUcqn9P1AXpZz4Yeihx4s6867KWsPjYDM,209131020000
5FUSQS3btmJGfwDZQdG2xAq1dx5t97jppaj6snmUccaMVpgp,195931217232
5EMjsczRWpb2H96GsyQAxUb2NrT1tpoMnZqYugbBwvhZPPmV,60000000000
5HStG5S3e1eGFGQ1h9DgVwB5vsJKaDkxp1qdEXCdkz71jLow,115200167354
5HT1QnKYJPF4XPsFudo3vsWrg3QUaKonwGnFZy9NxEL6VpS8,139837923780654
5FyBt13zj8QPxSjHmRw688nLb6ErWPUXCLYPd5ksks5RkAvb,102763896159
5FxT9zUTSw9xTcuvPtDvABXPY7n8czjGTphokBmFWVeXK6ya,655440000
5HKaq8bishWWzTNZeg9stV4M9vjbqQf1WjDiG7pELQv5t297,203783754378
5HYoBpiy3nu2DFfLcCgq99iwXGGBS3e7bh7LZYxam6TVB2rj,67105615380
5EUbtK1Tyub9rA6xh7DyGKEYWbNHZDz5MKkbMT15erfwdqjt,256970640000
5HGchGXpgUDZw7sX9N3tVnb39zMvU2TJaS1oSHhCqjtKjgCH,12463572275587
5E7WxJ3pQ8b2kUzkyfMRiLbhUx22jYPtyUqECECxfwL33rv1,683274089946
5EWSDSMmtrqt6JcHPbRhQbUoubi8JbSjyZzJXqUBKFuHVzno,7117649645268
5CnwrPPxMRQVXmqmfEzvoMTgDFiqpc1rzajDa2KBZw217zBe,104661432261
5F4Eg5GgPqsVvdzLSPP2MzV6Sj2sLVasSeXEZq561mN99ye7,722706840000
5CngPaqWCYb8mDtFKgRqcAQEsYbcqNEbV4WyAuxFuh82Wo5d,102418456023
5E2NcUViEp5KS6n6aEgV43D2NCDHJQpamHZMnK6VxpAp39n2,103236220051
5H4GA815rSeLvCPfrMDEr32LKdr8wEKHMWYPiWWoGJXF8vhL,102785600108
5CZfzeeocbi6KBmNdU4RBLnXqYqStXmW3opxzFP4C5Wkwc1t,288890220000
5FTrzy6N5hNwUJPc6SuQEaq6N1P4Uxs6hGo7VWSh6fWYBKh7,600000000
5DaWtAqnbhMb7yi9TLuCgEXTAdVGeiZeHadfNi9Z7i9LqfQp,12467016960000
5C5XosGosHNgxLF7BpZnvUbiwudVXFJuwb5Ar3ebZ3ncQwja,465480000
5GBx3nG1HosTsRXijR3GTGWvJrVvtViwimTdQKv2YawzeGZr,950400000
5EPiN1gu6F4UGxEmNUhD1f25PbUnGcMuJWYpDhSY2vQVEC3L,631941324972
5EaB7MS1JGRCyStk2G7i5Ef9TBkbKWocDHPSAMqpN1G1Uj63,6035104033202
5GmskFhSVkMvqdMKGCtjydintC88fMRqQg9SwYMAuAqjDNDs,3127503858252
5Dng7zpxxNzeGaJFb3Ni2CoZw9rGuaGEpGjQieTTRgv9kAAj,102429266143
5GRbMz273K9mtJnAmfqU2Z8mVbxA2tdavMo7CGhCpvCuSPuY,166581480000
5EjvG1gFqp8DvB5Tyqf2kAu6yWe1ifh9G7RV7VdMEhsuAJ3Q,6000000
5CyKQaWPxVoagVA3VcNX6C5edxmMgQNo7bkcDb3RFCuyrMm6,157147749360000
5Do5MAVJyPESuGnm3H8acxpDr5UPZdr85EWz9YFCdLn5A72D,385597806317
5ChwrQZDgpZqcDTKeKqmYEeizwnVqbWtyfWS3jXGvsk7jFrX,90768751629
5CGPD4MonnSeKb1TpykR613RrndcqWsQ9kvHkPrfGNiWSEtc,1392465683195
5FEvynZCroeVbNvKUwQS34sAPe26FFFB5varn7TTe46bAPgp,7171693800000
5CPptwbVMNNcKnWNC1KxVZEuZz4YJp9FFiWBmgJXJYa4PK6b,172259160000
5CwEBYBAgaob6z3FHyqL72jBVyKYw4kXvmuWjBus4APY3S4e,1219498599144
5EZCU66nzCqNBkewWN7wt72JB9ou2ZVLQMGsZYg1JvZFrCdj,124865654975
5FHYQNKq98tJyMdTyDKgCm5n5YWcbXTWv86rGoHPHr6qq9Fd,513162368760
5E9hhP8jkGhETbDcYNvWdJ6st6TcNJvQatxseD1J3dFZdDMf,207112252537
5HKXHHUfwK59wkJFHjDqjfif2iZZ1XQxPhPyRfD3mka7ApC4,7741775226
5CRnKmaDMAv4bfuiPrewJWQLZAZ5DNN6sLWqAv9KcXfjezSE,2757540000
5ESLoZNft2zvf9xbHsdmMYXtJyR7gj2ioCZ5zuJi3iD5Rcxs,20541843936
5GeCJn5MVbPRRM2D9NoQrtD49LEFV5HRvCJTdhTrk9twFEnu,938520076542
5Fenhw6gfmzUdMBqatC3fd7BanGbe9QUEdKc3czUzbSTqDqA,1156044600000
5E1dYWtMcyWCjhQruYbT9amHWnQebFgnhFyU8GiA5TFPz4hM,36291900000
5DXby1X7bHESRm6r4A3TVtBPe9fVnPo9FhjSGev7PvWRediX,549763380000
5EqccoW8j3jVgobM44QnmvZgHv88xVzcHjGLR5QtnLBJE4PH,21743202351
5GmxMi2SsKAVfwnyxVZFSTfYGqhAeEXLUXGiEjjXcPRCndB2,102587819805
5FzyUopuowkGGpPzCj9V5V9RpzfDT7t3q9gPqaxKRgy8JQSr,3254099186046
5E9UYiPxCn1L3sKVfcueuftCXYTfZ4SigpM2yHfDvRP3xxJu,234912240000
5EFBE4qgXFa3auk4jNF8794nAb5MYQc1o84U88LhhitvqMoc,21936106380000
5DJHBaXasMWLpL3JrMbWWF6Wa81SSDwwQKYTed85AERdfB2N,198156487854
5G4m6QRukVLHP6oujRXmQSkFCULHhCpikPeL5ekxYFN63dCY,1313162280000
5GgWAVbHhiquDVAFusdr5syfpzSU7HcRiJ18v1xP1i1zzJuf,74763674785632
5E4kDYoTkxc17fKMrN1A49nmdCUyYs56pGCEtmjSsWHTYCjW,540815940000
5CvzfEt9NQGcaptK723D6Dt8zc1LGDMoTw7VTt9bJfEvPPjD,285040860000
5GTXqLNvkWzgiEQCQKdUzZHUi98Zrz1MkcyKGMozjmnzTxf9,102512519188
5CqXS5rZ1wkWJveQSxG9ZxGLzPWhU7J5X4qx7smbzD6ZnxCw,1103880000
5HK9CnZqNFXtaNNCSW4KL5vJF5n871Sw48mUf1NLTJZiDoAY,4442962800000
5DZmvrPQ1nzDKaJ1Lzpkscm57YBZPSXSVATKpXvipyxPwfzs,373976933304
5CiiqNivbWu4cYTCMwwRBsKhF9VgXUTgNWqJ7QbPCCAPF5Xf,8973857064
5DnyS2Cbkbgs96KPcvdah6PHMghZ5zL9JjYF5YU9JJb8A8LY,1266551315712
5Ck7arUhWgZ3MgrtWpn6o8Vjcs1UBTrky5A8YTbJKpbiv8cg,894960000
5FyRVzLNvGLePHLRCiDbdegTkpNygVEn1xuHCaU2WAZeqJhd,167359080000
5Dz1DAgnrv8hTZEGeoUVMMxM9CQkdqMRiozBWXzaiQVTpJiN,950460000
5Fk2pugNteVvhDZgsVBZ4KnTcKS3SyUxQfN2XrDkyBstebiM,102766523871
5DJff4g1JAFgMscD4p2ChTgTJXPS18ztmNFHRqyPZ1oMLnso,811022640000
5HKZn2pfNGvUDxfmAxeBh9tE21FjuNo5D1Quw7HXPyuCcg1H,2049652582981
5FvLaPDYffyjv4rsNmRUGGcZQdyPZ2L2MoQ3T1pHQ1eyXaTH,626100000
5GxEUeeSD6Komc68R5DWBnGb86ywYg23c9kMDSRP9Z1Jrc2y,3261319083858
5DZjHNcWKrhC4LkvU3ZZGbkSS25etHy3c2rm7GnFMGNo9SxX,100246666369
5GBiCeT7L2NtAtYcSPt6Q4CN1nQ7Ge1XZkysKDqQ87xeFe1p,600000000
5HZDWcVSASdEt9XmAeGUcVEqRQz2xUbNwHxd8JniLmmxn1i6,18262044759250
5GmuuteyKV41BM3PjFKsNGCzNf1wZHdaAzrYvtgLiD6urGUw,600000000
5Hbf5ucybAvZzvzP4ugKw4NYuxNw9Jrh5X4pY9YgofULWCCP,4031201754099
5GpUBQ2cT1P6DGCbx7aLC49cUpLLXruEFapv8MxumqhwURps,361119900000
5DfU7CVGhHwxP8Ep1xSMwQUjHsRQRuVwyswN3QYJnHT1XrNY,353312513142
5G4j4CdDVDiRsER92asDQjDqHMig8zv1noGqadwvHFH1UJeD,950460000
5FNVsiVJ5PMeMf6TAZFCvei73KdYgf5TRkiGAjTTpEmsDJcy,370121858160000
5FUFvHtDuADhawGmqWVo5TTYF12RSwYKmR5zJ32VaxqHR5Ki,9080025420000
5FAKPUefQnZ5SbECFf3kxnnnh1DLkGWGVEQcs6sPkUqJG9S2,603662243431590
5EkMaSKJP59S2QXK2oYLnkiYDHNoQ98dmJyks9fpBp3gnfAS,600000000
5FTkwPokcQSMt1EH7H2iffGcRcKfDL4tKTvpTAMmduJa683n,32418153977589
5FkEBFiBGDfA9PezYz5ReFFVkPSeSs1mcXBrkfSUknQrt5Pj,926580000
5HgW7zPKvhpBpfB9x41ZffQxRPEGuNtjuM9peRZaPTLcuakJ,950460000
5HQWx9SXXDUGfLNjuhcYXAwzuKBDnTmvuz33zWZ27nGVYjgh,69525382027758
5EWjZZxiNkGH1jYwhoyyM5q6N6DeGQPfPpAiRhEEgTfXgHxa,102031582328
5FZkjkrzmNVHsgAvpjM3bUmg16gv2Q7Hc87HWsT4avfYkroz,11860769497506
5DZPaGugA6X4BUo5ewTzQAem4cqBPtWTFsoZrUYriy5eu6Tu,600000000
5HWRSP8hx9xtCcZ18oXoz2p2R6T8NHNvo4wUSKfwxV9mBHFm,27570776850
5DfnhrZhYYgJakV5SogeYHxhfp7EKA2Gjz3kn9bWB2yvSYK9,268292086212
5E4y78YPcsgX6Gn2GuGkYKLV3DnW7Vvbsa7SEmkyx9njzfmw,10884239634426
5HHKY2YKfN9Zw3pqMJ8PxaBPKsruxLzGToPG5nLvcJzhGc58,926640000
5FRdKt66BR6EXWm39JxBH4ZhgRdETMpkJTxGeaW7YssaUutE,195014820000
5CmEeWpmR41wznY45ykEvCUSaPzvk1X7pzM6f1K97VAGUJsi,6273521332432
5EcHBTdFu6H8KHmXCBzpLN78T7x2JcKUGdw9z1pdYH2AdLHM,76799981196
5D8F3qzM62nSSwRC6tfU41fYojzHHScATH9Hjhuw4TdJ2rsR,3118532743764
5F97LZADQfUsHSBLeNAiBq52EVnrfpRGZCdp2fjMHKAeQMQR,269874084174
5C5UfFJBdABBQfkLXHskofR5NzEG79n7t8dZfbM67HgeFvA2,69613409071996
5EypnpWbR3MzEBocGUjrJQ8YAXK6bMx2AQVrHQZqCqpt1jM1,354017435160
5EFanQfGdJW3uQ1c4xBRyXFTHyRGmQKNYEDm1CGoqZtXeHn1,3258285712758
5HVQZyXSPXHwq6qFeaeXMeDsxCmCyjNj9vdrU5TdddmuuULu,122950438098
5H61phnD5buLmqZJwop9F9W9JTWd3BymeobdijTQoD1Cvj1c,725779986359851
5DHXS7rwyadq2K85oLEa9WppTGkH21XcgoZtgtNUxPXvD9Tz,1275698590780905
5CAeFaFw9p5DJS3f6bnBW9ESFDvpw1sDFLCRX3yixLbuQvyF,1310362800000
5DX1YDEojuVuEynUHzN5PJ8n3yVgpEnb2pyY1VjHKpQuQSJw,102528627202
5EL8neR9j3Gt2DrYgs8SDjnG554iuhr2PeWg7x3bw7kSC4TT,126654261065
5FEuKKxg54NMkhrrMxETP9yr6zzpVuAvtYyjGk4JuhPopXbs,102523262990
5FEodW4pybiANbJpeDLghMtrNPX6SGfh77jcA9C9nF46W7sJ,257643780000
5HbubbAaoave8yaB6Wtfz2sXB9Lvhk68ttqoRydpmce8YXAX,19580702914530
5FFTVFwYEr5gj9xX2qdKaEDV1XPxnANH7NwWk7GyyjbUNiAo,102566293471
5CJ2fPL898AXxoCyg1JzSuXtQCyC12biaafn4jSK9h1vMeNu,150744675786
5FNncSSrpLjJHaU7vRokM4UapGr1Cpzgn9eDf8S3jCeXMpQv,113981110148
5F6ugGZaAdUSBpmzgfRFkoLJ96wHLkATukNEsVaDtofNpiU7,5564542561646
5F4EaC3JuxjyU5Kk2rwj7iT5SQyivhMseMTRYuGxMPiKVEgF,134946243966
5ExkwthLkTUYpXiwFKVLJovjm7XG7q4BGMjn461SLVSdcTjy,66069133309362
5HRH7PXrRLY8akMe2LRTdanRyMWk6PCPZk9pFSKpTMhuyY8S,30364701969882
5FvudmWf3AHwC9F5kMBfnLCWtyDH4xqK4SEtrZ2X9G8eK4MB,39396458642286
5GQfY7KhJLNygD7S3iohFtCjYyJFFPCe1qJvYU9kJ5eQEidS,327503642484
5EKvG9Vn92nj6bMppHnctvmq2mMp9jiYs2qs91s7LaLDUYWa,881710260000
5HKK8arJ97sJJ7YehSdnBb8NQYrmpFJ1EZvhjmDkNbyW5D8E,1885280307435
5ELzvPwUXudqerEkQu3mutuB7Z6fm3DrMc8DBw9EcUKKB5xR,36408300600
5E7PvwZFE9htdueeY6WaVb7Eu5hD2SzTMuSYCkbmqTNxxfGH,600000000
5DXfrXD8DwKLmDGPjHrtc6TWTwVH5sEFnDwAciYHQX5Bpa4v,124558920000
5DArjrjaSwgPmqUeNv8pjYw8Y4H2khT4iYSqMf7d4Vg6HEX5,103410664472
5HQbCbvptiY5f9h86gt8gh9K4XtZADsN526euLnF1e3PYDgG,7833892339938
5Cd1K9UM2vGkqpBeTqinwXiSXhdZNexe6qrzRZsqLK8RssE1,8441311385764146
5EyKYcBS1M5gjFCZCvrsRapwV4MpTTuMsnfwp3NLLZLPwRp8,128559614764
5CytjWztVowZsQZxy32PA5u5bUTcZpxq6ykS4JrzXbYgWezQ,600000000
5FnHGySjZJmChGvRCNfvVzccF1MkLrzcvtM6FhfMzr1ZpJFp,107478939702
5CK6ArdTExmFYPsbh8gHLDkG6P58YKby9ef2hy3gYBwv7HvV,276977160000
5CiKFux6F6raNYLMePtGZn1o9BLjwyyQkyi4m8E4KbFwh8nH,695731907728
5FghvPA2ULr4kazpRekJnvBhz4hvvuuMwPXa2U5a6zD1L7A4,600000000
5FpcuwsXjKS3WWyaUKfNfxMbLLrDvD1Y23xyYQntTY3wQg69,362940000
5FZU8pnKwt6i5VvL1MFFvo84HuSg6jbMsow7ipRckSPEEGrM,346213300040
5Fj9Ey3bGDDuMwHsmyWakxBqhH9kHxPurgMbrgyWGCW4riJE,460266120000
5Eqhqvm7aEdw2naNuahDcEdKnLsQxpi96SduAsLZ57CuWd6L,13961223732396
5ERGTAecRwAys69osnCUfYE1ZxvomizL4xia7gb1hqSaXtii,600000000
5GC9hZ7JWWXwG4e32cAdVm7p3TmrVYHuF5NY1ThmGgBrpcyX,30299352587857
5GmaWh17crtpQdSZZEdeoCFxxm4WdvPbJHggRUv3A3cnEm9x,102577081015
5H5zEN6MLFhbaz6WdnZfLvypN1J1BDyzfjevucDL8rc6xNnV,53529138540
5Hddou6XF4Ka3b71GFNhkd2CLKi57STxZCVkJS1Np9APrwtF,11325240000
5F7LRoXAQnhKMVtuPQGQ8FcTxFzc2WsiDc2FPZRwYFo9EA6w,1380059275554
5CzKnbNBAyYWFYFcNkPbJBFyEGUK4hTzarBEk18ws8E3q5ps,102413126400
5EZiBTwedNbHaKUfHxi6W3aqWtDftT1zDSnC5H8oAQVGqtCm,106853357180
5GrhmjRoT2Vyqm1vQmvbbt2cvronW9mizKD1FjwZgw3Wxr7T,51254451480
5ECh9ASa9xLPBekLHMBNRKfxJYTmnUzpRvuE8Wypa2mLp4pk,81430496566
5DcunUdmWqmab8UhqsRp24QJshRFEdV5V8ZyZu9uLQwYEJzE,2955222240000
5HRRU6LUDYUowbneh4iH6X3iVThRBpKTRCYLhYWbvxsxrwxT,9683258605158
5GqA8ACZkeNFfceNKiXWCknZ5xbJBJbmUQrNtioiEGF2ZnrZ,580084041390
5G1dQounwQGezKWmzqQiDgwJD1jwUwk922hnqTZdkJpY4pib,950340000
5CRjsjGHwcXea7QePdZYHUxcoqkjJnjLUwAAjuiHmP1ViWtp,5418140972940
5GCBcTr7oisZ1TK77QzjsvP1KcLDTDd8jXrjZfJgMot6r7tc,200960460000
5F4bLfG1ZhgoFaxFCX7MjRqEzyJTBb4n3797469ALwncimDd,102555529966
5CAyR9e48iRTA9TFCwxoK7ZC27ujRfuTteHL45u3LwbpvDPs,995580000
5Hj39G5g1fqPBEsD7L6qNbrZN1yf8bwrhxxEZSKqsw6xZzdd,6867003384372
5FNSCNVY2heu73JXhPBSbHTBtDXaQaU11S1T6PYvVCRM1Pqe,6442536131376
5Gjsuka5FkutS9bEVTwTH5eJt7u7Qq7uTWCK4RfwpYx9HTHq,102706895445
5F1mDT43H52oLPwrgDEuvp4gD3M9DEDifu34oxBmbPcyvgwc,1838931414114
5Hb5jDc7B9BECSfdXkYDvP6udP9D3thAagzTnohzSiAu5Pkx,1746951900000
5FCYP4YURFWpYaN78cBG1RPUU8vgRKtoXV3jAFxnqwGHEoCB,1000021620000
5HRJiiJXegqMKjsXNFxy9k6AH3tdnmCR9FWAjwGJ3viWcD6X,596814945286
5EnATCdd3YDRyW23JQc9tKUCdrEay6YftDcUnKrE3tcuQ12H,724584835896
5DocEyskZANfULHRhfzg52zZqjo1Y1ZNCRvppnr1hNGYvMzk,18711261755394
5GSQjwf3pJ8vG9QtbQd8sf9U4G77VaUxwFfAPgpzwDnQiF9U,215990939457680
5DXS33QTx8FqGJShWHUEuwZGfaVNJTKSMUSnx9z34pM2dKkg,950280000
5CodCDevxzUe5kefdwhiPFt4BPQsKJPHU3P1ANc7JXJxbSq8,950340000
5DcrCUujCswidWMAMHU1TNeZL5PXupBvKXgavc1VWLmo4e2a,60000000
5GBz1LJMFLJetkbweSEJmDof4xE2hxHKgBH4GbjhxWVZxekQ,600000000
5HmJWVHABW6wtPtD2sKTQyoSvWmRmZVRNB46mbXF8YjnWmk6,134685443322
5CyAwYfDZLGnNx33aPXhnV7KAYsZBADBjABiCB5hUMWajnva,950280000
5Fk5Gu74nHUC79u8xZXvZSmFJ9jqy2q5Q4LGkaPRTmTzJnHh,330896160000
5Gk2pj2BUBPtJqZFfiX8fVPGoJjakVCAJ1xa2eBpWRmsaKjj,950340000
5FnKTVFftfhiKdsdyuUwTsNDvJjo8ysKwftcmP8wBQbLWGUR,1103460000
5CyqT34oJSpgqtxqF7hUoxzhGSEMWy2PAYxXSRCB79RaxhcN,2990869920000
5E5MGyG2N33nuJtpWREWhoE1nHkUbofWT8moAL7enLMjYbkv,617026666427242
5Gpb5gfuZXgneK3Xh2dmkwXzCJuM5WrqKtLrmxmwicRvJ7B1,102405123780
5DWfZwYL4jteGqfvm6vQmhkzTqNXnCk6A8PSA5zHdc8u3kfD,15906031009173
5F4AMJUraSnRBKpF8L5LXCDHqkhfzUbgM2PcWHVKHXTnbaag,102625527268
5CV3czezqT6eLwf6LWwJehCPcWYY985SQnyUbWNrmB2NE3pS,176691876624
5C7b9pnsuMAfgBGHf6GuLuvCku87iL9Q9u3tN6FWXJ7L75Ji,261121458876
5D28WEDH5ZdVLPePG7afFbP9C4VFDqA8po9tTdJEZKbYRRTz,6000000
5CzRqLPosHaraJacm6X4e6VJHccfWUn15xUpJKPBS7833aDE,102674142862
5HEXAuxrNsEAjwNEaBsv39ftYm72pLxRRNgNpXcf8uyFdUi9,102523256436
5CqSMNN4whJsf7Lgxq3Ru5ibZXZV6ajrdSL9HgWUCwXA8K2N,957720000
5CiihpS1M5Hrs34h2pUfetvorgsAXpPosaB3jDwVt8SrxKoS,600000000
5FLJ4J7RKoUGJojJbecNu5NE4iagvSkE92NNpk8jkWb8UbnJ,1746669780000
5F4msK9zS9RErXkQPBaaadtABNFCQXsrskWsAeadt2nDkj8t,103394183778
5Gc29YUiUS1C2aW8kiP26qs6Z7gMRgaL94LYphr9TLp9qMf5,600000000
5Dceay4qPsMbGNkvSjHYd9pt5SaE1r8uWGDfJwUWrKrDeLnw,12606375180000
5Dr6o4de927xQg9EvrwxxzbH52q2c1LQMcfwv64zn7pEdCEp,6973207144
5EHQ1C8sZTSLEZ5Ao2yZtZ5d2khvtEshbs5aCNANt28a5zMJ,6919565746644
5CkU67vsz9ZKhqNX2n1K8ATQA9ZhESiN4KF7DvF7KDNvBTqa,480635520000
5HDjpWGMDaR4ptStWZ423KHXzqrQwB4rMmaEoNMkRMx9tosd,183458971116
5CS7nMVEJegf7oR8aei6qAn9gSg671PqDjeynDvxhTHs5gxD,4162171223277
5CLVAWStGbpBdSSjXtwKgmDZcZQ3dQg57Sjf9EcsMFhdme55,102488277717
5GHZwK7t4WMzWtNrYXCrgFcb5kYmVSqKmp1apWjDGW3VtYpK,102788305492
5HpAQnmoK5AxkYavFK4RnJgYZC482do9jmmSRKCpPdgFfBLL,926640000
5CwnX9bSio58RHsYxgJcEgxCFt3tv86WgVTqfGUgvjpLBtcs,4792012140000
5CZnr6xr2jJhqEHPvJcgBCGhHQ3ty1NMP72uGuwakY5jn7Qq,102482949670
5GLMHiEMuLNt7QmNd6GCmgnFg4cdWWQkVMxZYktFWVMJ9D7j,2778799805244
5ENfodHPg8A1W27pwEXgGkxVApzrWcv9PV8Tfe6MVauce6bQ,4814911046
5EvTVLonEQJ8NyaGAyHbN3oexXK8KvowUXPoU9fMBHGqQCRR,126205855071
5FLjGBnD2ifJCb9SZi2N7FTMhEVwqrWy6jJ597479iCQbVSz,890932380000
5ELpMJRj5P6LjTsBr9HeHajur8dWz8y4XSHCEveoE5fXBURv,6034205607594
5Hbb8uU7fJEN3kinBDEnzer9S4ZKTGvvh96mvsed3jYr14rZ,5264283534
5EnXv3JYfK6tEVBfGk6i8DNhtKQ8QFKybMaYeRu1kNiJN2Z2,733822133
5ERkmhgzUHYTYXCFDxoJPGiAwEdr8oSWe8Fdj98oQAJri8R9,2869379820000
5FeK52Ksg3ds78Qi7ZF1c41996K7CxT8t8cTVX611UPE3xnM,638040000
5F7Mfz9AZgYLVyXoN4nm8R26PZuC4qMCHt1rdmqrnDCSp76W,19142820000
5Hh8RymUxt9Mi7oVguCFwWmt2ehSXvzE77qvhhstXQ5mJR2r,241433400000
5Ct2dZNx1gZtBEcCmuV2QYivbZmvfoyeJFpRQXh5V2yGAEKA,950400000
5Cqnhidax24h6oKgbrXFCer6dcZohacZ3rTFUBBNMsFZmgmi,10428351298806
5ERkg5ze7kuPBNWCvsuWpD3D9zTBpyS8WxvuD2PDTUFrmvRk,6000000000
5DtZxigevoKizUowtcDoPWruMVNtvWFg7cGQmZTXK5w1ZSka,19728287185
5GREyEipkj9WKTrDmUMdEsATUEurcimeC5czNusm88u6bm6C,692129465835
5CA1FvYu7jn5uLMAAT6N2vAT6Y7zFsvQt3fxUn3EgToaX4Dw,10472120702
5EZQeB9bzZn2PFYkEERkb7gh4gFJB8Sv6FoZT1XJiMayaT1Z,10642819090
5D5GCWuGknwZpFc4mJ1fNFuf959EjPXD9EZUw8Jr8NGKy42g,500000000
5GREeQcGHt7na341Py6Y6Grr38KUYRvVoiFSiDB52Gt7VZiN,1922382736556
5EFiod6EgWp4449QpVHLJa87jt8zBV8XWR1Cq5wY3Gr7RwsU,1504666324246
5He5b1sRC9BgBFmvAnVcJ7a9HEdFSzXXjdtm8v57oWZHA2cf,10005787936104
5F1nLZWhkBKJcuJoFpCuisHfcW61Kg3nvEwFYrsAVUAeqF56,2206146657500
5EeDeEwnxhLTUoCpg7mGFoYSfbaexpDfTKA4BoUnbLayuf6v,145276509111052
5FcSsxtrVxnUg2fcNNYWbpC45XFPvV2ZNL5yNjLhA76f43SY,1224981715868
5FCrLJ8JqGdPVPni6sa6av3xhHAB8hyobXxTQXZueSfnL5Wb,1016009036
5Exex64EEvzYWe39kKW3NcLCydFgFGRXMooepDQorXAWMiYq,8215637172960
5Dy5xv3xnEqQLcCPaD5qv75z11brkYLzMJmF4AMG38Ma77cV,6087335716971
5E7QPFfwyhbfM4iJPa2WfvgNPwrUAjbZCbMNMbnjZQSdkfKL,66318610905
5DMBnLYgmoCDS1AepqJSiYajvR2zLTYnyj7f7JbfwcQq9FXW,26136592754622
5CY9r4RiGHvdhHb5mimTn36QeAwQRSGhaXp2bHxdSTgSrpBd,25405703157447
5CAMDc8n5DSHxUBAN6J8gGBHNUiRfkW9GA3WvYFRsKSV7bbh,226951414752
5F1cww8DfpdrYn9F5WMFQeafwufkV6dPWdrxEUpFTkWJqpS6,209443366472253
5G25kGEXimNznV9R4StZKegUT2k8X5FSspH4nRxoyJ4h2fyg,1910566863033
5FLLDNwuHRigYYqe2iS45wHPB6EybVjx99C1oLhBqxRctYbF,27402919555977
5EJDqW79oGiwmJah7xTLwr41CLFY738X2LQPqfgt4i5X1gwb,595806058365
5FbhYXCeXbRiHBkg2Q21fn5D1CeP4U8vkhrLkQLQcTyo51Wr,20234515863
5Fsp8mdDFL4ApgLhPCNaH1ppbqfh2mbxSFojD2ZZkJU3FGfy,13198396871876
5HQZXcUpdKNTrU2R89WrXScu1gZYPKhGomCfiUNQMPWSjPNx,2030545403559
5Fpmb2kWGpvFFAEi3Vg7NqjjTkNn39MiFAHXDHDp9nXUoBHB,1702042491820
5DWyxKtAUceSzjzqFr7PzyqDFB8U6i1bbgTsjYAmpNu6u1Vd,359696362
5GnDbMjNTe3jKiQS6uPqL43Vu6CM5VzFaRxTm42mCQ4Vh8n8,209173571814
5CesEBkUSDJ4U5XBqYTz4yjvijH2jGRsLnRdH8eYBs81v9yz,6115945980935
5GTz97KnawgGMTZVBPGFZZj6AVMoYy6GXMkNRNPH7s9tRBdT,13359880753
5ESE8xBQvePbGKuCMPTgsyUetUqrqT2eyJcnQgG15nayUMsn,1428235605
5GEeQVJaC9g6VZCVbjqEcyYs5GLfWM7L6NgvE4cYzfCera6R,1607995889054
5DhJ3ofgnKSjpSng9S1Qn121HzzD4nW3C9ELQgHqdL3NX2vv,98250681063
