t6UFcqRiMQnhgpnRad2EmXsUfJTBHMC3mAxYt1rTVotxtMe,38392621547441,56940253217
so1jMpq6vk9wKGtTShLkFtZejx7ZEMkRmYAR6J5fBwaPeXf,38741554666415184,57457757345871
oraXR4dy2Y3XpRsfjoz6tfzZCmZWRYwgs2XWL1bbEurJzeZ,14948551592112716,22170257684481
qmmNufxeWaAUznVqMTstJ4ZBTt2qUPZD1hnS8yhcssiewPk,6223248361887620,9229724964817
sccgZNrLK9WBvek5RN5iqcb4b2Wz6Fo2LbUbFUMxg8E39uD,4398475294222644,6523396604069
pX6ePTEugu7iKNK1EKmJsnNUmtH9n7vGpjRmeWFDKKLeNhS,3343554386557289,4958839113962
raA6knE6Gw2D8DZ5viCcdX4Km6NKvZUNTAW3jYMfLRr7DFw,3123852515303337,4632998374848
pPfzJGG98FNAZ1SBnSEKjcnFXjGZv3sGGyvdks8wo3xZCtR,2644689902747218,3922350354692
u3m9z8xCy7mYHwPfV61RhR1KrvBLPx6htnTent8BUzMxK3k,2550896839804846,3783245481445
rMEKztg1TB78mdbBrvDybyS684c7GuCYLDttcuY7sS5BtcD,2506293890746129,3717094666228
pvo8M7vYvYJQ7ymFxPThDMf7XLfZxRyyeCeF5DWNBgGZ8CX,2490981470128316,3694384752912
tKb2yNW1iAdTqoY9huLQWThKxedAxa5EpmAoVbB48ndMkKr,1910245400786989,2833092725745
sfyxDFLkQQCx9f7oJiL32725mF7dM5GXGphUSxmC9Zq9Xec,1841457375813459,2731072926043
q7Ez3pct2MRfMUPGqGXVGzKZWyFPtdRPV3SZtcWG8wWS865,1727792001660940,2562495347189
rr26EV9S53mN2uqaGdhmB9c72PQ4FcrxMFWTVUTR2t5V672,1726970152524432,2561276459391
q25YZ54M9ScUYcL85V2Svz6dj1HwEH9qP3wU9qhBJdaPcJZ,1606211491450371,2382178797845
sNp5PjKjGj75E2tUaMSbSKAx3vjhb4oDWzgxRkhcR8tKVJG,1503628117132262,2230036978034
rPtbkExLtpN8bURTZ8x89kLiWMLt36a5Fa9ws1A1QcigxGs,1391372519670110,2063550244725
rkgKEZM4KipBdUCUtXSH11iDTYtSr57V2grRn7GJ6BjpPRd,1341310632705625,1989303256491
sGgT1bCh5sGBaK5LfzUmDWZbxUnRiqV2QK7oxNA4iixdamM,1212866365741145,1798807041580
rc55z5b1Vcw3fLgNTLQ61ff4pmYpRfm1msoFVbE5AZHePhG,1024508397676609,1519452572809
pr16QdPB3R1abs1Bgb5MpUsv7A8563f3s2pKgsrK4nxPnth,951665743299605,1411419335742
otzGKKc1MwU7nnwwP6fjvFwCkBpaSkH3CTswgcWxES59EWT,908786097520496,1347824358631
sUNTkFU4kzWVY2uHVyhys5EbnDfDNuuXypXCnszPj8vgsgc,899005543783062,1333318779591
q4yXYKcxsHVGPkd8rzuKH2Ps1XtYY6fi43LocgsCi8YrZSB,803625000405250,1191859507651
u3RHxB6D4E45ZJy9S18VjMLSPctT3wFiePuFNY4LSawhmEH,780705939371183,1157868154985
pcwZRssb7emicVWB9WPbQZKXUnExaAoDERUEdyaMdZEb9JQ,761731450975108,1129727014047
pamjdmm4cNmbMf3J9onktFK7fkCaibKGbZNDBhK1fZ1foUq,589358060587930,874079337463
pcwwLWUga1mQ4Yk9U9QyotAJDv6aHKhkt5UaUZeyqdyEEPv,547598732693368,812145908364
t18NgEByDA7JbLurN76nsQ42Qjvo8P5BoWJazSRedkwu6g1,513240370545219,761188881675
rtck6P2k7NBrBGqVUyNxKivaCRzwqbR8bumqPMEVbCLpqMw,501151914454679,743260443266
pSNnT7VtWMuGo7wTb6hKiCsbqVQUgaVCUudDQSA4FKJ8MpN,474380210137479,703555219672
rJHecYaHLpDqRJBwZyMiRL7axHwo6LXJPmQfA1z3ZMXEMpQ,467738661117405,693705111299
s7J9QFNC2VY5Ax93GBJhT7bhxkivU7bEr84mD1Z7tesvcM8,451692161371310,669906482240
pCtcr6gtc4sNVQGhWTiFZ3CfTuMpAy6hcv9JMBBW8hQHLJ1,434989680684305,645134965179
snZpPweiSi31YY31ixTQ2S2HDzDYE8NVaMmEviB4ErLZVP8,433310555549886,642644647861
rkHmioGyuzq6SRXYRgu4tRXuN3QXFy2zgDAFChuVEBDDqKP,429790087732716,637423427718
syGXy3CPgimoFkvQfrtiaPxwhw9cgoxFgxbn1YSbHG1C4fm,384415001971829,570127453418
pigcHgeJfVFzU1vXcyFaRdi6ALTvD4WknFDuxenAePtad2v,373943554990279,554597207796
tgad3uqEVWMDQ7V7XtF6EUQhYYUi6Q6XHwnejH9DA7WvzWY,367662423300461,545281635832
qwVXDCFfvbU7bcv6dXgsJ1EgTbimwQdQay3DJfJxkPCobCA,359861364521824,533711853819
tt3FMqn1zAqwpWWnnPb9Pdn42BrbDceLD6qNrkazoM5pfT8,359150262460873,532657215459
p3Jy3sSZgcmuQM5moZe2ahM1ikoogrp1uNQLs6oLD6Q9JDJ,336633904143680,499263112831
te6AR2pTKjZMLcy7bhjgXuYvpKDvENEW1Cb5GgnNi3uytFc,299827028823274,444674686295
tCcVTDqMam7BciaXGpkU1UyqnFpEDvqLfuA3XakK3N8G2ua,284098636414303,421347843522
pLxjLBSoneAH6N8gK47SJsDEoTgARAXi5FWYuekJRXsJPnX,277215391351868,411139274765
qUvFn9zWeNSEgGpkXR5tR2d6usa3MwPXHvChrNGiwgBSJz5,272108079027662,403564599078
qfafjDbA6UWEr4SSrsnia2dLBeykZW68hCM7S8JqbkP7e22,264189035271700,391819833065
sRiuphbScoDx4tGEWFpf85N4xurdJtCq6Y56DqXXbyHFjYe,256009764046422,379689122634
rXWzefdMvmGi8x2vupnM1YSFNZ6q6SGc3zmYKskbjLUsSnH,241764292783971,358561606247
sAUr36wyGZDt9VJxFGrwhA4vUMHCjRceTQRwKAHQBv4k2YH,238981479455777,354434404478
oKNddNS7mNLMBnc85rfyaqEAb58YWnGhn2rJRXZdYRuuK93,225452614340972,334369689584
tUMDpVAsLn7XpSNRvKDB9ASWLpdS6zK4gQPaZuMXb5CkdsP,217998908010363,323315067399
pajhADSsUSqhARhv6udoL4L5v2uphiXdC8H17cJxLUmzxka,216416612892379,320968359072
pYJemkx1R8SsiUmXCnD2eEFn9TZPXi2UeXSwtXnJccX7Lqy,204002107239462,302556355230
sv5NmBadq7BuVQV7mj3FEwDrVaUF4CjJKAfzn69GdoRRFKF,197289587494309,292600989886
tv4pRnht9UtUNoiWAmmXv2LWd2zEdUhUaGj81rqCvQ9J5AA,191068179599199,283373994525
qcFG4SUpsDZ5qgrxzyw3GcoFBviXCbY5vwRgkabscUj87Sj,188869009789759,280112396833
s1zc14boaqByFVAsB5mSGagMK6ynRV8WLZ8WwwrhmSrr7y6,187810262904544,278542165020
s9Yo1y4Byi5ZGT87SKbicStrPFMxXYWF1UWgf1i37wrdVQp,185632827351789,275312801493
t4uhSjzjAGAvbQWxBBmia76ykQoNeVw6gfY86DKEV9A5WR8,184585799568303,273759950328
rCLAAHdgZjqWXyATDaXUAtHncfGFbeUrNuK8r9CbRE43P27,182881222413664,271231885014
tP7xZKA2QwKY2oAeMxZwPxGsSq212MMVYro8x64nVa8rStF,179739142396369,266571853357
oTLyh8BgRNu8yzsSHak7XHLb3VZhzvxSYAFedmYXQmSnGHQ,177204079163630,262812090763
orNzSPPrhVhcHzkG2HGBKHpkwT6QJnt932VsXkwRdcaJnfx,175989405066534,261010602668
r2q5RCR5CfGoERPQLUbLCN24UrKTqGF43CUQENiNQKuz2jj,173225163814968,256910945221
snqUeGGD2253pcRYgYtLPrbTiduBpRr7GMoChXcxe51kMbS,169480863141832,251357757659
sS3iJBXUAokcynsG9ZE1rP6YZsubtZDHxWtnXnZUW3zCJPS,169401370884978,251239862369
qehgMHFWoCNAdBCycnaE94joA8jwiQNBaheidWhMy2hjYjp,167109457511537,247840716321
oQKoGvU9sNDtKh1v4cpPcbpsTw68UZwmhGZC7gJ9XeYuvWp,165940446853648,246106951858
qc4YbQ2igLEhpJ2qQdzuGP5nprZsK6ZR6AU6xCGhDb6orWu,164692929975219,244256754500
qtPd4yijusibC4MVtNywdXohEGDd95qPrjHpMRqoEL2uctS,163850895423001,243007929630
sF3jA865kE5gs1TzwncQSgSde52UnFz5zrpwCfTR8oNUsGx,162390951278011,240842680528
pQNBgdN9MXUSbfTqUCYHEeA5kpymiSaRqnz7zxkRGJEQv22,157601281774027,233739102200
sCpfUpRQ8toforazYiXM42wPELugdtjKaShtdjcsh7dSfDD,147881376465586,219323471092
rhoDDbHZR3L8dkneGLQt14ShhScqTxJGmc5euEfyRyvwNgp,139399617759381,206744140247
oxHu45mo1b2ngktPRreh54J8pCtwj7Nxk8ZmZiGGsVTjiFe,125012249484501,185406175823
pthJyrwFnpo4bVGmLW77hEahxGrV9fSzmjBzg622K2hmNgN,114080138147302,169192717022
oVN1UTfyvUbitwvejdb6gBtKkUQ9Tn7Ds9yZjxRDuUY5DAu,106452604352123,157880290617
sZH11nKM2fihotLJnsTic8F8Rq6HttUG35NjC56f5E5F1UA,104436249673915,154889826791
pfsq7gfi5gGzvk4WmDFgvgPsmFbXmG2qYTgbfMq1UpHYTsV,103791638289128,153933801023
r5UJscSoFbVoRCPWFoAQjkGVa4SH7VZeeu54GXT3ZgRgpFV,101292001095719,150226578932
oiWZxQ8Vdrxr8LPFyrYeH5VkNznS3dDVLteZMi15ak3jsnk,100077350070708,148425125055
pCj5hGBCdStKTaf4LuzELtKwV45ExmmZjWbx94jxr8Gc3ef,99659140158289,147804876232
oXwVxaXq9VEDSDtwC82DGYhp6binfGgHCJeH11TQv3MFUSm,98984932428821,146804956006
qDNLzogXa7kFdMtUr76M1TqnZJK4Eppv4GEm6UUSUSbGjqH,90418006928331,134099313941
rnsAyi24CgBwshVBprnU42yFTq3zxKdEXrDrpQCP9D89da6,89290349189400,132426880161
qXBU3ruu9WV1aCkJYVfiTEMJ5UWqvDApz5G4efdDkxf7FVX,88731459479054,131597988558
ra9wLxoRM64a5btYGUzr2qJRpVuRznnz6d5H4FomsGcaXX7,86942003905957,128944039717
rRPKvqRLSygqcm4E1Cm135Wr1Wz9pum8Jpr2KSDQ7u5BVrY,84427192778349,125214313102
p3JUdqZhY8a1LhCnHoKkVqaVzuQyjBZaHdx4UmAxDE2hymQ,83952153109697,124509779837
rhSjRbxkmdzg2Eoiung1KFQvZFv3W5dbsqYAJReL1AcYh88,83481468529731,123811705621
tEsnN7gy51hv57LMUpjpK8DVt4GQjoTL6pKMpQMHHawAePs,82853870202049,122880911988
sL7ogLmHot8RAhehc6mfXjArjwQJpYMkZHYwMaoVxAZNuu5,75018924661989,111260872381
oK6VmHjLzXGyF6ZH4ce5BXM8YEU5BFdK6JV6KBD9Ri3pJu6,69176447171399,102595870244
qemh1uYrmLwwA2ZbbUFvsGP3ViUmzyJ7y6FnC8z3JS43tYf,69079810650049,102452548226
sLBJkwYqVoyk7yiryhUEHcaNAQBD5n5uTndF3BJ7ZHqLjP9,68082612350710,100973599372
r5JxmDJYe3uEvX3oBLduWiSHFG4w6epY3ekTQCCAMLnpU42,66317369272514,98355560180
qVHNuY4cvPyiPz5B7R1srKDm46MiExLwyRAbK9c8SrxNqtu,65202315509092,96701819407
qUkSLRyTMqLGuzHwGLKGW2LC6DMgBCKP9E1CtUTxegMGGk3,60719799987938,90053782401
rCjaxVMDvZJ9JnMYrcouXTtF4b5P5qb6BmvKNqUX5NeuChb,60629318291956,89919588629
r2bStMTDVtrb8HmypNYpDxmgdi7HWYaiLzfNTXArBjCkNJJ,60066772335248,89085274432
okamEnkd6MV3Ld9NCk1EsT8RTnKbgGLkDZRQXY9fPx3KAHv,58649079003999,86982687685
otj9EzUdp6GJKXJrhWrH99wthrcuKq5pSeP5J9YvapqiWAq,57031961292415,84584333827
pJdn5gFLSQkydGiAL1tpepmMM2WRMiowCH1YwtZnAAUS3Ke,56991434676271,84524228638
odXYkLPspMF54c5cFycnptK9kFjsbaWo87XxBGjXoDWR8xU,56256022645696,83433536064
s9uajKV77EftSbucbyPYMjx2ARrpvFCBRywRnCAgcmD5FgV,55209306227713,81881146686
qaUuAt4ETbvxjU39VzjJEoYMvdiDybht2pYcEgXXf3oEQN1,54268474596039,80485795465
oquCcWfGg22ieiqCBA55exhHMWZT8yPtnQLr8HxssnQnK1C,53675296346338,79606050389
tqUorksjhBvpypQJQys9Pq5CeUvqWgSUv1LWjmb2YRYyV9J,52896637123653,78451217728
rwM5mfh4auzvemY6F9pAUGi3J5KX8kNpKcx5KwG3rSUPs6n,52378638779521,77682972277
pVQPukLJBAmo59g3wngQMDGMoUZFSGxYRR1YngHxpPapsmK,51866239096674,76923030222
tnnit5j6YtXa9mzNYMfmrCPSv836FBgXK8AD4vUbhZPDBq5,51773270922183,76785148744
phnFnqVcgySCKPQoNhQnjEz1Q3xyLPn2c3UUsJG4VtHAWYz,51504352802864,76386315188
rqME5hn7A4e9kocTJsjMc3iwprk58Pjxm9b13GgarwXZfHR,51479198884065,76349009308
t7HyVLBk8MAqkEikDnFeVnuKCjwH1M2pvGVyfzCkWD6n1US,51070981116962,75743579877
ty5RUEH38ZiF2Qq9swwYpf6McB7nhcg8dxS1hGScRgnum6k,51015042325722,75660616828
tHTzC9ZkiiFzRiUgcN5iYXuST3ZWGk5c132M4Ad12TK9GVn,50155864262304,74386366347
q3Cx1WVgrXtvQJKQv8zGtwaJXa4VFL8MxGeTT1aYRQiCDN4,50130904659216,74349348658
paxY5o6gydPYRBKs5yDimZLb7Nu6rA7HefLsjGrCeEBDRvW,50014687924235,74176987145
tHCgD9pmZTVdwrLT1pRpzd61bY4kHnm7BWD2Cya2ECWdbG7,49483834020396,73389675561
r1tkSCbNcfM9TgbGaGp8w2z3Rw2ZvXtX2zkMSBqfwLxKAjf,47039175189369,69763992102
qJNRNEn8fTJs4BPG5caYkUVP6RCKdWBojJNcd8H79C2DQKT,46896004078429,69551654445
pMSbMqR2bjw4itYogyXNmqoyyQG269c3xjKCiE3ofuBWA7K,46739320176876,69319275913
sWkxuzxazCXAWAFgfUu6MUK3PTrisZ1thyPd58tP1iAeBYc,46397893817544,68812905091
qVKcv8BRsQtJt5BXKnYpy8sB9e48R6C9rdTc7gwdUyqMwxv,44903229766733,66596162756
rjaaoFW5NQfRFTNpvhtwyyMFpAPiAc9sQN7qt8c5Dyp62yq,44617379407936,66172216926
svSLEgHLZbrzzdus4qUAm1jrS46bezxfZ9gP4TbGAcFiJUc,44525408402247,66035814353
s6dU8kYNcjt1viLQ6tXwMVAKrJJpYPSBJM3WFBkAadArs2n,44330313994695,65746469044
tCihc8vZaMLbNTshi3XBP3ahtcSiEuVGaoRbCQ7k7zZJkL8,43786860137214,64940470416
poaw9dMGBhwY2xPZ35Yakz8SUo7pp496JdZUdaVYGPywrR9,43748049030900,64882909507
q8BY2nP3FBZZYquFmTdzWHUoLTSZgBpo8kdBc7jwjAe7c9F,43519482226442,64543921149
sRGK1ppsGzUpwnsCAhLGEUnK4R5mp2btPXqyDWKgNJgHLia,43132393361149,63969828078
q4nRUmo8xkoMKaRd5xwZjbBnk629j5PTpxrKY1dUtA2JTUM,42828671892964,63519377533
qQ9EdTyyNUR6BFrqcPToLyKYUZ2RULXJ73mLwwQVFrR5pCv,41653551393614,61776551539
sf7hp97ggpeqUw84zYGNhNUnnb3954Mvey5wJcWXgB9VZ3z,41145690028114,61023340282
shEhpoyDYKi6UqWHvSHe3v83xHirBZmwPoEvqPhBt5jiJVA,40684928132007,60339982439
p5hSb1o6oKFfz99cs4qpiGYGvFdmkpZB8tKKaiDaVYQY1So,39794525245451,59019422296
qCn7FRoNisFeCK3r73Cpt3u5saeCpMomjzSsn4zaysToRqC,39248203944371,58209170951
r5H4CMQWLuDinpc7UnQmbasor1R6bJSgToSFdUKL2zKwoue,38645060630899,57314646649
oKRj11cbTWFMmq9Kz9tbTY3YqQ18teBQho1jAFQGTgqn4xG,38161934190951,56598119861
r1dJBmxmAyWepo4oWYFLkQd6KGVE5Nqzi9JE5LY6Ezfiv62,37690633842956,55899132397
oiGAA5VNPz7phqx9tnDuWq72qKDbJ47MrND8EEM3NpnN1A6,37399635025828,55467550867
s71RzUpncTDvP6ptcoCw7foJKcH9dbRgg9dZyPCiWpv28WB,37050416233808,54949623056
oufkd5WG2SrqTxCvWeWXQ4mKpQ4xJTuWxFyMWBH5PjC8nr7,36759107339723,54517581650
pcS1Bir3U9MVwEXe2N4FkjE81NDFnydCGSDVydzZV1Qs688,36654382136540,54362263275
orW3gKVLKdhHUFCFbomwfa4z5kQMNgvSUs5wAZWo4WZznRR,36522225700957,54166261528
qt4Tjg1axLRHHHw7cHLKXX9Qqi3acC1aBhGgPrJNoksYisx,36472254012950,54092148314
rc1Qe5pxovBo3YkuHGdkeQjuifaYM4JbTAzB9ggk8CmSQjD,35712949697774,52966020995
qi21xNpLc7BcaWe18TLFnrYYLw94MxcvFVhkLqz9JUMrrRw,35232962926240,52254150661
prDoEf8KycsxP19edNjnWnS6wiE9cjD6HPCPhcH7Fde5RCM,34894824370490,51752655994
pDDfa9LPrpSUeWTYNZLLWWjdcdkPyArhxADKXwqzqbBQZ7b,34550855181048,51242513889
pp66SS5XocsoyxNfEzPqbV1C8dGnV9wsboCTUHKNdvmGfdY,34509076640308,51180551966
sFKumz3ewTazi2dZDu7AU36At7heeUuU4SGsnsdkSt7uGPe,34453140622748,51097593030
r2fH4bsRCgLcUThjBHHpYoGDynCqQVpf1pkKsUrGBsgtgng,33831799218140,50176079065
r4s2BkoMc7MZqNivgZsaTeNyRSzRXrUv3yAQ2MHDZFwxBj1,33731084389668,50026708493
oJoGCoCCR8UVrGDkfddLFLiwuoGvgCrHxzXe5DyJrgyopYP,33550938059233,49759532738
pJ7h1yPeDdmzEkmtoyxJXVpmZBacexw8H3Z5368tWEFT5SF,33498748080053,49682129567
t7WahdiE558hjDT2uTzdw8DdEK79oQ3U1zchTZXEh4hXZFx,33355831536902,49470169461
pFy1FaBYgb1kHHwuvqMyLwiVe2cwY8DwAVFoAje3ws6sdZd,33326879825630,49427231060
t6V6LEfnM4ckwCGG8cj2BsChjuwQSUwW7qFvAUnsATJdskg,33294007255254,49378477617
s1s1tx7TeDD2WK4cYJoHAymyoNYUcyfT12qUXE4dgVCc3X2,33223486432386,49273887898
rqGknnwThgzyBzuEJ7Cq92m2hnPCEjELj1sqAUAsPmDW2Tn,33176319865957,49203934971
oMVACTVb9iKfQPrsKWVxzfgCuu8vKMwF2wp49fxwLJCoq8w,32819032093328,48674040022
roKx2THhUkaZgRA2dSEkqjE2bpvAAhbC9GpbdapqrSyBpRM,32041486092481,47520858385
pf7wWmFWnLSavsPSx1xKKFC6ognB4AKCEEQgzhcTwBrNBP6,31457807887732,46655202864
omAGXxVBfjNCLCqqoMJ1hBMzufXDzqnaG65dN6gjCyumDVU,30566812570697,45333764085
oSFcE6x3jVm5KotFsDBHqN18HGMxqbtHRmLar3JMRMsFWA6,30078968009493,44610239831
sbgXS6GHFFUZSQpkzVvPZXo32iXozfgKmypWW8JmCUkzM9y,29959464990045,44433004417
tWBuY87caUrd87kMG95f9YbBVVvbo3cATBLX3py6ffkAXjr,29795739805091,44190182929
oVxRKx6ithw1bFh2sqcFMzytHmcyHThjn5pq9zRXJVvsCor,29386336286383,43582994905
paKZLzcNx1PeVpHQ8dgBPBFEVhRDHG56kfSyZteJeRJoGJT,28783607393032,42689085231
rqTL4hQat6bpf15hguEmSDwVURq41y56anbHF7g9uKTNFjj,28646845758805,42486253495
oqmb723Qnk5K7DJxMMtD1PEVzhr4iLypgAEG2LnfWvbs6ZE,28491878108239,42256420342
rZCftdh7VfdptE5iWYrW2EZKDDYWb8Ad7c6ep3z7uhtgqKU,28109179972049,41688839179
tuxV92rLnAtit7si3fv2ZhGKEGyhQoW86ACPXdWY5EmRNiF,28043703717735,41591731080
ochvc2u7cT7gcXh9TxVtDbK3mmTNmZgJyTYTmATKuhQX8s4,27510282197373,40800611453
sgu1Ks3ry2SzjTAnjrHwYFR6EAGh4jaYyTHQk4HUNRVaYHo,27002016574955,40046800640
rHwvQSMQ2rq3GbvPbBfkkywWtmKHK3SvdRFHBBqxqq3h89f,26280643774674,38976929705
ssUbh9FQChWsfwfD3xakRYYhV3bUcbvQ2dRfy34n3BUh1kb,26106322336122,38718392870
rhq8ZUWqGUzGwX13QazEpR6GWARai8dMSFXNoAFqtchr6Yo,25133782533551,37276015132
sutexQMve6vJXV715n2hhAXJ5fxwsZNj3KjPYTjBVJ4wEHP,24998680263910,37075644407
oT5a3ALDt23ryoiJXj31T3sL3xLhT9M4JAiiyWaiXFBJFt3,24690318388925,36618311655
sqf5B8uHszv2GysF2b9oTcsBY6dsRn6PkBvv3tchiHno5SJ,24289181851456,36023384424
tNDU9oBotHS3EMZFHhNkqH9UD2gfG9jJuyAouSBAmVjq7vb,24201752406774,35893717459
rsdZ3tujfDYPNwCrGEciHoipnPECdc4Jq33nabPPLDypKoK,23889885666412,35431186628
rtiqWbGhzyxhdQ2ayiaxbE4Ru9xYGLQmJYbS8vu27JUbdk5,23148085963774,34331020471
rw5s8ekCDqsxYDSGrr7YBe22B24YBYwSwJCjcVhxPepMJrD,22845847566586,33882769474
tEpwHCMKXBY3sRkrg9KjqJfo2C76V3hN9hdrGsoUM3xMzWV,22793479433121,33805102083
sk7zC2ndte9YP6zn7ZHACRHskrV7f7cgRr8C7PJ2w82JR3D,22447544467608,33292044528
sUJv3XV58LNGzhU6YyZdYh5388YDKcwZ6XoZZzZhxwYeQ6N,22443050460224,33285379447
qokKd2JENgVfT8yEACuEbchUgtbTHPuoJYyF7yacw3RujD2,22417043690786,33246808702
rhC9BrwghoV3s4L3hL2Mkf1JTNS5QQgnpi6doR695i29KTY,22241344780293,32986228933
oi4hrNfRX1kYdpABabfKVRAokrjAFi9Qar35fEySkeyzQFP,21455491308852,31820726452
sEkQ6WnKizPZbJHVp3iNkvkKUVKEpkoWvSvrrDrSETmZPkp,21271796612842,31548288101
tExmu3yNzEC6Fwm6dukv1NstXVTBUqo7fuuMrKRRZjJm8mi,21205192991595,31449507999
oVYnGHveU9J5pwhTa7zVXf7zEktSKEGP8FfNzYXrXCXhakD,21194425742531,31433539048
teAQsX7ppoNM9wMJayKr46s632ZHzTff3GBz6v1GZpoyCAK,21163007384382,31386942354
tKQEMmX8uRfQsztdPRhaQaLbTFvaLgsPK2qXPLuS8Tqaf6z,21074927566076,31256310817
sYnb1MCVqfMaMcan64h5tJvfe54fAFuEWk38hgRfXG4TPSx,20880539447485,30968013007
rLUtY9s6jjisq2DtZWSvAHrAc5HUWkmVmXmxFhz9jSoFiTL,20663789297122,30646549977
paAhcvAp85jcCx4BBxxj8pxJw2HDxLiXmMFE1oyAPQiVaBH,20436760411775,30309842514
syEJ28Ncy1s1ryxcuhTYLnSJrxvu7fQFPbNQmfeKmqQa1bA,20349530133385,30180470933
oY4PPwAwPVoQyXvUdvvpxtXd5rBvBJT2NCJbkkp4q2LvxAU,20171833977763,29916929042
pPhrEfT9XF3YeYfY9QFrBAZVLZNjtfgM1yPa7poEWo4H3Zg,20019845020982,29691513601
pnzm69YDfTrWKud9naUNxqRWFmaVNxwUrS7nciY1VFfgkCk,19881610741868,29486497780
rUWC49VnuunHPAYgqVdCRpiR9A6P1qUfwkPrsbDtyt1bNke,19851463407726,29441786146
ofqJqZ4Z9ty7c9YmNobt9QxGZRozmQj58VqGvjdnMB4DjfN,19742541151420,29280243104
tvYdBs2TRxn5QJr9tharS2NP73vf7ivkDzx2eF4agTyALgM,19734816054162,29268785981
reooprVST6menh4kZmYgkPnRT7Q6JuTNcPQZjauyeTAYbEA,19662371751048,29161343540
qDCgcSpPmZ7f2CtPrWNSoUr9kuqbUdVbybuFvABxDVJ3vtD,19455182910516,28854060928
tvXFCVSXcVVeg7d9Xk1LMP13M2dkdWGZEgacYQ8huc3BGGG,19453533687974,28851614959
t4W6dsKicQHryKdnwJe5T8SxP387dMxU8sRRcNKgR2PJJqR,19394218701768,28763644662
qyiocTsebqFMW3eSFfwcExXNEYtNztE8nCL6G2GQ3vguq59,19095282682180,28320291435
qofYLs2H8o1fmCCuZCGUy3rp7WXT8WkgUPEYSt4R55xbxLx,19044930119132,28245613344
qi3QzPNS9GEmrjVb4XhLACWrrTJmNXWcXoWJDCP6F57LS22,19042390777901,28241847237
u1GAVScJYrp6RZHtpTmxU2YXQBFKqXdi7QisfiGRKrKMr9U,18707955551062,27745844991
qPVa3hwZphcP1jWzvxFYcjZzsDCFMBdt6eEPKPH5ZgbzfSu,18532292208010,27485317972
tRaBR3WCNdKgLuDY9K5mBhg6dy8o3T48TaY6ySnJxYgtuwy,18426611700801,27328582782
tpjaY7zCA2QA8zdkRYroqHycCpb3RSnsGPEaFQDcAGkrvgH,18407360579302,27300031366
tQePowc13Huka67QXm6xE1F6QzCuLDRW48LnEJjHotUxnft,18347570633608,27211356654
txcMXfxwn6fsF7SKEC2Xxp7PX7fGNYAHz7meCTc8rtP1166,18330701871416,27186338524
rkbcW6pRweRvHYWQHG3RNmdoCp54mDAxhmqnubPmySUSCSx,18311017765184,27157144946
oJHnrB5zTSB8Kkak8Ve6UuPhsAsnvQFHB5mtc8aTrrsZ17d,18178360684450,26960400690
qhKQAMAzzc1VTYiKxwqm75Js845EjWPaezWU2qS62VFyuZ5,18114072928484,26865055257
s1wFNHungR3Pkdsv5MamKvD1hUMdJRqRHeQjaBetvbCCpja,18087730345256,26825986465
qJU9CrPTYxzNeuAyhRBdWw8Tn1etNNtk4uo7HtFJtssdCTN,18068173050915,26796980962
rME83yA5AMyUvkU5YKJgujfS8Dxq6iC5cveumqGYmBP1naC,18009446526966,26709883416
r86RiiYQ31TbGFVqUSvQ3eDt4TFR6MNqx6PJ7Ssd5tPWci6,17996247508196,26690307897
oufjdijXxHbWXh34Wm9pAZPtwTPCvsKJfByd1CeMcjKSsFW,17761116178573,26341583666
s26ksidq1Zr1N9LcnDqfZDZ1iG9EkSLof6ENBnJsWTC9oyu,17713044161109,26270287861
sZhJSjFJpnFQSoXAKTtG9oodgJYmt3mLEuhJVUjbH8JMKXX,17640393837428,26162539870
tTFaf6GNGWCUNDqmYJ6hqbJWFMPqifWN634cAXfJGUF2mNC,17385363476669,25784303305
snGRGR5o5YWeJiDWBGAoMtZbvT9i3Ez1ySYfuUskQstungw,17339857861671,25716813742
ozornR4MAHEgnnHHsqS5ZRzbu8vsn7RR1WdjmSuNQwguDZT,17051829173994,25289637223
t1rJ8Y5An3VrE6CkBbc2TgdmT3RubBh4fWPWTkBABf35Eb7,16844706404047,24982452601
pttX3CwKd85WqwALrvwex7sj2R9m1wDAh3Ars3ey87NXHbb,16820857403373,24947082051
sWSZy3U4HM99zorYJREkEBzwthDUYuprTQhkE7qymWHarMR,16806133242024,24925244587
sndahgMftA3k85mmknJYKZstbkGSVyHAnxN4aYo9RPgPeuZ,16795857282381,24910004269
t3fUrDxLckyi2Q4nuJ9GUZ2Ekg5aypA8fTFQcDTKxGg5AXN,16756281963309,24851309953
s7kkC6gamZEZyzy6qvb8ZXUjzo1XPas2iurCFv8F9XFBeMa,16742187118935,24830405832
rFHYsJzDZRip1cQfXggZ8MTSJF6URFchYgxi71PLSW9fapW,16696484876086,24762624649
otwr699WMQ22GF7XnxA1Nk7yrJiGDr2nwrDYkyHqigekSNX,16686165383542,24747319768
pQFtTKrgoEVxEW7LVoVWCBC1dW9JCt7uKdnZhoVTMNBprHZ,16631001480260,24665505959
pkKXaALcmKBQjprD69pmZ7aahnftCVFyji3Z2hksLhzXJJx,16611392036234,24636423112
pZmno5c36f1KeGZVGCMgNBjcuecXgCaE1sy3Cw7rZrN55jw,16609804626408,24634068818
puHo1w9arJ8shNoQjJsUa3ZHiVCt9gCfeJfPgW8RJtqVpTC,16374167438562,24284594346
ooRJX5ZUVYWtosfuRZApHLEJuCEAJoZoGruQVE1mcko7jZu,16350069135668,24248854055
qcvXd4tv17xpYzPGKMMNRuQ8Zirq3iR53b3VSpaFroc1sw1,16211752964778,24043716780
t3o1f81QkzxpUQBUQdYj4JK7PGTCLdu8wkQidnK1PiJsG4a,16012570327022,23748308199
sLMTAGrR9hbAeehFwmdgPnopMDMGqYakoZ3r6bMNgkNyYsm,15787369885460,23414312508
pqXzaNEARALz8hx74Uqh2AsD5PxuncCGDu4JJSimQ5k168r,15341348182550,22752815906
pkEnD8czr9vxqv9y11bw4iYVLWXuyLPk9YyEr83tXvKUpEB,15070551874808,22351196800
owCqjUSFeSta7THBwnRtZ1vDgkgE1QCgGndRng4B8Q5X4y1,15051697704210,22323234103
shgQys7QmNhNd38sq9e8vL1cwBt2G652Pn6SaNsQEMGhu4U,14858720597658,22037028971
s7e2xb6rdhDFF3ApgJargq77zmF9kNmWCaGCVcX51eJptb2,14737486858918,21857226720
tN4dEpBa9gPfac2Cgk4URFVxcRypF7nGKtb3hRk2mwgUMpk,14470272325363,21460919758
q7MoR4rreEGKema7LwdcRPuARJkQuqyh1CwAb2h76VsWh4r,14100248855427,20912136444
sLVvobP4gHNbEpkaERZvMXsHkzjmm41Kat1wzHeWqnQfmoJ,14054679372702,20844552159
st2KSBHe4LohDkaEb79vPWxWUAX6dZ62ocnTBhDbXWEm5q5,13784237550251,20443458792
oXxnrCnFmJkmeGp45196nKmb3TJZoEaP1raQZCuNyJvCwjV,13702779410552,20322647894
tj4sKw6uGVucSfEiGwACUahPYCToi6LJr39cJNVeMvUFxbc,13374014863233,19835055856
t9jtroGFuq9Zgpm54ATBgREER4t9svAPCaya874EZkZKkp3,13271862247547,19683552896
pBMjRBjeuLR7J7nAaPoQ3ukHPBu3tgpGWdNk2cTBfbkcokj,13264433242620,19672534909
tUBJmig2V3uf2XHhfjjBeCk3J2qAXgXw3Jx3e5TYF3DH9EL,13244826289820,19643455757
tpSzCWtHYjGvST9vLV1VPapQ466boXKDJLfh83muiiCjedi,13124282957916,19464677451
tnieWdvzUGJnJbSfD1nPJJFKywAtAC6EddhVMYmS24bzC7W,12539447661265,18597305843
tYiR4A8JMoBGNcReQ9WVSsrGav8En3Ee9w1jmW6iEM8eoXE,12298254206846,18239590850
oYGzB5Vo1e3FS5RiSSGofNYSFLpcKJedNKgLyixppgck8sH,12215557993847,18116943760
rS7bL8mMMn7EacLLWGTAnM2Ve4gZ6V77WDGF26Z6s3hfcV4,11826080137057,17539307566
pzLkSvXsqwFqM5ezryqM2aN6mKodYoMvhJHrvbZhvdJKV8V,11622505069405,17237384555
sZM22AZg6xjwxrovT944Fc8biX6YFbCmbNSErJMptkhuZr9,11621269254733,17235551713
sHj6ZqvoN2BGNHRpPP7jVjMkRHpmzMPXRCDLsWN53DCaem8,11448079819600,16978693757
oitqr8zA2FHgx6ZXJmvM5kfPe51Zrkm7xmMi2jQ1cvo91xT,11347385539071,16829353660
qng1LmAkThtzMpMbXj6KY4TyqgGerJBEiU1Anhg6fusP8ni,11312013652402,16776893471
qexh4BU6MgJcDvXSqZZGgvcimXDhw2thFfepByTeSBNY6s5,11310435105193,16774552321
sNdQMbyPFdRYJMs3WYyE9QHn7HpRp1SseoafihWY3eR9v6h,11301688845244,16761580707
oViTs37WY8PaxSF7jgrYdEKPZvrYjpeSpcdTJW6xTJvfBe4,11076807612907,16428058437
pGHoz7vXs4LksBi5sjDphS8hw7w3N2oP9dCxzwDFfpS2SNq,11006192905472,16323329477
u1iaVohprV3wfsGPptdsdx2WtB5kjCNacyoEGDANrrAZYsK,10809883105449,16032181614
sKr27VZvLsFuWnBK4CT6Axe3bVZY3MnNptuRQsnjeHCyvM6,10723572426312,15904173894
sLDSZNUXv1jkX78tHVaGviZpHjCkcUXkPkVPvsACFqyij7E,10647599431609,15791498037
smu2qAbYcY1eoASF3pxDQKaZPwdbokAxnHcMVoBUjZMXYsh,10629263946903,15764304605
qUtWKQaMq37YSoDLUMRZJQbL2Knj3zCgzWDNuNcdyrfjWDW,10545627319982,15640262783
rvffB3YZ2DVTNp83TVJtj9ufRETQtnKDtgYopDWMgsHYSwR,10467412453860,15524261997
tZ8zJQxJPBkuxuzNrjNrWqn3WPk39PNo2aT1sRHeugd3dfu,10446682877853,15493517878
rhhjcroRminE7a6DCKkSZ9JuDbar6RuwwjJyPEaGsC33jWe,10390661634660,15410432545
p4wuqhA22uqAhbEuA8AEGQm6YjDoin7Bwr7TwXC2tBZDCMJ,10301470254735,15278152446
rHTu7ikXpngiG4UcxqbsTNFwJgSZ3erBDs7UdhwsmZnYBJA,10251133944723,15203498460
ox3TG918Erp9E5sm2hobcMQmesSttSfG9cgmyYG86kKCFHe,10219948765434,15157247594
sxkBAt6jZQudWYk3djobYXLXqZMcA1THPzv8mvEdckhprA6,10147093995060,15049196388
qLkG773EyvAzEGM9SBd5oZMT35T27fvgxNKCv4rvYNtje4m,10088652242600,14962521187
skWLhTcLuKsnFEgZ3QjBpbQzxTjwhbAKwAADAVhHionRWMD,10051212979801,14906994864
tqEJBDGXHBrgwEcGomX6RL6wTWwH5SzfYEMcugT4bFkwHzY,9824355339591,14570541375
oi35i3ZPxuzjAxiCg9tCaWm8Pqa28K29qHSSyNr5WMmQmLZ,9819955368988,14564015760
sbyfbXaixUfdErFHAjoHeZNGDk8WD4Qw9m68DcFSjmcMTTB,9679698791919,14356000660
pA8rmtc2SA7aXHW8DrLEQe6fULLHcsCeaxQnggKiigqAg1z,9391433070361,13928472596
pB8jEedig14BbWKnWcDxkRTvSknZBWP9wK9XVMRmWiWaWmp,9268214860166,13745727167
syDgMsWLK8SH9jggjCogK3QaNyovEg2dEA3A5Zwp4cvTxTF,9163396786559,13590271055
pfQKGY8KMjQ1emtewSP4M6PxxGGLLx7A5n2aiKRm9pr8mU2,9152887999519,13574685431
rtF9Tbk8zrwaAzwW9RUszGosQRWutsLhpzgSXNLACKAZG8Y,9125231053898,13533667302
snGXFBPFY5bR7jKpAM8M3FP3d5dk7SJjHofyFsrjSbTZiUa,9055283687806,13429928079
sxg5uGQc1WxgwZhuY4egDEFHKqcZQTVTB1Z895LqhbrzuC4,9043380998230,13412275151
sUYVdhqPKAfPEaPbFwc614UUZkRSbx5VtX5QhSSeeh15tM8,8987653177123,13329624993
pcpy2JTbaoviE1H33hGPBpCFaMMmQswfEqfTewEbaePUtjb,8976765833957,13313477930
sP7nRFJ9otZPPLvBSAhLv7P8zAVpxaStpmBHMHJntAqWT4y,8904823400880,13206779815
rJEoakH3osDJsoDskpCWydnyWu2ajFXQAZPGxzicg25LMUZ,8798291593255,13048782058
rc5TwPrya7mcd5bLeWY8zZngW5YZY1QBfTfW8qKfbwUU8Zb,8789561889758,13035834999
oqmmf5NNLSDuBQB1CKWX4hxeuKwZGNvUkmmEh5oLUafQFes,8737876814477,12959180654
rJFM2oeiZ5bsnrm7z1ttscMxQJVQ82prMDVieXwxZXRySqP,8648395263083,12826470201
tc5TzgfFQM7xF34L2WLHLL3nimmvKaovmJQecS7K13A6LrX,8538257141339,12663123904
pCoQHwMeAfQxZoeVMjUoiPxtiVA2UgDsNcJm43R4UKCahGp,8523673888264,12641495422
pVjGaD5NBgscqDAWZfq76xFLrNN99rkbPShsXRe3mgUx1ds,8420177613508,12487999676
pzDKTaucjnmLCsvkBzgombQKnLfXbxrs9svLs45e7vi7kDh,8320098548637,12339572008
qJHH8XoskRXdtZpgme4N2ZSDATi3yw2BfPyWgVmDxyzUcVH,8318975678997,12337906675
txAhyq4PGFFHAqhAMKYdwdvkJoRnmJDWRnnJpqsZg4V95V5,8312388605685,12328137360
pDQfJf6EZ5yXuD4T1nfyKxFHwNMejcgka84XBKwN5D1Pivq,8278817588973,12278348049
qFycWFoo7gkRTx9cWVX4naBdCAWffCJ9WRWpfTMDAR7zpfF,8221066297358,12192696873
pMpG7ae293j8wfRJnkfDNd6qF8HRDCU3JJppU3hKPQiTnG6,8206223234856,12170683067
prUzkE4Sx2sH8iw3mX1BRMruCZFNQ5P59jWefHfbLixfcvu,8180143742198,12132004465
rkLWMr3DytNAwhN3ugwfEwVabyaKZMtYYBxcURVNC8CQezr,8163390240782,12107157279
omGkNTRCe2KgEHgLuhMssaxwyV7PvnLz7eUqDp1NNB6dVpF,8055544350943,11947210601
qfKyyHHQPokEXSURrtVYdfixjmrGa2pE9RAouGZf66H96fD,7942529350549,11779597594
qDCqcmLWgBuVVTturaV6gSyoUQDrj6HxCBmsVgtuNHdiEyg,7855449939322,11650449765
pBHsSJZL26jaQjkHHpSWgiB3z432XFw1rAaaqNc8TyZS6ZJ,7772359208003,11527217563
rhHhZ1T8rpCf2ETbFMXyVE9RKmdnrGWbBDemiR6Tgg6hApX,7714803143289,11441855930
ocuC8zrumazWPXWDLiomNtFPuzjDhyv2TsttZs1aQvwyJnn,7631597484620,11318453279
qV9zgFZZQmLbQFqGrGd8tD1KUZGuAug8FPJ5xQa6Vfx55kn,7559390267172,11211362461
qFA7akL8dVQ9j8Ybu7sPWHLd2FpT321XJCa8Rw1nVuvCdoV,7486836962237,11103758359
ssFBBwEnfFqo4jPokabMFNuJUffiMsjJJM4yHv9X7Ro7dUW,7191121846633,10665182068
oJWxPGiLrDYkGPFTevPDhc2Apcdax7D9HatSMSus69u1T1Y,7184298487206,10655062316
rP81SnQWvjthf5swZSwr3mfzmgSuQha4vq35nP7WSoEu33H,7046269423279,10450350849
poZEvhBzChNuZx9gQiUYY9DL7s8XdDh25d4b5Pe7CxYngVT,6997081475267,10377400004
r1jfUDuyeUifWGGWJhM3gRkfMNb6s8yUEn1s5yzJpQKq2dW,6925030412442,10270540779
seJHD1aFKzVmLBGEGJEFV2iZFscAaNNzgX2MqhTWbz3ApXA,6912771601786,10252359687
tLdB5wTWYkTcensxwWsL3RdMeqBmCudq8FpVaqtFC2GUyUT,6758983631343,10024276123
th7CVh8C7MushyVDwYtgtbbE7KN4XzmZXcKDMuRkoEMRjy6,6502081650326,9643263749
q4uwc7KBzwrSstdYUvrQH8vUX86LEP1Gp3QkVpPSGQWjjj6,6501859598973,9642934424
qaJUPSWCJBQa7nYDsSqRbKVAnftZK2poHAYyCSrB1pdgAvp,6480137096222,9610717692
pZt4RqKyF1rRSsvPxkJmiySge2djiv9tQxJb1R6UUN76aiS,6425812185224,9530148195
rCsxzgD7F35kbTuWmRy92U8yvd1u4hpmu6iJppUWTsiXfQ1,6173030924524,9155247279
tGkV8tX8osg4Ys6nYHdbydFuWpxyfZuSsPFsGcS98bbKyXV,6140497161011,9106996322
oTPtBEAbJmswHg7UgdhjrvHYaG1pf3WjaULYJRWeT9igWdX,6132200396989,9094691358
s6gi6rC2MocZovVFNDDX5uUCxkt32rwFCisz4y6TTscvm2T,6064765999486,8994679128
oa3aRfay5RrVahC7MdstFqa78bRb69GdrVzmER9dNESv3of,6038330780110,8955472947
sgudG3eZmKxztX35ieS7keUzygWVJydYXwv9m5SazhdSJ6m,5976725115893,8864105336
sJLQygciHMFhFU8rox14DrPjvhzqfyRSivuXuDHgXKARDp4,5972209464078,8857408154
spZpFyaGkQu4vhDwFUu4xrrFrL49JS15HpdLwdNJ5yBL29Y,5971028124250,8855656104
tv4f9mb5UDi3Qeoc4uLmQS6yoNE15dWma1enR3cNrv21h1Q,5968667089733,8852154444
rWjbYzUzbKf84kcr6TjqtREQNW373nF2sfuhjREqj7utUuc,5915455493662,8773236110
s7XXZTBwnjiozcTvwyecqSKs2ieTKa2D5STZqdpX3gGww3W,5881465691023,8722825695
rLX5CQM17FpHVcW4QijSt5UUq7AEfXTJ85P56G7D8A8RA92,5801685944737,8604504029
ofFsAK7Y3FmZtn2LYY7vfgFyS3LXsptisu4Mobn6kqPn18M,5787390317098,8583302125
qCrsvTydkS4JvPZna7du4y3DFpxqP7TaAameoXQiCwSNUZ7,5780325861714,8572824803
qhMXYTner12MHRRiGxVoo7V9h5p3177fefkyqEZ3vFbes7z,5770085498692,8557637279
tBogvEj9Cb6TcLMcyJhM9E99c7wgScMCAutJCZ9QUnjHkmv,5769687824288,8557047486
t6Gz126P8mGXmG9cg1nmEzAxMwndvN2aLNYLW5KwrpwPkUN,5758034030563,8539763697
tziisYeqSrKVH5hJ3EoGjcZgX2kabMKrSf5bSF8UPUkAmBJ,5682706634371,8428045330
rU457SawYuz4UXHtWMs2Xip76Fz4pXeWGaEppdPwvbN73bu,5589091937009,8289204991
qfNj5uqXKGEW5ruF64UjgvcdyN4GT2NdyjFjWPh6L5YKTgm,5564592554689,8252869857
rRnMJ4LQ6L4JXe3oGmdC6abGZHgRPw4CmJohPBFMHSG7EQq,5508376881620,8169496164
tcPsRZvj8TK9FRfDZwmrmbvEzmGAAkUrduowwW6DKcUVSMn,5501001830971,8158558196
ry4DtagGcCiwBGaYah4vfsiaanDRHABqaz1gfP6h5kFeNjh,5381891424189,7981905067
tCkZesCYYR812oDFsNbUYxGeK5vK8oc4wTDn3y32qhyxwjJ,5348495747076,7932375803
pasTTeBwvVjcYeBtoNscDkvnHgiXwdqTw83fiPGVuEpK19R,5260446817289,7801790077
pfn9VjufkyZXqxza4HEUnMDd4o81GaAmquCNGjmS3MkxMuL,5031520330578,7462268273
rhmqa6soWMcijeyhdNnAvjkUR4DHssvbK1KrjJoTNAj17rV,5016334031331,7439745411
ozRH2nQaybn1wQrzrhZgdX4aEY9wAA4Qq76MBoivZ1JxfZY,4997488675336,7411795787
sfKFgKGboRdpSCM3R2dp4KNeQkJ1pmqBdW4m1HzCzSE3oSK,4982159823590,7389061504
rCdc7Yxe9hbSLEBtn2r5TgBfCgNuoJJsHM2j2s4oVowagDi,4892237657189,7255697573
pu1yxVcGEHpEjaRdXryGybiiuTQDAMvvM1CHNYsw1SH8ZRD,4864702410883,7214859938
ro3M6NcszMzmWAZDFLT6A5cKQagEWBfTq6eoaZP1NAef5Mt,4842889794117,7182509557
tpewVCQ7FSWtSurjedR5k4TetHDBfHUAi9zsZqkhdxKWNv3,4835615223554,7171720612
rZsGZhiFujYzoyXoYha4SKn6Dih4DLXj3XuuWGW1SNYucet,4834834306931,7170562431
t6WKCp8J2D8W2EjHZSDCQ3FspkfAQG8BRERfsgy3HgaJ6oa,4688525543045,6953571308
sA52ixRmKD7hYTj3HB6BepKFe2yGDG5vB5VyqcNpsXnV1ke,4667144836645,6921861496
rUjeaDdTH6EYih7ntMj7y7DatFwYakSL6vjtG7FEWC1ck9G,4666761519855,6921292997
qyXvsKMADyVFC895S3oZfMj1AL8uZwXj3Dc4RsFUyCrXkuM,4295808356288,6371130851
rRbeQN2AeHjKjHH81a4waucSbyKMfmGnSn5q89kqysdkmQ6,4295534383663,6370724521
tgZNku66o2UcfmaduTWhdbt84SKs3VztFy4jJdVVxC6U1v8,4282321622514,6351128621
qLtJEHcgWmViZu3L6rLu9Y3bStu1SBrfSTcyu63iT8mhwEe,4266233007854,6327267531
riCAriEHsr7uiQr4KuvEGwruPkFyfQMEEy8GQhTzfZyKoPA,4173211236426,6189306563
r1w519XpTELu5xR6ebLBMXerfFxuhxG7T6unFSj3DNeiPYN,4170471073250,6185242616
t74ACpprNcxhHrNe9WTSWBf3BTwdGNpJKiADbJKseUBAA4T,4150310071583,6155341753
rSWPwVDeBZZkLtqLVTh1x35WNNdpXru816RvjgZpstqfz47,4054029748574,6012548014
tewSCXBNytYNDJaquRPmzVEfPWcPxisDWGMTo6j2ZsmfPRy,4052277134466,6009948705
oabAr98nTsS8XrWhT5jvo637RZS8xvXeN798Txs7dwgrFJL,4007891033427,5944119498
t8yMoX9A5yaQM4YmpsFCSprAj6Kxe7sBJeensWr1t3USkke,4004151943889,5938574039
tCg3Cv9tDExrVktrMEuRsn2vGtqB3D4NisVHrYSg6LxHxJx,3919614008724,5813195483
sJ1pSeZjVnJoiJpSkyiCYJPe3xeA8goShYtVGUotfJpPxVN,3904571456585,5790885813
pAGs6xSdPELENPdewu3bqy8VF6w2voAax51a4kB13tF6wfu,3892262304077,5772630059
pMAwRJSiBseVjbPDZ3C3dE6c9QCAoLbFZfrY1v69LvERiHB,3803273185227,5640649935
qMPjR26V6MEELNE6WrsDHFccn9H1etz5Bm8pnY6omfCNQqp,3801438489097,5637928889
qATyCebWSpJyR8NaNM9YVN2bGo3ufkjboaoaJiWU1sw8cYy,3789398379628,5620072154
rLue57TLtxc3W98bJMbHca1ym8cAHU1odBnUKZhoBaZf3At,3672713293964,5447016029
qVQhwMZKxtmtbTfV78era4QZvxRLgHiMGT5UAGGk5XpVDgF,3671206699139,5444781592
q85c6gpTgrh9tMot638yJqogg5BDons6PJyhPLPW844aH9Y,3656459183948,5422909492
sJLJg2Cgbba5748wKcxZohoDyUHpyR2LQosAQtioB9WUmvm,3634872552678,5390894271
oQDTqrE5vLVzSHtJVsNfWBzGj4q4nTWqMMxbp7VDGPKqnw3,3627123508118,5379401632
qnyrSjtvg3K5FnyS8WwkUeF6BPJJu3DgGy6Xmf4yHNQ1YyW,3505882300501,5199588304
rvDCSPtp7qZAaXKfcXpbRpWkfQUNdcvJkuqEjeEihtHUBAC,3475373904532,5154341177
rLcYn2sABwJ8KberZHAtseqo1THfi3S9Tk8FgXpwkgVqBJg,3462159107985,5134742259
qQ7abmpqtAXrJxwpK1HkxtWPFrELMw9vyxJb11qGaidXXKQ,3445153826560,5109521657
pieeH9rejthmJQcypF2DKSHSFaxspTKPY25QkCNnZssG1tH,3403025351466,5047040744
s4AbeKnvxqX1KuVz11oD36Pn5JKeD86JWvzkRQgDXGcHKga,3382630838775,5016793559
ouTmSmaboTb9MovdXAxwdZnrKCPhbQa9jgzrMFzQpkHTY5t,3381485860906,5015095438
sqe4oKUBDbtBB25md3AYeqS99pAcmeNhyA9ju2qPfZQqrot,3377266609786,5008837849
pAoPomTch4snzHUVsvXGPgjXUTZ4qLqWo53ox3dK6AxUV2D,3375606480244,5006375705
oaUCCyziWPcXn45qG8h1UEA6pWeH1CDhjTPRbBiZmFSUUHq,3370799503623,4999246458
otihMbsZwWXtVxztYC1jPszUaYweVsvoBQuTv2fL4HQLLzq,3370217552998,4998383365
pJQznjtJPi2AUtovGt8ZReSa66TSP8CyytfBPCvEdNhqHiV,3324945311291,4931239919
tgm4m2hYNddqXdTnmysRkcQGthjDstBu9oahApaDv8fNrMU,3321987003867,4926852441
rcYGg6nyQNoGeH4CWvCKVuVKsFQTUaCtxYP1HuqZCnsusGj,3319768711979,4923562483
u4c5QkACXmEQVEwLYo18Dp77XztvxGE367LGGqgMLBvW7TD,3313258769196,4913907561
q2XTJ11aJ2mb5hNTYVKRsKDXfC2qSdZE5UHooTtNZJ4juxr,3312320939804,4912516662
qZhzv1Sf9YAiE6mtmDdP6jp6aCj3USKyfgDCiBNC3XrdFk6,3310611881068,4909981950
qJtogGVMPSJyrsjWUYtxXpQEpXBgcCdqJtM3fbEqDV7vqND,3309914723245,4908947992
rHMTb7yokYRkzvuA78quVqW5XMz23x85XYMrMru33fTpAVZ,3309876396938,4908891151
rS9vBBgUBeiSYECjiRRcF24NsLz3qxarK9bMhxPf7vJJbYD,3308276783628,4906518758
sCHv7y2bfuS6cwxfvhbjeGV8f5StWTAM5a6gJ2QfgirssQe,3307909462996,4905973983
s7cr18k7v1PbGUMEdvjiBue49MRyjJRYbmvF8yPz3sujt6S,3299647071672,4893719997
rA2hcQ5AWZR4ypVNsNnXQmCz2T8ThQF4YZLYuo7SD4FqJTj,3298891010419,4892598679
oKEiq2AdVgHKSk2BCtM86n2LHizeKV8Fkf9yASvW55yUBYa,3289280411894,4878345161
qnmgMh5vK6eskuAiGD93TyrCewuAL5dzNSQeJomZrLgHGjX,3263859560823,4840643394
rvB6A6fxT4isztSHa1oqm2x5XFikbXmf7TLiYgYuSaVASe5,3258898736338,4833285975
sCfp7HcGiK4UGFSYZfSqruT9CvPZ5knePfEmoB49BKrwi8r,3245240687474,4813029667
pDJx656A4TYeJvDvGhMiNVoWskncqii4mVQxyhE8TTFEPdV,3242292930323,4808657836
rtMvCgybtFmKMS4nnHEpz4jcHQbmuzmpeV98P8FFXDtGLwh,3199966104878,4745882749
rRpePhukpBMgmMFaC3Vg1L7xhghcXs14ZMFYHmuzNy8P1xg,3192700524451,4735107137
sZpFWrrqFUUKT2Z4iA8AKuUBxitPeco6BjrJNJYTgpZGtps,3158609411914,4684546470
s9wKMLeKutbmDjP48mFSGAkqXsqCzD3EPYMuSHLaMcpuvmy,3158608249342,4684544745
qoVVSG1AjUPMHhEwU3kE7wSavDEQRsjQqxNC8msipezAuFi,3157154378296,4682388503
oyvVerK4Ei6qC3NH9U21VGBaDUPfppy8VVSVBzo8EduzT3R,3145691735711,4665388211
qSMGWriH7sd84WUkiUJULcNwkxkoB5sfJpfZhjZFvUuXsnR,3144409252067,4663486155
tzoHqyutZ17wbMJjujtYbpALwaXriKHZYBbNAuTMoc2CN1f,3141634191292,4659370451
u1EXm59vHgXHv8v2Ypx1NCTJeyhCvSRtSCvq1KK69mMG29q,3118183827514,4624591121
sxdyrwLWR62gkVhRHr1ZxTwk1EUMqSzfsFqVMuLXKYem3i2,3103266306371,4602466885
u3XJyN5CrK81SDg3CZFZU2dS2tEo6E8TGMNiyaCtUE749Ud,3068061615386,4550254664
peyRt8P5RJ8TcQVF1LoxwaobeSHDjuzzPpxneg1k5Tt6Y5H,3059583344156,4537680506
oaA96cs6SajuD51GFTDX6zXE9QyHgZA2ZHPqGDHvBhQsGV6,3028504252619,4491586979
oiFQrK2TfxRkVLQfkBHqgXQWpHE2BCmh7ff2w4JWFaihUga,3019415924443,4478108042
tgTUM2La7uYwGeEu3JsfJ8dxNSKhzMGQ31AKHLQ1utSAL9K,3011213673641,4465943251
r2skpvtXr8nWbQU4Dz8kYnfHZ3TNoEMU6RSChZXb8YNVjLY,3009549447926,4463475031
u1ZqGsdHei7uMgrPS6ThHTZ2URhuz227j86o7TZT1K4Tq7z,3008762946657,4462308567
qtbWpa9MLond33XnP4aJfvEP6iWeqwHPax2uf6tdy55q9Vj,2987460574962,4430714933
rEtDCgsCK8rK4gs7Koxqnbxx4sRksSmvGGuYGWvPijsw4Db,2986818615850,4429762841
rcMpi39kSzayaiM8KtwWRS8qmz1LbazNAokjtZoz8RwnpHZ,2979348774375,4418684289
sZkwgFYSVpFGPaARRCjwdvG1eDcE77gNFEWRtCKYupQoG3T,2946197391736,4369517338
snD96Jg2EWZgfCPhY8XiyapvQ2eGxstjP8XWgc949DpUjT9,2938990979605,4358829479
p2crt1pY3uzM5LrmHXDwZtqcLntB9UtbG4XEiBAGUzKDfpG,2934556484256,4352252661
tgzBcU8jQSypo8pz3bHy9EPxLGTrjJxSzEnTjkvjkuQRQAj,2897357262198,4297082343
pu4h5PPMgibpa3SpqdJa6wX9oLnqAm5J6rCPgsXz28Bb5ek,2883029260505,4275832426
tnScb7TRSWeuvkU7Aur6RN47kFa7VvXnsd3ZBgwfN38UdEj,2854346370485,4233292715
sjLCDqhxLKwjsXzAS76VRqfDc2UHxsZU3o4QQupdTmXvy9c,2852265757811,4230206950
oairG2VakwpSR2TH1B2jyHUwQpXpsF2ahT9edt8EM374iFD,2849867586448,4226650212
oSGBr5R6SD2zfn1KAMbJ1FuGd1mYnUBAcVuKdP6ATQhs3nY,2828482553023,4194933982
qoD75idU7NiR33t39juQn2GRy2Jf8s1cuiUYZWP95BRcWxB,2809979139216,4167491494
tHU87paXtY7dMyyCt6n5hynfuqqq6JmxRxz5UvuS2XPgs3G,2809589054663,4166912958
pMj5CQ2qUCkxsqsuFW6qFfAyKiLYSbPBJMZPBLWp8vHhm4K,2805961624420,4161533101
txG9kzsRATF4kuejDKxxhD2skKdCuvhJb3LbvsMDEPvoeSc,2805870886087,4161398527
rtMxyV6Z1zidr88CLeFfGoJg8xWRqSU6oVTc13qSWBeFPgR,2804145927271,4158840233
qu4DiPPj9WUxFFHt6XZsxFbpiZZxbxE5AESEKTmxyZAQ2Up,2803348262506,4157657214
rXjHRjxwiLSUkzRaDn9fJWjbWWcUco6UeZCpEMFwc7QfEEZ,2803188882460,4157420836
tWvfTAk6857vKKJP7ahD1vi3pGSMwWcTakkaCqi9jYR53vc,2796901000032,4148095252
ri3UbupFSo3dznA55NEVonDxwfyN2hW9dJ9tJ2mvRLapnCn,2795868239708,4146563561
tn9BnjLMTVWMkcHHNjR4Vy4pR2VHFQCLU6wcVKkFHkbm7d5,2795353968733,4145800844
teyhnPczgjzWiocYdkXyu2T1qQjqYpdMkcjqW4ioYQJ5HHR,2794580814453,4144654176
ra5cBUz8Cova8uBjCpTYcLLiLi7M4QWYBc7Lzatbo79PLKp,2794065463100,4143889856
pyQJA5juGPh36NUSN6RBC5TgtW1b1Ca8hFrPnnKcSv9tpYV,2794064902691,4143889025
qoHPjXwZUraGKitVroHfQYPYPMg2DcHoTwjA3GZRLGhH81H,2793036656151,4142364028
s1rVF32VR2VPHAeQGm7fMaAGWVkUdavWuWdLTo8FmnzFNuk,2791264585939,4139735864
sqAywGAAAiMuimeGaMeiKecVGg5M2y2myz94f1CxfjqvdBS,2789511880287,4137136419
oV9D5T7WqD2EuduDXWcXfUSXKSxBDN3yMK5ZYpAQtRnUqWa,2780750698463,4124142674
p5nCzE1r2bW73S86B1jjupM99QGvJt1W9Ynhox2xy71bfcK,2770413703516,4108811835
qfjK1de8fRHCgo7e2j2eMUnRmn3FS8bGCkYmH5wzmCAzfMN,2738389799168,4061317052
qqT33FDEu46jG7BpyVozbzjY3KDH3xWEHmi4umdAuQrP4u6,2737880128739,4060561158
qWznvTG5YsCamotsHZJexf1zXeknwqNaf9DF3H21DYEfZuu,2737788346068,4060425035
qt1qDvWkd1uNVnFJ2ppQePfSmgz7ikTRhy7djVXv3mrKugK,2737481847606,4059970466
pazGvozeEQmEcsP78nZsDBaz4jvdfk9i4Cqf1GbpwMd1thE,2737269146237,4059655007
tRXHHf87g26BQPYSJ5D1ArVDQpAe75ZWfQdBiufVwCkTb3C,2737174949187,4059515303
sRbHN5SsN87HvWCZ7U2XGTyski2QPWXT6wrAMMBS3EjjnLm,2736965226310,4059204262
u1EgGWFYJ6dvujQ3T5KGPHNUqQNtmkeN7YwTLwkY39GwxVo,2736658733478,4058749702
qvetcCFqMBwguXhogHtutVfP6zchu61njDzRNxAuaHDbMfo,2736353323765,4058296747
s1e58PC7UBf2ihUXcVEKM58RbpgVTbGoMy4zHBdvNwY3JLa,2736047745695,4057843543
p2X4ezFHXfnDn5zs967xiREEkrqxNcAabtkenSwproRZ1ed,2735741997308,4057390087
s7NTXYvzq8YKSdnfzAUPXT7h7nJZYy65zzWXJRW5Jzbk3vo,2735436078638,4056936377
sqhGHNeHMJWqMxUEMY8GBpj5sSvXDbdUD6UgVLPULAuXGCC,2721861095265,4036803264
qGHnLSdELG7Y9CtFfyE4T2bUUBNM4qpZEUovzaj5kDFK81W,2721333017737,4036020070
pQ62t46qDYRUGyu8cdi9bDkpnZKUM6MeZZe62tHJZyLqSPo,2720781925837,4035202744
sHWPcrgXa7FviVJpBCkSnjmzzosASa1EH187vmGk6TaXLuZ,2719160816208,4032798469
qf5SjMDP63nLnvpLuRXd3JzEeFfQEUfTmcNQxSWb9QNsJkT,2718323951928,4031557313
qtyhFMKhjkbcsoAsDV7fB99df3qadMB2r8221Hqjm7LhzkW,2717604828008,4030490777
tWqR364TqMvuKbmMCtkrKcPmfQCuhBX2oV1nGoR8iS8f6Jr,2717295364257,4030031810
teEjg75JGFqFeJV34AYuyEULKFQmqbutzqP7CdqGkgiKm5v,2716984460346,4029570707
q8A3BcqtD2QT3NQAgNWh9isSuNXMDvrCDHX4mZgesYFPtey,2716365058449,4028652070
tNufnkWzwWV9NeAphu9eFExT9PYhF2YxibNqvMHALiDnf3q,2716055785310,4028193385
oiMrN5qiAVd5uNA5U3Q2JvLurJSmjj24bGkfwqAkan79c9v,2714510783447,4025901987
rXd7j7mx1KK5evCxWhbGqDoDaHXn3pcgGoCeJxTPEEuxrjn,2714201957084,4025443965
rCtksmiwTLyRFSnQpx4awnVWZVpbEVfToqUtoW6bV7pNVjZ,2712659158244,4023155834
rw7zXba98WBRNhStCDfCADmV5QgwsZhHZh6uJME6YxfzzK5,2703692711974,4009857661
pGAmK33KJEyibDaRMLABzVjLiB4T1mtYqHbiKzpusKydc3a,2703621275954,4009751714
qa3ULXPvAev1eDVXMCaT34AyET7S2fEaEdxGNsRsQH9tZDz,2703477165393,4009537983
pB5hm854kAPxz9PTsVE99K3AnTskKXTTyGP7FcCxhF3V5JZ,2703476768192,4009537394
ryJsy2GYU2XcTjc152fFNbi9d5xUA5cG1fRWSpHWsdJjPer,2703406915030,4009433794
p5AbcZ8teLasvfhVPbz96USmmq1Lx8FXhcnHexmVqMAmNpL,2703333755248,4009325291
s9NvnrerCJvxjbWmFG98tiDQVXx8oh7jqvVGKYpHKrLtny3,2703189477543,4009111312
t6fTQFDyvwXKKXGTf1XNS116iSkL5iqZAckrzuKs4LW7hwR,2703119720758,4009007856
pQRx8KsP3wgTqisapE1tutgZZR2tU3NJZcNSRFPKRTWi5Us,2703048216080,4008901807
pfsHaPGKJXSUXGPWujgbW7gyxG1mA2jqmtkrCoTfL9afmWB,2703046464616,4008899209
qtWTdqBDBbaLSL7EuzMog1n1cVVADLfrHZMtw9DoQxgRuE8,2702903451689,4008687106
rJM5akHNFgXYXzdb5fmjzqiCsPCYJUATmgQFQiQ8xZeBt5R,2702617427728,4008262903
pimqLTM1M1eRyEqnvGBuJe96KUKX7RzBFoXqZ7hpjhHiT9S,2702474414784,4008050800
rkXUfnY26T7479BUKQyQqfy8Qd98ALv5w56GaZuH3gne9DQ,2702402776294,4007944552
s2W7UMxYDFUnw6dhMrA1PK2FxhbdbqxzdRcimdmRT4c2CAQ,2702331467044,4007838793
tWTKqA4QyQShwtqekw8mTVuVF9umFMxZTt6yYyyiVw4EdJi,2702331401990,4007838697
qWuXXJHUZFytWn6uc5PvVmK1vKWYpYS4xHFcz6yLzRSC7zB,2702259858715,4007732591
qo2gY3tUnfzj4jYFbwrkU6XT2nbsWU2SCcAv4GRCj7SfX8K,2702188239789,4007626372
qhPEdhFWmQaKHRsJUQDhiEU2r4x7RVnFcpnBFGdveUy57fM,2699604656770,4003794650
pnpbigYQGA5iihmGFd5hT131xb4S213qAjbS77fPsu6yt7E,2698952401573,4002827287
tpRdxFqMk9mAUoVojtuV6ttMCYeRunuCqCc53Z3p5JMZdGX,2686851100916,3984879799
sX99aiAzcdHCtd5kRJ3qca97FgmdDRdMqB7uGryXRpvKV6G,2686780393612,3984774933
tHqNPbNnYudcCdu4FJS1PytM8z94zuawXhvoGeZXEJfZwTE,2686709677656,3984670054
t1Df9FwHFY7VPKS2AXnmMgtB5D5DDFgNNGJ2BwgsuHUejDf,2686635189154,3984559580
pJuzT6e8YoyyBKQ5jWBdDxHGpQRvqybHgFjWSy2iQTycCFS,2686497476608,3984355338
qrKh9J1e65LY8Yn9uSNberU5HRJt3Ad5wkzeYtTLm9MiwgF,2686493807000,3984349895
oVdcVpDVjVrGM3SUtacWVqHHKpmBP5cQUqmT7BPnpavv9Do,2686426725326,3984250406
oXwXMShchKjXqL2qx1pu3ddqwNmCk6pSsjpDChHLVVz7RXW,2686355966920,3984145464
ptQ9sU1Pp8KNRDaMVuxHmLY7vRZif3YNqNUqDD8uyQ3QVdV,2686352426623,3984140213
pviyruXC1417UwQKsAkmmXB8zGd4YtWrWaTxy5kQq6E3TPW,2686285198083,3984040506
rTxjpBs82FokFFmBWYnmBr9d9XZGdV2HmAMVpnd9debXWVM,2686214418700,3983935533
ryc3BGfpkmDPDov5PGkDgk1dpa3ak5FzgXZccMXE7fK5Ucb,2686211044468,3983930529
sCm6GeHfEfgeSyWyL2HHVjtcbNreA4pnMhvhqte1nrrBBxJ,2686142358795,3983828661
txe4bZvWrARs2jDT2VeMKvK7wTTwKicuHs6N11F6nRq8haL,2686142098329,3983828275
tbS7GYw5jaYVCc2uj6fC5xxUdrYrvcRxd46AGR4pcZ4qU15,2686000757761,3983618652
pg7UYMFEW8BpD5gzG4XjTS7VhutPAK9NZov2LDK9U3DXWME,2685788174642,3983303369
rxvF2Ns6WRT1xZ1jFhy3AwhzvvjaS4bVmMgJbNLV9jKxWBW,2685646794398,3983093687
sk1XXRtTmiG3zKHUSqDRYoeRnVpxtM5xn7APnBcyxCEaCrq,2685364426842,3982674907
t6ujuAXypsAYp8yuU5K94A2tCbufXAGsKGneHaY8PX9daFm,2685151736717,3982359465
q36f8iC6p78JAnqmNtCzvy2LHrRWnPcyGwo4K7Nvatd8jqt,2684944435311,3982052016
qkmNNSSpH1tcAQ6FNYPRJTpmC6UScXM7b1ss1aH57pAHkWp,2684827452035,3981878517
syT82ANBsBB89qThN2eSSbrud37YbiD3XMr9Boi5UjZiYBu,2684652418857,3981618925
oYhLxWUhTqpvifAvwuhEqojTsin2z1831jCBpuEehq98NGX,2684525366049,3981430492
papv3RgYmcmDFEmqMJcwCJSwa5GKB3sug3SFTUqrA2rqha7,2684431965343,3981291969
sqonped4FTT4ZUyZjMTRqUjWaBczrzaHBjcX3MZtE2RQs7H,2684360947849,3981186643
qnwiNuS3L17jCRbUgxWJJ2dXudCDrXsfkzJPbP3JRnK6cZS,2684289921569,3981081304
qhc6fWbVFg5Aug12DY75Vzjoqj3moMn8mXc1hzpEaUdAC9Y,2684220159071,3980977839
odAJ6rKyv8viLywUdhVSYeDRsi4g7Fp3qmkyuEQbmDUi9N8,2684149113410,3980872471
rCki3Y2et7KDNxuidkKmnadi95rsAVjo7AhG6JqHXWoCXvT,2684078058979,3980767089
pohoRrG6ZS2KTGqzjPkUWeAKD95r8gWrUssZ9cy7hN7uK8d,2684008270074,3980663585
u1M9UKaAQYTa5V6AbF4kpCtQCR7kxQLi4uakq4gj968eeus,2684007569791,3980662547
tP7ni9hahFCqWMBVax3NTSamycRRDrG95ypixGYNHESZ7Hq,2683867391380,3980454647
pE13bz6oPr9GJpqxzcFoTSrK7kfeFNJfyeMP5Wwh2uTURBd,2683796300079,3980349212
sTjBQrUsFAiH1DvBe6tKXdatWkCszqtbqsQaPJiUNTztz2X,2683020158006,3979198112
rHjZa59WZ3hsL4ULEAXgZAqsFqg8FByw3Z9b3d5YTFD2eiJ,2682525538548,3978464540
p5TZdX3jmbszSfav34My5VFBvpBwV55d9ucHRmpHZ2FN7n8,2682171024640,3977938759
p5kdv5LrE2Kg6WMheyUiECvdLrUQivUmvmJRbBsJySMYRqf,2681680254009,3977210895
t1XZycjoRRnMx3DAPeSbpd6JLqAn17e4YSFKVsHsKCdDckx,2681539904318,3977002742
pqfN2dRFuUa4Tag1x5Xw9PDfQgV35nGUEabdw5sMReLDg6D,2681399552983,3976794586
t19ixbQYyA76dgnm8iqxZDWzGCWmgyttJrDWF3oQyQCfap8,2681259203425,3976586433
ow4LJaKrNydai6uwcXPAagpgLwwFQDuRrJhJHj7hXej4gat,2681117577695,3976376388
odUgZrzcQwn2znfy6kviYqbtqVytoeZtk61bpvCgpT6hv8C,2681117041700,3976375593
rV2hXXqAxLyRACkEjiWjbB332XxuvxahQ73psQkEfNtovi4,2680977228137,3976168235
piU2VgNGQCJo8U7zrFDyKdLNqaJhoTNtzEHux3VVGoHyTeY,2680976653644,3976167383
seQhqgF8vvcwi7G4KVSY9tuMNAaeCaCimJWjs5urgPCK9eN,2680836878447,3975960081
pKG2M1TxaWF6dGNa1tvuQcbh7ieSbcA8gCC4NNoPxsMM6Dq,2680836267498,3975959175
qAqxs4vpjQjnVB8Y9aYhM9BtoDysH4puJijjUopPzXxFneG,2680696527112,3975751926
rJAYvrJVox5wbCUQRCYtnno2USTKMf5d8Je8rGvbsa39z5A,2680695881220,3975750968
pd7NK16gFP3en181KM9VTkfwKhMoXQzqK1J5BKByCeMTJpe,2680556177554,3975543773
qaVEgEbiMdRzVogBhG48pDqYL4M3bDSjMxogSTufrPwgNPJ,2680555494941,3975542760
qPkqGbZ6rE9uXkSfvLK2K6LGBRsSHy8KFpUhXH72qeJkbhP,2680413831146,3975332658
tKiDd8wCN9egYBJkFU7qqvmGma126Tp7ATpGnhP8EHy1MTV,2680273444884,3975124451
pLhNsUSP7kpP98fRUqJ925KZenr11Zo9pLBUTmQrkYurUnt,2680272427783,3975122942
qAMsitzQFAvyzXFkiSU3P6vaZX4xo1jdViGYaGzL16P8hXq,2680133056811,3974916241
svRrNyzYnfej4ZyaoejYBUZtDZEEoG9CnZ3peMXvN6rnjxx,2680132011875,3974914691
tc5S8jFCqaguS4wYc8d6NczyxxGHdLchjEoHUQ24Tergci1,2679992871608,3974708331
pkakUq6g1mBvz2hVtTGYf6L5Udgx1Ntcr956Fs3akCKqK46,2679992670665,3974708033
rUUXbYy1AdeSi75ZrKeYWwQ8W8pdfmEUa9GMWC5AdBEFNvA,2679852455700,3974500080
tU6PBZ9JyVTRwcTn5y7CWdSaGF2x7Yj1PquuHkRPqkg4gGD,2679852284387,3974499826
pVT2ns1R7uGHb7EHspDqWuUNzqu3RzQ3itLRiJPh9xgF1u1,2679712039809,3974291829
os2dwQMLLzm37LZmzCRAp9CPHMfycynT3BpRNdu2717QkPa,2679640126088,3974185173
sh73byDgdFyQEeRcDig9vF2jeGZzkbfLe8rM7wkzhaQuFCB,2679571623785,3974083577
qSARgDheESd3ANxwREFEAHdMBTyoyb7KpZNkBKVbro9rcuy,2679499677031,3973976873
r88NGyPyR8PvMi27ygQDd7cNzng4NXsEr5miR6qqYfiL2Uj,2679431206100,3973875323
ryXznR95Bk8vvCVSe2uUT8VSGWoVMqrTHwUJzhBqwcxjdjG,2679359226196,3973768569
scCbL7ak9hjznra3vcSSf2b9iaWbEyL9EiE6kcSGFiQAM4i,2679290790209,3973667072
r1pPZtP4uuMJtN5KQq2Wb4GU7QUAPU5BN9SjLZUTRFAK68u,2679220054207,3973562163
r4yozByempQsm266S17TR6uMrDzYML87pkQ5ve3kCf5s8Gg,2679218949880,3973560525
rXSqmhNP7PFwNYjUNQqvTN3DwtbXFpTJwWYKSUuWRqhvjzp,2679218949880,3973560525
sh1fTkkpMzMtDPgBLrJpjLizPiG5ng3Sie3c2WF5T8gqt9i,2679218949880,3973560525
svA42gchaAugZ4e9p3kdfzz5MLJgdDQcnkREraNRXdBnkhX,2679218949880,3973560525
qoMuczQfAPwny8U8Uxrysc45FM3KZJG4kYUdEJziTZwMFzN,2679218949880,3973560525
rC884B3pLCVZyowgVBkjzXj1VLnPkD4bJXuBE4uHHqEqcjy,2679218949880,3973560525
rZMEqjVK41Tuv5Wg1E7atg23qXranHndtXoDmq93gx9mWWn,2679218949880,3973560525
p5zFAkzpaMFVkPztZSA5HL5eP9Q3cqFoXPginKknwq8nTNm,2679218949880,3973560525
ry5boR51HvsmPBRwxn5ZDzdnCP3ya2HZiX9TF1mR9irkB4G,2679079605150,3973353862
ozYEoRDX2M4UjcffaFTCpYvypn1iYTRnANNirLjSP9d7st4,2678939156109,3973145562
oa4Nn3BCi5UKSgxjo2Wr8B7e4Y3mBGNhTuCDzkdcBV4Cisf,2678937976729,3973143813
ooN4NZ8xqZzXEXd8ChsLZEFJuBu6mxey8CSMg5M1TsAD5WV,2678798707051,3972937261
p5aSWLD4FaYXi1zWNNZz3itmesLLErEKgu1FWZMGXMotCcc,2678756690161,3972874946
ocigVbAbs4MAy4otQNPF8QWRuuKctCau9ikrFYKseeqS8Qg,2678658257994,3972728961
sbsFmQrAgz5QyrqZz8TbeQZa2jAbuDwxsZgUe6kqKqDDKLX,2678515824160,3972517716
ozaAKEFbpc569QUfmwaMwDng8jbskgKEdHxVHNn18EPR5J6,2678377310735,3972312287
pcUZM99LpAUgCVLEhUmfwMaf46dJq6n1bmXdUgnmzXWWZTy,2678375300067,3972309305
tpfyeo3HhNt2VhTkmsdnqgsTroF6wQ8TXmQhtAbVnRhnqi8,2678236055882,3972102791
qLTfs3eE3qcSjU8FXeuKxF2ka47Uh3c6YkHhKthSG2ngjFZ,2678095533583,3971894382
oYYehcXumi8PXT2mF9SBgcUCii18mMHXjiQXUENRE4XSeyJ,2677955011283,3971685973
tEm3dkypXR5tzYPioqWc2HhxEYABEWJQheKiPHgJhiaXgso,2677815765438,3971479456
pz5gGLokmNcKRU6A9GWiKTcavrCiUcKPUSTDCtBQcKHjn1V,2677744474606,3971373725
rAQNHzd71MobswFakLq6t4f86tMwLPhonj8r1wn7TVp5TB1,2677603919174,3971165266
rF26zot1XkjuH2fn9sHcNnRriHT3Hq31LmR8bD1wgaqBkS8,2677535997276,3971064531
pQMoRGzc55yLyJAgBiWVdDWXss6BM76Qbz6dfAXcjyTdLYs,2677464641640,3970958703
q2FLGRFtVFvxaYUnwTuBZm7xezH3LrYQHtwoQbDgchaB9n2,2677395474977,3970856122
oiZVd7UcZWzy4TbmPruUdcRS5Zntu83Mqu8uHSj8SWRuUTi,2677324086207,3970750245
skNMJy91S4qLK2FNk1KYQE6sTD9J7hM1wA71M6KdLL6cRaL,2677256230792,3970649608
pQXLvTNeZtJiTCc8XnR78XtZ6kggEiNmtubc7matTnGTrhH,2677184808673,3970543682
p2FbrRo8erRTE8UXaX2mXMnu3jcy8pu55gWFg62AcuSwk2z,2677112909584,3970437048
pdH6XwQBkgPS1v3GQLCWSq8EXbAZGistHiKUmpgHWWEVEjN,2677044253240,3970335224
pDtzrxU75onwYVqaeUnTYDXFmcKCU4JAsLmpmGi841UFzi3,2676973598718,3970230436
phnviEni17Lifuj2h2MQdGuBVwgXWn1uqBiWKnQc3ULgrqb,2676904975723,3970128660
sCNBGfAHwmbe2F93U7dJj8wmVa6d9hqM64qpm8rQ83WS4Uf,2676834287718,3970023823
rksJrJ9Ys9TzC9H2w9VheS9Svm7uuDXBpHxMhSjP2vCwDj3,2676826346290,3970012045
t4AHxGCVdx5LKHktvixvJVYDp3MDHT8uuWPriuhyYDLjA25,2676764418496,3969920199
t1N8Hbo8F5RRdCXx2nU9jNBV53oo9BqrhmZ2wW3z7JPcoFi,2676751340593,3969900804
pm3QtYgyiRyGaaxNcEwaBScyBXD8N88vShhUM8KAR6FLv4z,2676693699169,3969815315
oftYW4C6a1AQ3TXjrk92QF9sF27Cb6WQbULGxKTCnyUic1r,2676625140962,3969713636
pXyCGnHpZ3EVxax7iU4oDKMDYVXyNAoKADPSJK5tnQW5iHx,2676554390096,3969608706
pSAgbmbfZri55ZnCzzCNVin7cLQrW2kzesGuDq66X8xM4GN,2676274490547,3969193585
oxH4kWjEQovm5NuRjZVmYQARsFgaHD491CHcNPkZUorQov3,2676135179548,3968986973
t9XowxnMDjPD7Ruh6QKTwHpoG4YnzRL4EA6dpKynSuCPNMG,2675994591114,3968778465
tWrnNZQbvMfjjK8hjosBNg2ArXkxQEoAxyoMfFu1WcqgGCF,2668263282965,3957312131
pQPKNGAiZmux5Z8kD9QCbrdrtXWjf86MjVhjo6i8VTb7kJT,2667842331914,3956687817
sAMz9XgvWKRPAESCkU2usNPkgnsWHbyVbCZgWZFya5SqCCY,2667421380863,3956063502
phcDeB9n1ENbXFDpDgsVtWfwsAi8TwcBJ8ghgC4sEAARjPb,2667340255654,3955943185
qkJmqZ1JrXZhjoAui5AWSnePbMeQAyxyqLFWTMzwPSx7EMX,2667000429812,3955439188
qJUziWpnML56ywkGoamm2LoXy8UpsTX6hGTS6tM6QnSm3mN,2666579478894,3954814874
sRPiCMf4Hod1HN1v65TaN4R4cKNYy9ZFvvBequAyw4HeR4s,2666084281687,3954080445
sCV6bhsuQVSqFSvNQL7cikLx44knVEX2T21wQ3c7KCvh4Fb,2665308972347,3952930581
r55jcNpSrKmbguTQTxC4oZnTMYdivQ2zTarc9Pkvv5qJMkh,2663196563831,3949797659
p325eRBoAX8ZakoG78TM4W42pUGNbKFo4M3Fu1WrpFK9QcT,2662492427139,3948753351
oRqQkqbTpCqGguPPkCccpumxxG6vT41g9ganWdtmDSoZLwL,2655217631253,3937964072
rk7BV2F1r9Wd4FStfG3eXvcLwJeRXjLod7iamy7o5Ngv1Qk,2628241098535,3897955066
qFTmrqdx3DvBfjPECBjdCR1qahWEchBj4YGfTmvV52MJ2dg,2622606316294,3889598098
tiyUNk3GhLAuDxiJibikwpNymSy1kTWaZizUChCqrbe5x4n,2620847727796,3886989928
qUNUdBYoqbRmeDXEoXrjMr3MYtdTD5bo4bUpju4FeHnm3Vo,2620775734307,3886883154
poJVeCoFxxUkM19fwekRxhzTXDf24ZMC42JC2v1cCADaSmb,2620344565827,3886243686
tRdMx13GEbkXenVqwM86XgXSWsqQjqEz72cMNgvqqEkTFXm,2620176705451,3885994732
t28Yc6Lr9jKa7JDfg1pb1JHzce3T2DpysJUST2FLMXSbW7X,2619983552313,3885708266
qFwpk61AvLc872Kn8mgDQAaPhMHSBQtMJits5EGDjxEU7db,2607831364375,3867685306
ssmX3feRhei7MGSMGtc2FAcAqNFcqsjWDTziTbd15gMgFLX,2597851634346,3852884328
tKx2hzeHaYykeqmHMJcF2Gbf5wgS6V3CiwsZ9VJSYkbmyaL,2566864617202,3806927357
sZvVypeqSeAoR1bpzMPw3johZkdeH145P86dX21mR8iaEBC,2541677509768,3769572256
rP7Eq7YB3DXNmBYQXPxCn22TabSzAZBizkDk5DpebwmMhyi,2497158422568,3703545816
sPHaUmBx22Ew1zLzm6UV4BPdEMCMpXALgrphPKC6Er2KeyL,2491527085692,3695193958
pYAWp7QBG7PabCJev6MEhycCsY778eziFZbzMnLLTc9Dkgn,2485560266259,3686344543
rcNYo28L5n2FMZCQrkpKojgNC25mGnd7NJfpBeKW4S6hNWY,2476542024607,3672969553
qccigP9z9difpvr3jgF2oUiwBN7BfqFvZ2RrkWps57f5hd5,2476503806585,3672912871
oooZQ7pgBPugNC1ZMrdVyH5tbvDrFvPZZm4Vd2bVWvt7m6J,2469592488219,3662662667
raJUTNVxpvatbPfmc7ZGcQuijdwyd7GgkTcDsBsQdyq2cEg,2466127533269,3657523778
phxZkMSBVDpNXp1KtYVAkgLeUNFTpAurNeBVBP4rEjz51cD,2446839337520,3628917376
qZVUR655941nbc42Bsp4HjP4GVpHWJrT41QDmzsbW7duJav,2440600428679,3619664425
oVGwxCPbGdsYy8hdFZZAWxFvfY98yGV3t5AKJ11q5ommUiu,2426064949667,3598106797
ofg74LvufJZZNCGmL37Kppsgs1FKJR6ZW3SEX1zDso4wXdn,2416466541621,3583871359
t4ZNwtj4AABuz9E7Y9f3M4N17WdxahYiun7nrt3ewWpRnw2,2406727189262,3569426886
pzBXYitCGk81GdCRqCDKSbG9jikoVttsRfD1eFfBnDuPXx1,2399323121351,3558445883
owX4g9Wcvq8JDhYrDvxhbcH2SvVyN7CZgfy8Vf3BoXYA6Yi,2372601640435,3518815146
rHtFj8LdrUpxeaFT2BsRgn58pwfVWw8GzfV3U6Fkc8Sg4pm,2368871288355,3513282646
pQEFfk1Xh9Tbi776EZ99KTcDssKQe6itdX3VLyuG8coo33C,2365361720160,3508077591
sygcua484qMdfDeCD1LLcks4eqqKnTW26a4oFeZL52faAog,2319471901345,3440018214
sQxUDE2CgxXvDGi2sJg2H9sKu46UhJTpYbm2tcvNdwM8u7j,2300604671312,3412036148
q7eTxRgvFKo76QQRtsPXmTx5aD1mf2fU5y4NvUvVitfuKjc,2300331875559,3411631564
qi4zCibiFJXjykcBayUij2n9LcBwMRUoSTsd2ZHdJvLNyAL,2259521763749,3351105921
pYEsLGJEGWy3srSGi7Prpe1L2XS8ubCMPQpWc79owammqBp,2244934977668,3329472199
rUFm7ZQzd1emC5aBg1Ct9XFocsrQa6cEZ4hsYLxJoLb8UkY,2203775124972,3268427854
sejv726XwUzKWHG6cv7UxMziEM1N14VssvbYgp6cf4V3fcj,2175651132044,3226717046
qhnuHLnVMD3ZfeEV5X3aLqEPvRrjnTLmm5Aj5tUG8UMc132,2147198421001,3184518714
qSGMS2s64bfsezZVFGZagdWL3bmvFb81x4mDH7apxYmEuex,2128509275133,3156800766
q362iFKZLEarpLfiPkY1guPS5RdjapQ8A8A6MZopJWxMP5r,2128457978545,3156724688
rCUZxci4Pbdiy78hnELae9dTSk6ynEU2Rje874mPeULKjUo,2103726253669,3120044966
qtqvUPf12W8QZLs4dewZFM2TTsMNozKmEFU3vu14uD2UapM,2101608544656,3116904183
sqbAYUzCEzmZDnoQAAbGzjSxJmKgbcm3isootDYJdoGL83j,2085138529373,3092477436
qfNNqDwKQHoWH33yFvmiuY5jJLuL2k3vAuMDQ8orQEpGoXa,2064927718643,3062502701
omf3zeFrASXJZLdFKKZKLdfXE4NmxNyRb4gYKRUyYeCcdA3,2053123620889,3044995995
rycMPo28Bv6E4wDzNMFjdihzyfypFHit2JCBfGcidAt2BEg,2049409746521,3039487933
oubSA2HaZBf5xwupC7rpb21k2GpiVyQCaEocTF8No13ih1H,2029663570363,3010202299
pqgKV5eL2iU2RCupVLeiSTePVQcKeq3Z9JPN5evpgCRQQ2H,2012037973426,2984061704
rHotLryKx8nceEZeHUDXMSeUEAsUGBB2fgmebCrGh9ZbFN2,2000474196043,2966911419
oK9cdFBuzGyetoAB2qGK3qxrJkbSiuLiij6DfJLgkbsgGiQ,1988042475182,2948473883
tyLqHaDHhGZGhRv3FWBm3fcQ9XGk8HMPfTc81Ecr5eNpCSk,1928833435011,2860660715
thJFg4RKAJpEwbL9mykNnpo4GLHjCDcNM8UMSXCyFf5TVQc,1926271837953,2856861600
ow5iEKL1k7RYcVFMESoEbPtfk9EWmrY1i97GmR3cim2spHm,1879233056255,2787098191
qMWzAv3t57bmA8cuxrjTJZZmnrJdkYxQfTDW4QPBWCss6LZ,1861069902411,2760160344
s2VhdEM7eBu7nej1c9E4YVRYQWEsj1iFQ1NcRtWmf4DafvE,1847385973136,2739865653
qM6AZe7LErKSVEzBZScshZFWTA2sJzCZVzmGzLivs7TUjQZ,1845842907154,2737577125
tesvytpao6e1k7kaA4AK73iJZ2dvXnijGfhphQ4JrVw3M43,1843159707988,2733597662
sehU6viXJatLTQ3hvnAupH128puPjfddTpBDQVqtVQRauVY,1837550902668,2725279220
rfThTVEPY3kVqNPox8cBJagAnXpGBTEgX8aQAnj6GDX2LM1,1837519818951,2725233119
tbFYdhYGXnY4E7JtbtDtJknzP1RsUX65W1PjDrFYdLWDnCp,1837287483604,2724888542
qwLfZiire581rDQVMaJBedfjZSkZJHtt3aa9gsYWVgmP3N4,1831193571885,2715850637
qPGuej2gNxX9bTqkH1hnf4RubbcW5WiAv8Qiy94JZ2z4E1x,1831104099659,2715717940
tbvj4dPw5dpEh5upPCnUnNtEKe2LPN85u2kEyp2YViKLi2g,1829357138989,2713127016
qPqYqPX4LhjNsC7by2SkNgWLMV54VKhUf4u9sh7pJ2yn3iw,1828488739367,2711839089
tWY5jgdboYpB7r2UzaMoHcPiNCphkdCNed9fabFj1wnq4Sp,1827307846282,2710087701
qFZUtHdbBeUfGZdNvq6RRfy17NueJ8hkEj5vdSojSH2AcSf,1826898594656,2709480738
tZA3QC1oomogTcnraF53r1uBRsbyBFK6kPFLswzbLhWK61c,1821056417439,2700816182
qtgFL6qNPp2PMqu3ruxY6cyvn5Fzo9tf6ntVu5CABTAFkEj,1801174914781,2671329844
pis9LqxDtg7fGpdDnZgVabu93sUkXi5mmdEQpAWUcvsqhr7,1795514719135,2662935185
qdHaHHC2MKkxxUzaNnQB1ydR6cnQNxCtXiMJTaJHrBufCT8,1749231391661,2594292194
oa5gYe6DUB4d5JTMfyFr6FCk6kKWhdZve5P87BHFwB5xPDz,1739593028413,2579997498
svUG6WeBxMo77QFDb1BJUL16jr6LysBDFWoeqgZnWLomdTQ,1720381240639,2551504417
tYiBGQH52oDUqPtFycxVtpRPodg5qMRsAv8f67FVA4Z6G3i,1719765092681,2550590606
tFBnWS7CAL6b4JfYkMdFqXND8CQHJPwzrHBDFUCQLD1g3RG,1682776988054,2495733397
sZ1rt8g4hQGgDmTmyAb9p3rnqRpuXcKsY1spmLSLaR3LtY3,1674285199385,2483139191
t3qk883nbioLx5gVSjXnF8kvFU67KoViRqzMxQoe6rYj8x8,1669928069704,2476677114
tR75MAzFNjYXyJgGnDFf8kc5Y5rwQv95QwNqF21HFT4Gymh,1660936068975,2463341041
owLoChALTQEekuHqF8qbYkH6QYyS3D1saxEp9GzDxKtSVBa,1660816904233,2463164308
u3gTNYhjR6EPx5eccBF49k25ofKgEKicgi3fGgqwwXApsom,1624744062283,2409664529
tVu96vG2UqyYRZLysHbREmPNixmkYedooXNtgaDJ9W2nJH4,1622570841362,2406441416
oasjEt8EJnpUgnqZ8aXGiJkB5HdZZZFfBwnxGEp8TNrvoax,1611368055272,2389826519
tbCjvug9h52d8sewbURWv1dAPiVunhQurzvxCKqhup3o7jh,1559858354252,2313432271
t27Gc27NMNbZNyMQ9wN3nFgrxGQgKM5DjuoC75xrdpQNMKu,1542511032119,2287704387
qV6BMz7xxb5Yt13Hpe5noXdoBrZQtez3JFAH7Gp7yWCm2By,1540273490333,2284385880
pmBBH7QXPVj7mM5G48efF8wfeoVvAPSqityMR3serHr5c9R,1521761514833,2256930694
rqVoC7CFb3opVrDvEG7xfPqUQSLbh3LQDsAoEc8rb2fPTEs,1500709484298,2225708342
pMH9EGCHJGrYc6ELdeBnFxAgC8RLQeCTn31K97VchNA8gqY,1500339786223,2225160041
qJKRpPkh4sHofZb4G6MDWkKehcygdfQQHMmyXsD8S4syP5B,1496994732720,2220198979
pzLkkAf2zRYCzkG6D9WjN4Nw386ChwNUCziDrTUHsT1DtmR,1402413950256,2079925835
rX7cdv85F9bfMshB7QsN83L73ecjJ3pW9GPMZR9YmtGGBn2,1386291581285,2056014684
tHKVdqAhPMXtg3iSvWF4cKJqDyZR5GddS8iZXka9en1WCoP,1375993679361,2040741824
qPicaRz3jCRYW8giTV8SPaKiK8q1VHGAoGfzZQCnfdcwztg,1357371591633,2013123330
oz3JPXAvFpcPqckEg6WHXQxBehhNDJfeLQeJgNsa9ALcXak,1330413526269,1973141714
pYP8mApUWWndnzcHcAQPSFp1QmCmZpxwjWdCwdTFX7aLyuS,1298469020976,1925764688
tjmQuhshrdN2mzihzQ3BhfgC1RiCBwD98Hyv2m3cYeo3CQK,1296956087046,1923520849
rxiTEdtCKVC3wY6ysbmvK9PinHkRizDShX8wT7GX8HVHj4c,1274030416500,1889519694
qSCcReTiyo7vnMc65fwamy6HyGyD6aNkEYYrhmEWskv7m1F,1266900524880,1878945323
qnpSWAcoAcHi8f3UzTrp1ZYQaA6MSkyBJ1oM3E56d38hPjv,1249796608120,1853578434
rDQ166tM9dGvC3qUNq3Tm66C2T6j8YKkRfPNAhbTmcJSezk,1246069294804,1848050441
sxcn7RJhRBXwyeHgyCxm1e1MH3cbsWPeS5gJY2HAvC8Umty,1201835406820,1782446982
qfLTixLFNMYrFgo9mbkboi47dMFgyBKfhQRmjS2UUzL4Ybo,1122514157822,1664805314
pr3jZUVGa7gBiN15Mt5sdqpK2YcheXCpLtptBrdL6zgLtwe,1095268395722,1624397014
r7D1aMuvYveTNuCh6h66RYVHgyTUkwPwrGVa52vH7zqgLSk,1082998813755,1606199947
s4JvechpabBvd5EvX7Gdpwm893CKPKtXXkREuN9XqAeBDS3,1081477504475,1603943687
oMmpNVMu4XNRWezz7bU5QCsa1zZVo2XQ6XsorjtBAp6QJjM,1081083505708,1603359346
skM4qvP1CKzJH2P7o4g4BcbXgj6c7zVced5s2p5nVtpw8G7,1075468927255,1595032342
pSXX9fRp6GSKH5fW75nzkdp91xPSw4hPtXYBDF2dBaL26eZ,1069883334126,1586748326
qvo4ReTPTdZZFFRYHp2k4TLHSAAbMur1LYUKokHjBXUhvZv,1059776924524,1571759468
qY47Rnu2d3qjtN8CkTWeXXqPhCBXUs6Lkb2p7mRbtaLakR2,1058625645498,1570052002
oJe8Yudpo4YRbuAvaLCePXBpkedLWQDiy2FjHxHWs2AoheH,1042833286610,1546630290
oXyvDNhr36eYTwWahv9Tv3g4XTjthSKh9RVjovuWrKx7gXe,1041276242595,1544321032
sXMWZdfKfefBjnkXkhdKTUu6bGCVCYYXS3JkpP4hHJngs8K,1039204704308,1541248725
rNgNe7n4XbSngASmVC1J7VZuGbnZhF3wNeiwKtHqt7nxhcM,1038687857755,1540482188
qHohGjS6UVpFQJUgPbcDtzCSRj5SJfn2SJuTaAdyWbVhfg5,1038171343366,1539716143
rM11JwFRYgY1iCtej18PkYu4PbYaFY5c6UhP11skgjewfGf,1037139477142,1538185778
tcQD6czJsGNqgS8AKrNZXCyEmcqBnZZyE6XwogQW7L9Zq1i,1036109105671,1536657630
sHsvXakkwz2u7fP7zdvz5J6UDZdLHsP8uJ5N26V26J9oQW1,1035080395016,1535131945
qkWWAURaZD48bqdrieeqWKVgDbxsM5VPnqt551ny5zxTe97,1034053013015,1533608231
svppVyejWD7mfHy9ZiV8EQ65WYLuJRPM6qBCE2fnJnKRbd4,1033539986324,1532847359
sNsrSWocoMLMWSSqv7P2zXDQc7r4UBNnxf54Diy27sPkiEC,1033494305738,1532779610
setdxWunVYKP9AdUPGve8sm1tTkNKUnrPKirVX9yEssxzco,1033027291814,1532086979
sUA3mX4Wi9XSB8Lv7NSVZt7i43nRJVWG1tzFXB4UWZac2Xh,1008673242598,1495967390
poM97ygwuFW1aYEYtux2yid93KZXD7k5BcruJ4V5ujpNs4h,1007633384839,1494425173
sc9YuJFebWGpjSPGhrNZrC6A5Qx7AaqadyhDCA9bbz2vKid,1007141662062,1493695897
qRpDNmnh5xJfUDsQhoQ3KhPUrRm8e77GNUB8JuDrrifWBUq,1003908167092,1488900287
t43PfcuP7eNuGSqA1fXMR7AWKULfdVXqbzTD86g2mVMuVVB,999590707651,1482497045
rnmq4zE5iVv3YUu2a1uMTHzrumfnxtsWnQY7Xcf8XSQq8Gd,998755980543,1481259058
tHgxBi6vaC7eoNxefMuWsQRMS8sqjYXr5Dj4Ra6t8cj9wbL,995183394975,1475960542
sWiEspBfUjDsW3c925kyu3FcPiihfinAp3xAUtieUBZunwS,960739115188,1424876091
ryeVAhMiPjUoA9NATd7ioioKesr6oRNz5VoqLXBihFQjzJH,915930489391,1358420235
poQXPp9xUYMTPsUk1S2uDnhpFmnDF3e4aS7GviFsHeF5tAt,904901136398,1342062557
rh2Ho8HhtsHb6GHMhkLTMGsijXqov6Bkapq5DHgUu2pULXQ,901694342282,1337306548
qaa8fXmU1u8LrUyco8y5Frj94Eftop9wdHkGhGzsQ6jc8ib,900936218178,1336182171
odZ4KmTKhckbpvxBhv8qnxsYukRoAAEfuwzjuKbPHCx4zsy,894817761562,1327107863
qwTUVNPsXWxzyUdDhiTuHNqiMh6juVkGZXfmyu3Fvp1U5Du,887579852171,1316373290
q5XyF524NW4qNx78exjJPN6Rf2ijoVzEcDBpbTivNLm1uHC,880098864588,1305278207
oSp5EoxKSvVE1J4zvPsjgpaQZDbfLNGZtKupRxCz42tFwFm,879780613156,1304806207
oT2fDqNHzwgv2Bm93HBDK1aPsmTDoM8XCytexb13Pv4tUfP,878248522300,1302533957
oqq3zm3fNyo71vSbVpoFRg46qTGWckYmUpuBtaLsQxSRgsm,876987629276,1300663921
sjfwteyVbEUhJSibVkTT5fBPbDyeJSGr6vgbCHocfVCMmTb,873781282551,1295908575
pyz2fvETWAo9NuXFS79xtoAPRouQS7JKzfGC56y1vgVgiV7,851952186495,1263533754
u1CN4NrkA8uZ9Ms2D8dLtGVmtSsYFknpJRZcnKsJsBNL1Rg,840178588115,1246072282
owenQhwncRBcKhG5Z2JYyoYFgATBoLGzKjCMXSFvmuUXgKF,828980356782,1229464140
tjCb1rTph2Np4nMzL9zjVPxC8n6oYmtBSiJLu3oi4pr7zev,828956607084,1229428917
pXthrQSRSL8EQsTUyBm5XqAZCosXuQWuhjaB8hB2iy3GTje,828955776675,1229427685
odiayVMDn9qKLezFoMpTVjxj9VWBZELqvF5UGQ6KM8L8ups,828954946267,1229426453
theUSgmw8VHjjRuxrpLi2xDSrFCDxMpFssP6BawuSeawTad,828947970819,1229416108
qcuQAbjnxUEqS7hX6bTtgyXbHsUNn5HNkb3Y7oyrR6o4uYS,827054638320,1226608099
oyt8e6a1TeLs2YdoQnsjZN63otznXjWkuZHrpDsQi9unau2,826800699249,1226231481
qQ2iFLD2gpS9dv5PHNVTD92ThwnPzw8XheJuAGEG3e43Tu5,813863591488,1207044404
t41EZwVgBttbNkmXPchVbGBCQdp5V1oLL6dRF1G2jDrcfvz,813367505146,1206308656
oVxNUuUFenhkTDr5v19qaMd4xzjkdjG6Mmgrt2XWvGGuXZU,808861132914,1199625237
ooFCvF6YhyP1C1bqN9cLhk5s3yT2JModpzW51WpT1JBNjTs,799656785118,1185974231
tTQujbczpAbvfXtXXL8CEV2mEJcBfVP1oWZamr35rfuQ4qK,794850707863,1178846319
r5JhvyZUjctbQhyTcmy1Fjpjns3tCjWAAQcgapQrDrqx6Qh,791849189221,1174394754
pJS2vrkhDFNogapHqanD8ioH8H8GbSZnjhwDa7nX2BTJXyv,789599040723,1171057550
pAZsWUSJWXuGq8YJv8QFaqh279LPyx73xH2YeHMZb2LpUd2,789001633688,1170171533
owxjrTwDKbrf1geWGpbJnq7pifa8urDBtJSR5mta8kZeUgA,788497420156,1169423732
oTJgU67j9jntgvXfTptGLJGW1vmk9yFvnQUdMmpReZjZoo2,780412724283,1157433286
sLo9B5PhA92NJtKWDUWTNVzZP8KJ4bo72vSJuAyVKRrKMco,769389565672,1141084795
oYfP8DkB52YEQ7pu2mUVahp7tD8g6CGjfpZnjBSo7jLYEQD,766681081184,1137067831
svyHUre99xXMo6sZPaYWm4WJWBV8VYpFCYke1s7fEGK2hzn,761507586570,1129395000
tKnVp7Lqturvi2VXXwqfzeAhw8reWqDVNZ6LbsP1C3ufo47,757144664325,1122924332
s29pp7tkL1Bn2xQ8zG2PhLedXuEacrF6qBH9bZWkiSjUXfY,755709469414,1120795789
s2ZAxpQqxv3at6DujPa5DPQJKqzAKGLMc7HgenjXy3AfmJb,753741986455,1117877807
rNgYpkWLmk9ySRZrGFuMC2aFzvrob1a9DoM7Rs7YEx4qPHT,747019068351,1107907020
tYtLrSb5E8az7nsuLiyLx5vS3zmx1tJpb6EpXMWdXkvW5pp,744396059382,1104016824
tWRFherFbE6hs3tvzmx6xYRc1tsrQu6MNRTyKFohSqTTAbM,744247250088,1103796125
puMv89zUewbGkjJehmqhevFhKFESvcaL1DHrujGRxmLsgNz,742640053421,1101412485
rPUG4d7Nn9evnSNXPPtxb8MFmRhHfev7RUJkWiw1t77zkaC,740539534295,1098297196
rqYvETz6zVSoH4iBCsS71hfi7HTmNtjCnodwTFjo4UatT4k,736768752784,1092704735
sy1DLVW5S5FDTyrT9Af8sstqd2dTeHXFNCXAMZY95MhyL4K,736593735965,1092445167
pqkXBdJusBkpdTCMSTTyEuxR5vnofVziCrGKpu6fBvJ7dsg,734127512828,1088787501
sNxfAhgrDYbG6aS3MdCf2xH5PuVavPnmVqTa1td4foprm4y,725063863495,1075345166
qkjhJ1iCK3rAgMmVVU2jkZ9eDjdMxo1KkayVnThMQzMiK4U,724429219949,1074403923
pB7YuxiSj713WgyCBQBp8DvKYCMCRkwJb7DKCpVh6q3pynF,724033724720,1073817363
oMAN6PAqTRxNBWWrzN6WGsknQG7r6jhjvDRSrPGnDtkYDga,722791554932,1071975096
qSj2fbawxsebLQZ3vZ4iXiwxxQuvQzoHEVyvQ6rorE8zbja,722750286422,1071913890
pUr9AJXwJXFqpcTsJf8x1QG9pFPYuNnv55BMELhXhxDWR68,718837115056,1066110250
ra95TVEPkeBmEzwZ7r8QRez9zFM7nBieJZxR3juvgeJJ59B,717574100869,1064237068
tBhDP6WLkFumdxnrbSH7BsXhNYdDKrZaHfV9dL9df5QN6zK,717474665685,1064089596
tjzeeiztGEAtcoELhd19PmaSbb8W3yEP671X5oiDQwBcGuC,716429872676,1062540059
tPH89Y32jJrGFbB5LwQ2FDKjD26As3W51oRFcRDywAyTM15,714412769042,1059548484
rUNqmf7uhyT4bZ3r7RsrirQPtf6a3Fzh8u9EuKv3AqWw9fX,713165662609,1057698896
pT4uBdQqXD1Lcf4iQ61c59tFp4mXVTe1R82mTsbw25s6gn1,712821916026,1057189084
tYanV8yNskRQgLvhHgz3TidPdvfhG8kVgPnksyCiwvA2GgE,711523987998,1055264121
qiB6abkv1rSYAMBu1KARgC6Y6WHgzaNwLv8SD8qunTN4eUB,711302434142,1054935534
qY5Q87HAVUAvpgS79B2oRqF5dWpFjuyieQt4sTLMB8R7vL8,710899372348,1054337751
t1SxXHjRrdDXdbYU6yw8zgLuhG8o828zhJz2JUwA6d9ePrs,709674453831,1052521070
tnCAUb2z2YBm9GS7vx2J6E458GprYcmip4C8Ytn8bRgbutx,701318426829,1040128212
teXQGaWqcbMWwwRpRLeMJ5Qr9pYw6vCLvzcYUPuCGuqkS6j,695999468636,1032239644
q7jtzYSN8qFLEM4dWfonnKJMdKxJsihE7KmXJZwjQVqtaAe,694395473128,1029860751
pPkkoK6vWaYsTevdQSwqAA9sohzvBMfsE95FHGLb3ZjdfhF,691306683840,1025279755
qnYsQNDwQn4N7M3ka3kuYT2f9aivEaKex6vLdHFUN2cDayr,688083879449,1020500001
pStdEtAxQHirvTZDE8CeDRmMcRM4cCa44Wgpf2tso3Ado7L,682454194355,1012150592
qAAG6uH1pEtbL4LZ5iJgHMCRUvXASptG6Q1GcLPPGnaknxo,681702505601,1011035760
tNZk7H1BwPFqfcJQxbErPWSbqQ8SVi5MCB9VfVPDEVSHKoQ,677220622180,1004388660
st4BRssuQdYHs4rjoB4ADyEWrh5HRAFmU4N7gSg2yQTsa3V,673141136593,998338358
rHvcbgZLoU5sssEhi1E44vpYacpcE2znh4AZxmkChxMv2wn,670670356058,994673934
resxpKuZ39o5F3WpB6eYfxfoQBg5cJ72Y4DG8mZtiCbuDQu,669934779770,993582998
tvheFMmtzQeQ83itoHT6sjS49qSfhaXh91TnU1enKsBjWPM,668294888096,991150867
qz8HeBekqjVY1gKRjDRA3YURYyE9CovA4as7iBPHh5xSpFb,667937862718,990621362
sU8ua92jEkqPFbwrvPRTqjpxsGsZqx1bg88giBAsP2mdeBp,666822739029,988967517
pfV49J5VxT1AA9jTLcN6dnQkdJsG2pzvMyzm12dw1UVPRLD,666707146106,988796081
qvn5YFAroUQLEVUr428bKzPJxLZJrLj7kMJT4fcN1NrepCC,665902810868,987603168
tF4ZvnStQgEVgwQgh5S7jWGVLQb5nwi4uzPxoEcniuRcnDx,664968103579,986216900
t6qyGw8fUeVFdGjT83oDU1JTmgSeYfhmqet8djASv3Qn3WA,664654042903,985751115
tHYmwvDCPo75wrGgNUGoUYSPZvGY3rvyAk4kxjks4ghYgJD,664327193921,985266364
qP3kyzF8tGcjsZisWzr52qkZ3bfgq32GqWa43nzBMAUPwgi,650244121748,964379702
sLF2QGGuuAS14zkaTEMTqtT87F1Lcgc7LGTWEhWhcNQzsnM,646548635647,958898912
qJUaLUJzib8pyuvJ87cGZupfZ6Q9KFeTHpUJEH1XcxU8BCa,637053020874,944815927
t4jLRnrgkdYMctbXcchN7k77TjJK5C54S1uyUwUVC2SzkBG,633047680165,938875590
p3QDbfxFQLztm5UVw33xppxY6JgHiBnn1xA3nhPQV7pEcL8,626943841909,929822963
tei5idDf4E5vc12bYWtd2WQTdwEYTB94jbasub7p1HGmgQD,626731423294,929507924
qLkt3fJybHP9r7965YybYDfzHcLgyfMmbiWMBpKMAyQ6Wji,622830981442,923723163
rPEwNPLXPwxw5kZ77xmU769Dd1T65w29NEX1QrfTwCsy5dD,618680554076,917567647
pDUYM4V4FEWTkaw8xYALmcU7GB2PpRpsxJvkMsD3WLagpDJ,589874049073,874844602
pi7uRHu1GLTFQygf2GCHz8ysPoHYMBTpDz4r4EnQQTxzjAF,582484827271,863885617
sBot2tnU35qw1DpgWvyJjxiZKhzCKF2HyEQAtDsaSepAdbt,578880899580,858540617
tU2wPRu1n5q7LivznxmFkMrA1ePnDta1paAmJDuygNKxy9v,571089868754,846985708
prLpMdEjGn4f5hmdNZNcbAxjeubETnngh1jS56AMUFKNXUF,569394671827,844471554
rnfCELBPENusw6Zevd8KH33w6ZYamv1gNxCXutWNBWVKx4H,567763084238,842051740
ogV7st4LwGTsuw7YfZyMWjs2VDWK6JUz1TKi5GukFgDkWeP,567560464442,841751234
sX3miBr7AUTYTTwH5Wu2upRoh4ZULx1SLSicFxSWVvLTanr,561423575914,832649590
q7qwtAebgf5YVUq7CX4uCVv9Yx4gKnExwvH14dEphK9e8Kx,561339206365,832524461
sRkpjSQjq8qhTZLKK5w3HLZM7UDazDSKZ2GeRSScjfXHD7W,556264577009,824998257
tmg4HXx2GScYbZSMQPK1iXXFksrQCNZXnYVfh89MptnjjaE,549520970226,814996787
rfCY9gP7XMXDX1GMD3NSRXFhvmEb8R3tV7ojLdsooezuxxf,539806867266,800589761
r1h9B4N8uuVvjYLXcFdm8JnWReVcA77YPfeQVZcHUhKxXQS,537142674007,796638485
qfv1pxxp9GDMACpVmixWuVSLUZ7pVd2PDid5fSUJdzVrqpr,536942634391,796341806
sxmYBGQN7ANcFfVB228opaFbvWan999YnkKWUdNvgLSaS5G,535525444579,794239966
pXrPr7soTmdWLHY4Fghfc44bd9SZzYEzLhzjPFqRAD46CyY,535313358127,793925419
tjBPW985LSo2WEqnK5yfNSxneE93yWknET5dC3ovdJyXgyz,532556278518,789836383
pAtPtTfa1DyFmFFHseWjxF29VbFSP1AUdUF7qdiVy9bPrsB,529719564017,785629241
ri1chdtpsZZMwTncXME7XnZfTDtGtL8QbtdxYuEsYMmvjXe,529301861358,785009744
pzNvu1CHNiebe5ba6o5A8vpJhFzim1FMuqEeNpWnG4eLzta,522972176350,775622162
oywVv1h4gbfJwscJNWeBSiwrLPKDi9cg8ugDNhTh1aZTFcy,520402700343,771811362
oVecrNhb3j2pZZ5Hjg9Chdd3EEoUubFpFoGGZmHmVLBG4M6,520353540130,771738452
sYxRveDyKK1Xqz2Si7ThnFiTZUqkWEyZTbrtePQeiwS1WHr,520108071242,771374397
tNHU2gzR2EvsaKxpck5VZdYpzxUHHrE2yeyqPVFePH3WvbE,517103651502,766918529
qLfEa6hS5BjqJRXMAGZHtYh1Wn65VF3naLiGif1Dn1VKf2k,516581466951,766144075
s9gXwqUrxAe6u15SYSMSzxPNF2Er48NiRKmZBDFD5uradGX,516339343065,765784980
sezbsaJSUFQmoUHuzMrLt559a9rQxQVKZVbP5zPc22BFgDY,516133069472,765479055
sRE77mbqP38bznN5zwgLEsH54T6RfKRkyULMrF2d843tQfB,516084573586,765407131
pYDFsUMMxvoB5AqGfb7Epz4QzjqtSo8ssWwdTAJ2aea21xc,515476817686,764505766
raBDMHvbFVpb6UeARoEeDmfM4hJqtruu75YrpK22gEtMwiw,515428550477,764434180
qkzZF6JzfCjWNccJ8Yo17ZD1AnLhonQ7iCzvF4njKfx8AY4,513089122274,760964565
oa7ws7vskW5txMHGJWZAKazXeH2yRwxusMnQXMcJHHSnjsx,510095996089,756525447
tTK2mre9ggMWth7iT9DCgF62LzR4wf9wnjmt8VWgHjaKcwV,507819600771,753149316
owcnKQzWh4Lag7mJZRTUtNcRgEkUH4hfgGmXCp64KGhvXFu,505630761395,749903039
pfRp3QKrxAMzaCuKDHRADviqbTqNdnbf1hvn9WLAdTGs7Nz,499270784466,740470532
qc6DfdZW183vXsNFtQAJ9pQDt6g6AjvTgbNVaZrkEFReNfX,498245395445,738949773
q7bd5nfWhNNv1RBYeSqfGw1mdxydiJNdTxjTvJ7TYbyW2y8,498245395445,738949773
teg8QVB2cofJAnUnr1TTtWtSA4r9Mge9hReuNcq1zS6J8bq,498245395445,738949773
sLgmeb1gdLR1NBCa1q8fqJgGwfyNEwkeAUwrvpb1tMMshxH,498245395445,738949773
qD89KqLomADzkh7S9zxxXzWybNDRuPzjUTsH2v3pCtz7JD8,498245395445,738949773
pD6Z6gp9H4M8YfpUvUVK2xBnFFmQ42wnS8Tx6AiMYX5PFKZ,498245395445,738949773
odQ7DBnHUdu1nkbPuR9evCTbVCYSajYqjfirSSHZUMUpSEB,476818518302,707171484
pPvqATHUqdjRTFU8JyCspzkYXC8aemxZcowJjhdhH7FvncV,467923787467,693979673
sCziFvfrNbw5HaeQcJno1e1nKWypFq5bz4pHLbnm6M5GLeP,467519411867,693379942
sfAaFcPyRR4aK2PyZvfBv6KX76AAfDtWNxeH2py5qzKscEM,461102529870,683863038
qtiXcLZLP8xwN2Uuykc4vrrDZafg5tebH3s89w59A1LA7EM,456514121703,677057951
oygeeTN5wubeB64ceRcxqg9Ko5SSJtsgTrx5bYMHqnoHfsz,450805956616,668592148
p5iMPhpFVUymu5h9LgSfQLtVsF3VQcwgM69Bkc8rA5n7dfM,450763304413,668528891
sEZxwtWhTZngVuJx33rufwokUasrPi3dnJQJfbjVY2pp2xJ,445303832706,660431926
pJVvg6FHtUHEUttvBm3pRiWLXYyPUUyMgo5c9hTindDWVF8,438495309373,650334177
t6L9J7hdgtUM2Ur432aMdHchmNzju1ybUD6DDt92RCsvAdv,437644140162,649071805
pAjs9wAhv4LEwUJEzCJFvjbd2jrcx1T4j6kQgtXVDPXLgme,431964640891,640648516
rXTuDfPRpf1rY3hkLwsXVNqGWuKJW1kiaqZ5nNNdNyPxEAj,415204496207,615791478
ojASqkA18swo89YgYS4xjetvBDaw1NMUd48omoMMP6T2E5R,415204496207,615791478
s7DvJMP5wDSBbyTTe382w6pyewd1Vc8gUfrptuvQraUxRgY,415204496207,615791478
tbMrCSkftKohFbiqkWPE6SMuz45CS1ZMukQfHHZ9MjAZro7,415204496207,615791478
suvpwr89b95Lh6ENGxN4EYQoM5eV9WiKJXrxqg87D2ddR2W,415204496207,615791478
sxrr2Ybp6z4YoZpma5iimPVYpPw99Y1xo4DN93jYiKFcPcU,411215875739,609875938
qqeQf1kF1pbvrJN5UYPjYD5A6g38BXp53uP2J26TK2qkUw4,406866857753,603425892
pLsA927s8Z48FDgyDcqQ86sPujjQkFPmVyzUFzPq1XutVgs,396348878539,587826634
tWasrtGaSRKkQ8SCkLm53ReSBg67q2nHM9BCMQJSRRSh8iU,391348174502,580410070
ryMe4TB3evgHYE69RRPPostJ97z6X1neBjCErWLvqNYfDfG,389893962274,578253322
rZVSq3qwwisLWuj6h3i8pLpm36LxUiLdJB8n9T7BkhH3XK3,381416150791,565679845
ptBs4vMpzphn9WEb3ioDRC5TyjGMDomGYQSfNAhbuy3Qx2x,378114673852,560783411
qPitAtyje9aJusTTf9qwUjeVkHjPDwSZQSRLBCfQmvX8MAR,371530629986,551018589
pqynp4RJwBUGa8LRUEgCRaweQ9Dmc5C1G9VCZoE3CNhnujH,369764494520,548399226
orsXhaw2A8j3Cp7brNHXnBTDdzJz4a5mkGENS667HbSWRjw,365471301657,542031974
pZrQTvTF21wVJCkmqU9G36bq1iGc1VTw9WSr9s5J7tmtdTj,360191420443,534201361
s7meXKsAWX7g1KUmFiqy6NXeJon45tsifW1ZSiHPiLhVBpy,360092244363,534054273
tjh27vSt63MqA7wPkrhSu4apojcYZVkoUsC5qFA5vvAL8FC,357107090116,529626978
tgoQRn9WjnGqSyKoMV7Ht234NwMTMej8KYJT2trzPPuLs9U,357055425042,529550354
tzsiksT7cNEaQ8SEmQeaLkzx1uRuL5ixCDdrMf1PUXCwvLw,353639848089,524484697
sEnfMWrBDemE53bkiXAkL2gVBCkmKLtczC2F9b8GVYP8Z6Q,351526907762,521350987
rxpVxAZcKvTGm1Jd6Sxzxw3dzHfUZiHEyt3BfAf4GRDyfrU,349397470907,518192811
sNVCDG9Kv3wJYVAhr9MFpoBAHLDteH5FPxNCuRZzXhDmov1,346907645487,514500140
rNu6WbXD4AoTih5KApNFSXaU7kKPs9MPJmDQrzFDfQ6KMRR,346815985616,514364199
qSmRgKRMBpGThoPSq9FXA3hKwwV7Cu88vpd58kDPK2Jj2My,344962192517,511614831
pmF4noRA3adTDWcwBx5mTR4VSdHDdpZNF6hhUg3fSrcFiaR,344782824175,511348809
sbrR1AHTyFG9iEephQD6qiU2tR3WFaNePX7ooR4NZ8qY7UJ,340708227534,505305758
sEuzoRW24EzxdPnjYYVxn48Eh1zSMirkj56HCaY1QPLkq1J,334396055542,495944150
qCfjppxHUuWeLiAEeTiworkgaAP3bvjiJFQswtoCrRr6gCX,333529287589,494658643
qSALzfMtWtnxMNVuyha5DUnNJxMr5iRRsi2Fim3AsCmBFU1,332629290328,493323854
oVPdMCXZ7ybVLChDgvVSHxbPzvRuoYzGHqNxCknTjof4BBw,332163596969,492633182
tiynF7jKdZEX75UrUjiX1BRyhuD7Vy2jwoPYqbPtZZLLUjz,332146430433,492607722
opD38vcEVzJ22z6hkPCemY9fxHTzUNGp11ZYL2eMRbhMgRN,331957655540,492327750
tF7VCWCpkjjr49K6mijXo8eMmpNceN6KCdNbN59b9Zy4HfY,330258638734,489807931
rUKiR9FAeJYKitJNvHHskoSq5DseDGwfjNNpUuurgx8412L,327539215374,485774743
rkKXUYNGzJFpjXGjhVEezv8Yw5jeGrwh7g7ZDM6rzgvC59u,300022783002,444965010
tYdPHnQnq6E9weLVruTZzc3GamyyR8Cn4RDtZuBna6dnxxN,281167007357,416999933
pFRULNstJ5C5FGgYoTvYBv7kj4hbFS2TuxY3YubDRF8HJRz,280938041276,416660352
shZMNv5X3wZ3ToiPHMSivgeBzVogjga7NuuW8X3NnwJrCgJ,276879136880,410640574
phxcKQMHwNagKUUAtqFTBYdVtNQheKLHfGWiX1oNDE4gmjM,275465762197,408544393
s6xpuKQbFRjKkY9JMRVKcL1Ny7MkBuYGPPaWTSr4GnLRdHY,258011893827,382658489
pA8tKLVLeH6HsaXqVNWEnusya2W1hvqknWEUFaSNtkhAWS5,256386285178,380247543
tghTswBbkiMJuSiiXEe68H8Y8C8RMjTb9wPkwJPGcLcEMrZ,249995172831,370768858
rA5QLoshSCPqh8v1ybGvCMAsXPaqDuDvVX3k2vv6zvvapvo,240643104257,356898767
pQRn35JJ2aERMYE1gqE3b5ddfZ2XgkjJwp5Te891kHXtVh8,224428273242,332850485
r5Bq56Rf9znNoqaFxVywHXEKRG96GauskRsVqYf3FxierHx,220233357375,326628988
tYtxFz9EoLv9PM1TRVEVueAzi76hcvQwf1wGT5cJbvZy97A,219911431568,326151539
qemwr6DuJYKcYTyWXGkDSPxLZtGBLNnEm363Y5R11SCt8qi,218395178030,323902777
qqrPjDYqCYR1J1kQ661Vj4gUd62SNumrf6h4mxPoCob4T4c,212584511692,315284954
tZcAgHsXA8zqZ3LZcF6eowbH9qZtM41UNe9XLvBMMGx4Bbq,206021391312,305551164
r9fHGhT19t8QUSLc2bHhQtH2tLXkxGzY1pLnFpAbGUisZNa,204728202574,303633230
rfUamqSGGNubN5LH12nPTTV5bxDLXhRQxBWCDG9AnhFT39k,196054414580,290769100
tnNQ6KFyuAJuFuZp6n2JWgVYmQBZpERBiGseK6M22EucAu2,185750233987,275486928
q28Yy9PDm6dQe8crANJXT56Y3BHukKSrvP3jRGbieQSp89u,182140081488,270132696
q5g1LDw58PF6gPU8m3A8MYq6Xy2jmvhwdqUzrCm33bf4Cci,179350147333,265994933
oaFMGENQKADrR44vakL2Xp8XG6mzrtDSDfLpPYvajAHFk2y,179005305841,265483497
tRooErA2kCqpoATyAXtzCu3bSxLGqvC5cq5SzV9FFpuHZTs,177120421983,262688018
qUo1kwrEoVsrPir52CFHUHSB2mEA6us3L4VhuNnvFzGiK6K,166378232420,246756233
qWx5htCSxdeEhCGoHo4arHp8cMXGe2SXb2KgerQZvPJsbSW,166081690423,246316431
r7mhs7oyFCax5opmMBdurWbuShwzFQbR5tEjpdfMmhkinDu,160368480273,237843146
tboEJWzXcoAC9odCEmnSCPSbxFnct2jjxzsDsDfiwTQLggS,157555158943,233670697
pB1wLVkDnQ9Sm8gzEnBLLE8qAtW4vjgmAB2gMG5AKc2yjqC,157444548470,233506650
qmmNufxeWaAVLMER2va1v4w2HbuU683c5gGtuxQG4fKTZSb,153786073706,228080752
pFQRdFtqsqeWiLqKfHQGexUYH97EEDgr3mnxnzi9VPC2AQb,149988302891,222448262
qha4BTagHzARA3fXaysDYGHsb8CWFmz699Wrj296zUK7kd4,148186240301,219775616
tBtmnDFWByR1XcW1wQTVQXoYdpehvdNqwbEJT4tk1wEVHQi,143199329033,212379507
ryVPwW3iJMxenjgJNBPjkWBp91gDHes3PR2EiExqfKJzcLA,140354565317,208160427
tjETc6pAsadgBm1WGbkqLoBBda7JoJZAWSeU6hzZbMkfBAv,137728845994,204266212
t6SsW546QShXrRCWQuCWtE1JnxHkkGkBgHcp187LWBRBg7f,122329705571,181427684
sPXcjEg7vdeHRYRWpoQNiE3uL3YKYHwihpSQo98hKgENwdn,119432576845,177130941
pdB6FWHfCBTgC25KyydVUKe4M3UNLGtGxUBeA2mLvofSyzW,119166181631,176735849
ohudVDbeR4yswHmoqUSHf3GPen7WAFoat3vo4iSbVyvx9pB,112119394117,166284730
oK3sWtUZGSU6fzZjBxwy2NdQVNGEvNRU9o6kMUrNDU4gypk,106354829647,157735281
oVjEP86VB99ZRA5brLQTQaBzUgKHbSNSRnJo8zncTLCxEe8,106063324227,157302948
qFCknUeZ5mVRhf67SgeJwiqYHYej2H6HH91D2qvLP2pQyca,100457067031,148988285
p8ZLUekU9EhuUgXv3Ac1KGmc4wWHVeno1mUt83QF4mxN8zX,78818601682,116896189
pSqRvZeSz38PFNk1WdP5axxMRqYYsmNAiqPXSQoymKAZ9C6,76802202567,113905659
rcHCfwCZ4b8srefFTitvuvdjvE5v5LYEGqE9PTsQ7ERsAoo,64484081648,95636604
r7xuhVSZBaP4Sp1DkULn7J5gpr3hoVRmoiZ9jcqdfn3juni,63594672243,94317517
r5WWppuRY3HfQ7MSuK8CRtXgGUHU771NBZAinbA7UMnzK7Q,57721216247,85606571
pfymHmqLxs6LcypNQwd83YDBdhBtZdsgqFA76QXtnoYtvec,52606575753,78021027
rPQDauX1ckMHY7N18JRszV3ezut3bJjWBCbtEYarrDj7rnE,52399803915,77714362
p3K4Ns8pjUs921Yh2EHTRAeYEFc8cV8ZfFKhaEvLTjJx7hR,51716045147,76700277
oixSxEUigWWEzU9tLZdYqT4f21MkHFW7H91vWNshaeGaaWk,47123717336,69889377
tX3Xor8M39iyzZ1ZgTyk6q9cRpP5YJKhSihKqmaHC8GgnUe,46193493190,68509758
p5voAPsubXCxfjjyEXbhy86XqQBDcMio7bNw2ondkSNmFCM,45980908477,68194472
qFcktWgUj9PvoZTQGxKSrcPjyQTCzD4DcSmne8byZzvyW5v,45868305024,68027470
piR5iSM3xcuZ4oiMnXRkqyvM7UUs8RcB8UDYKDKxMV4AiTb,44517366710,66023888
u3YW74Z2qgGtGhDVTsEtwSHfJ3zMYj6RYa9SJtpUgDg4NmV,44481854176,65971219
rekNRx6Kyxrx4uY1RXthi8p5kmGvR11cEjDwe3cmmMtH6wP,44195500393,65546526
pikXCsCjs1pGDyer1v72Wsc74LZwthhVgHs8TyTDzbQbfzq,34890441524,51746156
tsD2AgpBAarjbMEU9TtuyykMpr5FD4G9DfHPC9954wpHuUb,31348603789,46493242
sUAtE8AZ4tzke5vE58euBTniDXyPFDNtf4nRudJ7woXyr6P,30648569015,45455017
r1irT5sgByANtUNMgMY7euSaNgNPL6QgBbQBBB8h5279fje,28431210922,42166445
rWfQUQCgqKjq3HjyugVPqyd8eVsPxVfmaAUK6ZC8bktSxBh,28128836916,41717992
rSDjwi7o4yPrAP8YSCBpPHRGfnyKEj2fM9V7aSC9EnoSEW6,24968825953,37031367
rLof51ggkXkU8Fk4Si2u9UmVedCQ3N1om7CL6UheVsmyDtj,24930703545,36974828
op6h9ZeoD5dJKaQiTEhyxkgv2dvW11YMkrSuYK7cBYvFhcQ,24920491166,36959682
oxJ3eKDXdAMJYhRZr2cMEHFGedgfF3yxXzqCAj9T7wogCCP,24839896737,36840152
ouMnw9vbmrQU4MCQkRrMDgXSZvzQDXzPJnasoAYqdn3FC6q,24259734380,35979711
sUdCMjfTZZg61ULdVF8GFrUC5VXHnAbLfwQL1NjhxWxE8bY,23945589185,35513801
tZ6VZ4xsRLSdkYUVdK2u2gD4DhZ9J1FyiZWWRLp2gMXbzYj,21429451940,31782107
tKuhiYxtyua5MoxiCLEsTxQ5HkMCnUzgXsue7Y2gfc5NDb6,20351777115,30183803
sBpweuKwZAYTL6Mx8zuvfqfAPKcKfBv5x4nhS8fNuyRGB7e,19830178931,29410219
r278JtqbRNAvVRtUeBuHaLFupY8Y1vHBNk5jC2n1JVinkQs,19181354434,28447945
tqAMB4QbQVejky1P7KzA1ohTZhKb3XEHAGK1dnPJfLGS45b,14571685137,21611326
rbrUKbnJeNyqdLfvSQuPzAZ6AyFgaj4rPj2W5VTdTDzQswX,11295721352,16752730
rHpEf84k4Hrjo9vzRjSJzuULsSVYF8ZSKQ7ZBEqnrtVS1UY,9231158513,13690769
ofMY3AWHHBMHg9wbkk8TsMtafh5M8xQTMgNFgH5sTTA5vT4,7632948410,11320457
p5fhqvwLAeTEKddFW7KQAXLoD9rRoSht8cXHcgHkjYL1nSL,7282022532,10799997
u4TYANkCpDYkSqZumMD68HxSisdKPHe1Q7xLEmEfjrSej4y,5579071417,8274344
q7zst3JGu18FFYpRmzCmA54qieLZWiTtm586YerYbo3P4it,3514789090,5212798
t6UzTdQVBrLvtXrG1wQ4A2a7ND7LnrJpHcv7VqXCGoVsrZ4,3475094470,5153927
rA3ogQJJwoJhncYaq4SyFUcW2cjdADbTbPEw2uWXGLC7paV,3225972847,4784453
ryUkcmhfEgFwLSPpnKGgR4JS8dDoXaQuUwqjpDzGvjk53j3,3130641891,4643068
qM1Z1NqjF3MpeLo2SkGQNwFmAr3VJiD2eaPjrPjPZHXA7NW,3092607157,4586658
q9q3qMtYFoi6dzWEEMEnKjRA7cy7WUVzTKsb22c6rERFn4M,3092441076,4586412
pkKhskMxVzaSrwYyaDgXSVeum55vkAAx7ZbE4d6GgLtbQmg,3092441076,4586412
tjJ7JgqjdY3hbDNor87K45ztZk3E4J7TBEMtdztHGrxK6U8,3071680864,4555622
sBpgbesWP41YuHW6xsPVZyQkZtp5piTbvgiNfC5JydapbS3,3071680864,4555622
p56eMSqx41nzvtderMLjKDu1tehbstP761VCduNF8szE1ip,3055570940,4531730
r2gFyvbFuP5E1RkWFK6ka5VJk7pX9iCWYoSV3RgLfKbRcSj,3054408369,4530005
s1tfkqxpmy11e7sBoa8dEKmwosoGkTdXh49r9GhSLNkwTen,3054408369,4530005
qcomPRNPVzg8q5fZzxbV7hQjnX6KjhiPbFckvUdNLxDm9rj,3043945222,4514488
q9wVMXPz7wD8ZXndWRprM2rL9qV5osXietNskibbb7Jq49o,3004253641,4455621
pXh2x4H57j4js1V4XnSpHyGBrDXRo5DeuEU3rX75rHrA4tT,2767253126,4104124
tpGTxBuFhzQiNb6dg9UEumdAPUQ7cWtxZuxApHaJXRx1BhG,2766092348,4102403
oQYdREM4pgjr9hUQr3zUUWk3d3jZSVmUfSs8r2obsPFMKQ1,2755795283,4087131
p51ZdxMsoaAM7avAj8d4Sg9b2hVEMLADTVgNSeETsJaZPKE,2650995943,3931703
sZmXHp7j9aTpvShz64L5ZL4Xqg4nFTDDNgtxbcVe3ndZ29s,2631066140,3902145
tnrMbfUkw9KVTY8bdu5Jwe7zjNJ2kVF5zSHu2s1c8j1oXGd,2631066140,3902145
q5PfBwUbZgAdWWRRq5gb4LPo7ZMhdUXKddR8prDmo6ZCxiq,2631066140,3902145
paFX72hRoizstPPXPjnX9jg47nbxND8kaQcSszVxD2LDS7v,2631066140,3902145
tHmfUmLTEcXM6pTypbAh5BzUaEwr77c7tkDaGEp4BCXhds3,2631066140,3902145
sBpbufG5Xj6ZqPht9tTLtf1EZcmmY2EXVbMeeFPFYhJVYCz,2631066140,3902145
tskNuBahmkqtL8iEZS64M47BPas59wPTzDjdAYVQXaZkNe7,2630900058,3901899
tU3Yx7rX1AFxsg2WyCPEkcS97xgLHEF9YLHK4b3NtzZLrKy,2630900058,3901899
qGAD1C4aSPwdzTRvaYWk7mCtosV4vQJ2RZQShQc9y1sgvGR,2630900058,3901899
pcULFZm1RrBbp2LM1QciTXfNjNWcmFoXjJcCWQ291EjhKWi,2630900058,3901899
qDaRSH5o2Pz9ZUVrhZgWiuuAhYkmbwjJq9ibJ8LyLGtFGHg,2630900058,3901899
sJJGUDWRKyiZEfNEUxQa6BPJrrgGmWKNpSNfQ5gYB4RuRHX,2630900058,3901899
tv5LFycrp5UWfRP9x6kq2NWStNH39V3VNKMjBhLeP83LSQ3,2630900058,3901899
oiAQPLUSp8tFACtd2xYx5LAvJQy4Tz7QxW4gS25se6NSd1N,2630733976,3901652
tnJEStdae4XP8swtktnirqKEmiCdgpEU1KCjuDissPt4eUc,2630733976,3901652
sZks3AfygUnZ1YGCfEwt7VcZzvpP7kg5ULEJNZu56foGRBD,2630733976,3901652
rt8So9jMd5B6BzWw8W5bvwnoxnzEii8NASScz6yKeNpfNke,2630733976,3901652
tcQCj6VuGyRqUcD6y8iQj4Y4DPQ8biMU8Z6uTuJZBicmPjc,2630733976,3901652
rkd21H3TgPe4bMLjtHeBSiVRSdxBWG7nkYeiHoa9RgsREaT,2630733976,3901652
oipW25eKpXbpuxpCZ2B65UtwKz9Q57baV2Jib81jGCENoM5,2630733976,3901652
tdviEd9NkzfcTaytQxyEyYoBbrv7jXApsnxeYzUFbxj1i7C,2630733976,3901652
oaphjidJBTnmNqmADPZYUXummFb72iG29CEQktFrjJbUDKi,2630733976,3901652
rFd17LhdunktCMLUZuUkBeD17UkXEDZ7wzPD8mepCG7LqMR,2630733976,3901652
sRXG3rJDv8kZRmwwK8TcdUULMdw2GKFJndAV63noWjR5NbE,2630733976,3901652
p7bqpyEwnqAsErRyoaDZugUd4uvoaZwtGyxVHpqjxkgbNGW,2630733976,3901652
q7xSfEvone4pPPqGB1357q27rtgvfPMQ9LHZ1sXRv6xASEq,2630567895,3901406
sTtDCYFtkvXKozx5TFXBg52cgx4ugBmgiacykk9zxHefNzM,2630567895,3901406
rnMsoDvVwUiTzqCetoofNASzq3z7yocv5dSYK3j8ySdLxbY,2630567895,3901406
r2L7ccyBSn4iY58thdUMqKpVNLfqpwD1TAGKZX8aeLUNqZH,2630567895,3901406
rRiKJZdzE23wLjdzCRL4JbUijgKkzwnsx7wxjAkNt45rgoY,2630567895,3901406
sFCd5W5sWXwgKm1CjVuP3trEWswciLSc3sKvDhQ1EbxVbww,2630567895,3901406
p3CQVFDu6jvmkttqqnuYcqcCtYsT4yb44YYF8jsZT6P2e8B,2630567895,3901406
syc2zcUQHfAzqoUsccKprLpposatFnTt3877QKamMZJ1Tsu,2630567895,3901406
tNWSo2vK6YxJsdjxSCgdrkHka3oxGcwxGe7qd5QGVmc9BzE,2630401813,3901160
tyMznuFjfRQ1mpYmctCzTLZXT22v3Z8B29okhTLuuS5xbEa,2630401813,3901160
rtk1SPxdMasmyBvasfHRBmzedZriEWoLsaDg5aSbCHfuu9B,2630401813,3901160
tYhh7EH4M9t5YPLqehssuTHTYw2gpMzGEkkdY6iuj9qBogF,2630401813,3901160
sHv3N6MAgzwvau2V8CNXUrSJzfPG25scYMWXEuC1MVrmuTG,2630401813,3901160
r1vHiBmr2x7kvJHna1waSEcR2E5ma7EwJYwv22pHM6Mg9f6,2630401813,3901160
oXgYmbDVvqVNPK7P2TqQLE7wM5GxJ3QAPzVyZceZc4j6Sgd,2630401813,3901160
tTpmtkbDkb3MerxWH89vhXGkaotnbqK8mc9wmj75SAupEmE,2630401813,3901160
pm1FJzktEX7xJgviBZS5JWph5dNSDujwVcL2v7oKk8T4NrC,2630401813,3901160
pCk9pFWVSY54xHGnHctwr4sC41ZJvoVKBMFGwDTjHJ1B31A,2630401813,3901160
svvTbhxTYBBWHa2gQdmLucdJnSbtH1kLB2djiiW7KDoft2Y,2630235731,3900913
od2eRsRUvgCSv21rUrXR7AHmKRmJSgzLedM8xoMQ4JJo2ne,2565131709,3804357
sc3c4sTHTZEgiFSGuTYoWg3XGyrTMFcgBPKJeWi6NRqmxYv,2564965627,3804111
tWtkJ8cbUQrd454ZCDb7w8wMNzv67aa3pYoAYUgsEn7hnst,2564965627,3804111
u3jd4N6FBSFSYq9TD9cwfe6ahC8AQPTKnvyW5LaeZTg6B3C,2564965627,3804111
qUDoHJib213agBunRuUTiUpLc9jSj4mFmHDh3J5otumRvCc,2564799545,3803865
rSMPYVqyafQtVbAn4KWAuRNgVaMi2hvQTuvsF1BqrmTndcD,2564799545,3803865
qtG1Kjcys8voCCFetSxyrsmYgebP7z2sKxbPwzAt28N2e2H,2564799545,3803865
ryoPXJUCKvSqPuDktAcocD3mtaeadc5CYMPqRaF1iCHJw2o,2564799545,3803865
oygo84zSnpL3h77iisHxVTHeN9UKET4Z6KfdDj4akP9M2eq,2477274494,3674056
rvvZhLKEUvfyUfEZpGDJgWqmrPUdkTGeMqYcjN3F3V7UTDB,2457344692,3644498
qAGryax8gMSCXFjQ5Bq6DUrqT3zud8Wo56RAKbFwFrXrxfM,2457344692,3644498
rw1cQMSCT7G9MVbhAgssk7Cf2wMCXjNXGyZiuRM6nXY2GoE,2457344692,3644498
tTmH1TEpqA8EBPxRV7a5qQzAKaQhgt4VhEnBxAmxQhRpKzb,2457178610,3644252
sjpBtN8BTgReUweRmxJAF47GoH6EugKKDQbmT59ACxx4n6B,2457178610,3644252
qaFmm1BSXESzNk4KBcZiHtXTuv4dWUjwbdHbvbQt4EmfiT8,2457012528,3644005
rFLRieLDBJ62QC5t7L76B2EEYV9Lzp2FvCbtiKXrKQQMtku,2455175299,3641280
rtGoGiGfiX65i1NzjwDKznYLHjkpHwHFUSAmWp2d6hWqEUq,2341919428,3473310
owLsZNpTiBUCyphZrvS71qCTjzuFmGxAcNiTewZEzrorJRH,2338929958,3468877
sNt38FNpZyEr2wLoc9CWvw62kAK1h6LdfMPLRRUSfQxpixL,2315299589,3433830
qRrg3Mg2Jjdy95Qb9o5c48Wk6xa7HBQ94bYwQKeQrBUsLqU,2315233040,3433732
pqhK5TbfGUQdhvvZtLf7UAQNFfDzRFYR73ude6fiUTneEvY,2315120951,3433565
sy6FpNumGFaFGadqa2dVL3rCPNvPFN3qvhTwuuq7sdKwQ7Q,2261701922,3354339
pKF6ip8TzEmqfZrtidacVS2U83vG4JX75HQcR6sj9VLdK5F,2118041176,3141275
pmUEvG2d32di4SCajt55pcSYfe86ASoRXcBj4gqZXQKHE31,2025201445,3003585
rAbniZRCcttT6yBdsTxLscxztnkX493fgrtoNgKVP5gDuYJ,1835726650,2722574
qUuWy34xCxEmtfkfKLDgsdh2CSt4ubonqXUoazB7sFmhxBR,1820588670,2700122
sC2NG4kP3RF9dA9bnK7KYUwZcv8kmKa3qsLpwu1mRRwk8U5,1814277565,2690762
tsP2t72wSWe3F1q1TyCr9CK4pwPDWTLquMn2FVSYhQErgW8,1795510318,2662929
rstHHvAc9u9o8ewKTLCmQxhAbT7Lj3SU9mzaHDmGQAeUw91,1766113842,2619331
r6wcdZjWLJcsLQTgg6ghxp4DBW1e2G5tKdW8vVe9kRHtpYC,1764785188,2617360
okjpiyA5KQV6vPJPxwFWyNgUAaN99dwK5MhGfjw2wNzkbjV,1757145414,2606030
s9uneoqbnF2c576afWfRda7S97PgnvKwpZaXmx3ewSPxinA,1733063552,2570314
pB4934VsN2MyvuZ87zXTmmaGKRpFpqginiD1d6k5YEji4CV,1687889316,2503316
q81DCTjpt4PDCvovXjyUS4wJ9Kf6EuLFQcw3PpNWsXvA1av,1660817984,2463166
q5oJcRZo2DAss4gXyPJuiwPc7TcpR94ooWrpvxDygKHQAG1,1660817984,2463166
t6bpwS9gdm4ie8zQxxxwnk8FHBueNmwaEqZe22MjuvV4SMA,1660817984,2463166
sRtjMAU7XNXYwEgrxLApJPChcu6TNrJXhdcqfjQeUnjaAoF,1660817984,2463166
ts3Bwue7T1B6dHVvejzXmEa7BfM7Vqy9f95tuFoxXJWAfnN,1660817984,2463166
sH5uqwgXARPQjZDHwmA4KWf4fZ7rRwxsoPKFo1HbxC8Pzjh,1660817984,2463166
sjQ43sz1jSF6Wnpu7yN4PDf6mM3ThwtopkBhWJxKJtM91mL,1660817984,2463166
tsWwWQCFdghzyLHHmQi2ucK95RorMwaM1VyCgxTumwZ3jYt,1660817984,2463166
tN4ZcSygXFD6nB4cKDL8LUGaiJ321YgaWdudPtFtN6eB5CN,1660817984,2463166
qc2GqGfKTjRUZA8ovzW1Qwx7NqSk9nPUVijhuMEn3DecaCL,1660817984,2463166
tKiNjQWN2ETnTmMBXnpx1o7pNL8EGS4tKoR42HC4NJVCHoe,1660817984,2463166
pnxnYVy6CnLsV3JrqZBZXcK67yBXf6kqty6wEgcyts5L9Qh,1660817984,2463166
rvH8ekKQT7MSbF3dYqVxH9G1Zqw4gVfXQh77EDLMuzRm4SG,1660817984,2463166
oxHv62JHBZ9Z3JvEiZrpFtMtC1Afaz7TbLaoz5G94EHPY67,1660817984,2463166
sqbMp51QYGUiakMxcUDGCpeacpMZTAdj5W5uTyuiGbaGNdu,1660817984,2463166
sRHQv3QG8eArtnqeHyHZR9v3HY7QQbq9n9QPyyAP3k4gmf5,1660816904,2463164
sFD8xAAAd412NaQN4uyeq3CKNLn7hftiEoQrwnESyHdQGpX,1500715118,2225717
rvPsXEME1WtU7q2GfEcyxNd2wCQLbCzfuDRFAXwsvVzcgvA,1472813377,2184336
sLBnZMupU5ebNFxh619UVUay3dsNUxr52VH4JZxGZgC9doP,1467000518,2175714
pJ3Y92S3RxJ3eJpdpTFUzSevfd55zrMGh7rRtkX2LrTohk9,1459692924,2164877
pAkYAp1qVPrhVHUybVEVGF26ew6jgxUq6hVwhPfvVzoAj1Q,1407543240,2087533
q8KvELERmd4EPkdxirXXU6jjjHjxz7oVfSZXxvXoSshUVL7,1376652012,2041718
s52Pikeqmi4UaWfnx3s18wt3hjnjM8LKyeFyQZV5Ndxm5sy,1372998215,2036299
oVguE4sS74FBGTPaMiSCnHaKg4oAjQV8JcpVYRStRjcemPf,1362867232,2021274
oK728s6oPdyeLVLPiez5qZGyQmVf1uDXcEhvonMoya2r6X8,1288462585,1910924
rWkYY8YChaV7XRAMydZkMWD3niMBEr2dpu9hsyvTaY6cz78,1212563202,1798357
t7YUK3Tc89BanhvLn8zA3AUx5oBZAwttJ7gF6mednYmt2Hy,1012434633,1501546
s4C8DTpfRhLCXDogDkZqKK9MqzE3ybqc58WdAveiTqMqpZ5,1004628793,1489969
oiHkLRWpPRNqWGrMdP4xkhPvS1DUEEoMf4MCdjTi6PhHgfK,982872075,1457702
okwxv1aSU2tm1XAunx2XMbZS6iHNRCAEWkfEt2VaQmW93Yo,982041667,1456470
ofsoWCi2vJyXN8a3n1K6xQGNmkNJTvtGhhWaWkRVxD5vGjB,874586746,1297103
tgWdiExitXScKp3vN1q1rtmNgCMMaLb5t2RbYuGseqErY6c,725777452,1076403
ri76okHD33qfpRBwic21qGw54UrRmo5ro85DnuegVMCunRW,696879221,1033544
s9qz8u6SQMfZ4eQEKUft3AaAatUvtT99MhxwrsBqG24c4MR,373850118,554459
pLnRmn1kLjriaxjd58g5om2tt7mjMoDKaPNzeJeeXRXbbox,332163597,492633
pyxsBYbSpdwD3xcFmZcQbuvPVtaQASz6dvq7Pdk5TRHRgpJ,313894594,465538
tEVoG3qcgyT1Vu9VQx2sumcnWhwNMAaYdM7E5gRXc8Ajwk1,278851324,413566
rvVvksmrvqv43KnncnczG7gLa5asWh6pR2SEaR8SqCidgSn,272208057,403713
pM2fDbXgXCiq5EaGGkYqa2ftovtPPSk19hVPqXaKJ9R2a8x,249122685,369475
tNvGek6JQaGWqjeHkAATXJVtumocvXhbGzeU15mvWysdYiJ,246299296,365287
tBuePWYMv9DQXt2u1zURQJ1aCF8ALYPqcDABBFshTpxbUKd,200294635,297058
pXjPeG2CgWkdqavvLYwLMRFhcAXpzskiL9d9CTT1hDscLz6,197139083,292378
paGAbCDa4EPofFvcDwKv7pQp2zb4s8HHPcvHVEJ8prMBK98,188834998,280062
r1pseT4NvtMB5vPZ1VVyfjQhWGpeNE5iXyvbnt7G2zoLLtw,166081790,246317
pDB6vxYGEKyssDpovGbhQbkBWc5EipzkrDx525Wp6gwJ6r1,166081790,246317
rChrh3FdP98ppJeKQs5YqvYfqUmQJSwRSj6zs9YNefKkkEx,166081790,246317
prRQkW28zD1KWbPZBZCcjc7MaXY3anDuYr81N9FmGZDVbLq,166081790,246317
sRiHK64VFhwMwaPJydYMAbWkqG3Y7eszsJ8rJAjz8gBnNbJ,138013968,204689
pJx6LsuwVpKFV1Cn4np4j8gapoJtGqZfMdMk7nL1vnjfbXm,116257250,172422
qyVUHGYmvPWcBKhBjkDuXrf11n1rSHSr8b2CFm7VdfKbU9s,16608169,24632
pFhiVoa1ftn2PtcU1frQxLhDZdFMbkSQpKRYPRzpFNxreJW,16608169,24632
suu3eSGe3KJ5F6TDFJhnCQqNuhV5E3fVDHRF6pvL3DQubvG,498245,739
pB9HnGwzZNLwRimDhdJsh5XhddC8b2ccMgt2df1kbXqjCL3,166082,246
