5GW6jd4gZUyC1JCVPbfGHihdN65yWXqyG5m9WSA3Mjhmvuxx,83368500960,113347199
5CSuucHmQq1BBugtLmUnC9nJzz5WBKiBPzHndK99VKtoKUth,54153046065,73626082
5CwBKuDiuP8a1V3FmhQ3KuHU59o6bvNBF5XxrwFufaDNjWke,134298914,182592
5DRuqshnZrBiU9uWFSXAwGprj8As8GEhLLpTgEtsg5h4xPuZ,63612998185,86487763
5CDEryDfPLfCY13qo2JgaKs2P45bXZmxysANjfpSj8FTpoei,83940904157,114125434
5CUTsSTGTrei3AiUzn4h3DZD6thZtMiiZp7uNDF5paaLygUR,936958313281,1273881616
5FCD92U3Tz4mcXPpbNgS2jd3F49gHdLkck9Gcd3V6MeqgLb7,538524073954,732173361
5DtRzvsStmo6XCgaidenK57PGeBexUK2fPTPxdgcFwkVixsX,158464795,215448
5DLgxKbvdwy77f1hQKr8kkrrnXraw6XyhNTPCj6Xsu4vkWUf,18017447,24496
5HdZGjnnFse8vGeFh2S27xKHYxLvjvVuoK1879i2wyXSX8AF,374185657306,508740061
5Dyo8jDPbTrTZd7fGx1uBeWHm4AJvUEXL36hgLLiBYfAqrmW,8627116934706,11729364586
5G94C61gT9N8rJ7dqcTn4nSjkc9pJ3R9Hde3axZkH7rziwXG,1078335992352,1466097666
5GjHdkxJszimroKbZfzXZQRwXKFw1NwiNmtgHNuyHnXqBHAY,39235629781,53344473
5E7wmuKkwxrK59tPi4mYHwc1kHiJVyxepeHgRJGcvaRTSBny,9826223935,13359662
5Gc5ruYcMmjdLGje38Vxe6fKA2xdjfBnoj2PqHkrSnWNMoA7,2374621316727,3228517637
5ECn4FGRM1cLS4GFYpP7JyepvFpkfQVa5Hf8UwbnzzhV6vz6,300019733123,407904617
5DPFkkiAfUYe2Dm3q9c5DpreE5DMdeHe5Dg8NtoULery3ugH,47396237606,64439575
5DPYA3Qok97kxmktoRFxL6o7upZMfkphFHqkzRBRiGrw26oU,14153012327,19242331
5CLavq2aALKTDCpn4MN2Mk2yCeGy9uxrSY7rkW5XfFuzSWM4,288960807833,392868984
5Cr6VaLeQ4PAYKPQ3c28EoZnmi1rJ2rQJ7SzCrYXVokuaiyd,694804742,944651
5E5KbQgCRHB2HrdWJaThoArrDKPBYqcLFHioxuTUaHhhW2D9,17475949310,23760172
5EvWC5DamKw79gtgp5W5kqPcr2FahTJvLUMWfGo9r59W9YqX,23525760624,31985451
5ChmfHnXXbvBWyaUMxqEweseSEru7zgeabDBNtonz55PRBFN,223165971,303415
5FUDzwzzdJn3SdWZSNFDie6tgCJchhMzgkSYa96uiWCWWaWV,3488892412527,4743472404
5DhEtCdUjBRgknZBRTE8u3KK8KL4k3jnQjSi1Q9RyMfBu3y2,158460496,215442
5GLCK2Dpo3KB8vCUnBy8vCNWWLY4eUrudMXMsqUjP81D7uFx,251033118,341303
5DPbsyuzj5vAzBmr85tSL7N62quUEZgagwJeZPu1612F1tu5,11370086762,15458686
5F4MQL6GQhCoBsd1Vov2thyGX5UpUTShCftdVCdywnAwUxup,63991142726,87001886
5EWwHtt8eSwmSbbQepZTg9MweiTxjaVBomgLzJt2iADY2fDP,98662827936,134141254
5GTKo4GkvrmAJjCwaqm6nBHs4j2GZJ9GxxHkKyvXDSe59fjb,206045393817,280137798
5EFLJhSn26gx5tRXTRF2XWg8zhJsw91WCpMwiprQrwUMGkEE,173709109,236174
5DAWpcTou7H8nGjfviYWzEGCoHRKLaW44YQ71GkX3eBvQbU8,14365399412,19531091
5Ef9KLkGQGsgFMnFi5fQuZuJC4SfYKJM1FtL3PoJtEDuj8Sa,43556549852,59219164
5FHtgx56ViPjAXoUYSrgN8RHF1mKAjRT8Zg212EcNTByX4k9,39616198833,53861892
5GhMFL7fXRutpHKoUWYaBYf5HHJbkWRSk9s6exajrPSPEq7r,250953888,341195
5FCFS87cphv4zm72NHxJWeNZwCYhUmGhUYBiTXe9jTBhx416,304627382284,414169143
5CS6tnkdyZ3GsMx3ZRwvATsKfMsFBXpnyUsu9ktDxx1eWQgT,12758650999,17346568
5CDjUCVpo3UWCggJTZjh6yLiUWnmcPNxLmEwYbe4AinK8urV,74462068547,101238079
5HK1aDYgSmV8ig6hVPbnt6m5N8nfZVYSufEFg7qSU28jbHWn,69560036104,94573312
5FZ45opdoKCtXtPTAbM93fnD7cFMDzvirJLz7fdk3SC1wjwW,158460496,215442
5G4mCi6KnB5y1FDueurotrtqiRZzhuP7rhmNT95XRbXjzEnz,569830625066,774737517
5DCbULBJjTbRP5KZ16u1D8mE67CQijSTQdhjpThKqbMXumaR,14130405538,19211595
5FCwBftvi5JH4Lec8bNVrb5XUsEdgmGbXyvtqyYoZx7REs3F,90387752764,122890522
5HTBrVSQcGNM9XPEastgGPerFPZj67HtK8e3cQgoxzMEwzR7,316956999126,430932399
5GvWBQAJudpy3ZC7DpPfrzGKapED9HyVjJ5qvsj6JxfNpmYL,9548592175769,12982195531
5GbbmffsE4T5DiXR4gGTYxh4TmY5DGNjBxpbytsShjxRVmcJ,266157660398,361865993
5ELgZVQtWQyAJNVq7HXNYvvySQn4VjtSMaTkXATed8TMEqtp,234426458,318724
5CwKBcsNdtxgZm125yZKabHU7zTFJcQrtcJi35VxF3NAxiUf,50541167296,68715398
5CwAetLsmoo3YwE536776Zn3bXbrVBR9UhwDKvkmEHc6uaSu,41215346315,56036081
5FhWes4TG7abGXyD4xkvNpgTzft4QQxdrv8ferMwhTsPvCDX,2179749215074,2963570964
5CyjjpUoDxCFxJfziNcAZ1YFVNcnV58QUkKstDZTsXfpoLUo,125080407307,170058400
5ETnKGsVijjjfHBCWNsJeS9w8BwouEWp5dWDu56nnzUBDspa,290862971696,395455152
5ENVLKojna4x1p3odWYojuRXmKiZjYWFq4zw2C4WSHogNjXR,15713962444910,21364587498
5GRKRgvcrPH2h8vQGVBjUmvCzPKkEYtVGNABmjPPiK6TXtqZ,98564960078,134008193
5CyeTJZ3TkZ9neGELUU9B9ZBc7VkGCaZ7vzgEmp5juokykh9,3377849353914,4592499080
5DLJrAF338kZjSdhC4f7cN1tf8tdbxKrJPnmWFHLDYagfYnx,133249639062,181165227
5HKvkPvxwMUjfHuLZwJwWePzKzv67oZg7gw1m4KSMa647UQY,2771476575391,3768079121
5FKn2a9CNwkBDuqHU78vRXiU2LPrT1hV3sNG91hNnmAjLMmf,14145951927,19232732
5FWmJ6FkHsd5UwT8r1bkVsywZ6qaBnmaxX2RXiHj7GLmyfgi,778899298750,1058985745
5DnxF2QieBmUu5T9FeQ8GWMfWA42hg3Fe4Jkj3L87dWeJy43,316040809168,429686754
5Gy3HBdYRUVpVcUMKNjZJeXRpH7p6TLXkejcxmSz47ahpzLA,32329169550364,43954500593
5DNuM5YrQhuBzCF72oPaWaQ2dYxdB4WURabzYiZ2X4k65TrN,14141497558,19226676
5CcCZPV5SEAwDB9woJEKMhkQdQBwRVnctjcE9vx35YoEyGUm,833713190551,1133510308
5DaAMgXqgf6yFFBrEm3S1TqRtWAAjmsDCRzaFcdnUfZ4ZX9Y,158460496,215442
5F7eunNs946gnvWEseE7XYn7Qd5xhL7tVbm7q1hWHqPxaiWY,1760685719549,2393815325
5DArZmV1MvJwjMHzonk2tE85cAR2PvARiveYNszNkpW7ThaC,21413322998,29113396
5GTSTCATtFj5CD9SySm7fNPAxtaFx25jrhUWXGNUpXMGQq6R,14145951927,19232732
5CfnafZdffb7n46yCrLfBriyR4nzGSwgoHd3o32nahzcoxef,2473171608,3362506
5ChddTt9KYBbt7D3z3hEjC4NCBcg6Eou6Fd6M2YHvCcf5wCq,364635516936,495755761
5Gj4mbM3aJpjzkFUDPkpQbWPiW6UE4rh5r6JQbmaGPmEL1MU,303389482925,412486104
5ERCjaVvyCH2vYDkJdBZ45SQK4kG3ZnUejsYxmwek5enTHud,1666517030,2265784
5Hp7F6xQoJpwhwqRQi63tnnU4JXKYTjR2fYWaWZ5h1jkQ7PV,42287448948,57493704
5EP3WQns43NRypgcqqb3sSXAugE73uExLXrtmzP4c9LEehyw,242114477240,329177058
5GpDoPXiUejg8U9xGWYMZhLm5t8T4a3bYvasdseYkTvtS6WG,1527818642871,2077210964
5Ci3a3phaao3tfsY6fLGKXR4QB6kLWUQ5f7ESSgKoPVHVbBG,48244103720,65592328
5F9q1KKE5WV4bXs8oEDEidXVdVmsupiRvA34oUQpbvSJgx3b,4999659372,6797500
5CUgCaijXZh94V6BTr66gKZrVK9DtQcU76W7xAvYFKoJGWzD,288093656780,391690012
5FyFTDE8U2dWyocMnedLBh5PMjCuYsJRjZHAosbrcmLD1Xbc,10762165758951,14632161228
5GuQ9XvrDyiHiLpKZvn435sJ9DxKpsXZbHV7i7P5kxG41uKK,391464176089,532231808
5CRgetipbvzUstXo8eSvmJihwvuLQ7Eb8rjXH3U1qq3yM1cP,400720340804,544816421
5FvVqM5ENsLsFCpJa5buPXTjCsfELdK2qetJKwohMYC8W3BH,158460496,215442
5HVfFLWXEmKLzBWnJNWZfyqdA8S7B2iFaVH7PLaEJfaLEE9F,13141039196,17866460
5CaEM8XXk58czMwnMTmSLcKXs6nDiVL5yYbXQrtqEb9TgjS2,20523943434,27904202
5EJWBrWzEPCtEpSCuF5qe4sh48Np7yKg8dFLz7Ka6FLzgyRX,67827746130,92218104
5CCgyaV8AKwkJfXn7GGQ8eJMF7smR1ssabLNEsFKuXdHS8TY,15547451867,21138201
5CZjCT6NUPtUazp4ks75gkqN9nGHrkRhcTJeaqBwWHAknxKC,158460496,215442
5HW7orL9wyn599siBrmWHY72oJbcQnuTDThf157Pq18juLEZ,34072910135,46325277
5D1qDMfbumaMpi6c7mCD7HzvWn176TdPG2cFt2rwtZbmb6qT,14310926923,19457031
5D5ftTDqXsyV9fKdgpYPT8UUScuv8HiDX47sXey7UDhvCQhw,202090153,274760
5DDKQyHt2J2SAvDL1L31UrUDL7HLvqcGU3M9jtu8csFkCq3M,65113758206,88528186
5GWo93Nr5KoYeJn2Aqv8P3GYqx59AM73RuzZvaxZNQYgBVC4,14135589008,19218643
5CSG6Zxmd3dgRbuKZUiQinTQF4HorzpRV7LJCAbsXRPdnzC4,1883708974437,2561076835
5E4tvwG6XShhgeewmoKzU9yaSGsekbnbA3kG2XkV3y6TBwdB,2212455433126,3008038097
5CcFqjAkjGiWR1gDPbjc64iW5LKGNrAFBTfN78SacVB1za94,83676637930,113766140
5FpjiP2QtUKuEcq1id25UTzD6duCBcjawWatA9EPGuPDkEdZ,103187774320,140293337
5CVbEa9s52cf77uKUeLsoNhLtg5aoEn3tbtbj1fb6TK2bHPM,39616198833,53861892
5GLBjQfFWPYxaPKwDX7YnGxhz95c6LXNnE4yM84ZHz2zNLDY,15555565801,21149233
5D7bj9i9n5cMojMA1ewztGGYaeGC32kHfYWKTFnKtR8ozcLM,362884381311,493374930
5EnFfNrmSpd4V5gAM7QJpJmrg18pWbdn8WpPX2kM17DNuHrv,15846480,21545
5Fsei2m69px9VbjEFjwvsa9Gx9ocsj1q6TWKk8nA9vo4XfC8,39616198833,53861892
5CUbC7kBWhsbZ9xfR8sMniNctoGxvhPopwLXbftKciJx1g97,251001426,341260
5F1StjDb5RVTDGnSaFn6T1psqD9SuXEjRKbt3q5FgkoQkakM,14137066141,19220651
5FTsXA1fpfNhz1zaX1hUqxHru47uujVL1rg15YHt55PC7dAN,8161540027888,11096369656
5H8iFm6hUuyeBa5jcietLCfzoVpU9XFvSxVSkdMVPTVd5xtM,49338774658,67080634
5HBx524qBZkoVQ9KEPz1qotwBugAWLVFveF66xmuF1RL2XiS,14451952592,19648768
5CkNHeRQ8aLNcwdP6URT25mPpqFK5wZK67k98cZhS5o92Gr6,49653549127,67508599
5HTj3QU8P43XYwM6wstZDRsF2mCHbRdJnKxwGgPSiKsf2HRm,183792730658,249883242
5GTz97KnawgGMTZVBPGFZZj6AVMoYy6GXMkNRNPH7s9tRBdT,95917242815,130408376
5D7PX4b9sgNsb67uUQxvGwufDJKg2eaE845yU9Wz3VkSsS8i,11707514344000,15917450195
5DA8dy5ADQykreJSLFK4gpD1TqRNc85NkzorVMh2yb1drGQk,1942225189650,2640635050
5GNQTKwHnrDNwEc25Gec8HbpEic8NSU7M8bZ3TUVBozBvLgG,923575913776,1255687004
5FhmsW5Q8UeiEeXJtM4d17KA1nwKPNA5EJTQzZoVnvf3xbet,4997639927961,6794754404
5EewFNEtH5LHeS5t31uAeK4Dz7MV2SkNGGPppB1TYVBFzmXy,14271003231,19402751
5EUVmw8Jn93F3yWNygtHZN5E7qUBoaqBDRJLYGRXNP8uxEA6,17975632665,24439538
5ERPUnbBAFR1vDgJEwUN7Ky4hGPDaASb7EW7jRqhPWPx6vsW,1079141930315,1467193413
5F9Y2ZXFEvxEgkwKCdJm3R4US5TSrPxt8yagfK64PgALvm8N,244133608853,331922255
5G9xQTePBpNMbRJCJviDDMGVspuYBmhe8geuL31NSPtowu2D,11395504516,15493244
5EfGiCoN4vEqiZ6drjZkPtPURxjMF3Q2BD5vyAmEoyRc3bee,200522255263,272628580
5DodjjvCkkGcEQ46D23o7Xz2H2S4MUjpmw77NgspHVdHmH5d,4892138250032,6651315100
5Hjmd1yvMb1GahBgqMQzbgi4NePGcMh3oeJ53F6rb9rxP4iH,140964099118,191653750
5CXNkeRHWMmc51GwhtrqMze1QbaHEebreVb8A7tjKUz5hvnN,93700233,127394
5DMJFC3u1pESvYPxguHgSroNknYiQB3XsuxWaxFWEyTPszid,501918714681,682404984
5Fn4rrnuBMvNLiTFKiQ39z7aQ6ggMgzyDLoXuX3sfTA7cTzc,14446001094,19640677
5DWkKJa3gf3tijad1C4dcCA2ZCefkRtxPiYWUGZzcQva6XB1,1858027245979,2526160146
5HYj2BJLeXoEh8digrobZVsmDGaCVvDvsz9ff95xcwcTde6a,251001426,341260
5GWYmvSVhnNrrNrmaDU5zqTjrFiUytXK6Qgb7MFXn1LbsiNq,2141803359729,2911980059
5Ea6L5GjM2Xiykwyhf75Kc6JncNXKMvT6TDhTgkJA9JYApHk,3772371853378,5128888962
5DAx8es5iTd22SxNvdhDwmaLXbcgYU85Bsk4XMdpdXzr2p8g,14135211908,19218130
5CyuL5UC88yDmkLhw4SyBQev5m32G3qXHw9PfbjSnaZAFoks,56282055233,76520667
5DrE6LqGruwtBrpTL5J7kMyqacKcgeYmDnMKkApTikXry2bw,158464795,215448
5Gx817WDQdzd5diZehM5wpuyfsQd5ZGFzGVx4sCPNjHyw6Bg,68456789384,93073346
5HmE5aPcxSjqFb75Y1ehPErcKSSXiwiyyX24HQmh6spbmUDL,299754954296,407544626
5Dc69m38KoDHNTLSp3zLmnRfduYUuKBxtDR4ZAx76VruncB2,14157465248,19248385
5C5aQMetyt1gxtYvy8k59gtQpocbJxK38hZZ8uAaRppTF1YT,189686495944,257896362
5FZCcoPw9cEdMYEfpfviC6LSqQdffCJZvmF12mUtsbezQ99A,95295007334,129562389
5D5Nt5Hd1PZ2ZUkyaAhcuNB8ZKfJkWFG5LTpfMeZm11KEgCd,11092536,15081
5GhFcEPMoPwq5f3jwfdHxsSY41QLmXq5m5fe7TtuXNztzYSE,98613878161,134074702
5G8uywfrPonecYEwVx4A6Tqd8nCDksgmfNnq89HojbuoLtUL,33098866906,45000975
5GEjhmwC9255azTEtetNUBjX1czY5Z2dy5NGUoroT3A8DQRb,2194135082901,2983129884
5Hox6hmnGk3qKRySqJU4Q755QXkEfKdpsFBqeDSSdYSgd8iG,292735122328,398000514
5FKdTd3QBPQM8syrWcTfLfH1Hi5YNpXs36SZa3vDryvUFs7C,2682000972989,3646428751
5EFM3WZhaY79Yg2bYdKtj4555QjZubM5wGkfd6EWU1tm1SNx,14477724504606,19683807508
5HGt7ZZmUs9A1wecSrqwc6YMTk1udUmeySiZtnrDTa9doW9r,14267982878,19398644
5CP8iLScBWBpzcHTwZsJirdm2GdTEzyNixJ1P12h4yuz66ie,2624857918086,3568737475
5Ci1Zv62KbvmmUU5dFzMRyYTzpddu7pPLG9BujqQGCAtxc8u,158460496,215442
5E4unSvXrF4nQyhX4uVabfPFWTzUh6sDWg6vMLkaqV12KxCT,14079217049,19142000
5G6eEHnBbokT4WrugPQP7Zm1nnbCcqtEANaxKAjPwL4ZHjVM,1040957934973,1415278735
5GC256V9wFrpbvFyMDNqMuWRrFa2GcvDs5nK5bDRB7TKJsZm,14450845281,19647263
5CqtMMvkofLbJSRMi8yAoiXhARgBoiUn38k5Cfe42dEpwAsE,59070301714,80311547
5HT8FcLtfeT4cuCVWd9SvmKaWd48Hb9A18mrgBAd1gZBoNoe,587704136,799038
5HViu36YoXGm1ay9bx2v9h8Ss4c36HhosA4poss82M5Xt4N4,293072688,398459
5CGA27XoZ4srsQurPxFDJ3cdxyYK9pr4rQcmiNs2MXYnX4QG,10369234838,14097935
5GazbzPHLe9cNvSzjMPhubuJEMC41XqhVGf6GBVc3ABktqjf,284858954529,387292135
5F7f7jJP5LupSmPMyxq2pF1t4cvbyWJtxK4MormmrweekmFY,245026733932213,333136541140
5Ef734WYSHYjhMbfqxpmNjfRuGwFs2Zb55dMR8wRuFfjpctg,10524744059,14309364
5DSJ5JnyPCG9nX2AK1eVS9A8xT81dPSSFkjDmSfhQQNAF2pa,14271758322,19403777
5GsimDjtp25t9jzVYKh4V8qMHhbw9EkjEu6xturSVaRgLnxm,12726974749397,17303501047
5CihrUvSJJYe558gDqUJcBScQN7gSWckYz2kXcFzJZ2Ryh9C,14129669993,19210595
5G37EjzukybyVa4r8muHbrZ1aTLnHxFBSP9ajCEPonwYCMJK,30700652804654,41740381231
5GN7KAVyM8zBsSAbZ6QjECaF1XaXgE5NjkpHRjzYWGhLZUNj,146612693841,199333538
5GrsfEUmAJBQqrAyJWp1MXGTHHpHcygSbf85jEzM5aPzkjBT,11671921906,15869059
5Ck7SNs59qeJxAqqQkLRoUibJHwSJYJa6ShQzqQb2v1NrhPX,43013066032,58480247
5ES1TTdJDzDDYqpDExnbZD55JgWycnunYg2p2fzYafxxgbBZ,25207254368728,34271597214
5GLBemaP3aDVs1J2zm9kikY4YVnpFMANVTAhDcS8pAtNqPs1,251001426,341260
5FsSDitXrWBwENrbgii1mkiFGpUH1s186ez6VDFSTb3Vb3Lv,1873454520017,2547134954
5DFEER6TNomLLJAngjE5eapd27TyKRQJ9wyfwFby1dxV98FH,158460496,215442
5HB5BYMK4w2d4ZqtCdfuns3h4urCmZd7v2xohUAy2t74Xiu8,1750609670586,2380116003
5DeceoL4ttZR69G1P9dc44EXSUbGDTDTgXEuac2wLzBcys8h,16594860317,22562250
5H9LTXAE4qFCTNPwcooxUtHQReFYZUSFNhRqmADWuQvoMgYF,14340445962,19497165
5DtkptGAdj7bLoXvTy7qNYc26sx5iggWHVLiojh3bKxMzfiJ,1585202662962,2155229855
5Dtq12cM717STXRDTacw3MUEkhZqrDn2XmFBxstGrGmHgWy1,35342886662,48051928
5Eo73iLJKo7nY1BXJMDubD7wHEypPP7tvXduQHHv5jYAzb9r,291424699,396219
5FCahubPY5PRkXyyXpLESt4WMNCyv5NHGHz4GwpdQC8ssoyR,17467301187,23748414
5DyCtyqWScbxxC4peCx1fX6M4NSe53mWBipuo1wEL463NdKf,3201152041826,4352262717
5CftZBBHfhCJTMZhRd5mnGcEpp4PZppGZiXTmb8E9txs2YEx,250740953363,340905552
5D4qnX9bNHSjUUeaiNnwQ4gtYaxTJcXuPxj86d59yhbHQMEf,317236946947,431313014
5E7Bfn523V26TqrutBTnSBG7xnULZD54BaYyGRgZ6FByfVSX,59426568845,80795925
5G1DT5vZF7PUY4oNYpRyay58Tg4kdYkb2y2VAPTN1ZkxhLyy,33540484269,45601395
5CUzHMXBgTFiH4DNZVmiKGesQaRnm8XjmpjbpXJxsWj1USTF,14135947276,19219130
5EZdtp8LY17Rj2oeqFeiFR4iQTtJXNGi2tYwToNct9Q1BJYe,14836349908,20171392
5H8wEXSdNzHfcsPWkY7VUVnjj4uopW2eNFUakrwe1ZzBiJ4U,250969734,341217
5DMCXNBU8W7UuMQp6FibbXHm6AcCSx11gaPq8RZYkjmbEiya,56533416739429,76862416640
5H1YGvuuteUTA3u5tsdYNSB6LGgNUsmnjBTqWbwPLDnYdCQU,31511199946,42842395
5DRrbmp2vqu5JZxg7KCDzryAp6KqEsCJ4zYPhPNZuhfrSJ9X,47637274764,64767288
5Epq8A9bCLrgJFxxMbRS57Ufhg7curjHVWyV1acZyKVEzwUo,158460496,215442
5DMAUtd9wNBZ1ABUiCpSdy6n4Qtugw8E3AxjvMUYhQhMZtjt,20649110608192,28074378560
5G9iNDAu1ukxF1k7ns1HKhDqbjDCE3vrkfhHcdBRqK4btc8B,13154961591,17885389
5EFWy6Pq2rKnrskp5vYtdSa5mgiZH84gTH5dCM93s3inKw1f,146959211617,199804661
5DZFPT6FU9to2iTY4MXtY63UzTT4JFQkF9a4MLyu8x7gYbFQ,14250142165,19374388
5Dc86osJjAD7whghMzFTx7CrLkXDrefEq5tNYsxuTYgNDJa1,4036,5
5F4Ni8r4TvbYMGMhBh6UbQ2PVPdK9YT9LcFiCR45hv3dG1g2,2569249330534,3493132450
5Ggs7y5zQTLaJzPgfAkH1Q4Bpvv6TtQf5Xz9JJKq1EpqHNpu,254715134283,346308819
5E1auKA3CXE7TitKQ12gE9KnbX7pKGRhwH333foFXa8Vmehy,230603506936,313526828
5CG7gxUaVznxVGDANTdF3RL2JAvo2xpBYHTHQnHgdVxCDh7B,130036211,176796
5FZHxi7j86QuFsTFyvmbJh5RDxh3sBjKeWggn4GS8DRhigGo,8729437911221,11868479431
5CXAcTNs9D9CQv95C4r4McR8SfSN1P3dj4CABucAn1baKpAq,167655753,227944
5EZnhMQ7j48f6xtEvasfpWeW3kD3BnhxUjNwYUBETXnWv4Ze,14145951927,19232732
5CcvqQjCQDNQbTzy3hianJcWxacQDc6crThYrQRkY8j9Zoit,3586441550241,4876099493
5EjjuWxprcsCrgT1xFwghnrwYq3iWsCjYZKeaGpnqPwgVsdt,158460496,215442
5FvVpTN8qCwq1YDVqP5u2HrmE8ty8SfnL9uxu5UcZwkN44QK,158460496,215442
5HEn1YtswEWpqpC9E2E21nCtUqgdJLQ1UfErVombGfHnKaGq,21312563294215,28976403941
5H6NpSQMMUHh4ebY5TDR5fK3daogJKtjchnLUPMYBcyBLieq,244913136015,332982094
5HjnnXJxoZA7KmaKZio1q6P1Vwt2nGxpazzGfwKaeyefXNpU,250969734,341217
5EnFBJJ68oe4ct7r7WjqME6iScGU2csmbLyueaRiCVTjsxdK,14145957758,19232740
5GhQ5DGMD3hEfnreMVVMMQ6xH13UzixWfBPDZFjMQJUtbXbP,72656335435,98783018
5FHwnP5LRpVz28hoj1jbBeatDsR6hKqy22qETZjzLoZ4SLzz,23635981103816,32135305667
5DqDDDBWCrVWfKLCRBskQNddmEx21xV5sooKEmssDxNbsQxJ,226130206239,307444961
5DJbJYX7F9r6tax5T21A5M24BNQ6yN4h8EQ4ubea5XpinjuR,237156511117,322436244
5C5fWZRshPQzdSVnyJo9xjpUJnazWYtpfjVctQKAF9JZ3G2A,942534182584,1281462526
5EJSUsfTeFcRJiuWVDBZL1RMa8wgd6TQDik9WNv8trdRDBDt,4804326985738,6531927553
5D4YUkP6i7NVJEWYgutm9AYGk43aUtNdYFt1zGxNdaSq1xcF,3196239628262,4345583836
5HEC4jrwtitqYB9jDb2NvUTS8pSQZvHkug5F7C31hUv1PQz4,234442304,318746
5FeZEXZSRWotQBkHjEQtSZzEnTez6x7pn9GuYDyD4ibQEEYZ,251001426,341260
5HVcBEYq9EBWLVzcaQznW1VQm968vCvTCDHYYRv3fhXZ6ioX,50811821566,69083378
5CdJKRze63sSMCZtPxH6NRDuC8rJrHynBj6hHfxKrMp25ML2,34870970537,47410314
5GTfVZDgHS4RQUbH62M6Ugxa2T9iiQyUMNdhr5FvvxJKHMN4,3977544332395,5407839952
5GKDNjkuZjQ4tMNMaByVvXMNe8w4XPfbeVaW3wYfQbUe2Ccv,1992289606825,2708702262
5GF3z69NXTJPQ1E7Rb9w6ttvAaMXA1aHkemsFFEyT2jXnrdh,348832979,474271
5G49tJFdsFktaN3CcVHva8moiv9peDm5wQ2gG7Nbp7Rn9ZiF,1092303697425,1485088055
5CXhY6s8GXm2zE3T91cAiWdQvUM7GAC3Q6UwkTgF7SPgCTyk,72667364961,98798014
5G6nEtgZV3SJUeQU43gSX2qFnr5M94xHAnPWmLTb7kxxYdaV,1506331434637,2047997114
5HahFgbcKbj82NLsRn4H5Yp58tLPyqvbNYkR649p3beXZudF,263923117,358828
5Gj6sdg7fuFfzwKUhdyTWrGhFphcRdsBs9r23NwaampSZwpb,47747957615,64917771
5FBp7fF8QLiQ9cWq277Zqg7xpWNz24KTYHfJwZJT9C7ekaSB,15740417346126,21400555387
5H3dTwZXqTCCwwc7F7jEfdfXz6Q4cXCTXALfwSqomJR6CguK,4837768701901,6577394664
5EyJkj5vB8mo4bDgJsLmyfWaxRV1mJ7XBswBE4giFY6J6fX7,603503687849,820519165
5FxFUL4aaGniru3Gu4nCLD1rj4kox48A1uXBHu4K43rAPc8K,293072688,398459
5EqQbibgifZ8BkmrtXuvJ49MLM5zQajpXoas1AWHVGsfS9ox,14145951927,19232732
5DFGvtiF1CFy9pNEfQZwneSi8K7PR8nVL3ueGUCwGnAo5QSU,68586911604,93250259
5DAnyR35DFGBkbREda7M7sgc4FgydwrGqpdT3EpzALWozB66,3694463935875,5022965932
5EHNsSHuWrNMYgx3bPhsRVLG77DX8sS8wZrnbtieJzbtSZr9,15846049628,21544172
5CXb4GNCFZU5WKxcduG6rLDoyQXX6EFUzEvYYbxvUHCVKz5S,2988351158085,4062940205
5D2ibiXdbko44rwUsye2fLUagRyvubSVo8TftEoSzk31bUMD,13374368673,18183693
5Hgx2vu9bWECxfsPwdepAzRT1qtdcruxyDX3XnGNSypckWZW,116868060413,158892953
5EPEZ7q5TPjPSpqSN6sQKkjriHP6By7Qoa65gALs7RAoL6WJ,290426398,394862
5DUqsSr47rMcs4ZV9tSEbV2NKcLUjMqJb7JgTZ5ZhRhdjh1X,4247454373,5774808
5FEkW9YxEY3Fdie5B2C6iPqtoa5sWSge5iCqjin9bmAhd3HD,32021729164,43536507
5Gs2cfqrkXVn2dtmD4smnRnaDn3uWcBdzDg2ZFtbUz94dVmP,158464795,215448
5CLYjbXdweEoCx744QRMzxdSW992qfMfKrCFKmDr3MW2MhDv,49869313562,67801951
5ECF17BVkyh1yTyeCoiCsxjqTMHkzsWogMJe3YmTbvwF5Ggx,95784060226,130227302
5EsdoJmczSfMmNeyVCbtw4awGBqTLzM6Mq6xVJuA2CDRFGCR,103332928073,140490687
5FJ3uTXV1u42PefykccQ7UGFC59XeHEK6FdfZYph8JTVXoB7,14330657973,19483857
5CLUNA5J2yAZoaSxuTYgitt25dTRTKYy3qLTgUHPNST2V73U,273405581175,371720213
5FEPXYbaBuzX4F1XycTbbptbbePZ8rtihjzpR4erthsB6Wzx,14182887156,19282949
5EtPhRu9d5K6NSZn1rP9ckLXfKi3a2u8BnZ24yV5NjzdK5mK,6067642555,8249522
5HTXzE6qG16dBhjG23ThXXe3CcBMvmQTyWSn8bmfVsSvzk4i,620387692917,843474534
5GCKX5aBBR7ErvzTf4EyewReg7m6KcFzwgU5kubePZ1K9Mrq,158464795,215448
5GHUZSbZB4DArTDi5BRhsYrsnBvZLaMhrKHBXVpgFa8v2cbJ,53567502800,72829982
5HmVRRpw5p6w8HJfN9XDdvugEeXpL8SCk1qpBxsyRsnSqYWa,158460496,215442
5H73xpMAaSVAveYem3RgAgU5L9hBdSKLF76HQpi7zGEr3sZ4,149803979937,203672387
5G6caHmctMpMuN1jVBuxK8X2wYVsEiNYV1KjyYSC1dtmie5J,139971954,190305
5Dvb3qJz5hybuKp7MBd7WvPePynX2gEag5EUBrCd8M1AKgf4,65043760975,88433018
5FnacYXbpDju62iAw6AqELP6c2mESrFwWp1k4qRkVnfK3NGS,73879698878,100446294
5Hb6mPCkMb7bLVTEYsnSdUjKSMfEyAopsWbsd82qEreHMbJH,14140762366,19225676
5EAGLZoE8ESSgrwtQ4wFb1ixJrM4vijPtduN57ZMZNFZM4V2,13123790501,17843009
5GWmraL6564hcGn9utyUtpf3WBb6UMQC2dTYnGgKXa7QW6NF,5826814198,7922094
5ER8U5gxagw5UcvymihP4n7Bmezjowp4bZY7dsNw73FHJRnx,15944532287577,21678068557
5Gk7QdymBxa4weyQzJv9BFoK39hqC1sCS5QXiVWo59FF9HHz,12767479897,17358572
5DqxkyUj8GEn9NhsvksY92QYQ9tic2ugeb3ejqKxfSZLamHg,83971268900,114166718
5EA9QJqh7cw8rVtTWZPwH2cmgozpsigxan78uoGSXjrCX6ew,558289581920,759046400
5GKhnkC2QvQS1oe76tnGZFAh6vh6A8JAg1uqeRwLQ9SeorVr,3765427729417,5119447783
5FW1NXfD9G9NjFD9d2chnd1oEK2PaQ1rHPCam7zqpJCPesYv,4361998723815,5930541309
5FjM2knaAQAAKxJnXMcmsoz9yRnjSfUHukC9DqEaEDwuXanf,14179890168,19278874
5DLkM5QKSqk6xVa4CEYV22DhCzZR5WfmWjVutokt3idtN6MC,152831065535,207787990
5D5LnBWMCSYhHB5AsqQzTrzjFKGRo5PHhf6CRgqGTUgZB5C9,14184381668,19284981
5GxKZWcxa5i8KXNGp3KGL3aFX8geaA35FvRhDgw8V69p4ErC,13662816586,18575865
5FenkhtocujRwqstzSZ4VuqkedpWJ4rAWnKvXEv5BaQDpSXo,14805551254,20129518
5FyQTTvGGRztGb8sYURVzA4ijHCyEQCjUoKaZTkTk8JyruJh,35375695660,48096535
5FJA5A9g1c59nkkCNKgxVwZBa1NcLrCntdPfjUDVggKzEGf9,274052543878,372599818
5Gc4rXjBF7LbVAmrZiwyPHst7egAV1457wzcf8u58jmzQswv,243817775907,331492851
5ExuMh2R8HLM2xruVt99RHC5Rwc6r1eASQa73Lw18igutmGT,200724313724,272903297
5E2ia4rLJDzpr8xf3mt2u653Sy3NDJFWyDKGrESxppRpsx8H,14368309110,19535047
5GnZLLW3v3U2t73zTmvdReLjy7W3KFdXPr8wMgtV5Rk2AXSJ,249982334722,339874139
5CVKdaYhDuyzzwrLKQgjBio7N8w1S6ATXwbpdGbdkh9NhzLh,146472570315,199143027
5Hm9WbxMuLb2oGqU699c7Nf1f1tkSpm2GRVYWg7NDThKjuNV,542208087811,737182119
5H691MYeGFtMzXw5YMNvgUyDFGRztKsWX9JHC2ZcsJWYaNjb,14151519533,19240302
5EhCsGesvhD7eEFFe9vwRy2qHTCZB5kRXjBmNJXr75bSDgg4,63536249385,86383416
5DDGDeyMWsmqhF8WocYBvE1QKvhYR7B4ahfrSgH3iqXk8Nr5,7327982609,9963071
5HoyHqUG6jQzCGSzHZn3jaUjdnuzDn8nqXQcMYm4DkSFdXAd,4402638956,5985795
5G7DvuV6m3sjgJe6JKPKJ1YSXszKAJ1VX1kuE93DEPeRtDtt,73408364342,99805471
5F97ANXV8RLA6fvDZb6p8kY1smTnRvekMMVBrZkXaxLNXbev,99105055641,134742503
5GWw8RsKQo4b6EzTM9KY2TdryTKjovzrjuzd8QMw2o2Mzbvd,984808628291,1338938551
5DPNMAHaf1PV2cFGyFRCS3bmVyeEpoaVdDFw9sqp6hmpAJkg,74470393123981,101249397503
5FfAoAofhFKb5xwhNya6FppSd8RraTvVkrQgbKSgLGWFUt3Q,250969734,341217
5FhVLqEPGAXNFQsuQ6DqFa4PbWLXDKYunM2C9kpHDhnLvwoV,1320498853666408,1795340506851
5FPCPby1QoQQufd4k8A7HVVPHtc3aTHSJQt1YS3YbS89AcPZ,158460496,215442
5GBpVvmN8BYLKH7niBzGR16s37BNRCZFfukea5mQj1GsDdSB,14076602468,19138445
5FuoiXGMv63eGjMHZMAwyXkfNzPx136p9pkxBZR42Q4vTjqz,14272513413,19404804
5F7Ro3LxVSRFKhxfSpuwEPbM2tTYSUwn25KAJEt7VkxEWsfa,98957318912,134541641
5Fe4LnJcoYxFhNgyeN9RYvrAoHFE4s1kiosWhpTd8QSZPFot,2279422475704,3099085994
5EtXDT8FTvkAuG1GdaMjEggfrZKFHKm5FvvrDMK7NA6y5d3t,1717088629948,2334541043
5Cr9987XKPDh5tqTwSbFW3PLUN73Me2e6Kvc6zUNbEJMgoWa,43007857604,58473166
5Ckzx3dxfiLnQ9AFTsrPCaGEedbbjz61ec8RQXF1kCSxzL4w,14141508174,19226690
5E4oD6eVCZC2B3wA4BXPPPWwMbHCBrutDi8qXrzWrDQbnKKW,4474521444337,6083526370
5CP9UDzsfko4UxpagWHC5mSxQQmKV7cHK8ZDmVQZcisQzuaq,14142991542,19228707
5HNpzTWCyAi99UMyu53XFN6z2iFPzq83t7PZphmYJFwCLg6N,251001426,341260
5DvNH5w741fvSZHZRcLdgz5JJehUx3HE8diqnzaqLfKtPs6X,286646968,389723
5DyHfesgheAmcv9Lag2Sji1VBkgxhcX9z9REa3PeTHA1wPdz,393057504526,534398086
5DydULrXTfHpy1xfBxRBHSXJ8FmqTi3C1xSNBA2RhHhscxL4,1856241908063,2523732814
5CCgPxWf7dEUPKZf3y7z8UQT6n8Mq51ahQboW5uY6VaSpCQh,158813312177,215921408
5DFspXGiV1dybas15yj2g9wvMVhtufQ6ThioLxAdSEBFoqCM,14148555382,19236272
5CLg8ze5UCtwAQoqigf8sAraVkxms6HurCVojdRAKoNrpnLD,945126359,1284987
5FjxnWpr95UrEuxGEjwiK6AwQmNoMbFYsGmwEEZRb1qYJcQP,14146692569,19233739
5EqwJZEcVRmzyPs8F1Dw34vyemLHLLWhnAPde2TPrYaNZGaS,5507249203,7487615
5Ef2JYyrREYVw2oJaUyP9JxgMbaWX5LyoZnVpty8P3HfPxPj,15773430417,21445440
5GHnJJ3NPZPNVjYXKrcSA6XM568CMRxEwQsmg4FJSMXNFpAD,99154369885,134809550
5Grut4eNrEoL4vx34EXXrpuegEmwGftdv6fiqQM2cEftCmHP,3176704547841,4319024085
5EsNQMySaE3LBLAEUn1VYbrWBgN1WFfnJJTy4AMstpdsTfcx,168384692,228935
5HgPGsSZQfuc2sseW9aisCjiHj8yZeDCY4zfJmVkH9TLzWTs,2675753641051,3637934925
5ENg3nrBtkxGPqSdm6tjsufFDgniPS1EVumtbzSqcghJhAND,18020691764304,24500799676
5Cf9vyQBhhpycKH5eoRf7nCPsCicmZEnERUqzY1nff3RHiTq,5575704931024,7580687321
5GCJFVtF4XStUj8faNGr1b5mrHVfTGPuf75RzYq5eVRe4J8j,158460496,215442
5F4iSLxHMEYw9R3xjftAZ4NZZT9wfKkDiNbsaPtDnda6o8Fq,39164067813948,53247177886
5Ec5CPRTJuZKEr48saTCaBFX8bY2zQwWV2jqwXtLCPFRKiea,38820673868,52780302
5CadpsLKJPj1L2jsVrJ1VQabeT9TrhmyDyr2TZtt6VpGvh4s,31673309432,43062798
5H3tmvZGpcSyJRUFUiGtZBaMQwuZNW9n1ysVGJ2rk6ftiTkG,4785556778475,6506407717
5DRQDcY69K2qmcAG37FcoadFa9JH5yKhQNfRhtYFV9gTfYwW,16154229913,21963172
5E7pX9RoYz5wYL7ztcmg3vJ4bH1GstJgVAbbk2QLYqsmwQ64,362699722066,493123868
5E7B3qWkJsetJE27wY6RvSboRXwStM5d6wCn89w6fcbUJhAy,655494274830,891205184
5GKmokaGjzhTFxcaiZ3rtteaaDP6QUzuBaCuA6AbZxyHUP6z,1108828342896,1507554841
5CPxLUk6wi5xP4MrQMtRdTvm8F7jjpzDD6wzsR8yGsS5z2Kz,5367595483834,7297743250
5Eh9Qap35XRYEZMqj6ZimZRtMdrEQagBZu4rtMzYj1wrqf4L,163589362826,222414892
5FLWPuthC6Ydt8exXJjGPFNngqa7DHpCxASaGET8LsKixaak,14752327623,20057156
5GrunC37Z5b4EtHd47rCto525s57D2G1EGTP2jhkwM25SkPL,173106942,235355
5CiignVUruKk6gWfBXmTXi6k7K4toxX5Niy2goaW1wi3JqCF,8324192196541,11317510345
5FnRPjUJsUZuHFEwfGzaGud8KoxyeetpvKPbSBp6SqfSR6zQ,18361200779244,24963753222
5GWEycmqFMR8xUhRDss6zt6ZFJ967961jCF4ggwNuHBXdhct,234442304,318746
5HeBAdbHmfVZCKtV2fLttz6Z9tSrwPM5sy4CYQQj9bo9KP2a,251017272,341281
5ENX1Q3GZtrmEXd93zJy8nrrCNxfxQ9csfRqQpS6VJU1D6D4,47539438600,64634270
5F9u3o2pSftNEnC9KVJhoEAoEGHh9u4cXQJmfkbAkxKhZsJE,71411100642,97090006
5FxutL7ayJEA9FChAWEvTMnnvYvkeieDSRrUrduqrPRWG2hZ,14072508928,19132879
5HGTooxxk2LpC7kk24xiXzw6m3K7K5pyeA8t81TuS5Ngo5pP,301526131365,409952705
5DvMKPGyqtXXZeknL6eNZpQgEzkLXkwdBYK6LXm6d9iriGRC,158460496,215442
5DJ7pgTz91Tn3rmFrdhFew1iAM5XJ2Uv4t4vy6PLpvWRiyar,264026879,358969
5Hmd9nnZp3scs97dpK3SBXJwkPJsQVAVEHG2Y2C73wPwtpLR,81260262451,110480854
5CDWMma3HmkmAyZV6ddqr66KJYpLZgZ3UH1BeDNpTbTksHui,2355794726433,3202921143
5DSYyAc7HPni1zh6hsAUaxiVoYCHE3E6iXb87YBbnWszeuU6,241923033917,328916773
5HdTygKMBLjtQd3GikeoNQH25gXLyjFfZdyYp983hbX5jiQ6,158464795,215448
5HYBh76QachKuN3mVqCsVytitAJay853Z5DsS4ABLUuvAqo6,158460496,215442
5CvZeWJK6KtptX3GvKm953gYdyCL9rGu4ZnshvYZTnuQjYqL,52817328065,71810050
5HNMWo36zyNXYgqgcV7bKRRLCpW2CcmpVssDADgGHZvturjp,47509649650,64593769
5HKKjzPrJh5dTP6nFXQ3LYgcyCy6ZrL7MdrQBgwr3g99YG1o,3234082371,4397035
5HK8Uqdz8EtbPY97dkcgiYVjS3o2Z3mggDbDYmxxeoNQksaP,250969734,341217
5DJABNfjGaFTwqLhiSTkAzThg72XhEHT8Jz64SKgkmSTBP6d,18809771,25574
5E23YcvPYct7EoKECNs8HVeqiUGT5DckdbHEhszqieDWYQpq,4534925367,6165651
5Dke7BzcgdXUeCdhYHuVeQdrJHCfPqNZH8iPG6vKPC9HghAN,793851418825,1079314537
5H3BGsJEChcPNYcsaeCSScfht1gxqtybrrDinWUftCpAts35,585887577541,796568431
5FX3ojgkXa8MNb77XzCT25kwPwVx3jfpCjP7dXfotVuSzSzC,251001426,341260
5CX1YyCTgz6CMLNvAJep5WVaPxeKTug3ACPtKmQPQUAct7ZM,5595925854474,7608179539
5E6tTbTMHwaKkjDu3dZiAbHUj4v7LvTJWXakcZkwBLFNFgKf,14140020425,19224668
5DZz2f6u46S6DZhvUWdHPBBfJcj8PrdPS4TXWKFsrHB8MNZy,667617459614,907687776
5Gc841nMMF3E9MiF2TSw6psB4NJvPT1KtBvwbjCdDQPV6Uau,14371097296,19538838
5DVHw5FfHnQpyGaQ1tUVLDeM7YjUcm7nBkThL42kDh9TQd69,171312173395,232914768
5DtWPq6XXabQTt7agBwwowtFfAwB63CZWN9ScdCdFCGe9DLn,52951996120,71993144
5CyEC2M4i4Q8GZZRHTeHeMSQsDM9ti5vHMSmgHueoYXn9fjZ,1014028533748,1378665719
5H6DHYX3uneaEhnGKdreWdgcgRzrWkEuuMPZFqjckGGVErCP,74021919335,100639656
5GBetrBJuGmquzY8t6rVAsuj3ZK6Htj8AxJoH67GNCGdTLBu,49241540659,66948436
5G1khWPkiqCJJhnQMKov175Y9NyhWstbt3Gjo2jsVX6hU6gu,3368298529943,4579513851
5H1VMfC9xJQwoghBUnzExNYiTqGax2MQUtprt36rXo81Be5k,65008596622,88385209
5DLbVMKst1pSvChpyHsmZmsQHRtH6BkQwkBi9FgCuTdJ4hzD,1949947005342,2651133574
5H47jv7ozTvpxo8jSmGiMWSsKvzshxxEG44ByfSLdCqJipQp,94954133713,129098940
5EEeb1iReujktfwgaXpHJMXGK71jJxUTfk7gcHAKYy8LzcEd,244710544,332707
5G9Ya9f1DhdGhP6gyY5WBZ9q7V2VhBz9JobeCb9YXxPR5MF5,870576193086,1183628974
5DAnb9ghfxpgey3wUHdKLGFxWNj63aWnpapZYu2mMpC3CXAL,14136689392,19220139
5HHMTBaTA1oqEK55BDVW3eyA2K8SEAvJsZbDVShwtokze9QM,14767298915,20077511
5G4Lq6W4EajfEaeoHE7BN7ttHVXP8FVa2XBySUmRkRiSLnzu,250969734,341217
5D7TSx1EkQwS94zM4NfMgD57sJntFcrSR8XxK5Pp4NMzbafH,23769719,32317
5GHBkeQfeswEUVv2UmPhvzWm1tKrb6xiJgorYK1885vkD4DV,2035878001512,2767964723
5FbvavWuKUnX8VbziLAvoJSHSuJLTvT2pChdiUUNbfFExatq,143188250282,194677690
5D78Abt9T1VXh8tSDak6yf7mY9eqsEyVZoAePhdebpmVRLxP,14151514163,19240294
5CDmmRXtkK7cSykeEPVYxAKnZYMZaELerWziZsdnGUz2M9hp,15787554756405,21464643062
5EyBVmwjimr2XNigWjf8cRd5gdwrjPuSD61ABLB52bjNmiN7,14171607435,19267613
5HEULgXZattyGsRoK57C5Pet7cpgCWdwZXAkEJTH7yD8utx3,251017272,341281
5F9KtF1EGwuWmiSr7GjB65a2SccKG6Z3oHbgL6rUxjcftHT7,33090121529,44989085
5DtkhxjwVfMmYPWQkpmLN79BiE9jqDXVueH2TCnmYX6H3QAz,131351469,178584
5GWSKFqbXfSyMz54GYk2GBr6QHMpq7knNkwdK23rj2Qp952J,14178399302,19276847
5EWXeMJDsd65gHLKfT6EQod4erLuoZj1MmNh1mvbyQx69eUM,1612834429080,2192797800
5ERoAZdePJ2WpGnpmMqaZYaXhoCuCG9kL9jp8e13bUTPqWky,197022401794,267870205
5HMgLN7FLRXFNDs5gho2iwoExssRjhvnVUqreTiVHhZ5nYbd,116487606595,158375691
5CSZqh4mpuk4u5c5PEwMnA4AXiwr8Yae1q67C5kexDUgfW4q,195024054193,265153266
5GsGm1LqjNPCZd2WFDxc473kSGYSWn5QBpVM3sbQBzFzLqDX,63417104005,86221427
5CLWUH3oHMumw54E9mt4gjHeibcKNw3GLcur3M3X11PfXEbL,165981014013,225666563
5DUDiSeVmtr42ffVpnwAFGKM9zogPkBiKp2BRZeeM7gvFukb,14133734423,19216121
5CqbPLxqxY5JBvRUHVWnyjWtkGh1DBXwwgTFCtq1EuZkL6vH,14273275182,19405840
5DSJcr6NmyQzJvVqJs84XZiqrG7bPzfjFXJ9WuE4kZ2s7iD2,9903144636607,13464242443
5EPMKMUbytrg8YkA4RGAD4wr74arhH87V2RWQggozw2BamKP,123707687344,168192060
5CwUvmUCwFm5HvfKvDuLJQp2EpHp84FP8mYfvrxypcTKH9Su,161047771,218959
5HEc6W8P6Nncy2H4VmeY2HFC1ntq2m6EM29QxswhHKFnrM24,1263737933006,1718168778
5G1UWtXo9dxnzrmEo3hRF5itc8w2M1fgVyhHrSXhAD1x3yTn,15891377604003,21605799841
5GNHCjZzXryyThzRcoK1wUkv1PH3NUz54NMaj3HJ7dMR77gj,16373887620,22261817
5FWxGQCF5zBpN6txGRKnFUiR6uV8zPkcVuuZBpS927uND8a3,14268359726,19399157
5CJNHgzEu3DwXRyfjJ2q3ub9nbTietgNhB97CEsh9zFvpQwM,1182972327140,1608360455
5FHsdW75T17yFNJWGUKem6QVCSkbPVE9ivM1EgM9FW4HVgbo,14145951927,19232732
5CJySS2EyfSqhXCoZM4F2KevBDZzzzkywiYsSi6cAJH71pAH,14139278484,19223659
5GNdP4XHp3STJncLr2XFHJ538DSWTUP2ZDYh1zUg1KvyjW4Q,14146331235,19233248
5FCnBGuZ3UQ8CVLwaAEK1YTpezSMaG7cpSkPnUsRavz3MQfo,244710544,332707
5H1BqNAgtR9oCzJAWukKSfL9vjQA3TuzpgUndd9v3mwA6g9j,14138543283,19222659
5EZvHAfiEdD6fHT1jZxZ4kytZR5EGfHRppnq7Ne7TtsZjr4j,16669393169,22663584
5FnXYc8LtuJZKMu7Qt8eWCFzzD896yr3DdvhHReYcafmj6qQ,1690067149661,2297802838
5Co3ecRXbwehf56dZPS2nCwHaqet3Ntb1Etz9x3Q1ZCtnszr,15494103218,21065669
5H1Fj1c4PQvFMsBXen48aUM7mX46xiTPn8Y6mWk3DRGXvxj9,1770924859569,2407736384
5HL2xQhab3si9Yo7Mi9uVSz3FehZkaThtMUcSanR6RVXd2Wa,19656743515,26725164
5FhMMRk2JNfPHUR1MvB29KZHkMFUVyry4Lg1XyEGz7hh3ShH,234458150,318768
5HHUKYFqQvtSHzJnMnNnajsbavgNwmi27RZAF5dp2GLrFtKY,4407492278,5992394
5HarRgfYRdtUUUZGbqoiKjwLKhQeJ9Cbcp34zHRHZ9Ww8d6u,14186248761,19287519
5Grw6wDqMuwqp1zW5fM2335hrKcf2dfpbQ4tb7ZCnMu9s1AC,447349587603,608213201
5FxihrNjfZe9QchjU2cQaHJw79wSkjrrm4QZbXteQkwST3gn,17465361778,23745777
5DLHCCLAJukeoHxXZwNx6g93oWaGUEuAM8LumPjK3C7MTcVY,2103003292,2859228
5FEgYqy84WkN5BqLymv1inZhn7jrGoWJeXuAnnDC3sZAhNGR,112245056374,152607551
5H3kHNEsmH6FCfoVF2R3uFMkoiqZHJgL3QyBUmcotizb4vWS,131288653406,178499085
5HHGCmVmXj6eDKMY9JoZgxeqkAGCmvbDSnKUhWfesneiE9ak,14346990788,19506063
5Fbt7o77emqK8ekrVnp3c5GPTyHpvFNmWZd4CUyutyY2wLHr,152123276129,206825685
5GNUPoHAMMHwzi1D51NMe9iVVmqrKafK6ADnDtNwqSeRM2oA,244726390,332728
5GvCpqwuGxvV7PAacMZC8cWZAGiRC9TDwasSvtPgo3dSESTW,17217447505,23408715
5DJjSWAf5JsABiEYKJh1sHGhkeKZFm7itdMus8Q23gq6g8By,19944190442439,27115974299
5EqjkVd1cXncYvGpbHFSk9ktFk84oL4Wx2VDNe4RuRZNPQ32,6327585831100,8602939050
5CybtfNFL84hBrybc2BQY3eCA1U56xEhAq4QzFwkZAuWs7fK,15846480,21545
5EoJYZLbbjsVpbAErKtwbBq7G3uTF2e3t5Fu7wRmLCkx4ViG,113849419213,154788831
5EYyf8mw1JWmg76pYfxZkBVUdeSinTz24vwPFs9VDSFBnQQP,67268483291,91457734
5EepQoPRoocRuBp8HzHnnGaFfj8DVNVXoqZkjbJ5YJYcUsj8,15633620809523,21255355603
5EoFs9c896Pz7EBACSPQAqQU2yiKL4fwU22wKUEx7UYVZ6Vi,5509205611745,7490275336
5Dtu2D65WXPBt5jkGSDpKYfJLvS5fJW7NEPGzro1VZg2SXvT,5657715775741,7692188661
5DtPEPedsgNn8P9c4GuquksU6Mkgnto3p8AkUFjmAzKXjSGh,250985580,341238
5D7hvxfuMC1Zrbr18jYzctzcegzRCe3tsksUENyjMmajhgdH,143152976019,194629731
5H8VQyDte3R6yaMnznesK4Hww7HygUXUgJj3xwHymrAG3E3B,1380625719890,1877088551
5FRBAAMoPshaG4fJoXShYMBG4FdGneQi2DZgrsurWqaTr41i,4320642248,5874313
5DJovVaXYQFVwnkP5i5DE5JFyudCdoEfMiM68BVgzbL9v28c,123891738611,168442294
5GjhKhSuTaTV7FWhCmmhZDSQvCo9UvDeffo4hFQgLMUaksSM,36678459149121,49867762669
5C5rWjRKfMExfmav864hS6aVXLG1183spgdUeQ7e1XuRMF2B,3641171486790,4950509911
5CCk57vH4CbSXybiUW92NvL1pmZqLRFu5nkFBgtZsAaBCMQ8,46546277891,63283976
5CM1xaYqrMc9SXcHVYzYmS8V5vRS1CLE4Lwc3hq6riAGRTcP,323608802790,439976143
5CK88gvBmMaYEiQwj3pW5UrBSNamuDQpSzZf74mUPn3ihERX,14173969162,19270824
5G1LnXqD5wyiGd9ZXeTJoR6aDBszJb8ZAhuZCSSmkUbvKZ3i,262421034817,356785704
5CojknH9daMVDQ6rZuUSsDjnzDcofvGWRtCsG6y35HJyiDvE,32119487631880,43669418602
5FREbZGCWLqUxnSqYfgMXPSEPwyPxYK9nbDsUyT9iifk7e9b,103814944118,141146033
5Hq2s99sGRVwiUzi8ehoxrrZ62rtoBfvT4woBWhv6QQW5HvV,17493605468,23784177
5ETzqusHkBisj9oSKgtg4BJjr5zCNVBgW7yymxtNr4gtghmm,14138623662,19222769
5FZ5yxjtT87dBvrLT2Xw9v5VubRYT1Ki6MnfT9kk7Fj4tv5B,54172378770,73652367
5Dt2QpCNab76E1AxLkMeVuyTk8pyVwi53SoCPAAMCcpZ4yqJ,47539438600,64634270
5FPBih8RAKr1EdtCWsBv97faVaiKTktSoFCuw7pKEuU9s8Gh,158460496,215442
5ERCUkKFvf5fF9nLPhP4mWJq1zaUeENzXwvihS1DnNedcsf8,6591160594567,8961293355
5CPb5qG33ose2LjiGjcJHBgfQNa4YLfWTpcDu96eLqS4H3G8,14171982594,19268123
5CdTRfp4QEjUM76La67E1TBeMnDfqrPUs22HLcW8mBDgyqEq,14148175687,19235755
5HWCCe7amkN5LmkVW6Jr2Li8AWHi4RLuZ78SqGdHMcsNc5E7,126793072001,172386926
5CcKzLvNLZkk2eUbzH4svJ19FrNZKNP6JmEomNACcwzzMMfT,5247542040119,7134519473
5DcUXHtCLTrPVi7msTntiGtGHXQcZsvuEKjHoRis5BDFv5o1,104500847207,142078581
5CrR2uAhtU5xok9mgfLxuvNXct1PurExDWE9e2BzY23iMQP7,14145951927,19232732
5D89rvojuMwUGsbehMQufthcwpaLQg15bHC2JRCkZD8sGgy2,14815137915,20142552
5GsLXdaF3ibsrotkhZz7yhCUrhTuXkZyHJ7FZXSmsTjjCWsM,14177276324,19275320
5Df86iGeKgZWNbF3ZSQuxLH2gT8rMP59QkZeuuxFmPFHL9dQ,20127180744886,27364766565
5ELUG4w6z4PdKdyGKT7PHg6cwjK7JG4vzDURBcjfcUVjTiut,14274032370,19406869
5FNHG41VNY7h9d6SiYKiEdD14fqFYp8mGNZVRKMhNXSZz9L6,1077766612,1465324
5H3yZgKvGHXpPwc3UUP5e7atN4nGQHGdP9aXgCbzc8uH7gCG,63385918133,86179027
5E7K5xhKkQWD2Zep8Cm9jnaVZwktsfbZ5RJ5u8xHTXMMGx9y,407057092716,553431822
5DAggBjZkgyDGEFt8biJLqDdz8N9ASHpKJUFUwfjCRamPrzJ,1625922638113,2210592433
5G3WhaMPb4A6ijJz63fxtxZ73AR7ifMfHnDnB2sXM2Qhy6ES,158464795,215448
5ChV82z2vGiLthrgjiSC1DjGeqow7ddbqq9ADXbMSbsJdqz1,14155976452,19246361
5GeUyAHayJNFbrpdXu5rzs1gVMZ59eZxBStq2vJun3d3Sdqn,64225188400,87320093
5DkmYBLEwjfy9LqRnxteBfcp5GBoVnD4Lg8knAToSzqstW3T,1108946256550,1507715155
5Hmzd1HLMYSqDMSdBY1GXvVzzyHhnDRiXhxZiMKoC5Xe2byS,48417539145,65828129
5FUCdJWasQ6L2jQkVjHb1ZnCSuvDA7Hd1HqnmyB3CSPJa4sw,478618532122,650726228
5D4UKsS97Kh1Me4bRvN4KdV6uAV4xEG3gfxKM8ckmR53Nq5T,139274709,189357
5GBh6kEXwAjC8wYdzGc96sXEHZH5e3SJJNNJtTNZRSXFrYWk,2213843862005,3009925795
5Ctz8D4TY2yRDUSJi95QqxKDaZoW9j4VCzbwoMudz8zXwNjf,7520374718,10224646
5EHLKFhzYSzhCWXshhzCm8okzRBWR3x8Uw7iYDyD64e1kxg4,14267605138,19398131
5DMR4fDhi89UYcd9uEhNhrE2xZbvVu9r833JaF8qa1aCb1jS,20887391787,28398344
5HR8sT2viwxoEbkoPeRhTfYrS8oEQgaqUiS3o9TMZ5VrLfMe,61272125454,83305130
5GEbfxXscxdi4dqh2B3TjpWEgiPyFUd5JduFM9VXs227YgGt,3082753983,4191290
5CwSj4uTHg8rkktTnLgzAyGaofkVwA9PB91Vbb8JuPpcYgcj,15022367519,20424300
5HZH9L5Bppt2oTHuPjot9agZyEEHtytwVyGkpGjFMCwbNgXs,251033118,341303
5EqWXLnXWk4UugfECZrzuScERrQdb9ojQSRKXPFzfzJQsGaD,14061355667,19117716
5En45vBfq4iDxpYqbcT4BPT54p8V6JnYQgym9KCmqKDFHjbZ,3282033690871,4462228811
5H6LVSxfxseHPMZjWJF3i6zr3ncM51th6WiNZMQGRjpewBJx,1941787017,2640039
5DqpSvMBfTQswWGCDvzVRhNqmcRMZrtDjcTt44iTWsK8mwP8,251033118,341303
5EXRLyW24YwSpNNP6ETbqkbeyfeLa3C6Xh3TqUw2UPtXh1Wr,97632822439,132740866
5FUUGLKXKLXkwzXvsBH3LSpfwSXyEG7CZc8coXu1fVZAPuQc,14761846065,20070097
5DbxnJmwEJu4J8TiuAPeXfDKBaFxn21tgCjXDYJxWUJKaBub,1463736093031,1990084802
5FjvBfuknC6fxnVT6U6CaPYdndsg5X4ZTNFV9x7CajXtZjTy,13391748928,18207323
5CLtywPhnQ8KqmordN3Vr7Gc5KNe9Ebv7iHrLq3xJqU23SBp,321620465537,437272814
5CVFHkVMPiGK8uiazevyviXLupr9GJXHzTrmdpzFULQowbkD,251001426,341260
5GqLVB9ho3ztEbAHkH6aZD9YxFGoEsudWfW13L5YyZMjeVDu,17612014812757,23945165505
5GVkyxFR2E4f3sHkxY1uL4t7C6tUACHFt2dXKen4NXz7W44h,15059618138,20474946
5DtGjcaMfaPnrVEbuJRsjqYN83p4YZBwNvkjvJVUZmXjD7V4,53559452789,72819037
5FRJkYjccvtWPEoHcH1TPK17mu3fwqhoSWtgBNdodnRBU5vu,63920958668,86906464
5Ev6517A53cqiUC7Q8W6Y3vj1PCXdBggwzeohVgQLLhJSRHt,19533876088,26558114
5F9YoBC7apUc1eqejfMkggp7yGYSme7GUufW12FMFX1pTzPy,672310663918,914068622
5DSQZ2BYQrboecjbAWrRxgafA8ZBko3a6p5d2LGmds28Tma5,5019388239,6824323
5CAkb1LBDm6wCKSniAXdEFeGqxo5zhyeBg727MYXtbs8UtrD,15832573412916,21525850096
5GRk3QiyfhAM8Rx7qWwSehMpcucHt4BXbcLXgFADx4eocaaQ,487078691773,662228599
5F4g8mDMnSpKBncXv5vhjWeovuAVGMSXGL3xdtQBhdk1YVFL,825175424309,1121902424
5Cg2DtRzeSvNPxhgcJ2ffE4TiX8pajP6cZ5GXh7N7sDdHrCZ,193657718794,263295607
5Ff9dEzymtig1d9oP5dPoEGWQQ1xQVk7BHP4MNo8mBX4AVds,2208644618570,3002856941
5Hj4rKydaju9B2UzF8QTBxxm6SKToZ8KKGhZHEsUqreQhfYg,14182505313,19282430
5DLgJqSQVhTiBt9AKVebMnn82cebpbcqAZF5N7rjhHEunRQT,251033118,341303
5H4CTDB3X8MEf6aEmvVyXiEST56wiLXJXsagVW73oFR7GNAv,251033118,341303
5FLZsBtwTeNu5EkiMDkwF4hS8V7Lz1bR4HQRLHc9fkrssB4A,68464589837,93083952
5HK8xzoz8vXvnq9f45XmLXrsNJVfx4m8H9kbaKyVEEH8fLBF,164084812347,223088501
5Fs4FsAFSWUbKvU7CCoLmzXcJMAJgmo8bHBWRV3yueqkS5oT,4229719450547,5750695384
5HmmwCjHEJHAt5Erxh9sbTFLNhH7dBp383k3g4vvUDJiDm2S,14171235261,19267107
5D1rG4naxBouPF2TLuNjNpxZjDvhTUqistnzxnmpxVThrJN4,26804629295,36443376
5CFpR5cEd1iJoKxU1nqJGw13NVnRn2xggGfqsSd2Cp2Ed3zz,31692959066,43089514
5Djq5tVSyA8QM68FEU1E1q7ufPN1TEcGYg6KK2eZMX8jTzVM,14752324664,20057152
5H8zXqgiFq7y9fN5D4W3h2YtaLG8Jj7mmB1cQuMcxJi1rBpD,64616127879,87851611
5E2DPqokRg2XSyu7EcnN2nd34gSDvqnNaVrPMkFtRgX1HVCf,575267492602,782129442
5HR6v8tt6WYNcAYFawvGJXZLQevr1b6LZgG7pcV4m4efs7kX,47539438600,64634270
5FjuYMBQj8QyFLCActE5X46kQdVDfkz7KTnJf46E1zxKduuv,298706139,406119
5Fsiw8f5FvEFPAhuqN67Y6A3gTcinhXHepxXgSsnrxsTVMv7,43097622111143,58595209311
5CvheqN9hGy3YN9QT3orSV1aTjxvuACrzvuUVJcQk86pfnwh,1457487869240,1981589763
5EZ6o5AspMScJMa8PdduAB6uxLYGX5hsehJU62Zuqk8SxHc5,1079321120445,1467437039
5DfVUoo6RaTK8ZoDcwY7Qjyy8JCnhQAmi5gfJvjmj6Lm9zUR,30243626098,41119011
5CMJWyHqJCXXngYcMEVL7MMC9a9dRnxx5AnFsW73sXbSVop7,8559069289,11636848
5G9PSu7Pv7HJa6LCqTY1Vfzj3tmVT9oVBUfvVFkrok2QReHw,69179196908,94055526
5C4wk7gRQjxG4G92FkqC4LeU9KUdTBWuZGRMMbK9cANUaRdu,767725295077,1043793652
5Eh5gLbxuEvezuHUbnChkXY7Mbrca8ViCi4TLcpQeeVoAKiF,14447614509,19642870
5Ckr4mC7esLVKwAdnxcNXGZWYjQ9oPZkpowZGRfxfdDtXqvc,476828904404,648293063
5CwifAiGPuqStQVX5PjFMKkd2Uv2tkfdRq13W5EqsYC91DRP,741569943227,1008233028
5EnKYAcJSWQ4TTSN4gBcya5S1vo2S9waw1qDGg45R1ZXtG5b,1599473910027,2174632937
5CwWVVXn8du7GyuAFyQ2ynMV9HKscYw9sx6r2VUShmTd44UU,14274030273,19406866
5GjS14uD9KoxXTjdFF5TyWvLp7tdKshDfM2z5bRmt9aHYNDp,70279275615,95551185
5HH1fbHyeLA34PtCzrFZugU6QgY5z4SUhKye7bGYBVe2G1Rg,37339978820,50767160
5Ff3Xpnjp16uAB2cHatBnxmNYhHzp517YakEkdDUEfQvPsLL,468985462898005,637629178039
5FjV1czPLVwSFB2MLgbsmJvAZ5eDHWZtFZpUbuFLS9xqDASW,513492597431,698140750
5HVVf4LoyAEcvSR1WNqy37d9N34TfwW2ipscXYEjPS93phSS,841498357301,1144094963
5Hor5gaoGwxmPZ4jwXuwLNPnQtUtKHLx8dENAcQJ5WoXGvgt,44960957258894,61128586041
5HKHsybouxFnVLf7frB5YHYScWFs31eevAhCo3xkQPiBw96Y,3260179933865,4432516604
5CPTSAH8YpQukumneamLFkCjjpHmAg6gkdTp4Cfb98WtNCS6,244742237,332750
5H9M4P9oNJJypqVR5r4yJALwsQdoV9wQ1Fq7PEx1fbCTCPCg,23500329,31951
5DoWpSf2dDyJAp6SWVfLrKwqQaHdbpE6Y8xd1bS3ZNjXvaHK,11238000629,15279103
5Ft4pgzovXRvZEnwcnDPhKsZ6VdF1ynTvBQj7jUkp5rtPwcv,1440804943314,1958907779
5Ggu3pvMFr6WR7A21guz97NT5Ei6DDGsdEMGa5YoXaZPLacb,164143599750,223168428
5DJPz1BztSmwoxLiupNsdrMoC3MXqbaVj93rMYBKdrd5er5p,14131883374,19213604
5DcQaYU8NpvBaZt7Da9V34dPcu1DdqUtREyx7ofTnGbHMf2C,35280516052,47967130
5FC2S8mjEY2Sdj33v7UsnDx4R6qKDuAyCRcYkN1zb46DKrgc,409852845510,557232907
5DGA4JcnS5RavpxwJfadwjzhKMEN1PGT1NHAnmHsnqu4X6Zs,803400333080,1092297170
5FHBLGYFGbKCRXAwA5YNazYf2HaM3UFj3ojcd7rACekgBzn6,115695147,157298
5F1Jzw6aGCsZd4SduRimgReQvZjRd6rULF7NTWPA8nxTVqew,23041455167,31326993
5DLCaXVK6zPide2LHN7AX1EBbQWcPucGdziRxSoMbe4weCoB,235843932475,320651672
5GgKSgp4zXqdcXEsoBgqYLCyGaXxp6y592ACJnKxvZWeWA3S,637678801697,866983398
5GYzc8MMnLSkKYHoopsGEfUUFirDQTY4uZCEAAaQoK4v8czH,20473082195193,27835051627
5FyPLvme4q2V7YWzaenF2tE4xiprf8rrimFLZUgmXEr9yDvj,357495845130408,486048715613
5Gjf5kY5grkaKrjjR1cGNyptHMpvmM56fNRqL1Xt4r3z8zjf,1752493147335,2382676764
5GpGXrXkrVTWewqTHYeLctBCtkL5yZDC8QgTHCH3PB58J5Sr,159334022274,216629362
5D2bZ3SkPByh2ayMDTEy2dYBKD34KFBaxp84dZs4ewYZCTeT,14274793257,19407904
5FxFPe4y9RTosq9UgFoGBXhTD4UmdmRvwURpZt7czcut4g5n,251033118,341303
5ECbDQdQi8BLMA8jjX944oL5KgKygCzojoPqfRBjLw1jRsMu,14147434132,19234747
5DyddMB3aZvcoVDfhxVHwKVRmyGDixVzNB2EnjZ8eSWDHBL3,236370501585,321367591
5HQfXQWnN9zYZe4FqA5MkcGvJp7Qe51cJyfr2SW51puHtYeu,14345349253,19503831
5FtAWE8ZLCVzQHteGpLUpstrLCA49m2Stz13g58Wd35jXxxA,158460496,215442
5H1PZdTgSsxuQFhXtjpZkeRKs2MT3iFVXekNH6BfAdwtL9RF,2023266003934,2750817544
5HibViEmT9yxbAbTxTEMUagNiofRezhuvQdFE4i7JkH4i8Zf,793094783891,1078285822
5EhvJwbxjpLBRbNgtjSVhw3gexTieApKpZoW8YXYhpbnNWRo,34335705657315,46682572292
5DAp76fsnTWdG5JuYK4D3Eu5qPPWbtXnmiLAf2xwsZgAgxqZ,14085884761,19151065
5GpzAgJS83tuDytzue4Tsz6oycNdpp7F8tcai6kHQ1jPznRo,28968961000,39385986
5F1iLbihHTAS81NBTdbVPmPuQo76LefK7XXRdLsd5WijEhto,1593073463108,2165930936
5GYdvpiP68FGzexAVe3LZcdGttte9CHb9MxzRvUNoDSQ3j8n,806798748620,1096917631
5E9vMn7ediSKh1VHo2s4PFn1yN5C7abLJ5UhJZFWpduBZcgg,1335793033560,1816134361
5C5oRMn9Bf73fBYNvBmUpDsg95w8QkBy7ksKDfPoNceVUBy9,22041291322958,29967177196
5HNE22vhbWXsW9ZPzLgbGqRtaT7nV7SS9wqL975uU1fyucTD,15032921274,20438649
5FbyhxshAtEA7GpUyJnEwek7gc9TdcJRcme6rh7yY8hATYMd,70297835576,95576419
5HbANGXhG3m7U8kQYXTfeULRahgauerVHFDhVVGTMEVLRvH1,1756314450757,2387872180
5CSJbEcR6p3gqMtLqsv7wbSiMGcNAhLaggXyVkcfF2RfVU2Z,83447561,113455
5HmfKVUrzBREbutgpejkr1EuH9qh59r8JR3PkFBYqDyvq1hA,16463633375,22383835
5DvhehzfCa69WX1WCB6dvrXJowuzmrYDD3vt5ZTVgL57Rn2g,234458150,318768
5CFnoCsP3pDK2thhSqYPwKELJFLQ1hBodqzSUypexyh7eHkB,10157037264464,13809432988
5CT5jwBEAhveEjgiSCQbkaKcKcUyF3VJ8qNXM9rXsuQyn3Kd,14525556727689608,19748839845926
5CZr6FVGYPHECodShXTyevNgHQ4E2YDGDFhNKj6FWgyNgpKW,1588451051614,2159646340
5GpS2JMCk5dbuNWYKVXWLEJdAuVowiRVkJw6LUsVmoSSBZ1C,77606406248,105513098
5EA9fuJgoXtHcudEFm4en7n6UF9jFTM8yPGtFR4u9r96hCo9,35449113496,48196353
5Gj3Zqq1mJvFFyQ4V57mbegTKmucU6v64Qv9DmtWuzQi3hCS,114670629183,155905342
5EDCDQj8R5YymhZAEw44Mo69JSoUySJpYuf5zNcT8PEtHp5S,33090051498,44988990
5FqTBTAMufSmnaGSb3xfqmzL2CbnbaY2jxUiteRipSrYLAMq,131002846,178111
5CyHdRCoYxpzVxAF8csCyezk3XfZhB8yCJzkSjnCjtjUrrvW,4889537770268,6647779507
5H3turEHbnGpwMjjzz1avM2EeQhqhKiUNQoSzio9B6jyFrSd,14834290308,20168592
5G6viY168a25uEaXNLLNkzaKGFrjdzThjZiUsE9tFuzzEkDz,74450014375,101221691
5Gs6F8ew3pgEdKH3FkvLD53T5DJkCK8Xy9TDnEmZc8Z5goBg,14272145106,19404303
5EnMrjZEtLy4D5iBtkW91za6qA7xmwMxXRwNhVJxnHbEHFCJ,397920091850,541009223
5F4K3TY3hkDYGeL2F86gGKpX7KofMkLpgyVwxhxVVgM2ExWG,62051928064,84365344
5GH92cDtjNTwBVoNw7zZpY5hataiZu8UantR5ikxPYQ9Uxp7,6106743568,8302684
5CJNK5rQgb4Sqq5oe3vdjgg5pSEm4yWWrraH8SZX5ZiZgUuQ,14183634514,19283965
5ELv2QeJnFN9JVZSyoAryTGHWpvLupd99LoGbgL9QvcXFJZz,14153008723,19242326
5Dcmc62woAWmy5TYRUUBTEDQi9mb6hCV6frCMJxQ6YTtwbq5,54328054585,73864023
5H9YkHis6Jg2r2YwSTsNn2ziqwh1sFm3uXhG4BxJXZniRKiL,17149577300749,23316438873
5G3wBMGPbTqyEiF5cH7ZHRnDyVfs2fyheFqb3AdWVAgA6LuP,14356840149,19519454
5DVBJwGuokkXaDjRe7pus9v45ZCZp87Puf8L3hqgy4ozAvsq,3359272815,4567243
5HNWDs8xGjKQDRpiLi3Rw1fSxTpG9rkK7i5GCiGFoXsSFeEe,14150038140,19238288
5ERoWpKYbCzwp5cg3ByHaKy4cUE48gS53xZiekFvqQJ7tTmi,530924327405,721840802
5HQMVy2rSejNvTLkgWsn5cbFA6iuyxvsErdRZnrhzgBJajCD,251001426,341260
5DPNj4vBkTkUi4JWwa4DpSvcGin6SWjQAruwViRtiurYoErE,52248423303408,71036571153
5DA5GVJ5zRwxkGPqQ1ErVFh9pfC7Lgbu3ZrXcyrR9qRU6Uvw,158460496,215442
5GuxbgNVR7U6X7BgVCK8JaLGmkvYfDq2UCzZZ4CDXX7mxKbn,14128927703,19209586
5CM9dzSCeegXkQnE575qacKvuugXh6eizgHcZskMyRFgdVLm,15046956083,20457731
5CFZzorpaiwjYuPg1dRRNJWtVpJx3SmkPL9YUngQ9xeN3e6G,14682027276,19961576
5GEJzvwxxefEdokisZAL2K7UbBp4mubU6hR5tzcPk2WEETPb,250985580,341238
5E4EV199ANEXZQ4FUVWR4Y2eQvb5JY5USR9NNp2siap5GcYG,99055773089,134675499
5CDpfudsfCWbFHRtGnYWaVxjX581gtTD9ZJoTYHkPXNJFTX3,601511173798,817810158
5FWiZTCz3ojYQSBJLXbhuXTysruQPVNjQf3dASa9EJPnnz4B,42018241301396,57127691119
5DJe3bt4RrfWV4vc4mVv5U2WPVbqkgCqHrMQYh2Xmes9atVR,49182250099,66867825
5Dtapv2Yx6m7m38AxnHKXnmKRQEXDTLYcC7yz1RvPwkpxzsV,14342078886,19499385
5FNhzQLucxKrBrQS3ZdhmYy5iR65nJkEeFfh4dL79BT1S6wy,6152665069,8365118
5DABYXiozQKGBTQhRWMkfoCbrJZznQmNHCyYAX8aL7nKChjc,65960131194,89678908
5EZNW7K97Djq3CBNGnsK8w55WQVC65wa5jpmJqFH3VztfWsU,14172726044,19269134
5DtAgix9S2ZxeE6qRcacdRMkL8BxB78Pe6AESYSBUUiRTqsk,66254844020,90079598
5FsoFFxe4isFdSPZU65HEAVZfceJRnNnVypySYHjpPDBK2he,14442771566,19636286
5E4uN4t24cKr8yfh6E2R7CxGe3xQ1YfLsGewDU9FGhB3hDnR,60783378465,82640633
5Eo64o1aV6R3vUDUXHC6fBqiCUeChduX4zfDF7M61G6GTis5,3228017270915,4388788485
5DvYWWafc8w5KLoXX1KkxTzw1C8aMjJhQeG28bacGYDsWzXJ,158460496,215442
5D5gp5RB2UExQd29N7ojk3f3fcaeJq1rYf2eycF3935vvFy3,14154491168,19244342
5E2azjbmeL8ewzDCigTKakoesJjUw9ozSQPsMwGqu3ETFwdB,251017272,341281
5FcSsxtrVxnUg2fcNNYWbpC45XFPvV2ZNL5yNjLhA76f43SY,168836597211840,229548992922
5DoXSs7uAhqqcAYcZUo1qa1UJniRP1oKPFnFyYycff7Chnvr,14176181797,19273832
5FgviVHUvpadN35ZaihRpuA8K4wajk6oEPru9pHNBuRJCfrn,1778667499053,2418263220
5GL86B8xNiWxiSZHxRNh6nrFcBAYe7TTkDkADjLyLMLsvNh4,1683135313194,2288378364
5DAMctrzYjNSjT1EvQt1iU3CX248StBeybeQDyZsSMKqW2Bh,44646131879,60700552
5FvLNTjCAzyPCSMgQhtCNznPzfHrh9etbQpQM24QRgyneZJH,5267724393527,7161959252
5HmfTzuxcBqMEuVAqYz872KpTLGNm1ALn6PQNaozH7MrXDrj,14449227035,19645063
5DrA6EYh6kaUnmv1iXn7AKHy7FZhDG8VnXE3TqUhr1CMjQ4m,7955365669782,10816056518
5CFhjgc6fANarxtURMUN19zhuAQ91CgBTrudEXsFaA2MLDB8,231479842600,314718288
5EFDoVMZJhEbAPUcs87487Kt9XdE2LKZTJtxd9F2fLCrH4u6,15874343049,21582640
5CojGNFGmRsHKLSyaPi8b8t2UVmQqxbFzGUQyidQhHScGkGZ,571770318382,777374710
5GdfxvLwrYzZ74VAbrVQBtRMGyXfabHRiHBXtXnPGBeNgXwV,686113402228,932834724
5G77ZNzikX58KMvyN7jwWUM8FSXyEUMT49KQnAgpkxZwShL3,47539438600,64634270
5GjCKug7Rzu5vFRFy7vweTchaRNaeNYqxmanRiVcfkZ29Jki,51096466168,69470379
5H1caEqpG44ou44SLrGS6UZpBd4Q9XoeQq7e8VLS9QRbF2ZB,160559985163,218296172
5DAf3Q9ibatAuhrstLTwyxW4CNjKGsWRJcMWQar91CqPN5AW,225687922638,306843636
5DXUCcxQ3cAgaaLjAi9kQpV4wgPCzbXqLRYAPazYuVJpuydQ,14132618909,19214604
5D4s5hK7XxAtSyCLSyqNdCnnE98pyrqrT9bxUGMw6yaoJcJD,432114978979,587500340
5CG5QanQewTk8ZJr5qax3Lg51j6oM8zxEEdjBodXWZYkpzEv,49648858569,67502222
5H1Ja6XQ2xkRE4s79ajYexAfUNvGGyD9k5enH4Gb2MoWjrg6,568217061240,772543728
5FxFjPK31SuFmKr8kEuimJt78tBcBtbcVvuFcfzu7zBzq4N3,104700946,142351
5E2QQEfWs1RTjThvQcQKuRcdbh2WXtbzZVFyjuKaxEdhZxAg,784402384930,1066467700
5GxLS7vFRosviXdoh7uHG3LTYh782Zx6Fb3d6R87SY3YAds4,19110854,25983
5Hn9NEDQtkDmFfd3BvoSiGzUVP35cxc4zbpG9W5Q7w4k8bh6,1045508598574,1421465783
5FuyakNmFsSnsGCtuYEQZFVLpt7MpkxCezJybtswnCASCixE,17253904989506,23458282030
5GKW3WB4Q37byhk6wGupoNAJJ8gXVsbGz6Ye1JAnpUfsNBh6,158460496,215442
5EPT1Y96rFqwdcasBXNP6DivTEsWrK2yLyHsooXNWmY2egdy,55433802156,75367389
5DVCd4s45EkMjxzcb2Azjwgb4pLKPLqgbEdzknywZousHTs4,14268737968,19399671
5GNJ3VpZEainiyccN63GSHT1YXbAU8deNrQ9PsxzaQ3nnJBC,14142239508,19227685
5ExYunaktDwCsyZiUb6ZadaAyzCnFycm1HNN6Tw92N3pQZqG,14145951927,19232732
5CaXUsyMs6pLcKLBWZ9Wpbo8tXVvNEREmjgupnBMMFmVpi9N,2377693404,3232694
5FHAPHQC4V4NS4WPeCNYgXTgNsN2yHBwSrWNcyHUaoLVTWsG,936585714777,1273375033
5CfR43jK5FgBRnYijV1UaZJPBF3pSg9yTBJLrvUkhJeei6cn,35222801367558,47888661080
5Equ6c29s9LD7QxAJMhyFNniU4vS9LuG4djXyWPgndu1Fuyz,10579717427727,14384105822
5DCxJt58sz19dGqSJCzbqPgG7WpPKAUPosN16T7GNFnubB5B,104596679591,142208874
5CPyr4BAPbMTupgiyopwgS1KXQcRfPZw5tnTf9Bq8MRXdsEN,4724529527,6423436
5FX2QEWXVqP9EHJHCPArG1p5mhg4vzcsNgcJi9TdX3f41Fyq,1747117723913,2375368378
5GR8FqLRbCKbeT9pW2gykTKSzdguFy5L3See8eN5dZd19eyx,48277412604,65637614
5GHjUwXZtn4DgWRUPqbiEp1AYV4dg9TLFP3ZyzwPjm9NosF9,335108221432,455610667
5HK4B2C7ripwTwQ7HxpGQdeVF5dyqeXuC3FgoomRXeKDMyEm,26827143610,36473987
5FTiVHRACkYuy1zEPMGLp8GbPpddf5gD1A47gxHLCktgG8LK,267903370666,364239448
5G1dvgZsEWniLNLBAApnVU5eHsCmyw5b8DdsnBeUC3WCy9A4,143188789,194678
5EHcFnGcy3FCKZxX6eQUZ6GoGaLWi9csExuiytXrxqBEgPFm,7951111711990,10810272869
5CUiY4qDtHA69W2d9jHsoPjqtvsDLTeVmdtp7sbhTAcGrmKd,93779466,127502
5FjFHgaGgDfAakm5RCMmqbyVcV9fLo7yexiW6u2toLdoYbyT,33336424081,45323956
5DepwbsiThs2gQyM9bpm8QNz6RHZatTEnpCwkT5Nf3ccyZ2b,14183615821,19283940
5E762JWQVxvT9JBJ9GBN8Xb8z1e5wiekCZBBBxXExrE4tjiw,49288951097,67012895
5Ey8eRSxhGsr8p4R7WmtPUxzeLLmGXrdqRZZv71n7isuKhyj,15846480,21545
5CcCNqRkUgUnd6y5kTGh3eRgUVZqvwkgEezhBGD2Qb9BRx6v,2718515619615,3696073796
5GC953VmZ9SefwLA75YMBodxjL83QM4aQr8bmY2yjCtmMaAu,13168425,17904
5FjWPXpn5Bfb5NwCk4gtPs35khF3qoRyyhMcNUt1ADwSK42Q,14145216204,19231732
5C4iaaao4MAtSKWMYEQSw7wqgN2sf9owh9vEoqzpCw5T8D87,1734464722611,2358165451
5DUD3XFCgai9WK9BbUcDdNHRytuxqZoUSaswQ7AVoa6rjRnS,4914221064713,6681338732
5HbD5v2Bh8yw53XYaXG1TjAJNa2SQyjCEYRKLxcFVxzqHNvS,177691396504,241587913
5Ggre7PhcgQN34KkNuZYNpX1riRE72fqcmPWjtDmfSKSMrgQ,14150772784,19239286
5ELuguHmJMLeGjDowbuY8sqzLRVi6D1QJ1f1XUYmGjGNoWgT,5305533854128,7213364716
5GzvazTYgaiAKVevHWrqiYp4m1ZwEaaGxcBa9KYfGgLkK2oe,26606239,36174
5CDTSxF5MtgQE1wXw9Bz3x42NNdT62kpwBpMaCTEnU8eTRiA,85861585424,116736779
5Fehb17yjcFoPhm9nqr2AdpzJnbkgXLyfTGdgkgGNAv6QGoz,223451208,303803
5FYnfXddZqDRmzaySzicW1CtyKuyzDDKL4TuTYuxt3fCv83a,250985580,341238
5GsyG3TAg1sttnTh8t3nzgCvvafBRQMbJGx9ALdtNrmMT85i,96600139,131337
5Dc77DVMPvTBLQxgcbFTZ5W6MzGcBtEjy88rHKXAZkQzyMoY,191975995307,261009148
5DLdMFBH4xPNUQ6VXVXcibhrv2wuuCaAQhnfebMiCzGX7QKk,116220870609,158013039
5FNy4QWW3J7Wae2pzcq1A8wwJN7QKhyuJwNqvXn5JH1TUg3K,316751428696,430652907
5GEyHN7YTCuNhELAPMrQve6vT4cRJqMmusMYKwJgPiuaerMr,47453721461,64517730
5G6GoquGzEbyDWXx7A7Fvp1626MZQGmUnojNLek2UiVnYuSn,737078964370,1002127126
5FPLb1UJAuJwLbcw6nBfirqSK4eCFkd8y9MjX8Z4NKFcBVmo,579768797588,788249383
5EnM5SbUuvgq4v44afvkR5H4PX65doWwMHPQqFu42RJwEurz,250969734,341217
5FsPcdj7f9ASdkHv6TLJAFNTMTyMcRKEgNE3RhK5oLzuzggr,24617870424,33470275
5En7vuU5CoeDEjJ7KiASbmMEUvWVUPWoxNW7KjRr2YuuXe6f,51249414960,69678327
5Eo2EcmAHPdZu83YmvHMes1Df8a79jxH8Kq8HhPQbFwnKAuZ,8974930717889,12202249642
5GQqVa5xCpfLFhs2rRQFNnwMKs2aWRyu8k8yf6x9bkbmt1w9,14154494394,19244346
5FjjfhRycMmEvTVNoAwU61eA87wxLPVJfzVtRggXFwqtJN73,14273661457,19406365
5FKvEZTZ1qTaeWfVtnxWyTPGjXxLpi833H1bhPKLvpurcoH2,36392327651,49478740
5CJPaacVKf3U5e2arAuwwRNDZYKJS2eGnzh3Ko5983XVnEA9,1339646278976,1821373205
5EABd11GAjxsDXWDU2F7rx8nEgHsJXNpjEewcm9LmurtKeiw,14152260756,19241309
5EbspmevJnnp3Frxd5QcqF3BWYBD9HNCeGcAz9druydRwyDd,14455675855,19653830
5Cr1EEjv89KFqhmmJUHNpgmLk9jLCUFvjfjUAkRb1baPTHf9,14143511252,19229414
5ELjG7rDGBv7t7YK1yMeGEMw9HXtRYSXDG11tSK5v63DF9dL,633527789372,861339712
5HYZyX93RMEDfkN45UeDu91WnutV9UotkSwQXjByzMyBL3Vi,14759130777,20066405
5G4ScB4GoPX27i4bErtX3BLqcYpe2N6VrgPMQWM3djXPxuxq,381728732988,518995571
5EckUshihyp3r8JYx1MBSHtv3nHJkGaKVvbTZnkh5qMwHtit,14184362292,19284954
5DqQKGjL2m2CaPWPvxui9v4qqWPtQmWN82soirZ6wnM8RN9M,9284304650540,12622872160
5F3tgr8TbiXQ2FpFR4kQi6QhuoYSRH4YbChaPsaBcqnN7AVw,978098658209,1329815725
5Cf9V61adqFFCVimge6pa2vST5QwWjHdDAFNP9tu58VyuaZ7,728307101381,990200966
5ENoS6KgfncjL9Yec5BHQcTfPVUJ77SYzJqwEWQkXtsjxT6H,158460496,215442
5G1BBpvVPcj6sb44HuxXDPyCHyMK74AVvuHPn666BJgM8DvD,1520978027874,2067910514
5ECHTmmP6CUMH8qBPFhtShAxibpZyWb6Z3S1reBt9vQ4S7jE,5179,7
5FH6CCoukj4T933Wn1bJEV2579MsGBuNBYzwELRRsfyU1tup,2683805449,3648882
5DMFhmqPcfMUXEzYdTDRmqLtv4wGBQTaKesuAhM5bEFSQawv,14173476018,19270154
5GZ4NS64jmtm47qYZrh7NxcKs6cGJjNyamnpypR2tVcFxcoj,1602512518788,2178764207
5Gmnv21WC8p8jcxJk8hGzNQdTZuofNbYGgc1xBNHjBWyBaJX,14132923249,19215018
5FNhJGvys1dw8SB66YxnoiWXgJqNf1N1qZGa5Qgs8FcK5zPL,237697192999,323171351
5FLaj5NWVEpmt5MfLNPogfskQKMuJECVQ5TYCJ83WwVC9U4r,8295458611788,11278444375
5Grkw2XQhadBf2Ecr8wPCGL4gGEzc8Rg1T3Z8TkNmVRTVLei,41757248376,56772847
5HCEayFs6dwZ8nvEmGShpqwVZwpL95KtVbfYNEMNzL3UrYS1,16899702898,22976711
5EUSognXQVqtvaGQoEN96RtzWqo8vbNKLELAfaiDtNgwRsmz,3361707489988,4570552721
5Cr8EKRWAh3xyytvQxyefMJzFR7ddzEFb7inEpaTKZkz6urd,3890494480827,5289487616
5CPuUJGhgJgVLzYSmCfjZBt3sLMym34GJivUX4nSRtfgH1Yx,14155973622,19246357
5DtcKmC678vGsYbg3sNSq9KvmqKSRubXD7b66qyygoPDgKhe,4152354988348,5645511231
5GGsMhTB8B5rTzZdLQL3asESvPZDLnKXGSFAfTz5iqis9yS2,1603535419821,2180154936
5CMFVU8LN5CW5NbXxKJNP7aMkG7ayG7xS82hKzkVboXB33Us,251001426,341260
5HMrtzxe9dKFoCMohq1U2j1QT8iYjA28NbtZ5WHJZgmeQHKK,14181759052,19281415
5Gy9VLYddU63uNDeVoxL2262gPUSaUKBgZdtWSGMVCD8sqyp,4280803367946,5820148701
5ESA6k3MCZ9zWgYtS8dqUzXEQGe37fYHgBb1gWxBjqQkZiQN,14458366853,19657489
5H9YaSZQeayv9W6xHgrrD6V2kUURHTFxZ4pHeC8n7MT27wyX,14170495136,19266101
5GgKqNqyhw41PErE1MDWcqTHMQZUwTTMuC7tALhA57RzUeYK,47539,65
5GEaqVvmabtEkAt7iDHFLCvZgYunHXuCfzjTAm3JDanAAwVE,96238701690,130845429
5FjnRnrt7YfPbXyrwXLCESvLGdyyxkRV4AZfA6Nafub8E67U,37201227045,50578514
5GjX3Yncq9zHZGLQdfwSKy6JAtEvFUmkFuXvs9n4rwquWCoK,215797358,293396
5FgdzAobt1aGUaH6TiSdS4rxjAGUEs2cijkJ9yWUTn6s37jd,331598296454,450838599
5HMndvrTjn4X1FMVdrRC4jUotUv54fRFmtasaX9ntRwk95PD,39616198833,53861892
5GnH5rwnEfnDADqyYHWQs6j5jwuRmpbPUeLrRhcQuFsceFe8,1607215828078,2185158792
5EFKJ3pHRimprSYz8aGEPwT3JXBnbHPu6yLgJ9ErP45FJXMk,589518931965,801505594
5DcRt936Ew9itbcmynVtCTXKtc27wKTMTqsHEvk6491XxwRe,90801953384200,123453666438
5FUcxb7wMmaqDiAcrRpj4uzJstcFqtp3eDobBeZhjjnYteAR,134705137457,183144112
5ERWETkvSynVengb91LLTgMSD97fGTtMskSqLCJkLDcxSMYG,16460409176,22379451
5EhDrA4ATMNGsF1CLPiqahVnFw2ATbKYRKNwF3cXUFk4GmiF,101117241612,137478256
5G4JiFzTpqikD7R9v6YjpiLYSiRdCXH5Yt8YHFximAWjNFMn,98760854258,134274529
5EqjVfPGYdMbuQTkFigmqtnGiHj3kS9Ca9F5bpgebJ5RWuot,75551263468,102718941
5FTT5XXzmnbzu6249of9HzKKhEPqg9VtAZfHzT9vDyFQ3E44,86033996928,116971188
5DkWTzkWpf7KdRDrxFBKYxW4ZRiCai21oTGv8SkR9gXsJySH,14138166876,19222147
5FnyxhE7urektsqzhqJNurRrGphz2Yg2mawkbteyH3FkEfjg,71915410385,97775662
5DtRfcT1LnjqZFJbDsu1bo7WpDWLRk8AJjub1nX6Hg1cx2oR,335359046,455952
5HYyKbbkpp3JphVu8HbAuvag226xhVsx5XwnV8X5eD4CK2bN,158460496,215442
5G6c6VMFuPYh47jVf5cH4vf2LfGB5KBnKSd6AH3XrdWQuz8m,6496014211365,8831933034
5Ca4hzRNHPNRQ4JsbSbeftAehuXxmnYiKuMLpVLGZdMLuNLU,158460496,215442
5F4F2PXmox2a3nuhnXeF9dwvKNJVQUYFrJEaUR75Xw75123R,880779025,1197501
5HYcxCzk3vGu592Cv2rq8jGW3d8pin2U8ntf3nm1sfeGAmLb,66915388673,90977669
5F23nqkQhoXUCC77GfpHapgeycLkPTdFXvpr8NdtZGUgujSV,251001426,341260
5E7SLjnYo8n58e6ZpYf5F1yhjfi3MY7uSdQrf6Fy8dW6j7uj,295069290,401174
5Ejxibj4E7iCZBsusXxcQJQAyfC8moME9244yfjVE3RS73cV,409878986252,557268448
5C8RPQskJFiMATv4guZb2ZR9xtFeaWdpAC5sHZHgv2ycBuhb,197748389715,268857253
5FvN75kMPodK5DV9rEg4GuDCp2jq5DcjeNNppg9aKRqQUcdr,301374512044,409746565
5FtBXvWPefHwsykjtwqPyCZviVf1PczZShkK7VnMzDjpkbs4,1597435122716,2171861017
5Ek9bLsaiVZxfVoREMakSszyLjQtFEHvYm2o1VtW989GUpX8,1821951646545,2477112027
5HSzAVJoAgmBvfXMS1NKYGeL6ZJKjGuhJEoXeYVjF2Qg2t3p,112682374010,153202125
5FRuNWF9LA7cuMq756wbE6Vw46pDCm77pw1y7T8Nuruq1xnB,18706277848,25432917
5GCXLJZf4KqYTTY61QjmNLnZG18Mp4XUg86YRhAMvJ3aE7uV,158460496,215442
5EeScxLDpWkcgVY268jdFHS7RGYyyxA9qgoaYyMmf7zRu1ML,14453572978,19650971
5DyYw4F3setwJkStEFumoB2xx6EDJ8oh9TJLCGnHZH7ZgJbj,47539438600,64634270
5HETj7qc5fpYRLUhntsa6PQJ8WWPeTJGRoQdgY69ikauY6S9,54489799602,74083930
5DXu2efjgvmM24ByNqnsvTetXAW7xPrVqWSeeJZ5Jbctr8zp,193231971,262717
5CyXLq6XDAo4SYRbH2PJ9fzdkk7mGHSeCQxvsL2x6cjexGZM,47539438600,64634270
5GeT7Aazhx5X1DWM2h1xm2ZQUy2WxrxnSnTFNRZTLbipKqcP,33936803763,46140228
5CUgwtVCSHiq8hbiwzh2k9sZ1LBDTXTomqCg3U6anT3MvvKL,3656359078428,4971158849
5EkZ5NbMpjUCr1S6Dq8DzgavQ3qE1SDca3RL2x3d2mJY1rRp,63728737913,86645122
5DUPMUm9FNxXgXZn7zTJ1PincyEFL3acGMUeQRFJbJxZdzo6,12919015687,17564598
5GvAgbCyKoZrsgaXsA5G2KTgCuvt27KroBRSVMyHydy8tpHX,216252974942,294015951
5GCUW2bEY4YTvyYe4FU2rVRYX4juU7xuhwMMhmeoDaGZm8WA,16561451466184,22516827324
5DMPKpCoksN6rQw6fBt2ZQbnZcEty5ZohdVony95wiSknTtv,4772086621166,6488093791
5FxjrEsfpvN1ZvtC5wubt81nCSJS1V4SXBkdcfHEmrLirxgS,158460496,215442
5EhmTJ8RvXoqKqyBHTV72Hg7i4JkRXhbJ2R34vjnFZuLwzqc,47914145488,65143719
5CiUEzYiC8bXTDqeZ8ccSFPrk9jSm7rMg8T9hDQVsAxtm1Ld,975123164747,1325770266
5GjAxuHooT9cwWJWqjecSBZnWLRMUPR9hNqP41nUNgyHPr7G,968171821263,1316319271
5GLF3FGZu9DBdSnKrp4vzxwvATatFt2VWAaKDcAnCm38qdBc,301374622969,409746716
5DV5S1ZZiddR5JAPmv9q3xUjQkSxk3s1oWrYKz4cXe6Sq1VH,324686444261,441441296
5FefwC1TCtbetAkiJFLHidKFquHWn8H37oq9MmEZuGXk871J,892124833576,1212926347
5EU2tPvJZ9QnUuRmpKSuv93BnLb3e2mUYkN4vws3yehCizve,14172357707,19268633
5FvnmswPzQ48h9zCzrNqkWQqjBesNX1fua32bkRVieJ2QFpG,14083662190,19148043
5EYCAe5fiQJsoL71D8qNrZ7NznTuLKXk24Wjp9pe18su2Yk1,11539542592,15689077
5EYCAe5fiQJsnzYGdTNgiw719xk2hhoFczYFMNqwMx6JDf7h,30134793299724,40971042819
5FgbstWP2LoSBzeD5fvcgQ5Q427icpwU56HodnYneWo4jQab,310943598868,422756625
5DCoaBXCxQ6cansiFh1WAMFKaLMQLuzBcTk68eJPoKXshJrz,46908026612915,63775807181
5C7x44XWpXM2GSVkJF82oMRH9nrW6DVgbmgZu1g4scz8tFvu,2906252429186,3951319378
5DA6n2fyD1z5UYmCytM3ANfEE2bGS9TZgFpPYzjNgsGY88gd,252339659124744,343079140322
5FgpfFe4HuFbn7ao4m9RpbR51S4QCpch5t3tAQQBcziaBmti,140526580,191059
5Cwa5Wgf4T74FRUY1oY7iL7yg8VBzpSK2LXLwsXFVfkRJ3FP,15847,22
5DJ3viMdg7ZE9yMb72DX9wrPqMDG4cMwBpxEb6TepSmqC69b,379496898535,515961186
5GVpqnHh5dAxQWYbhDtAu2G75GD3KwMbDoaeckBC4P6vhxqx,158464795,215448
5CfNdpYraF8jLFztKtrxr1nZxMAi8TFjCvggTzqXanuEKWqH,1592088842102,2164592253
5EfQUym2mdVJvsYwfKPvVpBbc9uqSrksSpxUwFA5UqKvGwif,14348624720,19508284
5GduPRYxU6SEBfhS19sPb4azfyubLr1cp1TtbCuJX7Q4G6zX,2552273267161,3470051919
5HDqhU1L4huKEfHfKdEw2sXUjjAc3tu5RnM2W1iGpvtUyG1H,75839629056,103111001
5FtCSFjaEQFpz15FZMdeojQycofmvKJa8eLUUgaX8nZH4LdC,34357734758,46712523
5EetwP1nJ42KtwGaXASn78Bh4M6Bhg125TsewMf3SnqsMxtJ,362962353563,493480940
5Dy6XZEfMNeDxLTw2kNXnSuCf52NuqLS8H5soBm2wveRfsjf,31823264668,43266676
5GZSX6EYApUsFK2fFYc9atw1dEp7RTmSqkNdLLAKQGA9xhbj,3696477628227601,5025703733252
5DnWLHUmR3BKnYN6vBPqHa2YcDsHoTgrFMtQPPhvvNr9xWhM,165814597743843,225440304723
5Fy6bqhKLc3mnG1DLfaFgVwu7hnPRKAV4NVhh33HtFYSWt1u,55296644774,75180911
5FLatVBwAAfjX7yKt2d1TGZWJFxNC9yAnRzxxyQbQQeRg6My,18485355463129,25132553015
5HdwjEouKXRRJy645sKWsYem7aHoibMGkzLS7vpherA8cej6,158464795,215448
5GgMcgFqDUsnegr1ANsAtsarmqweMNvQjHNKt5YMrHFDCemR,39616198833,53861892
5EAYNLBXumuFAJiicQv6bbvxMkiECbLrLxnmWEt51ewD6ido,328714886884,446918337
5FhYnG1HD2EtjNTDgJ8U2oGDTaGgp6yPhYXZpYDTqdBFa1DE,14275170430,19408416
5CVPEgeBnaFDYzDvgSUSPUVWdWsMcWfCXFyUqkF7Serr9aPF,4654708906,6328508
5CkMHPG288Sp9Bo95FNpr8JdYiLPY4EfYUKuQRs2sJrVZMgB,300142099638,408070986
5GjeU6HDQCs9b9VTUq7cWx5rYsqonU5j3CzW5KSBZ8qW36uu,48062286544,65345130
5HptKtnTGhxG4SbLhsG1vmLQRDjdBchLRNxRFUdUQp52DbFr,335193358759,455726420
5DSYGGkxJPru8CqTnMyLa6UZUCmtFPiqnYeNwa5YtYFo6T2Z,14180636639,19279889
5Fh6SuTFcuxCmNZtqZQ7jNCMdv6TH8C1dsX1j45k6m5s7WcR,452943416774,615818530
5FU8XMGWVfTVY7Ks1JEZHCBksiTaiKqcMvZmtd6p1wQccdL6,54861436383,74589204
5FpbPNjVzraEKKfGn6vc3g8qkaAKWSXniVmTffGuxbVBrAvg,322749337045,438807619
5DkcKH8bGAUqKGNyDw72A5di8EakfjJbHQVfvt7tvrSUxM1q,111293897277,151314362
5EEoGMbFsjL95dyJ2uSfZztVL3kdKSVJD3RwjymHziWNLCpi,13837378819,18813198
5EvUbQp1NqY21nNKNvyFotX4UXUjVPdHsaDhrGmkGLYmgsq7,307802019,418485
5F73LWSaE5g1SKMRefByjWhHmWKHXwT8ZSabAvQ4gpu5QBYU,330337423770,449124326
5HYsQKXAVLFNDvWEuGpew4QW6F7ZyjLECrTWURZBQSFi3hnR,18448837122,25082903
5Gc1xGthG8jUsDYaCG5Q7dmtvodKYq2TThiGj85n3i1qtwPv,100925799105,137217972
5Da1it34L5Ser2iAM8zMRQ2aQyf7h3TqWHU2PsSjHLcZWjHV,922597188191,1254356336
5HTECABradWz9Sj6bTPv8X4V2soMKb4RYJNmNGm6jTcUutqz,34067078501,46317349
5ETkBtkt4tLioTJV84rebk7kqcv56xv5zdpyPGhfq6hqYcT8,1728330768246,2349825771
5CGPADKBKYXR4Syct1uxgDQ53Trjcs8xWLc9n7tmFzUrUpeb,77174393046,104925736
5EMjsd1BPEmLpLFBbth8YCjtLHjDrvvMCXsrag9oAT8ZnLGT,209253762194255,284499872480
5EnkuM2gFLWn2XpugoYHCUNGTsCfi4LuRRzjEoPNKiZ3wkzP,250985580,341238
5E1tZbFM1vxdVfVA2J6YTqTTp5ZW6r6t93NjaheAE9Evs4Lo,13847044071,18826339
5E6n5Ccsc2mdRbi19uXUYudMxbrK3FJSdwcHCbDSHh2bfAqt,158460496,215442
5GYKpZaJcWGixnvD39jm43N2XtodU39sNm85GjfRDomw6VsQ,518368781468,704770374
5DwGkbUdtd9T6UvuLFVMXzBdsJ5yjWUXKHZCeig494kXpvv1,14153753356,19243339
5Fk398CjC5eoY4gznUG4aGm9yUXygUhRJ18f6u8rThPTb6nE,97516873866,132583223
5HTQyLsqoJBh8ntbn9W6onGqvq8Tixiery5FNydAUq7yz7wF,276447587730,375856102
5HZ9SF3e4N126JMDTJvbDwLhJUoAkPbnecUAQbR1B6HBZDHo,1196435145448,1626664404
5GEoFUfB8ejDoXng5btWpW7gaH5f5cKbwxez82kE8oMWFpJe,1097039303005,1491526549
5GEZhJYjo8VYhFMif2JEJUnGwN8sS5Mi1exbbx3QcTFMCKfA,63624027335,86502759
5CFyZzhdiMt1PphUFg2oLAhZxjctJYdxo768JEQmbbR7GYSt,2022238660819,2749420775
5F9fj6o3bHggF5WKuDsaJk8bC7sSxKLiZM4yveiuD1RTY95p,59030393360,80257288
5DDVgv37uQwiecQqWVzpSiCLEJvmPisLRPxVghjqg6JSfchy,68011178286,92467497
5FhSQ8m9GLqyTMFNVGbgiP9edXoM4m94wFp2e9Haqrk7bGNh,234458150,318768
5Ey4Pqxfi3SJkKyxgswev6iddhYNn2i1HGBVeGjJYa2X9ikb,466786514929,634639505
5FX76xy48DTXVdDyGzSF7e4ABxQtK5Uou1XKM1yW3AQKPQQi,127979415464075,173999869813
5Dy5F7468sd3VrrTLT59XdzrWdjEQHzSpUwkDmWUh92yGuSF,17159238528,23329574
5HGr3S4ZKUxp1rofj6gkwbasaWksieJnmMFvtZ83SX432DXy,71011386703,96546558
5H8VMLrgkQyvQmvqQR88xyWiZDA2tExNzVUNYdkVdSKDkDf9,158464795,215448
5EZTUGTbYgQi34VK3hrfb78yRXebjjsirBSdqJ8ewoL2EcvS,14267226999,19397617
5DUYh9hc5A5AZQjTT8B18dBRqtfHQabAECpXmJ729UgYZdaT,55575563189,75560126
5CG4QEDvZdEZaLoDGzVRM8sjFpgm3cVJpTgENM3dXtoWUzfX,14184008110,19284473
5CvZg3kCQY1obsLJdbHK5RxKx4tVswLYAmLhPVSg7xyGjexW,24462765082,33259395
5GE9y9GBw8uRazygyk1hAAg2s1cCkEFb1phsVdAxDSgaTymh,14166021846,19260019
5DcBJv31ykvU8dCy9YNGosxQPannftuh8BgjF4mLQG8sgddf,70043970362,95231266
5DZqK8Ds2NH4mPdFY7Lqjrq9nkdn5UTLUZGaCAaVcMrped6J,5678294015,7720167
5HSwRSefnnG9vKZpiTvdrVwDMB4MDokHVrrtWnmWcj3pRSRM,69249116,94151
5D54Zp5xQL9UHd2UxRvhfHsDKqtWHb8WMB7UUBkoXEP3zubo,5587802903973,7597135635
5Gy6pwKrx6ygAVWfeT9iGWpUtmkq3GcknhhxD6QgRAZXrpVo,126164008256,171531656
5E1zGchLf5PByGKQB2juG4iQycEuWXYQADZYqsK3UWVbjNFV,174306545910,236985895
5DkPeuxJWiNeX3iP3sURFExNMzkaGPrgWcmJ2dVypXdrzRgZ,29949846,40720
5DZRYpZFHZCZpKfPwtVHDbssUkdaMcNdtqGahramkZUFFrsP,1943718309110,2642665084
5GKSecYP8b8yzDXEa55PzT6JmLHpmm22HWrLk1Cg5edcv5xj,159749752155,217194585
5EhtGDn6wRFgJyEQ1odGjvRHgrZ6c8uSgYN8hDmH112b3LwW,86772455614,117975191
5EXAV2RRGCnZUg7YHbNqaPbbcibdECChjjRSR2Kw6VCwHLkn,69118644820,93973200
5ECb8j54xQdWGM8Gi5cNurXELopMiK87qrYVAxdGuwRLjwXD,31737392595,43149925
5DnZLhZ6HeqLidtPeGH7N67YWY3Hmyj9GuDWef8qTid2P7vt,17378659793,23627898
5ENT4ZgNPMU8nYuuc2uJr3zQ5shScPC5tUZCd9DUX7SEBUBc,158464795,215448
5FUXtY9zGvnYypAxjpWprUKP3ZLrJ1CnGmxY92mtRZZnUiX8,66491828,90402
5CconAo6vbEQvHkX48C51xLGjSK6GYCaZ1rxnmdBAhq9szvh,2848678267432,3873041972
5FnvuCmfc6zC6vrQVTkxr2MUETZbVqFfQcG5e1W1AXHBawhD,14267983222,19398645
5FzzkgJDmMJVzVf5k8xfkJzFiySsid7k3m8sDuTyEcFQPCxP,483503755833,657368142
5EUDh1kVZEwksfQ1HBRrQysgNRHrc1s3BjudeKki1CgwAktD,11336947898,15413631
5HNpzq2hNm169gBtxRmBQAFRDGUq41yGPCvzs3YeFBYj8tHQ,98859007353,134407978
5DZKjEJTw8jHwsdbzJ1ADcsteYXB53f9oAS4x69LntirVa4V,2384103870222,3241410047
5ERmFTN3KG6GAFSZwsWZSSkW68DFZCb25gEtgyJGDZCudgRc,107103233409,145616767
5ECdQA4AnsXqEn7NtBakRR1YGU8y5Kz5ADP1mwdUFwyVgwi9,120879671474,164347110
5CJQhwnQuvqMrThHNopxJZ6832Kjkvr278Fxf3o9FvYXgmmv,99352023024,135078278
5FC8d66y3Sb9EwEexwPGssoeVcTPqP8fD1psx4Ga3UcmkjSE,158460496,215442
5GNaLdhxiVEz8jCA4omBQVEY8aGwyPzXzcpA8S2PLgCcVUv2,96092571788,130646752
5D7HwsRpw2HmSEyTmKXeEm9KNQbjGyf6BUpTPVrda5kVTV8w,9577467994,13021455
5DkoidQuMGTMudqNNChszmyGHC7zazQwmtfhZcgkXLHDvAhH,97991444534,133228446
5GRRPbz1WMz85oE4i6GfBX7X851rHBpBjYL4JKrdM6EkpaBA,49246167831,66954727
5DvFqZmbc9YRQdkH2LG3cxms8cUxyjtCQSALWFtqqvSzpq91,295053444,401152
5EqHovAWRVr4sq8VinUgR6gpwvJzHmGBL2odKGDWxdUXX9NF,178096044836,242138070
5CrBReV3v7m2z6G8VktHYsFNbqiUGxLBBubmLq4743ew7Scy,14158947315,19250400
5HY6r1wf6ABKrbKD9WJ7rMZyEFjrGRnFwmNxavzP6u7NJSmy,53722290708,73040430
5CqNha6s5veYUhM1hG2y4uTD53bDfxBobvgaPBPRmxQ8n7y6,228303728293,310400066
5DkmYUaN6tAFWzW2tK4Ka16puXz64wM4tBqB96Ki2wfaoB5k,133809425389,181926308
5HmgxDrKNSbXQRK4gvNao74zVu3FC4wL86FBnuaWAQ4tvtQM,1806558368428,2456183440
5GukuZHF4wuC2bqqt57jrnLHuT9dJNgmcvYN4FdpZUrQiPeG,79329618899,107855965
5DSCwE9cjeiGqqimNAC3KRPfbZf7sVysBpjfHWc1B7aLXG7y,480075990679,652707778
5En9eBVak5hsgtE99nGLxHwtYsYNFZW76ARs6R3NS9EgieWm,2712727138,3688204
5DRYjFAxag59tvdAF3vm9xHe5JYn3Ha1cD4scEZrD1QRw1Eu,3075458928363,4181371287
5HeU36FV5suZFpGHatJPz2gE2X3rTT2LkBwJJ6cpjsZfPim2,35173804519878,47822045327
5D4viQVxMnCzYUefiHfrf4kxK2QyFhtfmfdYXPZhTrqo5cGk,41838461583,56883264
5Ggaqm6KmTuczYpQwuxZUK3S3rCJYrd72matA6ScAbqmMtvo,14145951927,19232732
5EUUCio5W2zx5rVGPASWAoExqMKJdbwD2WdyDT4cqKHgug5c,1816905034054,2470250690
5HBzy9TDGGN2zLezLFDtbpk858q8fGrkYSR12DK242mGU1UD,1758147075614,2390363803
5HMdXfKPDaojw8dRjhPEMZ458taVn277KqqPsSC5Sz2dN9xY,148831863043,202350704
5EfV1So6o3FCGF14gCSNibJ3oDRZpqMvV94u9ZL1i3mjxyHq,15005354340,20401169
5HGKvqKy6NagrRK7myCQFsoqMDpmcn4LDnMqovST3DicM5D8,154815493714,210486004
5FNoLXRqPyWjZMJyCxfdASn8Lgt5dWCKXM98jRWZF8egGBhZ,236296047279,321266364
5CUne6VYn4ELPu7vsZxCrwxntMASdy8iUa7DbBhQVezgiS2H,14332288539,19486074
5Chmaw6sQM8wxkf4dM3eSBnj4uQyJGciHZnhjP9Dy2YU1eoa,158460496282,215441723
5HdopcWk1LFMMEmboZt1gnEm3KoP5js3FtCEwVMgHmcpRc5q,171316290,232920
5CwYLeNRWcqiMWSjzHJzemGNJ34M4fAdiZwgESgjSB3dQ9QN,69080910154,93921896
5G9JeAvWgh63fWCDe22BsdZfP6yqvhb5CwVXyTbCmC5yKdsx,98606908549,134065226
5H5q26BECoANiskfRVLWR3cnZx7vSa6ZoHsJSdD9BCgR9jDN,1619351893653,2201658897
5H69ATpDRuyB6TX7ydhdneqZnsC86VqmJJdsyG9RoSX4mY5Z,158464795,215448
5FC972yM47kmFLVQnJL8twdvhEYKdEMVHvxQsy2z7xGfRkkp,250985580,341238
5HQxBzzDuWL4pwhCcXFTBw7rpegYoLKtkuq5TiG8wM8RKbrL,66406128774,90285283
5DPhtGM7FeR6k1fp4WF1M5saD2TARW8aJGYnQ1gv2aip4Kmv,14134469792,19217121
5Dh9mbKEFtniRUhB7y5ZcQZd7V8cvnJDGVQvtCwz9uJocdZw,14183260863,19283457
5CG9FbSpaRs6txC1uqbfPGGmN4nrQyELroT6NYNLhXXWE2YN,1056879241051,1436925225
5Hb6kgbwmzokHLBbLULZXShPfmXUKigYsY2tMJWYdwjr1Gqu,158460496,215442
5GyBMPGucS9qK2Yz3yHQKBzicowvBNDJUvHghHqGmuvZXuhq,510319789192,693827023
5Dt5FgqPz94WR6ABDznCNQWQ4551dtSMt4oXJAMAEo7FUPZV,17553236659,23865251
5GnY4LRpSF7JsNj8CFrAtRJ8qT8QYYkmdikG7LxCbi2ywATr,147172793730,200095045
5DhDv5XdcpH1i7jY44JGXrQ762CfSBqgPd37AK5k7Ftr8AEL,237673768257402,323139503214
5EFqVfmGPrdVCbDSHD3ThD6rYRpRCuhQmFHYPQ8WV9kQ4D19,95908404008,130396359
5FWkKCx5Lt2y8jH3XoQ3VdxaXRwjWWGe76WaUTDLc4uVkwMz,28626284961,38920086
5CrCzidiuvLDR3BttGvYaYro7eGGnYHhv8PFd3pGi3KbAhh5,165223127985,224636147
5CiPXaseHDLZy1SRJNjQ9RsZoDXa19Fubs8uLKe8KCy9DSNn,75233459324,102286857
5FnvVMe4BXvcRnQVoi42uBXsWuNEjxRQfNqqXfkkWjGo9cJt,176265938116,239649870
5FXJ6ahrcktBJBu3q34JYHUbRRd7n8dDbo8RGwJy878nWFo5,14133319269,19215557
5DkQpQKwXPuWTNfJ3Y1xoXqcMvfuGfWzjyVj7JyCkzu5Fmkf,81285761204,110515522
5Da8bAFyATAjdT2cnqJZK9gcHi15iN6DGTiLUPVCrmahUKWY,14171238958,19267112
5GsUwwEXvGMg1Hc9SFRGH9E71gKwVVnWiJYd8qAZcigkj4XU,395996456006,538393862
5FRtVBtwTRnToq8Ac43R1wd89HPp8Qrw6Vy3KQexqLS6b8gi,48281503654,65643176
5GU7CiGpUf7Qgcnufw4SyZNTbS3stVVmSNcZMpF79JZrGzpq,1452657314872,1975022176
5Cojr7GqtdDaT1mKV896J4D6Wj7bzqtpye5ncp7A5XwtXHC8,4934419415,6708800
5EHRaery9SbutmZffPU7VbhTy2WkfBF4zdygAH9FkHkpEiaV,14455191253,19653171
5GcEaZ4L89CANZEkMqGGGUXBV53cs6QGhAa5SHDodJEzyrx1,14173101054,19269644
5HRQVWoL4aUhpiZPLjfLpY4tzLGjhnEKmjTCkjvxYccse2Qd,14755048616,20060855
5GswNS3RHxor1iyDq1NoUaAfbjB722ojszq5chRkymHH6R7D,6488762356173,8822073465
5GmZAQdu36tpcb6geU1udWSVzubvfMnmbnLmWEJfPhyXU9s6,50313747018689,68406199538
5HC49gQkL8LTqeYGe3FvwAiyR1jqGyEwQ5s5GcZAauTL2RUU,250000764178,339899196
5CoSsNpts4FqsaWa4D3GBhYW1KLGEpixD3BWB8skbtTti6e8,14057637910,19112661
5EFiAdwmgp8h2PjqyDKpiVMfjYxMaUN3MxFdWZ1qsX5Xx3nx,6221194421552,8458290073
5DvnfTJhU8ueHzH2YpMGt29NZ4P4q2RS3UYjTp9E55Jxhk76,14150778301,19239294
5GmeSsfeM9GpoP5CpGSbbzjL9a555SfNnM6kwRovcyW4E2SU,14185108773,19285969
5H9huswk6d3ZaFLwsSrCrtFmhht636TCUzdtArHTj1PZ2J4i,68162963445,92673863
5GTLQzTMdf4gJtGospZExPgvyUYWMYPKxWnP4zwgL4vD16jb,108093582919,146963238
5Cky2Xpvav5mnjNSTgAG3TbNxKe1ams8C9Cqe6CyBTNCgmGv,14144474650,19230723
5F3nFKXgseH94zgfxD3ek8sx42DytHMpVWNpmbj8n7t3PEdH,17475746952,23759897
5EXCA6r9tAkbvA9s3UTCFwWGjgxUJqw3XZrLnFSWpC2jrg1r,14175564140,19272993
5G9Jprf5tThxA2h7bi41MZyY1F2JsvW33eBrFfHiBjdYPfeN,6809,9
5DUtpE65LHw278DtnxA2oxfnMLSJa2s5Jy4kqBujEM1sYgSC,14155232390,19245350
5CCGCVFJXhwYagfABr7RTTxDwT86ngTi68X3hkW8WHfP8CfW,14019227868,19060439
5EtZA1P73Js7EMTnv5bD4GA4MVefvbwZepvEdey5actHu2dE,14147072614,19234256
5CSKLETuATjsi3DJXxews3Hbqjt74pWCpaJoCCBgwsC4HWro,14132256930,19214112
5Gp6GadfQWVh229qb1Cx77bUDFY5TDDrYeHiKr5h52VFe7Ei,1598778924678,2173688040
5DfSmguKL82XYjLCRdmn7ceAhQKQ5PmdLKqfCcR7g5erhKR3,70593803393,95978815
5C7uwvsCf3T2yQ9dfRRJodi8BQm8nYmdf1nGyPYCgQWnNzpT,2894809919749,3935762227
5CwZWy4LnZjmVbG6acX2oPTutwcnRQv5Zv9cSjDfWaw69n2x,902451626634,1226966579
5CJVB8Lt1HEWiyHhGjqjfbvybaiBnQi9SM2mWzd3ouEvVoVh,562469645999,764729584
5DUPQ3p4Mq7HzKEExzk4Hpb5UPEQZsj2he6ydkt37HSeFpSS,26283208651,35734457
5ED9pQ1J1rcMuLAKr2TsZAmPwTGuneQVhDLSqdy6YvSiZbvL,69697488361,94760191
5CJ7LVzvZpaCgP4tB8NeEyGZuqwGpXT6aNpxtoUtJgHJfaNV,250969734,341217
5FvGmsJoWJ6Ns4QB2RPUigD295kUo7rqZLYRs6jRaLEeB1is,35670425,48497
5C5XHVhSQtFzHErL5AXSupZo736TwQfKj58x1Z3StVvdPAEi,6600381042995,8973829409
5C54vHKLtgoFjbewigF1V2ZdoFWdCjov8wrieXpXFwEkNgt9,99497951709,135276682
5D4rpfGTm6z67gLb5wVb3mmFFd988prGCiYQ8oz2G6Q2sMgT,75338569022,102429763
5HEFZdAJHeKkfecjJP2xmLZij5fteqF1YkScs1bLpWPVPEzZ,250969734,341217
5Eego49L3kse7Bx2SzMmpVvDXBWbFMPjHJo4KBrQd6Lwbn8A,244710544,332707
5Fxny14sMqWJx1zuqa2S9NBPjzS6VP7Xm4uJk1169CG615gv,14133361199,19215614
5DWkVcA52PjHkrhKmg8VN5Y6tFw5nyZsN6Q49JVL1kZUAU1b,295053444,401152
5DNu7yyU5Katuon797KRZ6a7MEEWUzfVwi957kGFt5TKGD8d,251017272,341281
5EvqA2QLAu6Wush2NrFdwX776bkMoZoQDmZbmFp1rXiPeXHs,14137424760,19221138
5HHHa6y7fp6P3j4uVqig21iU9MPkpdeVawpGGu88kaqRF7nQ,14088107331,19154087
5DywVPokKMnuRZq5CbkPPLGB2FvE9iSqiF5QZ8z43DmcYcPW,607504551930,825958710
5EyANgu4HpJ1TJY8LxXckAWLDZT5FKFHWAcPEchiG9bEUHmG,5784867819424,7865063642
5CrMatoayVFvGfVWmLSQYcAYWLGB5qmRD6RqrGg2NpexKzvX,4545669281,6180258
5HVQG79kLb4tDDiV6pWXbarpxGJxsysCzYZTPSZSavpDfCzH,13837758936,18813715
5DU31Narqty5uWzzcKbgLXZ7vN2hzhMJbGy9cv4JcJNjzxbL,14083233859,19147461
5DFqBeA3N4uV74uSr3hVEzFiLJLZ7fgexQFUU2YXhtcAPqkQ,5142400882536,6991570331
5Ew2aSy8GWdbm6ixRyNmBWfQyPekPHYk5fhMicYZETJFnjYB,175148841,238131
5FsxKHru1gUS7zNEj3tTTUUmqXaeKYyid4GvV5W4G7trWghT,561172425579,762965893
5HRNDvvtSsdFgD4Me1LCcdXgdtNcGC8ZdV6pP2xxme6MEWDx,396169114449,538628607
5HBxJCv7FqNvswRWv13d33iedWUoUGtkcGaRcE8VRn3jnvhJ,9820588606875,13351999873
5EZQeB9bzZn2PFYkEERkb7gh4gFJB8Sv6FoZT1XJiMayaT1Z,334509215511,454796263
5CY5qj3xv4BEcZ6Q3REN9yg7VivNeBnfqZu9TZHiicrnBPrN,195896129107,266338933
5D7DDWBipEUa2aiWRB3UvSoUsNymbbCujZDqutAtPbe7AbPd,31692959,43090
5GBPFwdjGahFED2UpyDUrvCKJPv6LviAEXSDx8VA7i9vhuEL,219503400426,298435205
5FhNfjHkapAGJedooPq83sMm4yUMUWY5EiPVGmsmAauyoG5t,1623873593671,2207806567
5FxEfmJVXvpZEzybUcqn9P1AXpZz4Yeihx4s6867KWsPjYDM,55233044832,75094441
5FxT9zUTSw9xTcuvPtDvABXPY7n8czjGTphokBmFWVeXK6ya,173106942,235355
5FUSQS3btmJGfwDZQdG2xAq1dx5t97jppaj6snmUccaMVpgp,51746966638,70354794
5HStG5S3e1eGFGQ1h9DgVwB5vsJKaDkxp1qdEXCdkz71jLow,15898843904,21615951
5HYoBpiy3nu2DFfLcCgq99iwXGGBS3e7bh7LZYxam6TVB2rj,17722648527,24095582
5HT1QnKYJPF4XPsFudo3vsWrg3QUaKonwGnFZy9NxEL6VpS8,36048429482912,49011178979
5HKaq8bishWWzTNZeg9stV4M9vjbqQf1WjDiG7pELQv5t297,47038926899,63953778
5FyBt13zj8QPxSjHmRw688nLb6ErWPUXCLYPd5ksks5RkAvb,14182506689,19282432
5F4Eg5GgPqsVvdzLSPP2MzV6Sj2sLVasSeXEZq561mN99ye7,190872652477,259509051
5CnwrPPxMRQVXmqmfEzvoMTgDFiqpc1rzajDa2KBZw217zBe,14444386779,19638482
5E7WxJ3pQ8b2kUzkyfMRiLbhUx22jYPtyUqECECxfwL33rv1,180458030306,245349408
5EUbtK1Tyub9rA6xh7DyGKEYWbNHZDz5MKkbMT15erfwdqjt,67867999790,92272832
5HGchGXpgUDZw7sX9N3tVnb39zMvU2TJaS1oSHhCqjtKjgCH,2900690487816,3943757404
5CngPaqWCYb8mDtFKgRqcAQEsYbcqNEbV4WyAuxFuh82Wo5d,14134832289,19217614
5H4GA815rSeLvCPfrMDEr32LKdr8wEKHMWYPiWWoGJXF8vhL,14185502063,19286504
5E2NcUViEp5KS6n6aEgV43D2NCDHJQpamHZMnK6VxpAp39n2,14736802718,20036048
5DaWtAqnbhMb7yi9TLuCgEXTAdVGeiZeHadfNi9Z7i9LqfQp,3292638818290,4476647464
5FTrzy6N5hNwUJPc6SuQEaq6N1P4Uxs6hGo7VWSh6fWYBKh7,158460496,215442
5C5XosGosHNgxLF7BpZnvUbiwudVXFJuwb5Ar3ebZ3ncQwja,122936988,167144
5CZfzeeocbi6KBmNdU4RBLnXqYqStXmW3opxzFP4C5Wkwc1t,76298203079,103734474
5GBx3nG1HosTsRXijR3GTGWvJrVvtViwimTdQKv2YawzeGZr,251001426,341260
5Dng7zpxxNzeGaJFb3Ni2CoZw9rGuaGEpGjQieTTRgv9kAAj,14136324200,19219642
5EaB7MS1JGRCyStk2G7i5Ef9TBkbKWocDHPSAMqpN1G1Uj63,1563101884227,2125181799
5EPiN1gu6F4UGxEmNUhD1f25PbUnGcMuJWYpDhSY2vQVEC3L,166896226627,226910879
5GmskFhSVkMvqdMKGCtjydintC88fMRqQg9SwYMAuAqjDNDs,67710875212,92059207
5GRbMz273K9mtJnAmfqU2Z8mVbxA2tdavMo7CGhCpvCuSPuY,43995500224,59815958
5CyKQaWPxVoagVA3VcNX6C5edxmMgQNo7bkcDb3RFCuyrMm6,41503976565509,56428500575
5EjvG1gFqp8DvB5Tyqf2kAu6yWe1ifh9G7RV7VdMEhsuAJ3Q,1584648,2154
5ChwrQZDgpZqcDTKeKqmYEeizwnVqbWtyfWS3jXGvsk7jFrX,12527049627,17031684
5CGPD4MonnSeKb1TpykR613RrndcqWsQ9kvHkPrfGNiWSEtc,230004239121,312712068
5CwEBYBAgaob6z3FHyqL72jBVyKYw4kXvmuWjBus4APY3S4e,322070588726,437884798
5CPptwbVMNNcKnWNC1KxVZEuZz4YJp9FFiWBmgJXJYa4PK6b,45495020889,61854695
5FEvynZCroeVbNvKUwQS34sAPe26FFFB5varn7TTe46bAPgp,1894101650341,2575206641
5E9hhP8jkGhETbDcYNvWdJ6st6TcNJvQatxseD1J3dFZdDMf,47913508420,65142853
5EZCU66nzCqNBkewWN7wt72JB9ou2ZVLQMGsZYg1JvZFrCdj,17232783624,23429566
5FHYQNKq98tJyMdTyDKgCm5n5YWcbXTWv86rGoHPHr6qq9Fd,135530194480,184265853
5CRnKmaDMAv4bfuiPrewJWQLZAZ5DNN6sLWqAv9KcXfjezSE,728268595,990149
5HKXHHUfwK59wkJFHjDqjfif2iZZ1XQxPhPyRfD3mka7ApC4,2044609241,2779836
5Fenhw6gfmzUdMBqatC3fd7BanGbe9QUEdKc3czUzbSTqDqA,305320618224,415111662
5CUwMgoqZXbgA86A45mMUv7wisrnJH2uuKj7UbaEpexdJgMm,158460496,215442
5GeCJn5MVbPRRM2D9NoQrtD49LEFV5HRvCJTdhTrk9twFEnu,247870377075,337002737
5ESLoZNft2zvf9xbHsdmMYXtJyR7gj2ioCZ5zuJi3iD5Rcxs,2834992151,3854434
5DXby1X7bHESRm6r4A3TVtBPe9fVnPo9FhjSGev7PvWRediX,145196902488,197408638
5EqccoW8j3jVgobM44QnmvZgHv88xVzcHjGLR5QtnLBJE4PH,4879020607,6633480
5E9UYiPxCn1L3sKVfcueuftCXYTfZ4SigpM2yHfDvRP3xxJu,62042200055,84352118
5GgWAVbHhiquDVAFusdr5syfpzSU7HcRiJ18v1xP1i1zzJuf,19287930853222,26223728599
5E1dYWtMcyWCjhQruYbT9amHWnQebFgnhFyU8GiA5TFPz4hM,9584980843,13031669
5EFBE4qgXFa3auk4jNF8794nAb5MYQc1o84U88LhhitvqMoc,5793501013167,7876801268
5GmxMi2SsKAVfwnyxVZFSTfYGqhAeEXLUXGiEjjXcPRCndB2,14158206286,19249393
5G4m6QRukVLHP6oujRXmQSkFCULHhCpikPeL5ekxYFN63dCY,346816653231,471529365
5DJHBaXasMWLpL3JrMbWWF6Wa81SSDwwQKYTed85AERdfB2N,52334678011,71153842
5E4kDYoTkxc17fKMrN1A49nmdCUyYs56pGCEtmjSsWHTYCjW,142833812075,194195798
5CvzfEt9NQGcaptK723D6Dt8zc1LGDMoTw7VTt9bJfEvPPjD,75281526245,102352208
5GTXqLNvkWzgiEQCQKdUzZHUi98Zrz1MkcyKGMozjmnzTxf9,14147814003,19235264
5HK9CnZqNFXtaNNCSW4KL5vJF5n871Sw48mUf1NLTJZiDoAY,1173421984620,1595375880
5CqXS5rZ1wkWJveQSxG9ZxGLzPWhU7J5X4qx7smbzD6ZnxCw,291535621,396370
5Fk2pugNteVvhDZgsVBZ4KnTcKS3SyUxQfN2XrDkyBstebiM,14182869341,19282925
5DZmvrPQ1nzDKaJ1Lzpkscm57YBZPSXSVATKpXvipyxPwfzs,97456129523,132500635
5HKZn2pfNGvUDxfmAxeBh9tE21FjuNo5D1Quw7HXPyuCcg1H,515576023212,700973360
5FyRVzLNvGLePHLRCiDbdegTkpNygVEn1xuHCaU2WAZeqJhd,44200870599,60095178
5DJff4g1JAFgMscD4p2ChTgTJXPS18ztmNFHRqyPZ1oMLnso,214197561096,291221425
5Dz1DAgnrv8hTZEGeoUVMMxM9CQkdqMRiozBWXzaiQVTpJiN,251017272,341281
5Ck7arUhWgZ3MgrtWpn6o8Vjcs1UBTrky5A8YTbJKpbiv8cg,236359676,321353
5CiiqNivbWu4cYTCMwwRBsKhF9VgXUTgNWqJ7QbPCCAPF5Xf,2370033166,3222280
5DZjHNcWKrhC4LkvU3ZZGbkSS25etHy3c2rm7GnFMGNo9SxX,13835102302,18810103
5GxEUeeSD6Komc68R5DWBnGb86ywYg23c9kMDSRP9Z1Jrc2y,762250631751,1036350340
5FvLaPDYffyjv4rsNmRUGGcZQdyPZ2L2MoQ3T1pHQ1eyXaTH,165358014,224820
5GBiCeT7L2NtAtYcSPt6Q4CN1nQ7Ge1XZkysKDqQ87xeFe1p,158460496,215442
5G4j4CdDVDiRsER92asDQjDqHMig8zv1noGqadwvHFH1UJeD,251017272,341281
5HZDWcVSASdEt9XmAeGUcVEqRQz2xUbNwHxd8JniLmmxn1i6,4758677344736,6469862637
5GmuuteyKV41BM3PjFKsNGCzNf1wZHdaAzrYvtgLiD6urGUw,158460496,215442
5Hbf5ucybAvZzvzP4ugKw4NYuxNw9Jrh5X4pY9YgofULWCCP,1046825219629,1423255852
5DfU7CVGhHwxP8Ep1xSMwQUjHsRQRuVwyswN3QYJnHT1XrNY,93312658472,126867203
5GpUBQ2cT1P6DGCbx7aLC49cUpLLXruEFapv8MxumqhwURps,95374651740,129670673
5FNVsiVJ5PMeMf6TAZFCvei73KdYgf5TRkiGAjTTpEmsDJcy,97752140835720,132903090061
5FAKPUefQnZ5SbECFf3kxnnnh1DLkGWGVEQcs6sPkUqJG9S2,136206014031405,185184692579
5GnEdqDVWkGayiPjdiAmQD6j8NQXFSfZcTpyw3NnbnVGCrNL,440205499220,598500152
5FkEBFiBGDfA9PezYz5ReFFVkPSeSs1mcXBrkfSUknQrt5Pj,244710544,332707
5FUFvHtDuADhawGmqWVo5TTYF12RSwYKmR5zJ32VaxqHR5Ki,2398107282991,3260448983
5EkMaSKJP59S2QXK2oYLnkiYDHNoQ98dmJyks9fpBp3gnfAS,158460496,215442
5HgW7zPKvhpBpfB9x41ZffQxRPEGuNtjuM9peRZaPTLcuakJ,251017272,341281
5EWjZZxiNkGH1jYwhoyyM5q6N6DeGQPfPpAiRhEEgTfXgHxa,14081439619,19145021
5HQWx9SXXDUGfLNjuhcYXAwzuKBDnTmvuz33zWZ27nGVYjgh,17782383824812,24176797958
5FRdKt66BR6EXWm39JxBH4ZhgRdETMpkJTxGeaW7YssaUutE,51504972563,70025781
5HWRSP8hx9xtCcZ18oXoz2p2R6T8NHNvo4wUSKfwxV9mBHFm,3827946058,5204447
5FZkjkrzmNVHsgAvpjM3bUmg16gv2Q7Hc87HWsT4avfYkroz,3132521974603,4258953784
5HHKY2YKfN9Zw3pqMJ8PxaBPKsruxLzGToPG5nLvcJzhGc58,244726390,332728
5DZPaGugA6X4BUo5ewTzQAem4cqBPtWTFsoZrUYriy5eu6Tu,158464795,215448
5DfnhrZhYYgJakV5SogeYHxhfp7EKA2Gjz3kn9bWB2yvSYK9,70856161883,96335515
5EcHBTdFu6H8KHmXCBzpLN78T7x2JcKUGdw9z1pdYH2AdLHM,20282938558,27576534
5CmEeWpmR41wznY45ykEvCUSaPzvk1X7pzM6f1K97VAGUJsi,1626978178709,2212027538
5D8F3qzM62nSSwRC6tfU41fYojzHHScATH9Hjhuw4TdJ2rsR,782986153361,1064542202
5DHXS7rwyadq2K85oLEa9WppTGkH21XcgoZtgtNUxPXvD9Tz,319020908006073,433738474733
5F97LZADQfUsHSBLeNAiBq52EVnrfpRGZCdp2fjMHKAeQMQR,71273968853,96903563
5HVQZyXSPXHwq6qFeaeXMeDsxCmCyjNj9vdrU5TdddmuuULu,32471312398,44147757
5EypnpWbR3MzEBocGUjrJQ8YAXK6bMx2AQVrHQZqCqpt1jM1,92062756292,125167845
5H61phnD5buLmqZJwop9F9W9JTWd3BymeobdijTQoD1Cvj1c,182263588929077,247804231878
5C5UfFJBdABBQfkLXHskofR5NzEG79n7t8dZfbM67HgeFvA2,561540634,763467
5EFanQfGdJW3uQ1c4xBRyXFTHyRGmQKNYEDm1CGoqZtXeHn1,860539297679,1169982885
5DX1YDEojuVuEynUHzN5PJ8n3yVgpEnb2pyY1VjHKpQuQSJw,14150037079,19238286
5CAeFaFw9p5DJS3f6bnBW9ESFDvpw1sDFLCRX3yixLbuQvyF,346077288189,470524130
5FEuKKxg54NMkhrrMxETP9yr6zzpVuAvtYyjGk4JuhPopXbs,14149296761,19237280
5Cy9sRftGXBbdTLRrSpo4yvmuyv57CBTyiM4sNvyhvLrBEcw,12765384378886,17355722496
5FEodW4pybiANbJpeDLghMtrNPX6SGfh77jcA9C9nF46W7sJ,68045609482,92514309
5EL8neR9j3Gt2DrYgs8SDjnG554iuhr2PeWg7x3bw7kSC4TT,17479630219,23765176
5HbubbAaoave8yaB6Wtfz2sXB9Lvhk68ttqoRydpmce8YXAX,5171420133031,7031024690
5FNncSSrpLjJHaU7vRokM4UapGr1Cpzgn9eDf8S3jCeXMpQv,15730601091,21387209
5CJ2fPL898AXxoCyg1JzSuXtQCyC12biaafn4jSK9h1vMeNu,39811793562,54127821
5FFTVFwYEr5gj9xX2qdKaEDV1XPxnANH7NwWk7GyyjbUNiAo,14155235424,19245354
5ExkwthLkTUYpXiwFKVLJovjm7XG7q4BGMjn461SLVSdcTjy,17448912755200,23723413150
5FnN36hcra9khkPeiBGPbxxezCLMVXqXqGUsep3tdzommcjL,1725817346269,2346408541
5E7PvwZFE9htdueeY6WaVb7Eu5hD2SzTMuSYCkbmqTNxxfGH,158460496,215442
5F6ugGZaAdUSBpmzgfRFkoLJ96wHLkATukNEsVaDtofNpiU7,1441254721788,1959519295
5HjWDCdz72JRZ2AbwyrkPThYL737ew2NYcntvw8gMVuNUd5u,92944199632,126366249
5ELzvPwUXudqerEkQu3mutuB7Z6fm3DrMc8DBw9EcUKKB5xR,5298493800,7203793
5FvudmWf3AHwC9F5kMBfnLCWtyDH4xqK4SEtrZ2X9G8eK4MB,10023030078486,13627237806
5HKK8arJ97sJJ7YehSdnBb8NQYrmpFJ1EZvhjmDkNbyW5D8E,72775557511,98945111
5EKvG9Vn92nj6bMppHnctvmq2mMp9jiYs2qs91s7LaLDUYWa,232866726489,316603885
5DXfrXD8DwKLmDGPjHrtc6TWTwVH5sEFnDwAciYHQX5Bpa4v,32897006274,44726527
5DArjrjaSwgPmqUeNv8pjYw8Y4H2khT4iYSqMf7d4Vg6HEX5,14271767570,19403790
5HQbCbvptiY5f9h86gt8gh9K4XtZADsN526euLnF1e3PYDgG,2068992227418,2812986580
5Cd1K9UM2vGkqpBeTqinwXiSXhdZNexe6qrzRZsqLK8RssE1,2048949876573960,2785737147524
5CytjWztVowZsQZxy32PA5u5bUTcZpxq6ykS4JrzXbYgWezQ,158460496,215442
5CK6ArdTExmFYPsbh8gHLDkG6P58YKby9ef2hy3gYBwv7HvV,73151881619,99456759
5EyKYcBS1M5gjFCZCvrsRapwV4MpTTuMsnfwp3NLLZLPwRp8,14322512182,19472782
5FnHGySjZJmChGvRCNfvVzccF1MkLrzcvtM6FhfMzr1ZpJFp,14931015571,20300099
5FghvPA2ULr4kazpRekJnvBhz4hvvuuMwPXa2U5a6zD1L7A4,158464795,215448
5FZU8pnKwt6i5VvL1MFFvo84HuSg6jbMsow7ipRckSPEEGrM,70478635416,95822233
5Eqhqvm7aEdw2naNuahDcEdKnLsQxpi96SduAsLZ57CuWd6L,3687170735565,5013050151
5CkJvNWH5MP4B2JQbWhgaCQY2Jkzem9DAtPkn4679nNVMiAq,52592078035,71503802
5FpcuwsXjKS3WWyaUKfNfxMbLLrDvD1Y23xyYQntTY3wQg69,95855355,130324
5DNrnv8Z7Mt4ovzJS8Gs6Pmg6WED82PKcFGgRDWEJZDzSA9X,3497330361551,4754944578
5Fj9Ey3bGDDuMwHsmyWakxBqhH9kHxPurgMbrgyWGCW4riJE,121559960840,165272027
5ERGTAecRwAys69osnCUfYE1ZxvomizL4xia7gb1hqSaXtii,158460496,215442
5GC9hZ7JWWXwG4e32cAdVm7p3TmrVYHuF5NY1ThmGgBrpcyX,7877315101909,10709939542
5GmaWh17crtpQdSZZEdeoCFxxm4WdvPbJHggRUv3A3cnEm9x,14156724219,19247378
5EZiBTwedNbHaKUfHxi6W3aqWtDftT1zDSnC5H8oAQVGqtCm,14746895647,20049771
5GrhmjRoT2Vyqm1vQmvbbt2cvronW9mizKD1FjwZgw3Wxr7T,13536343030,18403912
5F7LRoXAQnhKMVtuPQGQ8FcTxFzc2WsiDc2FPZRwYFo9EA6w,359061220400,488176988
5GP3UHnZQCtDVvQWsXGtZUf335tWrKfVSKRwWVLbhkLocDt7,432683948006279,588273906004
5DcunUdmWqmab8UhqsRp24QJshRFEdV5V8ZyZu9uLQwYEJzE,780497812373,1061159072
5Hddou6XF4Ka3b71GFNhkd2CLKi57STxZCVkJS1Np9APrwtF,2991086398,4066659
5ECh9ASa9xLPBekLHMBNRKfxJYTmnUzpRvuE8Wypa2mLp4pk,11238271469,15279471
5CzKnbNBAyYWFYFcNkPbJBFyEGUK4hTzarBEk18ws8E3q5ps,14134096745,19216614
5HRRU6LUDYUowbneh4iH6X3iVThRBpKTRCYLhYWbvxsxrwxT,606408802178,824468937
5GqA8ACZkeNFfceNKiXWCknZ5xbJBJbmUQrNtioiEGF2ZnrZ,60401423871,82121331
5G1dQounwQGezKWmzqQiDgwJD1jwUwk922hnqTZdkJpY4pib,250985580,341238
5GCBcTr7oisZ1TK77QzjsvP1KcLDTDd8jXrjZfJgMot6r7tc,53075263606,72160737
5F4bLfG1ZhgoFaxFCX7MjRqEzyJTBb4n3797469ALwncimDd,14153749946,19243334
5FNSCNVY2heu73JXhPBSbHTBtDXaQaU11S1T6PYvVCRM1Pqe,1605055122225,2182221112
5HRJiiJXegqMKjsXNFxy9k6AH3tdnmCR9FWAjwGJ3viWcD6X,156592207838,212901611
5Hj39G5g1fqPBEsD7L6qNbrZN1yf8bwrhxxEZSKqsw6xZzdd,1749000159506,2377927723
5Gjsuka5FkutS9bEVTwTH5eJt7u7Qq7uTWCK4RfwpYx9HTHq,14174639986,19271736
5FCYP4YURFWpYaN78cBG1RPUU8vgRKtoXV3jAFxnqwGHEoCB,264113702236,359087043
5CAyR9e48iRTA9TFCwxoK7ZC27ujRfuTteHL45u3LwbpvDPs,262940635,357492
5Hb5jDc7B9BECSfdXkYDvP6udP9D3thAagzTnohzSiAu5Pkx,461383958815,627294229
5F1mDT43H52oLPwrgDEuvp4gD3M9DEDifu34oxBmbPcyvgwc,473135482057,643271513
5DXS33QTx8FqGJShWHUEuwZGfaVNJTKSMUSnx9z34pM2dKkg,250969734,341217
5EnATCdd3YDRyW23JQc9tKUCdrEay6YftDcUnKrE3tcuQ12H,164824391578,224094028
5GBz1LJMFLJetkbweSEJmDof4xE2hxHKgBH4GbjhxWVZxekQ,158460496,215442
5CodCDevxzUe5kefdwhiPFt4BPQsKJPHU3P1ANc7JXJxbSq8,250985580,341238
5CULRDdJiJohBw3YbwPF8J5iN9e7NPfVzrtPiJagLaCWX6Fh,10697443402,14544165
5GSQjwf3pJ8vG9QtbQd8sf9U4G77VaUxwFfAPgpzwDnQiF9U,48435382145762,65852388504
5DcrCUujCswidWMAMHU1TNeZL5PXupBvKXgavc1VWLmo4e2a,15846480,21545
5HmJWVHABW6wtPtD2sKTQyoSvWmRmZVRNB46mbXF8YjnWmk6,21335778999,29007968
5CyAwYfDZLGnNx33aPXhnV7KAYsZBADBjABiCB5hUMWajnva,250969734,341217
5Fk5Gu74nHUC79u8xZXvZSmFJ9jqy2q5Q4LGkaPRTmTzJnHh,87392320451,118817955
5CyqT34oJSpgqtxqF7hUoxzhGSEMWy2PAYxXSRCB79RaxhcN,789912649565,1073959415
5FnKTVFftfhiKdsdyuUwTsNDvJjo8ysKwftcmP8wBQbLWGUR,291424699,396219
5Gk2pj2BUBPtJqZFfiX8fVPGoJjakVCAJ1xa2eBpWRmsaKjj,250985580,341238
5F4AMJUraSnRBKpF8L5LXCDHqkhfzUbgM2PcWHVKHXTnbaag,14163410315,19256468
5CqSMNN4whJsf7Lgxq3Ru5ibZXZV6ajrdSL9HgWUCwXA8K2N,252934644,343888
5CzRqLPosHaraJacm6X4e6VJHccfWUn15xUpJKPBS7833aDE,14170119782,19265590
5Gpb5gfuZXgneK3Xh2dmkwXzCJuM5WrqKtLrmxmwicRvJ7B1,14132992298,19215112
5D28WEDH5ZdVLPePG7afFbP9C4VFDqA8po9tTdJEZKbYRRTz,1584648,2154
5DWfZwYL4jteGqfvm6vQmhkzTqNXnCk6A8PSA5zHdc8u3kfD,1437937173261,1955008780
5C7b9pnsuMAfgBGHf6GuLuvCku87iL9Q9u3tN6FWXJ7L75Ji,68962393272,93760762
5CiihpS1M5Hrs34h2pUfetvorgsAXpPosaB3jDwVt8SrxKoS,158464795,215448
5HEXAuxrNsEAjwNEaBsv39ftYm72pLxRRNgNpXcf8uyFdUi9,14149295857,19237278
5Gc29YUiUS1C2aW8kiP26qs6Z7gMRgaL94LYphr9TLp9qMf5,158464795,215448
5FLJ4J7RKoUGJojJbecNu5NE4iagvSkE92NNpk8jkWb8UbnJ,461309448669,627192926
5F4msK9zS9RErXkQPBaaadtABNFCQXsrskWsAeadt2nDkj8t,14269493059,19400698
5Dr6o4de927xQg9EvrwxxzbH52q2c1LQMcfwv64zn7pEdCEp,978143701,1329877
5Dceay4qPsMbGNkvSjHYd9pt5SaE1r8uWGDfJwUWrKrDeLnw,3329444437974,4526688114
5CkU67vsz9ZKhqNX2n1K8ATQA9ZhESiN4KF7DvF7KDNvBTqa,126939682177,172586256
5GHZwK7t4WMzWtNrYXCrgFcb5kYmVSqKmp1apWjDGW3VtYpK,14185875435,19287012
5HDjpWGMDaR4ptStWZ423KHXzqrQwB4rMmaEoNMkRMx9tosd,48451666017,65874528
5CLVAWStGbpBdSSjXtwKgmDZcZQ3dQg57Sjf9EcsMFhdme55,14144468423,19230715
5HpAQnmoK5AxkYavFK4RnJgYZC482do9jmmSRKCpPdgFfBLL,244726390,332728
5CwnX9bSio58RHsYxgJcEgxCFt3tv86WgVTqfGUgvjpLBtcs,1265608704994,1720712265
5GLMHiEMuLNt7QmNd6GCmgnFg4cdWWQkVMxZYktFWVMJ9D7j,481983519248,655301240
5CZnr6xr2jJhqEHPvJcgBCGhHQ3ty1NMP72uGuwakY5jn7Qq,14143733096,19229715
5FLjGBnD2ifJCb9SZi2N7FTMhEVwqrWy6jJ597479iCQbVSz,235302362086,319915357
5EvTVLonEQJ8NyaGAyHbN3oexXK8KvowUXPoU9fMBHGqQCRR,17417745440,23681038
5Hbb8uU7fJEN3kinBDEnzer9S4ZKTGvvh96mvsed3jYr14rZ,1390301636,1890244
5ERkmhgzUHYTYXCFDxoJPGiAwEdr8oSWe8Fdj98oQAJri8R9,757826143180,1030334838
5EnXv3JYfK6tEVBfGk6i8DNhtKQ8QFKybMaYeRu1kNiJN2Z2,101275231,137693
5FeK52Ksg3ds78Qi7ZF1c41996K7CxT8t8cTVX611UPE3xnM,168511463,229107
5Ct2dZNx1gZtBEcCmuV2QYivbZmvfoyeJFpRQXh5V2yGAEKA,251001426,341260
5Hh8RymUxt9Mi7oVguCFwWmt2ehSXvzE77qvhhstXQ5mJR2r,63764490529,86693731
5F7Mfz9AZgYLVyXoN4nm8R26PZuC4qMCHt1rdmqrnDCSp76W,5055767457,6873784
5ERkg5ze7kuPBNWCvsuWpD3D9zTBpyS8WxvuD2PDTUFrmvRk,1584647953,2154476
5Cqnhidax24h6oKgbrXFCer6dcZohacZ3rTFUBBNMsFZmgmi,2754210923702,3744604868
5EcJndmXfuwGMtgR2iA4J1ufYPC7bDhYnKHnjftnwyZwkbSF,806673412080811,1096747224344
5Fsfv9MvGi25zHDSkUYPD6oAKuyGWEMLgupDjdXVKpCwnvP4,234939083338,319421446
5CkSW4UJPdd4U7shhfzkeezaYRK6MQGv94Rc5keFXhKGNfTE,559426378479,760591980
5Exyar4kUgMtVgSNeeb1nzxQyyJuxmSFnjXHgAka1TneAmx6,264257178372,359282112
5CMka2i8B6P6b1WVUFcc5g4bLovBWeKjA4d5yRRnnLvy1M31,27302354429311,37120079812
5DhVQgvdUBqpyuqgUpEHKHgRT8FKN6yhbvAQTHop2LqZCJMU,2982623158714,4055152459
5H9QJWMPmRi8v9yZMkNzcRDrKJJLTpDzCqB2TghA3oVguqtw,6697051312429,9105261594
5F9Wk66hcKmqiXhHQ1bL58gZ7jxvWM1fysHn9ohvWzPojGuu,4117874367241,5598631633
5GREeQcGHt7na341Py6Y6Grr38KUYRvVoiFSiDB52Gt7VZiN,10564033085,14362782
5G9Es892oATpPDnfGgGFS5McvYnjZpUVdVq9sfcwMVMTtNZC,1013539747168,1378001169
5GgpUqZXE8N8wRA3ZYZqHKoDYTRJv3igcShzwwYTLfeBEN6W,1099025312886,1494226713
5ChYu1B655CRMD8ZURFnd2BANpKvJ4QsiRefTkkmwjrEvCVr,126606750145,172133604
5Gru3MF8nF9W1gaZDgXq5QaKTAAT3WktTk1RU7t6Ca2UXshx,45113903916,61336531
5C5xMoJs5RpsAqsHwgsKkt4E1ThzxqqoWvaCk1h976mU2E2g,127520667633,173376160
5HNWFj6NKJ5qGEnq88R97yNVmDdmnYzWLk8sZrJM45FjfFDU,499698051,679386
5HpBwiYfGrrUrHhATazpGLTTJMnBCdMo7scva2kMvZCwXPcM,9496829115813,12911818856
5G23AzUAickg7VTAuU7GKbnRn9MbVPe5bEAVTNEQLZfwtjXd,3455800919864,4698481455
5H8eFtCtsn29ME7L3PcBbUKbShtgXVZRitodj9JQuqiKPtG1,5756849262,7826970
5EMjsd1DGwJ4H5hwqRYc9UELsJHpnV5FYHVp2HvC5wAj7Zv8,117076169310,159175897
