oJHnrB5zTSB8Kkak8Ve6UuPhsAsnvQFHB5mtc8aTrrsZ17d,300
oJLMZTk64rJaH3oyRtbHHYb6fthF8i3ddZB2nsE5WRj6kve,300
oKXa4uA1Y69rr7X9axWvF1n2xr16cS76wjjpmpuN2YtT2mE,300
oMVACTVb9iKfQPrsKWVxzfgCuu8vKMwF2wp49fxwLJCoq8w,300
oVYnGHveU9J5pwhTa7zVXf7zEktSKEGP8FfNzYXrXCXhakD,300
oXeZTMSuNk5enQR3TbH6EAEfh6cd6KtGfiJqERo25siaBMM,300
oaXi4ErLGaSVcdDTPTjDPqsAjrqS5y9JWahsw1CFtiHHTjx,300
odXYkLPspMF54c5cFycnptK9kFjsbaWo87XxBGjXoDWR8xU,300
ofK5zrasinwG7esbXejSqvAqLtjSZKe4xKhpfr42Jnv9U2q,300
ofqJqZ4Z9ty7c9YmNobt9QxGZRozmQj58VqGvjdnMB4DjfN,300
oiGAA5VNPz7phqx9tnDuWq72qKDbJ47MrND8EEM3NpnN1A6,300
oqmb723Qnk5K7DJxMMtD1PEVzhr4iLypgAEG2LnfWvbs6ZE,300
orNzSPPrhVhcHzkG2HGBKHpkwT6QJnt932VsXkwRdcaJnfx,300
orW3gKVLKdhHUFCFbomwfa4z5kQMNgvSUs5wAZWo4WZznRR,300
otihMbsZwWXtVxztYC1jPszUaYweVsvoBQuTv2fL4HQLLzq,300
ow87GmP1BTi3DNngKLynP8iQKTvRq1BJSpCYWtYCfdfMERj,300
oxHu45mo1b2ngktPRreh54J8pCtwj7Nxk8ZmZiGGsVTjiFe,300
oyeJpywVkajF7Ugv4TBDdzaToKoGKs2SRagtC4WdNkAA6Z5,300
ozornR4MAHEgnnHHsqS5ZRzbu8vsn7RR1WdjmSuNQwguDZT,300
p2KeSM5nJybEQL24erqfN5MM9RiY8focmocbU41GPsYAdZG,300
p2NuyPUXfKd7kkLa1EMgyX8Vruvum46pvB9JgJ5Vx57DHU9,300
p3Jy3sSZgcmuQM5moZe2ahM1ikoogrp1uNQLs6oLD6Q9JDJ,300
p4wuqhA22uqAhbEuA8AEGQm6YjDoin7Bwr7TwXC2tBZDCMJ,300
p5hSb1o6oKFfz99cs4qpiGYGvFdmkpZB8tKKaiDaVYQY1So,300
pCoQHwMeAfQxZoeVMjUoiPxtiVA2UgDsNcJm43R4UKCahGp,300
pCxeA78P1ABZMBbZzwpMHNHCBCkenXSBUKK2VUkVnTNjj3S,300
pFy1FaBYgb1kHHwuvqMyLwiVe2cwY8DwAVFoAje3ws6sdZd,300
pJN9LaVMyJGsvuy7vKyj4dBH5dPVxTXeSvVhdd73r4nSt6t,300
pJVvg6FHtUHEUttvBm3pRiWLXYyPUUyMgo5c9hTindDWVF8,300
pJdn5gFLSQkydGiAL1tpepmMM2WRMiowCH1YwtZnAAUS3Ke,300
pLsA927s8Z48FDgyDcqQ86sPujjQkFPmVyzUFzPq1XutVgs,300
pSxQbktAuajMgbbr8pxYU44MiYM8WuZ48GrKpP7ooDzhDKn,300
pX8oRBBUPfdhn149mR4Ag2UXj8TaBkhhnEX7eHBdrbp2QQf,300
pamjdmm4cNmbMf3J9onktFK7fkCaibKGbZNDBhK1fZ1foUq,300
phwJ4dWWscymUL69pgMjZYPED48B1wqMWGsU7ASFmaGTmuW,300
pigcHgeJfVFzU1vXcyFaRdi6ALTvD4WknFDuxenAePtad2v,300
pkPjM1vUJDAaN3aTXz3W4h3FAThY3C15BMo8p4wkfaDd35K,300
pnzm69YDfTrWKud9naUNxqRWFmaVNxwUrS7nciY1VFfgkCk,300
poFsVNYqCekoXdsX3jy5wS8u9Ckhctie7y9cbiwBEHVR6Yq,300
poaSpVvFmxhYwp5MwocWG1Qi2o94Z1xgjmx3QaQZttT2XCK,300
pqgKV5eL2iU2RCupVLeiSTePVQcKeq3Z9JPN5evpgCRQQ2H,300
pr16QdPB3R1abs1Bgb5MpUsv7A8563f3s2pKgsrK4nxPnth,300
pthJyrwFnpo4bVGmLW77hEahxGrV9fSzmjBzg622K2hmNgN,300
pw4cxWvQJ77fv5ugiKUUedyUdPKVsa1BwKwY3waHGcydDbh,300
pwnJ3gcYBCh6pbQBvudMRvhG828YSufVLrYgUXzCmqFKLy3,300
q25YZ54M9ScUYcL85V2Svz6dj1HwEH9qP3wU9qhBJdaPcJZ,300
q3Cx1WVgrXtvQJKQv8zGtwaJXa4VFL8MxGeTT1aYRQiCDN4,300
q7Ez3pct2MRfMUPGqGXVGzKZWyFPtdRPV3SZtcWG8wWS865,300
q8BY2nP3FBZZYquFmTdzWHUoLTSZgBpo8kdBc7jwjAe7c9F,300
q8L39rTZqNt2on9fsD2XuZa8P65rTGosWWFtVporFjnRhNi,300
qCeTNeP4ytLBs6gYMALgzxQY8sEY4akQW7HJXeEx4pPhqy8,300
qDNLzogXa7kFdMtUr76M1TqnZJK4Eppv4GEm6UUSUSbGjqH,300
qFA7akL8dVQ9j8Ybu7sPWHLd2FpT321XJCa8Rw1nVuvCdoV,300
qFnc7Q3MnHp8z9LSWsZC9ab6BaE4cNgAX1vSWPegcJRiVBa,300
qJNRNEn8fTJs4BPG5caYkUVP6RCKdWBojJNcd8H79C2DQKT,300
qJU9CrPTYxzNeuAyhRBdWw8Tn1etNNtk4uo7HtFJtssdCTN,300
qMRc2vKV51kips2qbfDpHZqjco8Su9hWSjDU7uGzyi4XBPx,300
qQ2iFLD2gpS9dv5PHNVTD92ThwnPzw8XheJuAGEG3e43Tu5,300
qQ9EdTyyNUR6BFrqcPToLyKYUZ2RULXJ73mLwwQVFrR5pCv,300
qS3DdmwkdownZDuK1MF6eVTth7cW19XhbkoMauHCTHZycGe,300
qUkSLRyTMqLGuzHwGLKGW2LC6DMgBCKP9E1CtUTxegMGGk3,300
qUtWKQaMq37YSoDLUMRZJQbL2Knj3zCgzWDNuNcdyrfjWDW,300
qUvFn9zWeNSEgGpkXR5tR2d6usa3MwPXHvChrNGiwgBSJz5,300
qVKcv8BRsQtJt5BXKnYpy8sB9e48R6C9rdTc7gwdUyqMwxv,300
qXvqMw1HwA4SeChz3pNevUw7e9wXsiKWPffGsjLrBvL7WFv,300
qaJUPSWCJBQa7nYDsSqRbKVAnftZK2poHAYyCSrB1pdgAvp,300
qc4YbQ2igLEhpJ2qQdzuGP5nprZsK6ZR6AU6xCGhDb6orWu,300
qemh1uYrmLwwA2ZbbUFvsGP3ViUmzyJ7y6FnC8z3JS43tYf,300
qfNNqDwKQHoWH33yFvmiuY5jJLuL2k3vAuMDQ8orQEpGoXa,300
qnYsQNDwQn4N7M3ka3kuYT2f9aivEaKex6vLdHFUN2cDayr,300
qofYLs2H8o1fmCCuZCGUy3rp7WXT8WkgUPEYSt4R55xbxLx,300
qt4Tjg1axLRHHHw7cHLKXX9Qqi3acC1aBhGgPrJNoksYisx,300
qvo4ReTPTdZZFFRYHp2k4TLHSAAbMur1LYUKokHjBXUhvZv,300
qwZ5ygAJavhghpKCgzF9cbsxueYvsdsG2AXLoLzCZLpvpq1,300
r1dJBmxmAyWepo4oWYFLkQd6KGVE5Nqzi9JE5LY6Ezfiv62,300
r1tkSCbNcfM9TgbGaGp8w2z3Rw2ZvXtX2zkMSBqfwLxKAjf,300
r5H4CMQWLuDinpc7UnQmbasor1R6bJSgToSFdUKL2zKwoue,300
r5JxmDJYe3uEvX3oBLduWiSHFG4w6epY3ekTQCCAMLnpU42,300
r7mhs7oyFCax5opmMBdurWbuShwzFQbR5tEjpdfMmhkinDu,300
r86RiiYQ31TbGFVqUSvQ3eDt4TFR6MNqx6PJ7Ssd5tPWci6,300
rCdc7Yxe9hbSLEBtn2r5TgBfCgNuoJJsHM2j2s4oVowagDi,300
rCjaxVMDvZJ9JnMYrcouXTtF4b5P5qb6BmvKNqUX5NeuChb,300
rDQ166tM9dGvC3qUNq3Tm66C2T6j8YKkRfPNAhbTmcJSezk,300
rHotLryKx8nceEZeHUDXMSeUEAsUGBB2fgmebCrGh9ZbFN2,300
rJHecYaHLpDqRJBwZyMiRL7axHwo6LXJPmQfA1z3ZMXEMpQ,300
rLof51ggkXkU8Fk4Si2u9UmVedCQ3N1om7CL6UheVsmyDtj,300
rME83yA5AMyUvkU5YKJgujfS8Dxq6iC5cveumqGYmBP1naC,300
rPtbkExLtpN8bURTZ8x89kLiWMLt36a5Fa9ws1A1QcigxGs,300
rRnMJ4LQ6L4JXe3oGmdC6abGZHgRPw4CmJohPBFMHSG7EQq,300
rXWzefdMvmGi8x2vupnM1YSFNZ6q6SGc3zmYKskbjLUsSnH,300
rZuSds4vbc23k6zx9auewnDSFqtbvdNnWixCxNoy5d6ydyN,300
raA6knE6Gw2D8DZ5viCcdX4Km6NKvZUNTAW3jYMfLRr7DFw,300
rfFgtyrrcFjgGFh5xcB9BHeEuCTLdguZcCbwq2ugbiX1Zsz,300
rhC9BrwghoV3s4L3hL2Mkf1JTNS5QQgnpi6doR695i29KTY,300
rhSjRbxkmdzg2Eoiung1KFQvZFv3W5dbsqYAJReL1AcYh88,300
rhoDDbHZR3L8dkneGLQt14ShhScqTxJGmc5euEfyRyvwNgp,300
riCAriEHsr7uiQr4KuvEGwruPkFyfQMEEy8GQhTzfZyKoPA,300
rjaaoFW5NQfRFTNpvhtwyyMFpAPiAc9sQN7qt8c5Dyp62yq,300
rkgKEZM4KipBdUCUtXSH11iDTYtSr57V2grRn7GJ6BjpPRd,300
roB9wMFosqDaruwJcTKyc5uj6kKR1LFspzsCsGDCiYEeM85,300
roKx2THhUkaZgRA2dSEkqjE2bpvAAhbC9GpbdapqrSyBpRM,300
rtF9Tbk8zrwaAzwW9RUszGosQRWutsLhpzgSXNLACKAZG8Y,300
rtck6P2k7NBrBGqVUyNxKivaCRzwqbR8bumqPMEVbCLpqMw,300
rwM5mfh4auzvemY6F9pAUGi3J5KX8kNpKcx5KwG3rSUPs6n,300
ry6zpi5vaHnaUGNANcjgGcPUwhKgUrkf8h6NCc6U9miUEJg,300
s4JvechpabBvd5EvX7Gdpwm893CKPKtXXkREuN9XqAeBDS3,300
s4u8ein7xfsoDCPvER3uYhoLZRTXHwJ4GkdnMTMRKCvRNNT,300
s7J9QFNC2VY5Ax93GBJhT7bhxkivU7bEr84mD1Z7tesvcM8,300
s7e2xb6rdhDFF3ApgJargq77zmF9kNmWCaGCVcX51eJptb2,300
s9Yo1y4Byi5ZGT87SKbicStrPFMxXYWF1UWgf1i37wrdVQp,300
s9gXwqUrxAe6u15SYSMSzxPNF2Er48NiRKmZBDFD5uradGX,300
s9uajKV77EftSbucbyPYMjx2ARrpvFCBRywRnCAgcmD5FgV,300
sCpfUpRQ8toforazYiXM42wPELugdtjKaShtdjcsh7dSfDD,300
sEZxwtWhTZngVuJx33rufwokUasrPi3dnJQJfbjVY2pp2xJ,300
sFKumz3ewTazi2dZDu7AU36At7heeUuU4SGsnsdkSt7uGPe,300
sKr27VZvLsFuWnBK4CT6Axe3bVZY3MnNptuRQsnjeHCyvM6,300
sLDSZNUXv1jkX78tHVaGviZpHjCkcUXkPkVPvsACFqyij7E,300
sP7nRFJ9otZPPLvBSAhLv7P8zAVpxaStpmBHMHJntAqWT4y,300
sRGK1ppsGzUpwnsCAhLGEUnK4R5mp2btPXqyDWKgNJgHLia,300
sS3iJBXUAokcynsG9ZE1rP6YZsubtZDHxWtnXnZUW3zCJPS,300
sTZyXamKGMrBcK4ssptoXKXpMscpnUcYjBdVHAyxyeuxKPN,300
sUJv3XV58LNGzhU6YyZdYh5388YDKcwZ6XoZZzZhxwYeQ6N,300
sXHosSQudNCqCZWtL3rxDQCZgRF1vjAJRocGx6mbYFnvtME,300
sZH11nKM2fihotLJnsTic8F8Rq6HttUG35NjC56f5E5F1UA,300
sZvVypeqSeAoR1bpzMPw3johZkdeH145P86dX21mR8iaEBC,300
seorgCZDzP5G3JEbsBjFdpQ4dTUgCWoPjQynyJqHCfXvZVW,300
sjVutJ32RxL8CnrTGG8nnZnMrPBAgQMRTfxCUcPprunk43P,300
skWLhTcLuKsnFEgZ3QjBpbQzxTjwhbAKwAADAVhHionRWMD,300
smu2qAbYcY1eoASF3pxDQKaZPwdbokAxnHcMVoBUjZMXYsh,300
snBWgaFjmH8aDfa3EAyH5ppuGmL6MjNG32qFBmkLrDyffMB,300
snD96Jg2EWZgfCPhY8XiyapvQ2eGxstjP8XWgc949DpUjT9,300
sqXRzZ4jXde3WgbjRQdAwPbFcwLd3ynYp4SZA2DREyaumiz,300
ssUbh9FQChWsfwfD3xakRYYhV3bUcbvQ2dRfy34n3BUh1kb,300
svUG6WeBxMo77QFDb1BJUL16jr6LysBDFWoeqgZnWLomdTQ,300
sxdyrwLWR62gkVhRHr1ZxTwk1EUMqSzfsFqVMuLXKYem3i2,300
sxkBAt6jZQudWYk3djobYXLXqZMcA1THPzv8mvEdckhprA6,300
t158LqrXEFybzWu6TDWuBNntccxvAkRYiJvrwzV1mBCVKDz,300
t1rJ8Y5An3VrE6CkBbc2TgdmT3RubBh4fWPWTkBABf35Eb7,300
t6xmP6KkHCj5tPDTrtqYuffd1SL1KFAK96vqKB3bSuNefH4,300
t7HyVLBk8MAqkEikDnFeVnuKCjwH1M2pvGVyfzCkWD6n1US,300
t9n37YCD5BmoPQopFePHyU7BmrRKv3XXc2z1eXT3yQrfZSR,300
tBmmWMrzbf1FMkKsktqUZQPt48XY7ZyJpYRHkXmFHa6j4fJ,300
tCihc8vZaMLbNTshi3XBP3ahtcSiEuVGaoRbCQ7k7zZJkL8,300
tF7VCWCpkjjr49K6mijXo8eMmpNceN6KCdNbN59b9Zy4HfY,300
tGkV8tX8osg4Ys6nYHdbydFuWpxyfZuSsPFsGcS98bbKyXV,300
tKb2yNW1iAdTqoY9huLQWThKxedAxa5EpmAoVbB48ndMkKr,300
tQePowc13Huka67QXm6xE1F6QzCuLDRW48LnEJjHotUxnft,300
tUMDpVAsLn7XpSNRvKDB9ASWLpdS6zK4gQPaZuMXb5CkdsP,300
tWBuY87caUrd87kMG95f9YbBVVvbo3cATBLX3py6ffkAXjr,300
tWY5jgdboYpB7r2UzaMoHcPiNCphkdCNed9fabFj1wnq4Sp,300
tWZ3JTtxpexf2ysUPLQfEb2dfSmPHcpvN4E95evPJJuh9aG,300
tWasrtGaSRKkQ8SCkLm53ReSBg67q2nHM9BCMQJSRRSh8iU,300
tZcmGSkhuCCJJCK9zbgag7o7wwTkAojrzJ8k1RYKmh9gC7C,300
tbUru3X6gVCrZaqY64vgsu4oLucnJLpDnDxuUexxAkaoxbx,300
tcPsRZvj8TK9FRfDZwmrmbvEzmGAAkUrduowwW6DKcUVSMn,300
tewSCXBNytYNDJaquRPmzVEfPWcPxisDWGMTo6j2ZsmfPRy,300
tj4sKw6uGVucSfEiGwACUahPYCToi6LJr39cJNVeMvUFxbc,300
ts8V1P5ByuRcGtUtvXDHKGqaTUvsh6DPLAfBuqoCuJrx9h6,300
tv4pRnht9UtUNoiWAmmXv2LWd2zEdUhUaGj81rqCvQ9J5AA,300
txcMXfxwn6fsF7SKEC2Xxp7PX7fGNYAHz7meCTc8rtP1166,300
