oJoGCoCCR8UVrGDkfddLFLiwuoGvgCrHxzXe5DyJrgyopYP,300
oK3sWtUZGSU6fzZjBxwy2NdQVNGEvNRU9o6kMUrNDU4gypk,300
oKEiq2AdVgHKSk2BCtM86n2LHizeKV8Fkf9yASvW55yUBYa,300
oKJm5s8znVtnf9kEAASUbFSbkbrqBAZ5Bsmp3tDJqfAN2sC,300
oMBQ83LKEWPB6HUSD3Y2HkCdy6EQcuCPur2qy3Rwkkyj9Cd,300
oMVACTVb9iKfQPrsKWVxzfgCuu8vKMwF2wp49fxwLJCoq8w,300
oMXGL7okdcJxSjyW9DDxiNqBHzWDz5zBnr6ymoq8YmZKAKW,300
oMrVQhBhLBsKXxZgnSSpJSb8eVmDGvg3PqzZJUsmNy2T1Qv,300
oMzbgU3EMydrUAHtoenBvNhzPPeiHE7kDFQNKRTAxm2d5Dx,300
oN29jgaiXiCqHxjcbYP61DCELiyvj6fByDaNSog68DeTfAG,300
oPvRsj51KhaeURPZzPKqd8qPyrRoX6SrBD41JPC8FDuYYQA,300
oRqQkqbTpCqGguPPkCccpumxxG6vT41g9ganWdtmDSoZLwL,300
oSFcE6x3jVm5KotFsDBHqN18HGMxqbtHRmLar3JMRMsFWA6,300
oSGBr5R6SD2zfn1KAMbJ1FuGd1mYnUBAcVuKdP6ATQhs3nY,300
oSYmJqXiUTB5Ei8jzQ3YsGS1Sb3d3iaQpfcbTsE1QZ6Bqvi,300
oTLyh8BgRNu8yzsSHak7XHLb3VZhzvxSYAFedmYXQmSnGHQ,300
oV3H8cZvJ7qpbELDrpmoYyY7CZNEb43krj9YPfs19pkoCSW,300
oV9D5T7WqD2EuduDXWcXfUSXKSxBDN3yMK5ZYpAQtRnUqWa,300
oVbLFm3QmH56bqiYysoJPCccF9mdLbnLaeJG3FaawZ41Vxo,300
oVdcVpDVjVrGM3SUtacWVqHHKpmBP5cQUqmT7BPnpavv9Do,300
oVxRKx6ithw1bFh2sqcFMzytHmcyHThjn5pq9zRXJVvsCor,300
oXwVxaXq9VEDSDtwC82DGYhp6binfGgHCJeH11TQv3MFUSm,300
oXwXMShchKjXqL2qx1pu3ddqwNmCk6pSsjpDChHLVVz7RXW,300
oXxnrCnFmJkmeGp45196nKmb3TJZoEaP1raQZCuNyJvCwjV,300
oY4PPwAwPVoQyXvUdvvpxtXd5rBvBJT2NCJbkkp4q2LvxAU,300
oYGzB5Vo1e3FS5RiSSGofNYSFLpcKJedNKgLyixppgck8sH,300
oYYehcXumi8PXT2mF9SBgcUCii18mMHXjiQXUENRE4XSeyJ,300
oYghzbsRxw6VEJp7BembVvHWxNGfbi24DK7aHcNtFc7R29L,300
oYhLxWUhTqpvifAvwuhEqojTsin2z1831jCBpuEehq98NGX,300
oa3aRfay5RrVahC7MdstFqa78bRb69GdrVzmER9dNESv3of,300
oa4Nn3BCi5UKSgxjo2Wr8B7e4Y3mBGNhTuCDzkdcBV4Cisf,300
oa7ws7vskW5txMHGJWZAKazXeH2yRwxusMnQXMcJHHSnjsx,300
oaCTMSSuxSKHKoPDGJzoruHMYQFhEgFEVtLvnYq62UE2DxQ,300
oaFMGENQKADrR44vakL2Xp8XG6mzrtDSDfLpPYvajAHFk2y,300
oaXi4ErLGaSVcdDTPTjDPqsAjrqS5y9JWahsw1CFtiHHTjx,300
oabAr98nTsS8XrWhT5jvo637RZS8xvXeN798Txs7dwgrFJL,300
oacUKf6CU5ZGrBAVUCPgmcajbH6jQwy7wmazNmJmxUePjbR,300
oairG2VakwpSR2TH1B2jyHUwQpXpsF2ahT9edt8EM374iFD,300
oasjEt8EJnpUgnqZ8aXGiJkB5HdZZZFfBwnxGEp8TNrvoax,300
ocigVbAbs4MAy4otQNPF8QWRuuKctCau9ikrFYKseeqS8Qg,300
ocuC8zrumazWPXWDLiomNtFPuzjDhyv2TsttZs1aQvwyJnn,300
odAJ6rKyv8viLywUdhVSYeDRsi4g7Fp3qmkyuEQbmDUi9N8,300
odUgZrzcQwn2znfy6kviYqbtqVytoeZtk61bpvCgpT6hv8C,300
odZ4KmTKhckbpvxBhv8qnxsYukRoAAEfuwzjuKbPHCx4zsy,300
ofFsAK7Y3FmZtn2LYY7vfgFyS3LXsptisu4Mobn6kqPn18M,300
ofMY3AWHHBMHg9wbkk8TsMtafh5M8xQTMgNFgH5sTTA5vT4,300
oftYW4C6a1AQ3TXjrk92QF9sF27Cb6WQbULGxKTCnyUic1r,300
og93xf4m21Mb5rJb92YwX1iZE5rGKAwbrFeGqtRD9G76Zb8,300
oi4hrNfRX1kYdpABabfKVRAokrjAFi9Qar35fEySkeyzQFP,300
oiFuxF9CtT79Gogs2sgdKw2LFsEbxbucTMCnjoFy89Bq35j,300
oiMrN5qiAVd5uNA5U3Q2JvLurJSmjj24bGkfwqAkan79c9v,300
oiZVd7UcZWzy4TbmPruUdcRS5Zntu83Mqu8uHSj8SWRuUTi,300
oikUYud6CbMXGGAdhc7JiXtN26i4pwsDzTKT4EdPybYreNw,300
oitqr8zA2FHgx6ZXJmvM5kfPe51Zrkm7xmMi2jQ1cvo91xT,300
oixSxEUigWWEzU9tLZdYqT4f21MkHFW7H91vWNshaeGaaWk,300
okoueavxzTKeRid3EPxVhGJDBzyaWhTwrhyax9E7LwTewcg,300
omA26SXXHCNDQSV423otctxo7xFFmmCPodB6TYXhD4JuqqJ,300
omAGXxVBfjNCLCqqoMJ1hBMzufXDzqnaG65dN6gjCyumDVU,300
omf3zeFrASXJZLdFKKZKLdfXE4NmxNyRb4gYKRUyYeCcdA3,300
ooN4NZ8xqZzXEXd8ChsLZEFJuBu6mxey8CSMg5M1TsAD5WV,300
oooZQ7pgBPugNC1ZMrdVyH5tbvDrFvPZZm4Vd2bVWvt7m6J,300
op6h9ZeoD5dJKaQiTEhyxkgv2dvW11YMkrSuYK7cBYvFhcQ,300
orNzSPPrhVhcHzkG2HGBKHpkwT6QJnt932VsXkwRdcaJnfx,300
orW3gKVLKdhHUFCFbomwfa4z5kQMNgvSUs5wAZWo4WZznRR,300
orsXhaw2A8j3Cp7brNHXnBTDdzJz4a5mkGENS667HbSWRjw,300
os2dwQMLLzm37LZmzCRAp9CPHMfycynT3BpRNdu2717QkPa,300
ouMnw9vbmrQU4MCQkRrMDgXSZvzQDXzPJnasoAYqdn3FC6q,300
ouTmSmaboTb9MovdXAxwdZnrKCPhbQa9jgzrMFzQpkHTY5t,300
oufjdijXxHbWXh34Wm9pAZPtwTPCvsKJfByd1CeMcjKSsFW,300
oufkd5WG2SrqTxCvWeWXQ4mKpQ4xJTuWxFyMWBH5PjC8nr7,300
ow4LJaKrNydai6uwcXPAagpgLwwFQDuRrJhJHj7hXej4gat,300
ow5iEKL1k7RYcVFMESoEbPtfk9EWmrY1i97GmR3cim2spHm,300
owCqjUSFeSta7THBwnRtZ1vDgkgE1QCgGndRng4B8Q5X4y1,300
owLsZNpTiBUCyphZrvS71qCTjzuFmGxAcNiTewZEzrorJRH,300
owanBgKFiC4TUiJqA5YbLW22Kme2tQgvHJizVyAX7xKPSma,300
oxH4kWjEQovm5NuRjZVmYQARsFgaHD491CHcNPkZUorQov3,300
oyeJpywVkajF7Ugv4TBDdzaToKoGKs2SRagtC4WdNkAA6Z5,300
ozKJgZXv2UGxpznum6yYZiEAMFaWJtT4c14c5PkdWFrmFzW,300
ozYEoRDX2M4UjcffaFTCpYvypn1iYTRnANNirLjSP9d7st4,300
ozaAKEFbpc569QUfmwaMwDng8jbskgKEdHxVHNn18EPR5J6,300
p2FbrRo8erRTE8UXaX2mXMnu3jcy8pu55gWFg62AcuSwk2z,300
p2Ho2FEQC2dAPZBVFQkhL7nBpjtDdQVZGmmr2nsVTiahHv1,300
p2KqM1tSrdfQZTb6LU7PcVRw5NtgMhFVpjbiiF55q2oSbgz,300
p2REgSxb9p13ZXD1g3m5urxqAv9CdnWE1o6r39XhyStny1k,300
p2UZMkZVyjvkhD4PTuMmXUo3odHfMYb9UMfG6A63ZDX6gT4,300
p2X4ezFHXfnDn5zs967xiREEkrqxNcAabtkenSwproRZ1ed,300
p2crt1pY3uzM5LrmHXDwZtqcLntB9UtbG4XEiBAGUzKDfpG,300
p2nptsVB1m4hzY2D4MQTVKZe5Vx9Pdjg4V7rUW3ejKmgXWz,300
p325eRBoAX8ZakoG78TM4W42pUGNbKFo4M3Fu1WrpFK9QcT,300
p3JUdqZhY8a1LhCnHoKkVqaVzuQyjBZaHdx4UmAxDE2hymQ,300
p4wuqhA22uqAhbEuA8AEGQm6YjDoin7Bwr7TwXC2tBZDCMJ,300
p5AbcZ8teLasvfhVPbz96USmmq1Lx8FXhcnHexmVqMAmNpL,300
p5TZdX3jmbszSfav34My5VFBvpBwV55d9ucHRmpHZ2FN7n8,300
p5aSWLD4FaYXi1zWNNZz3itmesLLErEKgu1FWZMGXMotCcc,300
p5kdv5LrE2Kg6WMheyUiECvdLrUQivUmvmJRbBsJySMYRqf,300
p5nCzE1r2bW73S86B1jjupM99QGvJt1W9Ynhox2xy71bfcK,300
p5tEBHhnvyqnZsjjwYf6YL6QuhXfkUJtZFZmcjoe4o6HKyD,300
p5uvi8V6gPTk3Cz9425KxqikbzvrCsRMhRcGbCLtXmGTo66,300
p5voAPsubXCxfjjyEXbhy86XqQBDcMio7bNw2ondkSNmFCM,300
p5zFAkzpaMFVkPztZSA5HL5eP9Q3cqFoXPginKknwq8nTNm,300
p8ZLUekU9EhuUgXv3Ac1KGmc4wWHVeno1mUt83QF4mxN8zX,300
pA7vPcT2uYB3oHJSGrLX3V1Ek1Vgz2ULNKrShBYGpJmsXuP,300
pA8rmtc2SA7aXHW8DrLEQe6fULLHcsCeaxQnggKiigqAg1z,300
pAGs6xSdPELENPdewu3bqy8VF6w2voAax51a4kB13tF6wfu,300
pALJpPaE93daxyJSm1iZjcPRRjaCdZp5ZjLkaDpZLG2vFGW,300
pAuJfMrGFs5isG55ybhKLph3kFxe26wm9Hn9a6ct3eHoRSW,300
pAz61ArZ11ppvigCeHEEEvcn99trJmpcF8mf3T8UiL5jAU6,300
pB5hm854kAPxz9PTsVE99K3AnTskKXTTyGP7FcCxhF3V5JZ,300
pBNoubtvNtwxECLUUYFH3AzHGq5ZDT1sShz5Hb8HKJgVXbA,300
pCj5hGBCdStKTaf4LuzELtKwV45ExmmZjWbx94jxr8Gc3ef,300
pD6Z6gp9H4M8YfpUvUVK2xBnFFmQ42wnS8Tx6AiMYX5PFKZ,300
pDJx656A4TYeJvDvGhMiNVoWskncqii4mVQxyhE8TTFEPdV,300
pDSHNRFThpTd2ppr3rdbYQLorsePRsd99b4Pm6ex7wLRQ1g,300
pDTwnbBRvCrZQpCAw7aKSrdcybchbZ8gzuy94zknXL6weG5,300
pDtzrxU75onwYVqaeUnTYDXFmcKCU4JAsLmpmGi841UFzi3,300
pDubmCs2dJFuyvQwPCjnbbYTLV93PSMJmfqFPsFJhia5k5o,300
pE13bz6oPr9GJpqxzcFoTSrK7kfeFNJfyeMP5Wwh2uTURBd,300
pFUnxZtduEmADbDFqJcGGCMD4EwRjFam4Fe7HwniSZinmmP,300
pGAmK33KJEyibDaRMLABzVjLiB4T1mtYqHbiKzpusKydc3a,300
pGHoz7vXs4LksBi5sjDphS8hw7w3N2oP9dCxzwDFfpS2SNq,300
pGVKf1jcJZUMurQZwkS1APbtsGSRYvEahoxQZZi1HdiaV6P,300
pJSHxuQU4SB8ySZesvZnZkLFeGq7dSA3AmVZ2VhMuNDjthb,300
pJVvg6FHtUHEUttvBm3pRiWLXYyPUUyMgo5c9hTindDWVF8,300
pJX8xiftB4jJPjmQkrD4G4fCTujLZajPXyek6PzPFVF6DoE,300
pJaPx97SqwL3iJnmETDctb4ZgWEN1c3i5AUV4KXnaeqFfut,300
pJuzT6e8YoyyBKQ5jWBdDxHGpQRvqybHgFjWSy2iQTycCFS,300
pKG2M1TxaWF6dGNa1tvuQcbh7ieSbcA8gCC4NNoPxsMM6Dq,300
pLhNsUSP7kpP98fRUqJ925KZenr11Zo9pLBUTmQrkYurUnt,300
pLsA927s8Z48FDgyDcqQ86sPujjQkFPmVyzUFzPq1XutVgs,300
pLxjLBSoneAH6N8gK47SJsDEoTgARAXi5FWYuekJRXsJPnX,300
pMAwRJSiBseVjbPDZ3C3dE6c9QCAoLbFZfrY1v69LvERiHB,300
pMSbMqR2bjw4itYogyXNmqoyyQG269c3xjKCiE3ofuBWA7K,300
pMW7gpSEZgm7EUqH7yfNVBx4n4aU7xemzze1jMn2WA4bwxa,300
pMj5CQ2qUCkxsqsuFW6qFfAyKiLYSbPBJMZPBLWp8vHhm4K,300
pMpG7ae293j8wfRJnkfDNd6qF8HRDCU3JJppU3hKPQiTnG6,300
pPhrEfT9XF3YeYfY9QFrBAZVLZNjtfgM1yPa7poEWo4H3Zg,300
pQ1LGiv43mCnHXavXiYJHRiqShjxbH5dJz4uW2JxC5WFPCv,300
pQ62t46qDYRUGyu8cdi9bDkpnZKUM6MeZZe62tHJZyLqSPo,300
pQAkzL4m68cHK7TE4uzpZDvVXYyx7yH6i7TEy33T37oAMHc,300
pQMoRGzc55yLyJAgBiWVdDWXss6BM76Qbz6dfAXcjyTdLYs,300
pQNBgdN9MXUSbfTqUCYHEeA5kpymiSaRqnz7zxkRGJEQv22,300
pQPKNGAiZmux5Z8kD9QCbrdrtXWjf86MjVhjo6i8VTb7kJT,300
pQRx8KsP3wgTqisapE1tutgZZR2tU3NJZcNSRFPKRTWi5Us,300
pQXLvTNeZtJiTCc8XnR78XtZ6kggEiNmtubc7matTnGTrhH,300
pSAgbmbfZri55ZnCzzCNVin7cLQrW2kzesGuDq66X8xM4GN,300
pStdEtAxQHirvTZDE8CeDRmMcRM4cCa44Wgpf2tso3Ado7L,300
pVT2ns1R7uGHb7EHspDqWuUNzqu3RzQ3itLRiJPh9xgF1u1,300
pVjGaD5NBgscqDAWZfq76xFLrNN99rkbPShsXRe3mgUx1ds,300
pXQaY2UH1f77ZYt5joDgDKcYRQyJyeeHtm6yY4w3tUC5qWt,300
pXyCGnHpZ3EVxax7iU4oDKMDYVXyNAoKADPSJK5tnQW5iHx,300
pYAWp7QBG7PabCJev6MEhycCsY778eziFZbzMnLLTc9Dkgn,300
pYM6REdq2ywcECoBKNHPfJ1VS4vvT6FGT3XZELZfFMFANw6,300
pZrQTvTF21wVJCkmqU9G36bq1iGc1VTw9WSr9s5J7tmtdTj,300
pZt4RqKyF1rRSsvPxkJmiySge2djiv9tQxJb1R6UUN76aiS,300
paEQTg1yyTkwwpt62eJdrHaK2WbCEkyrmP7icdSyP5pNyc9,300
paKZLzcNx1PeVpHQ8dgBPBFEVhRDHG56kfSyZteJeRJoGJT,300
papv3RgYmcmDFEmqMJcwCJSwa5GKB3sug3SFTUqrA2rqha7,300
pazGvozeEQmEcsP78nZsDBaz4jvdfk9i4Cqf1GbpwMd1thE,300
pcUZM99LpAUgCVLEhUmfwMaf46dJq6n1bmXdUgnmzXWWZTy,300
pcpy2JTbaoviE1H33hGPBpCFaMMmQswfEqfTewEbaePUtjb,300
pd1c2gHw7ZSbNBbzikUZDCubfYshnHniZ8Qen726XiRtvyD,300
pd7NK16gFP3en181KM9VTkfwKhMoXQzqK1J5BKByCeMTJpe,300
pdCEAzWZGBsiJU3iDi1Sim3m9m2vip46vU2MrU4JbgpUB7A,300
pdH6XwQBkgPS1v3GQLCWSq8EXbAZGistHiKUmpgHWWEVEjN,300
peyRt8P5RJ8TcQVF1LoxwaobeSHDjuzzPpxneg1k5Tt6Y5H,300
pfQKGY8KMjQ1emtewSP4M6PxxGGLLx7A5n2aiKRm9pr8mU2,300
pfsHaPGKJXSUXGPWujgbW7gyxG1mA2jqmtkrCoTfL9afmWB,300
pg7UYMFEW8BpD5gzG4XjTS7VhutPAK9NZov2LDK9U3DXWME,300
pg8BSCQDW3zhzwKumFfkKg3q3LHMopQJYkfCJKN3SfR5jrq,300
phcDeB9n1ENbXFDpDgsVtWfwsAi8TwcBJ8ghgC4sEAARjPb,300
phnviEni17Lifuj2h2MQdGuBVwgXWn1uqBiWKnQc3ULgrqb,300
phqrZVjyTdNuk4CZCY3Hc8PZRpPQgoJQy4Ggm59yJeCSx4T,300
phwhnvzm5txeGrNmFkeMThaFkQW1sZsEGh9g8wUigPkcHGQ,300
phxZkMSBVDpNXp1KtYVAkgLeUNFTpAurNeBVBP4rEjz51cD,300
pi7uRHu1GLTFQygf2GCHz8ysPoHYMBTpDz4r4EnQQTxzjAF,300
piR5iSM3xcuZ4oiMnXRkqyvM7UUs8RcB8UDYKDKxMV4AiTb,300
piU2VgNGQCJo8U7zrFDyKdLNqaJhoTNtzEHux3VVGoHyTeY,300
pimqLTM1M1eRyEqnvGBuJe96KUKX7RzBFoXqZ7hpjhHiT9S,300
pkPjM1vUJDAaN3aTXz3W4h3FAThY3C15BMo8p4wkfaDd35K,300
pkPm8YAWqBvURBpVX6NQKdkXm5bYHCCh7dHbQHY6gGVJ43t,300
pkakUq6g1mBvz2hVtTGYf6L5Udgx1Ntcr956Fs3akCKqK46,300
pkuWPTotWkKXYvY2RKSGyT6Xs6yxQ3qbPzRPvt9HzEoeLAg,300
pm3QtYgyiRyGaaxNcEwaBScyBXD8N88vShhUM8KAR6FLv4z,300
pmUYm5643xkw1cQ4EtaSGPfEaYDY4WnkWrT4WCM2xGZmFqY,300
pnpbigYQGA5iihmGFd5hT131xb4S213qAjbS77fPsu6yt7E,300
poJVeCoFxxUkM19fwekRxhzTXDf24ZMC42JC2v1cCADaSmb,300
poQXPp9xUYMTPsUk1S2uDnhpFmnDF3e4aS7GviFsHeF5tAt,300
poaw9dMGBhwY2xPZ35Yakz8SUo7pp496JdZUdaVYGPywrR9,300
pohoRrG6ZS2KTGqzjPkUWeAKD95r8gWrUssZ9cy7hN7uK8d,300
pojZx88cmNFwFS5Sf8dApnyv1JAsYTWnTA7LNmYjbLUzd47,300
pqXzaNEARALz8hx74Uqh2AsD5PxuncCGDu4JJSimQ5k168r,300
pqfN2dRFuUa4Tag1x5Xw9PDfQgV35nGUEabdw5sMReLDg6D,300
pqhK5TbfGUQdhvvZtLf7UAQNFfDzRFYR73ude6fiUTneEvY,300
ptBs4vMpzphn9WEb3ioDRC5TyjGMDomGYQSfNAhbuy3Qx2x,300
ptQ9sU1Pp8KNRDaMVuxHmLY7vRZif3YNqNUqDD8uyQ3QVdV,300
pthgporZgBQb5qoNcRteoED3j9Z1bK9zEoiFV8hgFAbxzpJ,300
pttX3CwKd85WqwALrvwex7sj2R9m1wDAh3Ars3ey87NXHbb,300
ptyooPApoMr4ym2kMH3oyQr9aHWKBb8xrwRmhMa7KQfsuxM,300
pu1yxVcGEHpEjaRdXryGybiiuTQDAMvvM1CHNYsw1SH8ZRD,300
pu3KU5ZdQDF58V3DrXZ6mSHKNZQZg6FZu6u8Ag53DERxuEB,300
pu4h5PPMgibpa3SpqdJa6wX9oLnqAm5J6rCPgsXz28Bb5ek,300
puYWD7QcwzgWE1FY6crJthTaeqzq1rCUhGaUor3dd4JMzL8,300
pviyruXC1417UwQKsAkmmXB8zGd4YtWrWaTxy5kQq6E3TPW,300
pvp6UDmfHgySnoQdMKL4QGs9pU4spL5zkcF6AHCEHScL5GF,300
pyQJA5juGPh36NUSN6RBC5TgtW1b1Ca8hFrPnnKcSv9tpYV,300
pz5gGLokmNcKRU6A9GWiKTcavrCiUcKPUSTDCtBQcKHjn1V,300
pzBXYitCGk81GdCRqCDKSbG9jikoVttsRfD1eFfBnDuPXx1,300
pzLkSvXsqwFqM5ezryqM2aN6mKodYoMvhJHrvbZhvdJKV8V,300
pzNvu1CHNiebe5ba6o5A8vpJhFzim1FMuqEeNpWnG4eLzta,300
q2FLGRFtVFvxaYUnwTuBZm7xezH3LrYQHtwoQbDgchaB9n2,300
q2TCjduNU17qTby8swQYDcrsZeWFGfarNy7iRkDJsh5bcpk,300
q36f8iC6p78JAnqmNtCzvy2LHrRWnPcyGwo4K7Nvatd8jqt,300
q4hxr8ptZTE4Y6fFHfxwjXwNSPPupPrnzwFZ4JYxD5iQtBM,300
q4nRUmo8xkoMKaRd5xwZjbBnk629j5PTpxrKY1dUtA2JTUM,300
q4yXYKcxsHVGPkd8rzuKH2Ps1XtYY6fi43LocgsCi8YrZSB,300
q5g1LDw58PF6gPU8m3A8MYq6Xy2jmvhwdqUzrCm33bf4Cci,300
q7MoR4rreEGKema7LwdcRPuARJkQuqyh1CwAb2h76VsWh4r,300
q7bd5nfWhNNv1RBYeSqfGw1mdxydiJNdTxjTvJ7TYbyW2y8,300
q7dHzzcnhJe4UqfosMg23diq7tS5UuNdNDhwYgVQYRfstWh,300
q7skaBqrhxj3yXmHGrhr7T4kojdC1Bc599JBAE2zfxDG5nZ,300
q85c6gpTgrh9tMot638yJqogg5BDons6PJyhPLPW844aH9Y,300
q8A3BcqtD2QT3NQAgNWh9isSuNXMDvrCDHX4mZgesYFPtey,300
q8L39rTZqNt2on9fsD2XuZa8P65rTGosWWFtVporFjnRhNi,300
qA7inAxYFCN1M3kiuQx7pxV2hGaVVtzzfRZDMiNXU1HxBgB,300
qAMsitzQFAvyzXFkiSU3P6vaZX4xo1jdViGYaGzL16P8hXq,300
qATyCebWSpJyR8NaNM9YVN2bGo3ufkjboaoaJiWU1sw8cYy,300
qAqxs4vpjQjnVB8Y9aYhM9BtoDysH4puJijjUopPzXxFneG,300
qCeTNeP4ytLBs6gYMALgzxQY8sEY4akQW7HJXeEx4pPhqy8,300
qCn7FRoNisFeCK3r73Cpt3u5saeCpMomjzSsn4zaysToRqC,300
qCrsvTydkS4JvPZna7du4y3DFpxqP7TaAameoXQiCwSNUZ7,300
qDCqcmLWgBuVVTturaV6gSyoUQDrj6HxCBmsVgtuNHdiEyg,300
qDNLzogXa7kFdMtUr76M1TqnZJK4Eppv4GEm6UUSUSbGjqH,300
qDWhfQ3FU4C7a5JQVqaYhDj3m4EHV39JGEwdu7pJ9Z2yUMq,300
qFA7akL8dVQ9j8Ybu7sPWHLd2FpT321XJCa8Rw1nVuvCdoV,300
qFTmrqdx3DvBfjPECBjdCR1qahWEchBj4YGfTmvV52MJ2dg,300
qFcktWgUj9PvoZTQGxKSrcPjyQTCzD4DcSmne8byZzvyW5v,300
qFwpk61AvLc872Kn8mgDQAaPhMHSBQtMJits5EGDjxEU7db,300
qFycWFoo7gkRTx9cWVX4naBdCAWffCJ9WRWpfTMDAR7zpfF,300
qGHnLSdELG7Y9CtFfyE4T2bUUBNM4qpZEUovzaj5kDFK81W,300
qGKQe6YPFmqmcHQ1HFjZhZkRVoB5VrrMd5H7Q3cneqw3b5m,300
qJHH8XoskRXdtZpgme4N2ZSDATi3yw2BfPyWgVmDxyzUcVH,300
qJUziWpnML56ywkGoamm2LoXy8UpsTX6hGTS6tM6QnSm3mN,300
qJtogGVMPSJyrsjWUYtxXpQEpXBgcCdqJtM3fbEqDV7vqND,300
qLTfs3eE3qcSjU8FXeuKxF2ka47Uh3c6YkHhKthSG2ngjFZ,300
qLkG773EyvAzEGM9SBd5oZMT35T27fvgxNKCv4rvYNtje4m,300
qMWzAv3t57bmA8cuxrjTJZZmnrJdkYxQfTDW4QPBWCss6LZ,300
qPGuej2gNxX9bTqkH1hnf4RubbcW5WiAv8Qiy94JZ2z4E1x,300
qPVa3hwZphcP1jWzvxFYcjZzsDCFMBdt6eEPKPH5ZgbzfSu,300
qPkqGbZ6rE9uXkSfvLK2K6LGBRsSHy8KFpUhXH72qeJkbhP,300
qPqYqPX4LhjNsC7by2SkNgWLMV54VKhUf4u9sh7pJ2yn3iw,300
qRpDNmnh5xJfUDsQhoQ3KhPUrRm8e77GNUB8JuDrrifWBUq,300
qRrg3Mg2Jjdy95Qb9o5c48Wk6xa7HBQ94bYwQKeQrBUsLqU,300
qS2oNLWygK7YL4Pdwi6kpJxFrd9A4ZUvf8RXs4SXTejNp7D,300
qSARgDheESd3ANxwREFEAHdMBTyoyb7KpZNkBKVbro9rcuy,300
qSmRgKRMBpGThoPSq9FXA3hKwwV7Cu88vpd58kDPK2Jj2My,300
qUNUdBYoqbRmeDXEoXrjMr3MYtdTD5bo4bUpju4FeHnm3Vo,300
qUShcoruszHiPFmZBEwfG1eXK8CwFn1iYbP8FGshLzkSbWG,300
qUUStFz7C9KnQbCivv8UAX3PqcXkAmZUEhWjBNc2bxEDLAk,300
qUo1kwrEoVsrPir52CFHUHSB2mEA6us3L4VhuNnvFzGiK6K,300
qUvFn9zWeNSEgGpkXR5tR2d6usa3MwPXHvChrNGiwgBSJz5,300
qVDAyvVptj3wUxu1caeKKdK4qMTZQAi9gciUhDTxZyY58fu,300
qVQhwMZKxtmtbTfV78era4QZvxRLgHiMGT5UAGGk5XpVDgF,300
qWofapYY7JmJJkQz4xqU64GWGXgy6ffn8eRUgA1GrcCiQbC,300
qWuXXJHUZFytWn6uc5PvVmK1vKWYpYS4xHFcz6yLzRSC7zB,300
qWznvTG5YsCamotsHZJexf1zXeknwqNaf9DF3H21DYEfZuu,300
qX9M9T5DWv6psTrWyJtbQLQtzJeixgbVPGKFAtaXVv22oF9,300
qXBU3ruu9WV1aCkJYVfiTEMJ5UWqvDApz5G4efdDkxf7FVX,300
qXWnz5SnNAV8GbmqcXd3f5vtEkns5VsQP2hDZwZXNinKTtv,300
qXhia9tatS6yYFTUgewwYKtZPt3bVeSU4xhg2HuggRNcM2k,300
qZVUR655941nbc42Bsp4HjP4GVpHWJrT41QDmzsbW7duJav,300
qZhzv1Sf9YAiE6mtmDdP6jp6aCj3USKyfgDCiBNC3XrdFk6,300
qa3ULXPvAev1eDVXMCaT34AyET7S2fEaEdxGNsRsQH9tZDz,300
qaJUPSWCJBQa7nYDsSqRbKVAnftZK2poHAYyCSrB1pdgAvp,300
qaVEgEbiMdRzVogBhG48pDqYL4M3bDSjMxogSTufrPwgNPJ,300
qaa8fXmU1u8LrUyco8y5Frj94Eftop9wdHkGhGzsQ6jc8ib,300
qagghtH19T3P9MhNz1DLFhqJTXVvHW3aRHzrJwpDiAbrj5p,300
qc6DfdZW183vXsNFtQAJ9pQDt6g6AjvTgbNVaZrkEFReNfX,300
qc7w2mLxwXfDTdxghZUEYWstXrPf2pdCzPMzLtTfgQWQ1RM,300
qcvXd4tv17xpYzPGKMMNRuQ8Zirq3iR53b3VSpaFroc1sw1,300
qd2DojPnN7EKcq6PRTaFagUUk1Wz5dGvzTQtZf8mhKT5sfq,300
qemwr6DuJYKcYTyWXGkDSPxLZtGBLNnEm363Y5R11SCt8qi,300
qexh4BU6MgJcDvXSqZZGgvcimXDhw2thFfepByTeSBNY6s5,300
qf5SjMDP63nLnvpLuRXd3JzEeFfQEUfTmcNQxSWb9QNsJkT,300
qfKyyHHQPokEXSURrtVYdfixjmrGa2pE9RAouGZf66H96fD,300
qfjK1de8fRHCgo7e2j2eMUnRmn3FS8bGCkYmH5wzmCAzfMN,300
qfuMx21j4wTL3fTtwGFq4urphJqxTjPap64HM5RnfraBEoi,300
qfv1pxxp9GDMACpVmixWuVSLUZ7pVd2PDid5fSUJdzVrqpr,300
qhMXYTner12MHRRiGxVoo7V9h5p3177fefkyqEZ3vFbes7z,300
qhPEdhFWmQaKHRsJUQDhiEU2r4x7RVnFcpnBFGdveUy57fM,300
qhc6fWbVFg5Aug12DY75Vzjoqj3moMn8mXc1hzpEaUdAC9Y,300
qhnuHLnVMD3ZfeEV5X3aLqEPvRrjnTLmm5Aj5tUG8UMc132,300
qi4zCibiFJXjykcBayUij2n9LcBwMRUoSTsd2ZHdJvLNyAL,300
qiASNm4DuVwPdPE3dWAZrDRJo4EjLhhgtfUvSw9XjfcbCr1,300
qjwyteFDSaGyQqWWDnCuAYgqHeagvZNBjHojkyocFW5mgRS,300
qk6rctWojMNNHaYsMBRaAacgMUuwLKJwnYE6Y4NELjWaVc3,300
qkJmqZ1JrXZhjoAui5AWSnePbMeQAyxyqLFWTMzwPSx7EMX,300
qkmNNSSpH1tcAQ6FNYPRJTpmC6UScXM7b1ss1aH57pAHkWp,300
qkxvHLSwmaX2tuaipf8GasPWahSg9mCMZQDuWqricvY8DFP,300
qmK4htpDzH9bHRSF1oFEvkYbr3PgiwGorPiR6jtaVXzMrFX,300
qnmgMh5vK6eskuAiGD93TyrCewuAL5dzNSQeJomZrLgHGjX,300
qnwiNuS3L17jCRbUgxWJJ2dXudCDrXsfkzJPbP3JRnK6cZS,300
qo2gY3tUnfzj4jYFbwrkU6XT2nbsWU2SCcAv4GRCj7SfX8K,300
qoD75idU7NiR33t39juQn2GRy2Jf8s1cuiUYZWP95BRcWxB,300
qoHPjXwZUraGKitVroHfQYPYPMg2DcHoTwjA3GZRLGhH81H,300
qoMuczQfAPwny8U8Uxrysc45FM3KZJG4kYUdEJziTZwMFzN,300
qoVVSG1AjUPMHhEwU3kE7wSavDEQRsjQqxNC8msipezAuFi,300
qokKd2JENgVfT8yEACuEbchUgtbTHPuoJYyF7yacw3RujD2,300
qqT33FDEu46jG7BpyVozbzjY3KDH3xWEHmi4umdAuQrP4u6,300
qqszuMpc2CZ3tveEcFFTNsDZtL7izHrNLTKpS2ZCuMNBZyG,300
qrKh9J1e65LY8Yn9uSNberU5HRJt3Ad5wkzeYtTLm9MiwgF,300
qsu9eQfwqy9P26CNZASdHoq7qcLJivWLwL1AEidHD5zJNnJ,300
qt1qDvWkd1uNVnFJ2ppQePfSmgz7ikTRhy7djVXv3mrKugK,300
qtU9ec5EAHcawWoj4XyGV9F5rEBqSbKfV3C27nohidHnzet,300
qtWTdqBDBbaLSL7EuzMog1n1cVVADLfrHZMtw9DoQxgRuE8,300
qtbWpa9MLond33XnP4aJfvEP6iWeqwHPax2uf6tdy55q9Vj,300
qtgFL6qNPp2PMqu3ruxY6cyvn5Fzo9tf6ntVu5CABTAFkEj,300
qtyhFMKhjkbcsoAsDV7fB99df3qadMB2r8221Hqjm7LhzkW,300
qu4DiPPj9WUxFFHt6XZsxFbpiZZxbxE5AESEKTmxyZAQ2Up,300
qvRSx7Arv5iLvHz7qanNKz179ZrFSyCn5rsV9n5BB5b4K4F,300
qvetcCFqMBwguXhogHtutVfP6zchu61njDzRNxAuaHDbMfo,300
qvicrQL1dgpvZc4vzeuvvPSP8zEYMGV9vEPy88JywjHGhER,300
qwLfZiire581rDQVMaJBedfjZSkZJHtt3aa9gsYWVgmP3N4,300
qwMtPxdDCk89mmb3PC84VaS23AaP5BUZDf6GB5ZLsYtprTV,300
qyK7nZ7nj8VYghFAA2ss9pVaLBiedo38aVBf2xZ6Kj6vrdv,300
qyXvsKMADyVFC895S3oZfMj1AL8uZwXj3Dc4RsFUyCrXkuM,300
qytJfQAMBKNY2SBG8gXZX1VK5XYznJetiVYycG2jG88t8K7,300
qyzd3LLHKR7siYvDuenZ7cv6qDSQ1YH45BotySEi8WWqBTE,300
r1jfUDuyeUifWGGWJhM3gRkfMNb6s8yUEn1s5yzJpQKq2dW,300
r1pPZtP4uuMJtN5KQq2Wb4GU7QUAPU5BN9SjLZUTRFAK68u,300
r278JtqbRNAvVRtUeBuHaLFupY8Y1vHBNk5jC2n1JVinkQs,300
r2P6PRc7SgPAirkotpcMDaYuFCPp6569dGeQnaJ148LDjwS,300
r2skpvtXr8nWbQU4Dz8kYnfHZ3TNoEMU6RSChZXb8YNVjLY,300
r4QLRjt8T7xzGDBZVWdEUSDjBFd3dKb5Y926LkLEFGfS2fV,300
r4juxva7W6va6XECDttbUYMhuhYZRA5JtnKyUVqa1WBgSgX,300
r4s2BkoMc7MZqNivgZsaTeNyRSzRXrUv3yAQ2MHDZFwxBj1,300
r4yozByempQsm266S17TR6uMrDzYML87pkQ5ve3kCf5s8Gg,300
r55jcNpSrKmbguTQTxC4oZnTMYdivQ2zTarc9Pkvv5qJMkh,300
r5Bq56Rf9znNoqaFxVywHXEKRG96GauskRsVqYf3FxierHx,300
r5WWppuRY3HfQ7MSuK8CRtXgGUHU771NBZAinbA7UMnzK7Q,300
r76FZYxnk6pTNAkaK75Wq9cypQzcYegfZCKqTVVhYgugy3r,300
r7xuhVSZBaP4Sp1DkULn7J5gpr3hoVRmoiZ9jcqdfn3juni,300
r88NGyPyR8PvMi27ygQDd7cNzng4NXsEr5miR6qqYfiL2Uj,300
r9fHGhT19t8QUSLc2bHhQtH2tLXkxGzY1pLnFpAbGUisZNa,300
rA2hcQ5AWZR4ypVNsNnXQmCz2T8ThQF4YZLYuo7SD4FqJTj,300
rAQNHzd71MobswFakLq6t4f86tMwLPhonj8r1wn7TVp5TB1,300
rAbniZRCcttT6yBdsTxLscxztnkX493fgrtoNgKVP5gDuYJ,300
rC884B3pLCVZyowgVBkjzXj1VLnPkD4bJXuBE4uHHqEqcjy,300
rCUZxci4Pbdiy78hnELae9dTSk6ynEU2Rje874mPeULKjUo,300
rCki3Y2et7KDNxuidkKmnadi95rsAVjo7AhG6JqHXWoCXvT,300
rCt3NWEUVDtbRBJ67ZW12xSo59pP3mNFepgbsqfbb86xWWe,300
rCtksmiwTLyRFSnQpx4awnVWZVpbEVfToqUtoW6bV7pNVjZ,300
rCvAy1mMqDqmFiC2ryiaQNWbsLdTp1nvwJAuFXjeKgfFgNf,300
rEtDCgsCK8rK4gs7Koxqnbxx4sRksSmvGGuYGWvPijsw4Db,300
rF26zot1XkjuH2fn9sHcNnRriHT3Hq31LmR8bD1wgaqBkS8,300
rFLRieLDBJ62QC5t7L76B2EEYV9Lzp2FvCbtiKXrKQQMtku,300
rFoeW9eVjZMy7HSZeZXYmEjAtNDRYajGMj8UWbgiJuvdt4e,300
rHMTb7yokYRkzvuA78quVqW5XMz23x85XYMrMru33fTpAVZ,300
rHjZa59WZ3hsL4ULEAXgZAqsFqg8FByw3Z9b3d5YTFD2eiJ,300
rHqKbMNFc3t99fuJhVyA4VpDBr4BNvJeAN7iC7S53YYyC32,300
rHtFj8LdrUpxeaFT2BsRgn58pwfVWw8GzfV3U6Fkc8Sg4pm,300
rHvcbgZLoU5sssEhi1E44vpYacpcE2znh4AZxmkChxMv2wn,300
rJAYvrJVox5wbCUQRCYtnno2USTKMf5d8Je8rGvbsa39z5A,300
rJEoakH3osDJsoDskpCWydnyWu2ajFXQAZPGxzicg25LMUZ,300
rJHecYaHLpDqRJBwZyMiRL7axHwo6LXJPmQfA1z3ZMXEMpQ,300
rJM5akHNFgXYXzdb5fmjzqiCsPCYJUATmgQFQiQ8xZeBt5R,300
rLUtY9s6jjisq2DtZWSvAHrAc5HUWkmVmXmxFhz9jSoFiTL,300
rLX5CQM17FpHVcW4QijSt5UUq7AEfXTJ85P56G7D8A8RA92,300
rLvtFjTVnodByn2ZxsxHmyeR53CCbwVsuBPiXyd38ysFBm6,300
rLxK3xe5d8R8KgqgfeZ5HXBa1TUCHDkWQUw53c6UJMZUspo,300
rMEKztg1TB78mdbBrvDybyS684c7GuCYLDttcuY7sS5BtcD,300
rP3ZS2RXxDtqKRhLCNnx51hfwvBJ7PzpDdtuE41MkK7PC6G,300
rRhqMhFyYrRvwUtAqUU3EmCX7bPy9ixo2zR2pQLJQQCBeq6,300
rRpePhukpBMgmMFaC3Vg1L7xhghcXs14ZMFYHmuzNy8P1xg,300
rS7bL8mMMn7EacLLWGTAnM2Ve4gZ6V77WDGF26Z6s3hfcV4,300
rS9vBBgUBeiSYECjiRRcF24NsLz3qxarK9bMhxPf7vJJbYD,300
rSWPwVDeBZZkLtqLVTh1x35WNNdpXru816RvjgZpstqfz47,300
rTxjpBs82FokFFmBWYnmBr9d9XZGdV2HmAMVpnd9debXWVM,300
rU457SawYuz4UXHtWMs2Xip76Fz4pXeWGaEppdPwvbN73bu,300
rUFm7ZQzd1emC5aBg1Ct9XFocsrQa6cEZ4hsYLxJoLb8UkY,300
rUUXbYy1AdeSi75ZrKeYWwQ8W8pdfmEUa9GMWC5AdBEFNvA,300
rV2hXXqAxLyRACkEjiWjbB332XxuvxahQ73psQkEfNtovi4,300
rWeHjYJxHmuQX7LAJgLjagMUqRps6iUtQmrrAY6uitr7DDZ,300
rWjbYzUzbKf84kcr6TjqtREQNW373nF2sfuhjREqj7utUuc,300
rXSqmhNP7PFwNYjUNQqvTN3DwtbXFpTJwWYKSUuWRqhvjzp,300
rXd7j7mx1KK5evCxWhbGqDoDaHXn3pcgGoCeJxTPEEuxrjn,300
rZMEqjVK41Tuv5Wg1E7atg23qXranHndtXoDmq93gx9mWWn,300
rZMgVTAUDiFt2ieJXVGAVWNAUgspmD1hCUuPEVYyJCX3UmM,300
ra5cBUz8Cova8uBjCpTYcLLiLi7M4QWYBc7Lzatbo79PLKp,300
raA6knE6Gw2D8DZ5viCcdX4Km6NKvZUNTAW3jYMfLRr7DFw,300
raJUTNVxpvatbPfmc7ZGcQuijdwyd7GgkTcDsBsQdyq2cEg,300
raKdY4YHy4SFWSrfQZvpsrUQsnoChcK2fg6BZp79TP9fGmQ,300
rbnsniGr8HejLzN8drHRbwDMs8NVzUtEJE1QgzE9XDjUsF2,300
rbp9JdhD5KrZZZaBGc6u6qRmGpMytEgySfCz8CXvf4juY4p,300
rc1Qe5pxovBo3YkuHGdkeQjuifaYM4JbTAzB9ggk8CmSQjD,300
rc5TwPrya7mcd5bLeWY8zZngW5YZY1QBfTfW8qKfbwUU8Zb,300
rcMpi39kSzayaiM8KtwWRS8qmz1LbazNAokjtZoz8RwnpHZ,300
rcRNcXNXaBVRPEcudFzELo9sWbpCLEASaH7zfz9Z5yMRRQa,300
rcYGg6nyQNoGeH4CWvCKVuVKsFQTUaCtxYP1HuqZCnsusGj,300
rcds1C7NwAb1dnrS4k8PKNZ63Zhq68ikKVBkW5n1ePaNMTL,300
rckmeBY7yJZ8G4w9THW5yTtkNCqjYoEY7u8VFYH86auhCGL,300
rckvxii6S7Hve8RimH7JUd8X5rKbXUkPGNT1sx5VqFaJ3E9,300
rcopwAKKdh6Ei5RVR3igqajUBV7hA9zbSmkzGg1MYSiwPN2,300
rcuoH4b71aE2bsAJgGrtDnzLZnCPXDSZAXGbtgpdF32cFfy,300
rd1L7WhXGqr5ztNPsLo9HcKLoKzdQTh9pL2iFJGCQrsA9iA,300
reT3W8ah54E7ezuxfsM1a2M2j9A2ZGdJpF1q73G2A98avTq,300
rekNRx6Kyxrx4uY1RXthi8p5kmGvR11cEjDwe3cmmMtH6wP,300
reooprVST6menh4kZmYgkPnRT7Q6JuTNcPQZjauyeTAYbEA,300
resxpKuZ39o5F3WpB6eYfxfoQBg5cJ72Y4DG8mZtiCbuDQu,300
rfThTVEPY3kVqNPox8cBJagAnXpGBTEgX8aQAnj6GDX2LM1,300
rh3fU6ywYs2RAT9DEZ5fMaxDaBJEa7kRq5ZAr26cQR829Ax,300
rh6eZBuosqvu9HNa7N5mqwMafpgsPTiopQj8z2QhM5Wt4bY,300
rhHhZ1T8rpCf2ETbFMXyVE9RKmdnrGWbBDemiR6Tgg6hApX,300
rhhjcroRminE7a6DCKkSZ9JuDbar6RuwwjJyPEaGsC33jWe,300
ri1chdtpsZZMwTncXME7XnZfTDtGtL8QbtdxYuEsYMmvjXe,300
ri3UbupFSo3dznA55NEVonDxwfyN2hW9dJ9tJ2mvRLapnCn,300
riCAriEHsr7uiQr4KuvEGwruPkFyfQMEEy8GQhTzfZyKoPA,300
rjmcxVPnjie76bPFkQXsFfUPQJ3C5c9XHnonSeoUcHN36YP,300
rk7BV2F1r9Wd4FStfG3eXvcLwJeRXjLod7iamy7o5Ngv1Qk,300
rkKXUYNGzJFpjXGjhVEezv8Yw5jeGrwh7g7ZDM6rzgvC59u,300
rkXUfnY26T7479BUKQyQqfy8Qd98ALv5w56GaZuH3gne9DQ,300
rksJrJ9Ys9TzC9H2w9VheS9Svm7uuDXBpHxMhSjP2vCwDj3,300
rndJ5QvjRUBDtdgNVSLD2jm97PMMmX2SKWXCRmWJMySP3BL,300
rnrZbNwjs9zm6d1inbkLiv6r5G8e1DTPGKn3bx5yCtsLQXc,300
ro3M6NcszMzmWAZDFLT6A5cKQagEWBfTq6eoaZP1NAef5Mt,300
rqGknnwThgzyBzuEJ7Cq92m2hnPCEjELj1sqAUAsPmDW2Tn,300
rqTL4hQat6bpf15hguEmSDwVURq41y56anbHF7g9uKTNFjj,300
rqzBKaHwhcMFHRnXn24S7jf27faUssndbjnWhPFMiJYBxEh,300
rtF9Tbk8zrwaAzwW9RUszGosQRWutsLhpzgSXNLACKAZG8Y,300
rtMxyV6Z1zidr88CLeFfGoJg8xWRqSU6oVTc13qSWBeFPgR,300
rtUFzd57WT5yzWmn8DeKAU5mQzBMJM53r85MLzR6FfBfMRY,300
rvVvksmrvqv43KnncnczG7gLa5asWh6pR2SEaR8SqCidgSn,300
rvffB3YZ2DVTNp83TVJtj9ufRETQtnKDtgYopDWMgsHYSwR,300
rw7zXba98WBRNhStCDfCADmV5QgwsZhHZh6uJME6YxfzzK5,300
rxvF2Ns6WRT1xZ1jFhy3AwhzvvjaS4bVmMgJbNLV9jKxWBW,300
ry5boR51HvsmPBRwxn5ZDzdnCP3ya2HZiX9TF1mR9irkB4G,300
ry6zpi5vaHnaUGNANcjgGcPUwhKgUrkf8h6NCc6U9miUEJg,300
ryJsy2GYU2XcTjc152fFNbi9d5xUA5cG1fRWSpHWsdJjPer,300
ryVPwW3iJMxenjgJNBPjkWBp91gDHes3PR2EiExqfKJzcLA,300
ryXznR95Bk8vvCVSe2uUT8VSGWoVMqrTHwUJzhBqwcxjdjG,300
ryc3BGfpkmDPDov5PGkDgk1dpa3ak5FzgXZccMXE7fK5Ucb,300
rycMPo28Bv6E4wDzNMFjdihzyfypFHit2JCBfGcidAt2BEg,300
s1QqHGfBhJcbhUX9FKSYRAMBkZc4133a6rw7oooc4qD5SSD,300
s1e58PC7UBf2ihUXcVEKM58RbpgVTbGoMy4zHBdvNwY3JLa,300
s1rVF32VR2VPHAeQGm7fMaAGWVkUdavWuWdLTo8FmnzFNuk,300
s1wFNHungR3Pkdsv5MamKvD1hUMdJRqRHeQjaBetvbCCpja,300
s29pp7tkL1Bn2xQ8zG2PhLedXuEacrF6qBH9bZWkiSjUXfY,300
s2W7UMxYDFUnw6dhMrA1PK2FxhbdbqxzdRcimdmRT4c2CAQ,300
s4FSXtANoEpqu4PMZJn1swpwMfs3ebCShRD4Sy3HfxJjcMT,300
s4ZdtozZQ7Nq9mkUGV2utuYNP9pucJZgEXGv6pNmvB7JqFZ,300
s71RzUpncTDvP6ptcoCw7foJKcH9dbRgg9dZyPCiWpv28WB,300
s7F8QxDCpHNgHTfxNdaNTkiMR7GdzweGvykpPfFajzNDtVv,300
s7NTXYvzq8YKSdnfzAUPXT7h7nJZYy65zzWXJRW5Jzbk3vo,300
s7XXZTBwnjiozcTvwyecqSKs2ieTKa2D5STZqdpX3gGww3W,300
s7e2xb6rdhDFF3ApgJargq77zmF9kNmWCaGCVcX51eJptb2,300
s7jiVirGJmH6J8sUiRfzErQMhJ4HXckV1AakqGGsxs9xrzX,300
s7meXKsAWX7g1KUmFiqy6NXeJon45tsifW1ZSiHPiLhVBpy,300
s9NvnrerCJvxjbWmFG98tiDQVXx8oh7jqvVGKYpHKrLtny3,300
s9uajKV77EftSbucbyPYMjx2ARrpvFCBRywRnCAgcmD5FgV,300
s9yJ4Pc76PzPT2bMmNotVHfFRCRaEDrLrDaeVn3fnFRnkvX,300
sAMz9XgvWKRPAESCkU2usNPkgnsWHbyVbCZgWZFya5SqCCY,300
sAUr36wyGZDt9VJxFGrwhA4vUMHCjRceTQRwKAHQBv4k2YH,300
sBpweuKwZAYTL6Mx8zuvfqfAPKcKfBv5x4nhS8fNuyRGB7e,300
sCHv7y2bfuS6cwxfvhbjeGV8f5StWTAM5a6gJ2QfgirssQe,300
sCNBGfAHwmbe2F93U7dJj8wmVa6d9hqM64qpm8rQ83WS4Uf,300
sCV6bhsuQVSqFSvNQL7cikLx44knVEX2T21wQ3c7KCvh4Fb,300
sCfp7HcGiK4UGFSYZfSqruT9CvPZ5knePfEmoB49BKrwi8r,300
sCm6GeHfEfgeSyWyL2HHVjtcbNreA4pnMhvhqte1nrrBBxJ,300
sCpfUpRQ8toforazYiXM42wPELugdtjKaShtdjcsh7dSfDD,300
sCziFvfrNbw5HaeQcJno1e1nKWypFq5bz4pHLbnm6M5GLeP,300
sEkQ6WnKizPZbJHVp3iNkvkKUVKEpkoWvSvrrDrSETmZPkp,300
sEnfMWrBDemE53bkiXAkL2gVBCkmKLtczC2F9b8GVYP8Z6Q,300
sEuzoRW24EzxdPnjYYVxn48Eh1zSMirkj56HCaY1QPLkq1J,300
sHWPcrgXa7FviVJpBCkSnjmzzosASa1EH187vmGk6TaXLuZ,300
sHj6ZqvoN2BGNHRpPP7jVjMkRHpmzMPXRCDLsWN53DCaem8,300
sHtRHjoH7HJ4gdefSmPQabxhZK5yz9UBZEaTKk6ZT7oALPq,300
sJ1pSeZjVnJoiJpSkyiCYJPe3xeA8goShYtVGUotfJpPxVN,300
sKr27VZvLsFuWnBK4CT6Axe3bVZY3MnNptuRQsnjeHCyvM6,300
sKzip3XdWMe9gm287v9BHPs6TC96RPrumF7Q8QccX4KEYYM,300
sKzydqrV4GtsGW6rs7bkyBiYJGyqDu4ZAPU1goSccc3WLaV,300
sLAyDcUb7K8qftWPufXJssaxiEdrCs83FAA79TJhtECjDg5,300
sLVvobP4gHNbEpkaERZvMXsHkzjmm41Kat1wzHeWqnQfmoJ,300
sLgmeb1gdLR1NBCa1q8fqJgGwfyNEwkeAUwrvpb1tMMshxH,300
sNsrSWocoMLMWSSqv7P2zXDQc7r4UBNnxf54Diy27sPkiEC,300
sNt38FNpZyEr2wLoc9CWvw62kAK1h6LdfMPLRRUSfQxpixL,300
sPHaUmBx22Ew1zLzm6UV4BPdEMCMpXALgrphPKC6Er2KeyL,300
sRHQv3QG8eArtnqeHyHZR9v3HY7QQbq9n9QPyyAP3k4gmf5,300
sRMwfzve3ziws8hX2Jq88x5Q39py9HuydUrNkBTggKUSoUR,300
sRNNAajnpwbDxr2dKbJxxQbM2z2k56Y9y9mwjPy8kwWkkF6,300
sRPiCMf4Hod1HN1v65TaN4R4cKNYy9ZFvvBequAyw4HeR4s,300
sRbHN5SsN87HvWCZ7U2XGTyski2QPWXT6wrAMMBS3EjjnLm,300
sRiuphbScoDx4tGEWFpf85N4xurdJtCq6Y56DqXXbyHFjYe,300
sRqSotJm7dc2sb2bcuk1UeQ3RcN3ohG45hF86tmEYy5TC9L,300
sRt6XFvYQG3g8fg3krARBpmpbMUakw8zgQSCRn7FhDjLomW,300
sTjBQrUsFAiH1DvBe6tKXdatWkCszqtbqsQaPJiUNTztz2X,300
sUAtE8AZ4tzke5vE58euBTniDXyPFDNtf4nRudJ7woXyr6P,300
sUNTkFU4kzWVY2uHVyhys5EbnDfDNuuXypXCnszPj8vgsgc,300
sUYVdhqPKAfPEaPbFwc614UUZkRSbx5VtX5QhSSeeh15tM8,300
sUdCMjfTZZg61ULdVF8GFrUC5VXHnAbLfwQL1NjhxWxE8bY,300
sWiEspBfUjDsW3c925kyu3FcPiihfinAp3xAUtieUBZunwS,300
sWkxuzxazCXAWAFgfUu6MUK3PTrisZ1thyPd58tP1iAeBYc,300
sX5ubJDTFFKP9UEMSKjz5zqLa52v4JVL97R82AXjuQGy49v,300
sX99aiAzcdHCtd5kRJ3qca97FgmdDRdMqB7uGryXRpvKV6G,300
sZ8rrknZGVdTyvbg9BoFyvLiE61G7mvKqbRUzzHh22xjNc9,300
sZH11nKM2fihotLJnsTic8F8Rq6HttUG35NjC56f5E5F1UA,300
sZM22AZg6xjwxrovT944Fc8biX6YFbCmbNSErJMptkhuZr9,300
sZkwgFYSVpFGPaARRCjwdvG1eDcE77gNFEWRtCKYupQoG3T,300
sZvVypeqSeAoR1bpzMPw3johZkdeH145P86dX21mR8iaEBC,300
sbgXS6GHFFUZSQpkzVvPZXo32iXozfgKmypWW8JmCUkzM9y,300
sbrR1AHTyFG9iEephQD6qiU2tR3WFaNePX7ooR4NZ8qY7UJ,300
sbsFmQrAgz5QyrqZz8TbeQZa2jAbuDwxsZgUe6kqKqDDKLX,300
scCbL7ak9hjznra3vcSSf2b9iaWbEyL9EiE6kcSGFiQAM4i,300
seJHD1aFKzVmLBGEGJEFV2iZFscAaNNzgX2MqhTWbz3ApXA,300
seQhqgF8vvcwi7G4KVSY9tuMNAaeCaCimJWjs5urgPCK9eN,300
sehU6viXJatLTQ3hvnAupH128puPjfddTpBDQVqtVQRauVY,300
seorgCZDzP5G3JEbsBjFdpQ4dTUgCWoPjQynyJqHCfXvZVW,300
sfL2XQYL7z7JAUqnmWZDfwNMmd7h9W4gYdXRAYL24kvDPD4,300
sgu1Ks3ry2SzjTAnjrHwYFR6EAGh4jaYyTHQk4HUNRVaYHo,300
sgudG3eZmKxztX35ieS7keUzygWVJydYXwv9m5SazhdSJ6m,300
sh1fTkkpMzMtDPgBLrJpjLizPiG5ng3Sie3c2WF5T8gqt9i,300
sh73byDgdFyQEeRcDig9vF2jeGZzkbfLe8rM7wkzhaQuFCB,300
shZMNv5X3wZ3ToiPHMSivgeBzVogjga7NuuW8X3NnwJrCgJ,300
sjLCDqhxLKwjsXzAS76VRqfDc2UHxsZU3o4QQupdTmXvy9c,300
sjk6u3bj8rnfBWYmKQrqNqXCZxrjgSCZ3Y741ZzFt7oxQrc,300
sjmDp6BFGXRCEL96PBVyXsxBGWpVAw8J1vKtMAP5nhJSqHe,300
sjzGASw68GPeF7xwYz8K979y1zTgQur1h6tuAhQ55KQty8E,300
sk1XXRtTmiG3zKHUSqDRYoeRnVpxtM5xn7APnBcyxCEaCrq,300
skM4qvP1CKzJH2P7o4g4BcbXgj6c7zVced5s2p5nVtpw8G7,300
skNMJy91S4qLK2FNk1KYQE6sTD9J7hM1wA71M6KdLL6cRaL,300
skWLhTcLuKsnFEgZ3QjBpbQzxTjwhbAKwAADAVhHionRWMD,300
smu2qAbYcY1eoASF3pxDQKaZPwdbokAxnHcMVoBUjZMXYsh,300
snD96Jg2EWZgfCPhY8XiyapvQ2eGxstjP8XWgc949DpUjT9,300
snGXFBPFY5bR7jKpAM8M3FP3d5dk7SJjHofyFsrjSbTZiUa,300
snqUeGGD2253pcRYgYtLPrbTiduBpRr7GMoChXcxe51kMbS,300
so28ihYZgKEMZL59vqpbk2a8CBdmSNPmoVbpG7bU49onqnf,300
sqbAYUzCEzmZDnoQAAbGzjSxJmKgbcm3isootDYJdoGL83j,300
sqe4oKUBDbtBB25md3AYeqS99pAcmeNhyA9ju2qPfZQqrot,300
sqhGHNeHMJWqMxUEMY8GBpj5sSvXDbdUD6UgVLPULAuXGCC,300
sqonped4FTT4ZUyZjMTRqUjWaBczrzaHBjcX3MZtE2RQs7H,300
sunLBaMxZ5u1bVfauDtvT7ncvK3f8wWsVHbwBHpRqFQaaKG,300
sutexQMve6vJXV715n2hhAXJ5fxwsZNj3KjPYTjBVJ4wEHP,300
svA42gchaAugZ4e9p3kdfzz5MLJgdDQcnkREraNRXdBnkhX,300
svRrNyzYnfej4ZyaoejYBUZtDZEEoG9CnZ3peMXvN6rnjxx,300
svSLEgHLZbrzzdus4qUAm1jrS46bezxfZ9gP4TbGAcFiJUc,300
svStDazwvno4fwVdpnH9XkSy75onyuGJu7dfGge4aRt7nJL,300
svriUUiUkN6HB4yYk9xZSnZ1wDR15KBcixT1rh7fg9pdWwN,300
sxdyrwLWR62gkVhRHr1ZxTwk1EUMqSzfsFqVMuLXKYem3i2,300
sxg5uGQc1WxgwZhuY4egDEFHKqcZQTVTB1Z895LqhbrzuC4,300
sy5Zwzb17GrNHZH3ewAKa3oi762WLi8Wp6BProM9Lu2xGZw,300
syDgMsWLK8SH9jggjCogK3QaNyovEg2dEA3A5Zwp4cvTxTF,300
syT82ANBsBB89qThN2eSSbrud37YbiD3XMr9Boi5UjZiYBu,300
t19ixbQYyA76dgnm8iqxZDWzGCWmgyttJrDWF3oQyQCfap8,300
t1Df9FwHFY7VPKS2AXnmMgtB5D5DDFgNNGJ2BwgsuHUejDf,300
t1N8Hbo8F5RRdCXx2nU9jNBV53oo9BqrhmZ2wW3z7JPcoFi,300
t1XZycjoRRnMx3DAPeSbpd6JLqAn17e4YSFKVsHsKCdDckx,300
t1bmpNXA72RnVVYAiKqZjDtkuSjSdY4RFjPqNwEj2jwVWQh,300
t1or6onSrXsfidxqcFxZa4H9sYXPDFsCUzX1oWYriGge119,300
t4AHxGCVdx5LKHktvixvJVYDp3MDHT8uuWPriuhyYDLjA25,300
t4ZNwtj4AABuz9E7Y9f3M4N17WdxahYiun7nrt3ewWpRnw2,300
t4jLRnrgkdYMctbXcchN7k77TjJK5C54S1uyUwUVC2SzkBG,300
t6UFcqRiMQnhgpnRad2EmXsUfJTBHMC3mAxYt1rTVotxtMe,300
t6fTQFDyvwXKKXGTf1XNS116iSkL5iqZAckrzuKs4LW7hwR,300
t6ujuAXypsAYp8yuU5K94A2tCbufXAGsKGneHaY8PX9daFm,300
t7HyVLBk8MAqkEikDnFeVnuKCjwH1M2pvGVyfzCkWD6n1US,300
t9XowxnMDjPD7Ruh6QKTwHpoG4YnzRL4EA6dpKynSuCPNMG,300
t9n37YCD5BmoPQopFePHyU7BmrRKv3XXc2z1eXT3yQrfZSR,300
tBejzgb9swdgEFAbqRqn3B2KzwHB4R5gZyq9F5eYFqm6gcK,300
tBogvEj9Cb6TcLMcyJhM9E99c7wgScMCAutJCZ9QUnjHkmv,300
tBtmnDFWByR1XcW1wQTVQXoYdpehvdNqwbEJT4tk1wEVHQi,300
tC8PUSzmpoGiJMmsn95ZCFGxvTrdv5E87Zfqb3KuShmXGro,300
tCg3Cv9tDExrVktrMEuRsn2vGtqB3D4NisVHrYSg6LxHxJx,300
tCkZesCYYR812oDFsNbUYxGeK5vK8oc4wTDn3y32qhyxwjJ,300
tEm3dkypXR5tzYPioqWc2HhxEYABEWJQheKiPHgJhiaXgso,300
tEpwHCMKXBY3sRkrg9KjqJfo2C76V3hN9hdrGsoUM3xMzWV,300
tEv3k15Uq1nG4TKA7hubuzQzSb6ESu6WjhoeGGZZ1DZXRJD,300
tHU87paXtY7dMyyCt6n5hynfuqqq6JmxRxz5UvuS2XPgs3G,300
tHgxBi6vaC7eoNxefMuWsQRMS8sqjYXr5Dj4Ra6t8cj9wbL,300
tHqNPbNnYudcCdu4FJS1PytM8z94zuawXhvoGeZXEJfZwTE,300
tKT7C8NSmSEshQoWNAvzeu6h7NvmQ5icEzFa6oEd73BsuuC,300
tKiDd8wCN9egYBJkFU7qqvmGma126Tp7ATpGnhP8EHy1MTV,300
tKnVp7Lqturvi2VXXwqfzeAhw8reWqDVNZ6LbsP1C3ufo47,300
tL1h1UEBc8Jsjd3dMjiiYp4wxJLtgVwkY2SFeJ19vJqZ6iC,300
tLdB5wTWYkTcensxwWsL3RdMeqBmCudq8FpVaqtFC2GUyUT,300
tN94goNGqqUq4a9gX1wg1NW4iMi389U5Pb6hpyyKA3FYQFy,300
tNNf86xKynQ77f6fPCPpBLuAYbufeVubJPoonDHMRbfgMxE,300
tNufnkWzwWV9NeAphu9eFExT9PYhF2YxibNqvMHALiDnf3q,300
tP7ni9hahFCqWMBVax3NTSamycRRDrG95ypixGYNHESZ7Hq,300
tRXHHf87g26BQPYSJ5D1ArVDQpAe75ZWfQdBiufVwCkTb3C,300
tTnWUJbPmY7U15HKyLTgFmya917G5EfLEJmo6EHb1t46XpS,300
tU6PBZ9JyVTRwcTn5y7CWdSaGF2x7Yj1PquuHkRPqkg4gGD,300
tW325ZFg8c6t7zyDy3uhMtenYT7SrRHEBJRCmbfh1A7EBzR,300
tWTKqA4QyQShwtqekw8mTVuVF9umFMxZTt6yYyyiVw4EdJi,300
tWZ3JTtxpexf2ysUPLQfEb2dfSmPHcpvN4E95evPJJuh9aG,300
tWqR364TqMvuKbmMCtkrKcPmfQCuhBX2oV1nGoR8iS8f6Jr,300
tWrnNZQbvMfjjK8hjosBNg2ArXkxQEoAxyoMfFu1WcqgGCF,300
tWvfTAk6857vKKJP7ahD1vi3pGSMwWcTakkaCqi9jYR53vc,300
tYtLrSb5E8az7nsuLiyLx5vS3zmx1tJpb6EpXMWdXkvW5pp,300
tZ6VZ4xsRLSdkYUVdK2u2gD4DhZ9J1FyiZWWRLp2gMXbzYj,300
tZ8ioMeQSrp4ZLcV7KvZ6i8T8GZJq63juB4aCJbVcjdKEtU,300
tZ8zJQxJPBkuxuzNrjNrWqn3WPk39PNo2aT1sRHeugd3dfu,300
tZA3QC1oomogTcnraF53r1uBRsbyBFK6kPFLswzbLhWK61c,300
tZcAgHsXA8zqZ3LZcF6eowbH9qZtM41UNe9XLvBMMGx4Bbq,300
tZcmGSkhuCCJJCK9zbgag7o7wwTkAojrzJ8k1RYKmh9gC7C,300
tbD4yAe9C2xLDqwDYHhQjDJvpWaqup5KT6gY1eKCrWZvKEv,300
tbFYdhYGXnY4E7JtbtDtJknzP1RsUX65W1PjDrFYdLWDnCp,300
tbS7GYw5jaYVCc2uj6fC5xxUdrYrvcRxd46AGR4pcZ4qU15,300
tbUru3X6gVCrZaqY64vgsu4oLucnJLpDnDxuUexxAkaoxbx,300
tbgKLcG1CMnXF71SWqAQWMJ38FXRh2oj7kMJqJXEJf6uLam,300
tbvj4dPw5dpEh5upPCnUnNtEKe2LPN85u2kEyp2YViKLi2g,300
tbxngvM11dNuHY7iLDXkeEAPYAT5iCo3aK1GqvhRTGwgxDR,300
tc5S8jFCqaguS4wYc8d6NczyxxGHdLchjEoHUQ24Tergci1,300
tc5TzgfFQM7xF34L2WLHLL3nimmvKaovmJQecS7K13A6LrX,300
tcPsRZvj8TK9FRfDZwmrmbvEzmGAAkUrduowwW6DKcUVSMn,300
tdnUxuYaHssKY9M9R3kEj7YUWzh72G2Z7ayx5aMJkfwdFQU,300
te6AR2pTKjZMLcy7bhjgXuYvpKDvENEW1Cb5GgnNi3uytFc,300
teEjg75JGFqFeJV34AYuyEULKFQmqbutzqP7CdqGkgiKm5v,300
teg8QVB2cofJAnUnr1TTtWtSA4r9Mge9hReuNcq1zS6J8bq,300
tei5idDf4E5vc12bYWtd2WQTdwEYTB94jbasub7p1HGmgQD,300
tesvytpao6e1k7kaA4AK73iJZ2dvXnijGfhphQ4JrVw3M43,300
tewBoWf5VDsj9crY6FEA2M9VjaPejcnBZW77Lazn4PN9smv,300
teyhnPczgjzWiocYdkXyu2T1qQjqYpdMkcjqW4ioYQJ5HHR,300
tezgMvm9ek6dc2stxoUFt1GWxqRKaum1DhsnJeNBtfPHyoh,300
tf1tWz7oYQwedc6gnkHo28mPTNQA9cmLh5jiXQtRFb7Zupa,300
tgTUM2La7uYwGeEu3JsfJ8dxNSKhzMGQ31AKHLQ1utSAL9K,300
tgZNku66o2UcfmaduTWhdbt84SKs3VztFy4jJdVVxC6U1v8,300
tghTswBbkiMJuSiiXEe68H8Y8C8RMjTb9wPkwJPGcLcEMrZ,300
tgnNTqo5FMRjZtkGDkGqutwUfBm9HJ26XQNYcrh51oMVX1j,300
tgud6ynQpj26accpkYBGeaaXrYvaxHLy8LVRwQHRTCRA187,300
th7fqioYJudndMFSWe3rFey4hYZzg89dcSrdAFUip5Vfajf,300
thJLjT2hWHJVUPZqLnHytiRAURQ9A8ixR7QipFDGFaoLrnc,300
tiyUNk3GhLAuDxiJibikwpNymSy1kTWaZizUChCqrbe5x4n,300
tiynF7jKdZEX75UrUjiX1BRyhuD7Vy2jwoPYqbPtZZLLUjz,300
tj22nwETUcynmTfEf6FctkKEW7wL6H2injH1TgueN8ejG5j,300
tjATT9AFeqiKLGPzRjHFEWdsxhWNtgp6czbgYhrVeNpWZnN,300
tjmQuhshrdN2mzihzQ3BhfgC1RiCBwD98Hyv2m3cYeo3CQK,300
tjzeeiztGEAtcoELhd19PmaSbb8W3yEP671X5oiDQwBcGuC,300
tmg4HXx2GScYbZSMQPK1iXXFksrQCNZXnYVfh89MptnjjaE,300
tmrEG5WKk9HcwZhw7R4ANEtiVPT9Hgveixg8wcXZPkGQ5da,300
tn9BnjLMTVWMkcHHNjR4Vy4pR2VHFQCLU6wcVKkFHkbm7d5,300
tnScb7TRSWeuvkU7Aur6RN47kFa7VvXnsd3ZBgwfN38UdEj,300
tnnit5j6YtXa9mzNYMfmrCPSv836FBgXK8AD4vUbhZPDBq5,300
tpRdxFqMk9mAUoVojtuV6ttMCYeRunuCqCc53Z3p5JMZdGX,300
tpfyeo3HhNt2VhTkmsdnqgsTroF6wQ8TXmQhtAbVnRhnqi8,300
tpnJBcUdFFDm3mmnRMCd67rQ5ASYkKVpZarRik1ktnFiYUz,300
tpzQKpEKeenDxWaWH91V88PoNM3utSGRV5hERqx7y5xgPb3,300
tqEJBDGXHBrgwEcGomX6RL6wTWwH5SzfYEMcugT4bFkwHzY,300
ts8V1P5ByuRcGtUtvXDHKGqaTUvsh6DPLAfBuqoCuJrx9h6,300
tuSxHYJNuPHpopfiDhALiJmTMvL9mXFK11Um3Ns3kv1c2LE,300
tv4f9mb5UDi3Qeoc4uLmQS6yoNE15dWma1enR3cNrv21h1Q,300
tv4pRnht9UtUNoiWAmmXv2LWd2zEdUhUaGj81rqCvQ9J5AA,300
tvXFCVSXcVVeg7d9Xk1LMP13M2dkdWGZEgacYQ8huc3BGGG,300
tvYdBs2TRxn5QJr9tharS2NP73vf7ivkDzx2eF4agTyALgM,300
tvidN87rtysk8Zs1vfempM4nH6weGA24JnGU1fVMFQ13hW1,300
txG9kzsRATF4kuejDKxxhD2skKdCuvhJb3LbvsMDEPvoeSc,300
txbsh31cJJRjhgfFVUP28TD8VybTaZiTs3V6z3RzGE91cEo,300
txe4bZvWrARs2jDT2VeMKvK7wTTwKicuHs6N11F6nRq8haL,300
ty5RUEH38ZiF2Qq9swwYpf6McB7nhcg8dxS1hGScRgnum6k,300
tyLqHaDHhGZGhRv3FWBm3fcQ9XGk8HMPfTc81Ecr5eNpCSk,300
tzsiksT7cNEaQ8SEmQeaLkzx1uRuL5ixCDdrMf1PUXCwvLw,300
tzy1B5DKQSk1EsNKGecGJnhXKopcbYEg2PKjahwe2ETvK4D,300
u1EXm59vHgXHv8v2Ypx1NCTJeyhCvSRtSCvq1KK69mMG29q,300
u1EgGWFYJ6dvujQ3T5KGPHNUqQNtmkeN7YwTLwkY39GwxVo,300
u1M9UKaAQYTa5V6AbF4kpCtQCR7kxQLi4uakq4gj968eeus,300
u1ZqGsdHei7uMgrPS6ThHTZ2URhuz227j86o7TZT1K4Tq7z,300
u1p8RYKF9rkMtbcjqqAf42Gu8Pj8uai6jtxmKPoinRMCKw4,300
u3YW74Z2qgGtGhDVTsEtwSHfJ3zMYj6RYa9SJtpUgDg4NmV,300
u3b51eZ53tfL9m1P48G39ujzMWMkCq3iHT33wJ6htDzKMNx,300
u3gTNYhjR6EPx5eccBF49k25ofKgEKicgi3fGgqwwXApsom,300
u3mh91Xk6oEGsoGzrBeLx3Z3BPFGKSAKjfkopHPFg4ySNXT,300
u4TYANkCpDYkSqZumMD68HxSisdKPHe1Q7xLEmEfjrSej4y,300
u4c5QkACXmEQVEwLYo18Dp77XztvxGE367LGGqgMLBvW7TD,300
