pJX8xiftB4jJPjmQkrD4G4fCTujLZajPXyek6PzPFVF6DoE,600
sjVutJ32RxL8CnrTGG8nnZnMrPBAgQMRTfxCUcPprunk43P,450
qrKh9J1e65LY8Yn9uSNberU5HRJt3Ad5wkzeYtTLm9MiwgF,75
pZrQTvTF21wVJCkmqU9G36bq1iGc1VTw9WSr9s5J7tmtdTj,600
os2dwQMLLzm37LZmzCRAp9CPHMfycynT3BpRNdu2717QkPa,75
rycMPo28Bv6E4wDzNMFjdihzyfypFHit2JCBfGcidAt2BEg,450
p5voAPsubXCxfjjyEXbhy86XqQBDcMio7bNw2ondkSNmFCM,450
qoVVSG1AjUPMHhEwU3kE7wSavDEQRsjQqxNC8msipezAuFi,450
qUvFn9zWeNSEgGpkXR5tR2d6usa3MwPXHvChrNGiwgBSJz5,600
pu4h5PPMgibpa3SpqdJa6wX9oLnqAm5J6rCPgsXz28Bb5ek,450
sCziFvfrNbw5HaeQcJno1e1nKWypFq5bz4pHLbnm6M5GLeP,450
rc1Qe5pxovBo3YkuHGdkeQjuifaYM4JbTAzB9ggk8CmSQjD,450
pA7vPcT2uYB3oHJSGrLX3V1Ek1Vgz2ULNKrShBYGpJmsXuP,450
t1N8Hbo8F5RRdCXx2nU9jNBV53oo9BqrhmZ2wW3z7JPcoFi,75
tWTKqA4QyQShwtqekw8mTVuVF9umFMxZTt6yYyyiVw4EdJi,75
pimqLTM1M1eRyEqnvGBuJe96KUKX7RzBFoXqZ7hpjhHiT9S,75
s2W7UMxYDFUnw6dhMrA1PK2FxhbdbqxzdRcimdmRT4c2CAQ,75
tpzQKpEKeenDxWaWH91V88PoNM3utSGRV5hERqx7y5xgPb3,450
qyXvsKMADyVFC895S3oZfMj1AL8uZwXj3Dc4RsFUyCrXkuM,450
sUNTkFU4kzWVY2uHVyhys5EbnDfDNuuXypXCnszPj8vgsgc,600
rHqKbMNFc3t99fuJhVyA4VpDBr4BNvJeAN7iC7S53YYyC32,450
pA8rmtc2SA7aXHW8DrLEQe6fULLHcsCeaxQnggKiigqAg1z,75
pqhK5TbfGUQdhvvZtLf7UAQNFfDzRFYR73ude6fiUTneEvY,450
s7e2xb6rdhDFF3ApgJargq77zmF9kNmWCaGCVcX51eJptb2,450
s4FSXtANoEpqu4PMZJn1swpwMfs3ebCShRD4Sy3HfxJjcMT,75
qyK7nZ7nj8VYghFAA2ss9pVaLBiedo38aVBf2xZ6Kj6vrdv,450
q85c6gpTgrh9tMot638yJqogg5BDons6PJyhPLPW844aH9Y,450
pttX3CwKd85WqwALrvwex7sj2R9m1wDAh3Ars3ey87NXHbb,450
tP7ni9hahFCqWMBVax3NTSamycRRDrG95ypixGYNHESZ7Hq,75
u1M9UKaAQYTa5V6AbF4kpCtQCR7kxQLi4uakq4gj968eeus,75
pXQaY2UH1f77ZYt5joDgDKcYRQyJyeeHtm6yY4w3tUC5qWt,450
rqTL4hQat6bpf15hguEmSDwVURq41y56anbHF7g9uKTNFjj,450
p2REgSxb9p13ZXD1g3m5urxqAv9CdnWE1o6r39XhyStny1k,450
qJHH8XoskRXdtZpgme4N2ZSDATi3yw2BfPyWgVmDxyzUcVH,450
qc6DfdZW183vXsNFtQAJ9pQDt6g6AjvTgbNVaZrkEFReNfX,450
qVDAyvVptj3wUxu1caeKKdK4qMTZQAi9gciUhDTxZyY58fu,450
ts8V1P5ByuRcGtUtvXDHKGqaTUvsh6DPLAfBuqoCuJrx9h6,600
seorgCZDzP5G3JEbsBjFdpQ4dTUgCWoPjQynyJqHCfXvZVW,450
rhHhZ1T8rpCf2ETbFMXyVE9RKmdnrGWbBDemiR6Tgg6hApX,450
q7dHzzcnhJe4UqfosMg23diq7tS5UuNdNDhwYgVQYRfstWh,450
oMrVQhBhLBsKXxZgnSSpJSb8eVmDGvg3PqzZJUsmNy2T1Qv,450
tTnWUJbPmY7U15HKyLTgFmya917G5EfLEJmo6EHb1t46XpS,450
p3JUdqZhY8a1LhCnHoKkVqaVzuQyjBZaHdx4UmAxDE2hymQ,450
pg8BSCQDW3zhzwKumFfkKg3q3LHMopQJYkfCJKN3SfR5jrq,450
rAbniZRCcttT6yBdsTxLscxztnkX493fgrtoNgKVP5gDuYJ,75
q8L39rTZqNt2on9fsD2XuZa8P65rTGosWWFtVporFjnRhNi,600
pMW7gpSEZgm7EUqH7yfNVBx4n4aU7xemzze1jMn2WA4bwxa,450
qexh4BU6MgJcDvXSqZZGgvcimXDhw2thFfepByTeSBNY6s5,450
sk1XXRtTmiG3zKHUSqDRYoeRnVpxtM5xn7APnBcyxCEaCrq,75
pfQKGY8KMjQ1emtewSP4M6PxxGGLLx7A5n2aiKRm9pr8mU2,450
rh3fU6ywYs2RAT9DEZ5fMaxDaBJEa7kRq5ZAr26cQR829Ax,75
phqrZVjyTdNuk4CZCY3Hc8PZRpPQgoJQy4Ggm59yJeCSx4T,75
q2TCjduNU17qTby8swQYDcrsZeWFGfarNy7iRkDJsh5bcpk,450
og93xf4m21Mb5rJb92YwX1iZE5rGKAwbrFeGqtRD9G76Zb8,75
tzsiksT7cNEaQ8SEmQeaLkzx1uRuL5ixCDdrMf1PUXCwvLw,75
qc7w2mLxwXfDTdxghZUEYWstXrPf2pdCzPMzLtTfgQWQ1RM,150
u1p8RYKF9rkMtbcjqqAf42Gu8Pj8uai6jtxmKPoinRMCKw4,450
sKzip3XdWMe9gm287v9BHPs6TC96RPrumF7Q8QccX4KEYYM,75
ryVPwW3iJMxenjgJNBPjkWBp91gDHes3PR2EiExqfKJzcLA,450
owanBgKFiC4TUiJqA5YbLW22Kme2tQgvHJizVyAX7xKPSma,450
sqhGHNeHMJWqMxUEMY8GBpj5sSvXDbdUD6UgVLPULAuXGCC,75
ptQ9sU1Pp8KNRDaMVuxHmLY7vRZif3YNqNUqDD8uyQ3QVdV,75
ryc3BGfpkmDPDov5PGkDgk1dpa3ak5FzgXZccMXE7fK5Ucb,75
qd2DojPnN7EKcq6PRTaFagUUk1Wz5dGvzTQtZf8mhKT5sfq,75
orNzSPPrhVhcHzkG2HGBKHpkwT6QJnt932VsXkwRdcaJnfx,450
qt1qDvWkd1uNVnFJ2ppQePfSmgz7ikTRhy7djVXv3mrKugK,75
qytJfQAMBKNY2SBG8gXZX1VK5XYznJetiVYycG2jG88t8K7,450
qf5SjMDP63nLnvpLuRXd3JzEeFfQEUfTmcNQxSWb9QNsJkT,75
qXWnz5SnNAV8GbmqcXd3f5vtEkns5VsQP2hDZwZXNinKTtv,450
oyeJpywVkajF7Ugv4TBDdzaToKoGKs2SRagtC4WdNkAA6Z5,450
pJSHxuQU4SB8ySZesvZnZkLFeGq7dSA3AmVZ2VhMuNDjthb,450
oXwXMShchKjXqL2qx1pu3ddqwNmCk6pSsjpDChHLVVz7RXW,75
r4QLRjt8T7xzGDBZVWdEUSDjBFd3dKb5Y926LkLEFGfS2fV,450
tWBuY87caUrd87kMG95f9YbBVVvbo3cATBLX3py6ffkAXjr,300
omf3zeFrASXJZLdFKKZKLdfXE4NmxNyRb4gYKRUyYeCcdA3,75
sqe4oKUBDbtBB25md3AYeqS99pAcmeNhyA9ju2qPfZQqrot,450
qS2oNLWygK7YL4Pdwi6kpJxFrd9A4ZUvf8RXs4SXTejNp7D,450
p2UZMkZVyjvkhD4PTuMmXUo3odHfMYb9UMfG6A63ZDX6gT4,75
r7mhs7oyFCax5opmMBdurWbuShwzFQbR5tEjpdfMmhkinDu,150
tWqR364TqMvuKbmMCtkrKcPmfQCuhBX2oV1nGoR8iS8f6Jr,75
qkxvHLSwmaX2tuaipf8GasPWahSg9mCMZQDuWqricvY8DFP,75
txG9kzsRATF4kuejDKxxhD2skKdCuvhJb3LbvsMDEPvoeSc,75
qCrsvTydkS4JvPZna7du4y3DFpxqP7TaAameoXQiCwSNUZ7,450
pd1c2gHw7ZSbNBbzikUZDCubfYshnHniZ8Qen726XiRtvyD,75
qvetcCFqMBwguXhogHtutVfP6zchu61njDzRNxAuaHDbMfo,75
pDubmCs2dJFuyvQwPCjnbbYTLV93PSMJmfqFPsFJhia5k5o,300
tei5idDf4E5vc12bYWtd2WQTdwEYTB94jbasub7p1HGmgQD,450
u1ZqGsdHei7uMgrPS6ThHTZ2URhuz227j86o7TZT1K4Tq7z,450
qZVUR655941nbc42Bsp4HjP4GVpHWJrT41QDmzsbW7duJav,450
p5tEBHhnvyqnZsjjwYf6YL6QuhXfkUJtZFZmcjoe4o6HKyD,450
oYghzbsRxw6VEJp7BembVvHWxNGfbi24DK7aHcNtFc7R29L,450
raKdY4YHy4SFWSrfQZvpsrUQsnoChcK2fg6BZp79TP9fGmQ,600
sbrR1AHTyFG9iEephQD6qiU2tR3WFaNePX7ooR4NZ8qY7UJ,600
rcuoH4b71aE2bsAJgGrtDnzLZnCPXDSZAXGbtgpdF32cFfy,600
oacUKf6CU5ZGrBAVUCPgmcajbH6jQwy7wmazNmJmxUePjbR,450
omA26SXXHCNDQSV423otctxo7xFFmmCPodB6TYXhD4JuqqJ,75
tNufnkWzwWV9NeAphu9eFExT9PYhF2YxibNqvMHALiDnf3q,75
rc5TwPrya7mcd5bLeWY8zZngW5YZY1QBfTfW8qKfbwUU8Zb,450
rZMgVTAUDiFt2ieJXVGAVWNAUgspmD1hCUuPEVYyJCX3UmM,150
tbD4yAe9C2xLDqwDYHhQjDJvpWaqup5KT6gY1eKCrWZvKEv,450
sLgmeb1gdLR1NBCa1q8fqJgGwfyNEwkeAUwrvpb1tMMshxH,450
oV9D5T7WqD2EuduDXWcXfUSXKSxBDN3yMK5ZYpAQtRnUqWa,75
p5aSWLD4FaYXi1zWNNZz3itmesLLErEKgu1FWZMGXMotCcc,75
omAGXxVBfjNCLCqqoMJ1hBMzufXDzqnaG65dN6gjCyumDVU,450
p4wuqhA22uqAhbEuA8AEGQm6YjDoin7Bwr7TwXC2tBZDCMJ,300
oKEiq2AdVgHKSk2BCtM86n2LHizeKV8Fkf9yASvW55yUBYa,450
qhPEdhFWmQaKHRsJUQDhiEU2r4x7RVnFcpnBFGdveUy57fM,75
pkPm8YAWqBvURBpVX6NQKdkXm5bYHCCh7dHbQHY6gGVJ43t,450
s7meXKsAWX7g1KUmFiqy6NXeJon45tsifW1ZSiHPiLhVBpy,75
rSWPwVDeBZZkLtqLVTh1x35WNNdpXru816RvjgZpstqfz47,450
tvXFCVSXcVVeg7d9Xk1LMP13M2dkdWGZEgacYQ8huc3BGGG,450
qFwpk61AvLc872Kn8mgDQAaPhMHSBQtMJits5EGDjxEU7db,75
paKZLzcNx1PeVpHQ8dgBPBFEVhRDHG56kfSyZteJeRJoGJT,450
tyLqHaDHhGZGhRv3FWBm3fcQ9XGk8HMPfTc81Ecr5eNpCSk,75
poaw9dMGBhwY2xPZ35Yakz8SUo7pp496JdZUdaVYGPywrR9,450
rLxK3xe5d8R8KgqgfeZ5HXBa1TUCHDkWQUw53c6UJMZUspo,450
tWvfTAk6857vKKJP7ahD1vi3pGSMwWcTakkaCqi9jYR53vc,75
tj22nwETUcynmTfEf6FctkKEW7wL6H2injH1TgueN8ejG5j,450
pkPjM1vUJDAaN3aTXz3W4h3FAThY3C15BMo8p4wkfaDd35K,450
rCUZxci4Pbdiy78hnELae9dTSk6ynEU2Rje874mPeULKjUo,75
u3YW74Z2qgGtGhDVTsEtwSHfJ3zMYj6RYa9SJtpUgDg4NmV,450
qoD75idU7NiR33t39juQn2GRy2Jf8s1cuiUYZWP95BRcWxB,75
pJaPx97SqwL3iJnmETDctb4ZgWEN1c3i5AUV4KXnaeqFfut,450
tzy1B5DKQSk1EsNKGecGJnhXKopcbYEg2PKjahwe2ETvK4D,900
pJdn5gFLSQkydGiAL1tpepmMM2WRMiowCH1YwtZnAAUS3Ke,300
tjzeeiztGEAtcoELhd19PmaSbb8W3yEP671X5oiDQwBcGuC,450
oasjEt8EJnpUgnqZ8aXGiJkB5HdZZZFfBwnxGEp8TNrvoax,450
rqzBKaHwhcMFHRnXn24S7jf27faUssndbjnWhPFMiJYBxEh,450
qGHnLSdELG7Y9CtFfyE4T2bUUBNM4qpZEUovzaj5kDFK81W,75
sWiEspBfUjDsW3c925kyu3FcPiihfinAp3xAUtieUBZunwS,450
oY4PPwAwPVoQyXvUdvvpxtXd5rBvBJT2NCJbkkp4q2LvxAU,450
ow5iEKL1k7RYcVFMESoEbPtfk9EWmrY1i97GmR3cim2spHm,75
rMEKztg1TB78mdbBrvDybyS684c7GuCYLDttcuY7sS5BtcD,900
th7fqioYJudndMFSWe3rFey4hYZzg89dcSrdAFUip5Vfajf,450
t6ujuAXypsAYp8yuU5K94A2tCbufXAGsKGneHaY8PX9daFm,75
oMXGL7okdcJxSjyW9DDxiNqBHzWDz5zBnr6ymoq8YmZKAKW,450
tbgKLcG1CMnXF71SWqAQWMJ38FXRh2oj7kMJqJXEJf6uLam,600
oi4hrNfRX1kYdpABabfKVRAokrjAFi9Qar35fEySkeyzQFP,450
ptyooPApoMr4ym2kMH3oyQr9aHWKBb8xrwRmhMa7KQfsuxM,450
phwhnvzm5txeGrNmFkeMThaFkQW1sZsEGh9g8wUigPkcHGQ,450
pBNoubtvNtwxECLUUYFH3AzHGq5ZDT1sShz5Hb8HKJgVXbA,450
rUFm7ZQzd1emC5aBg1Ct9XFocsrQa6cEZ4hsYLxJoLb8UkY,450
owLsZNpTiBUCyphZrvS71qCTjzuFmGxAcNiTewZEzrorJRH,450
q36f8iC6p78JAnqmNtCzvy2LHrRWnPcyGwo4K7Nvatd8jqt,75
pMSbMqR2bjw4itYogyXNmqoyyQG269c3xjKCiE3ofuBWA7K,450
qPqYqPX4LhjNsC7by2SkNgWLMV54VKhUf4u9sh7pJ2yn3iw,600
rXSqmhNP7PFwNYjUNQqvTN3DwtbXFpTJwWYKSUuWRqhvjzp,75
rZMEqjVK41Tuv5Wg1E7atg23qXranHndtXoDmq93gx9mWWn,75
sh1fTkkpMzMtDPgBLrJpjLizPiG5ng3Sie3c2WF5T8gqt9i,75
ozaAKEFbpc569QUfmwaMwDng8jbskgKEdHxVHNn18EPR5J6,75
p5zFAkzpaMFVkPztZSA5HL5eP9Q3cqFoXPginKknwq8nTNm,75
oa4Nn3BCi5UKSgxjo2Wr8B7e4Y3mBGNhTuCDzkdcBV4Cisf,75
svA42gchaAugZ4e9p3kdfzz5MLJgdDQcnkREraNRXdBnkhX,75
qoMuczQfAPwny8U8Uxrysc45FM3KZJG4kYUdEJziTZwMFzN,75
rC884B3pLCVZyowgVBkjzXj1VLnPkD4bJXuBE4uHHqEqcjy,75
r4yozByempQsm266S17TR6uMrDzYML87pkQ5ve3kCf5s8Gg,75
rvVvksmrvqv43KnncnczG7gLa5asWh6pR2SEaR8SqCidgSn,600
tBtmnDFWByR1XcW1wQTVQXoYdpehvdNqwbEJT4tk1wEVHQi,75
tEpwHCMKXBY3sRkrg9KjqJfo2C76V3hN9hdrGsoUM3xMzWV,450
sKzydqrV4GtsGW6rs7bkyBiYJGyqDu4ZAPU1goSccc3WLaV,600
qqszuMpc2CZ3tveEcFFTNsDZtL7izHrNLTKpS2ZCuMNBZyG,900
p5nCzE1r2bW73S86B1jjupM99QGvJt1W9Ynhox2xy71bfcK,450
pzNvu1CHNiebe5ba6o5A8vpJhFzim1FMuqEeNpWnG4eLzta,75
rCtksmiwTLyRFSnQpx4awnVWZVpbEVfToqUtoW6bV7pNVjZ,75
tZcmGSkhuCCJJCK9zbgag7o7wwTkAojrzJ8k1RYKmh9gC7C,600
tZ8ioMeQSrp4ZLcV7KvZ6i8T8GZJq63juB4aCJbVcjdKEtU,450
puYWD7QcwzgWE1FY6crJthTaeqzq1rCUhGaUor3dd4JMzL8,450
tgnNTqo5FMRjZtkGDkGqutwUfBm9HJ26XQNYcrh51oMVX1j,450
qa3ULXPvAev1eDVXMCaT34AyET7S2fEaEdxGNsRsQH9tZDz,75
s1QqHGfBhJcbhUX9FKSYRAMBkZc4133a6rw7oooc4qD5SSD,450
pGVKf1jcJZUMurQZwkS1APbtsGSRYvEahoxQZZi1HdiaV6P,450
sy5Zwzb17GrNHZH3ewAKa3oi762WLi8Wp6BProM9Lu2xGZw,75
pAz61ArZ11ppvigCeHEEEvcn99trJmpcF8mf3T8UiL5jAU6,75
pLxjLBSoneAH6N8gK47SJsDEoTgARAXi5FWYuekJRXsJPnX,450
pQNBgdN9MXUSbfTqUCYHEeA5kpymiSaRqnz7zxkRGJEQv22,450
oitqr8zA2FHgx6ZXJmvM5kfPe51Zrkm7xmMi2jQ1cvo91xT,450
rCki3Y2et7KDNxuidkKmnadi95rsAVjo7AhG6JqHXWoCXvT,75
oufjdijXxHbWXh34Wm9pAZPtwTPCvsKJfByd1CeMcjKSsFW,75
riCAriEHsr7uiQr4KuvEGwruPkFyfQMEEy8GQhTzfZyKoPA,450
pAGs6xSdPELENPdewu3bqy8VF6w2voAax51a4kB13tF6wfu,600
rekNRx6Kyxrx4uY1RXthi8p5kmGvR11cEjDwe3cmmMtH6wP,600
t4jLRnrgkdYMctbXcchN7k77TjJK5C54S1uyUwUVC2SzkBG,75
tgud6ynQpj26accpkYBGeaaXrYvaxHLy8LVRwQHRTCRA187,150
qmK4htpDzH9bHRSF1oFEvkYbr3PgiwGorPiR6jtaVXzMrFX,600
rqGknnwThgzyBzuEJ7Cq92m2hnPCEjELj1sqAUAsPmDW2Tn,450
sEkQ6WnKizPZbJHVp3iNkvkKUVKEpkoWvSvrrDrSETmZPkp,450
snD96Jg2EWZgfCPhY8XiyapvQ2eGxstjP8XWgc949DpUjT9,450
svStDazwvno4fwVdpnH9XkSy75onyuGJu7dfGge4aRt7nJL,75
s1rVF32VR2VPHAeQGm7fMaAGWVkUdavWuWdLTo8FmnzFNuk,75
oiMrN5qiAVd5uNA5U3Q2JvLurJSmjj24bGkfwqAkan79c9v,75
oPvRsj51KhaeURPZzPKqd8qPyrRoX6SrBD41JPC8FDuYYQA,75
r76FZYxnk6pTNAkaK75Wq9cypQzcYegfZCKqTVVhYgugy3r,75
rS7bL8mMMn7EacLLWGTAnM2Ve4gZ6V77WDGF26Z6s3hfcV4,450
pg7UYMFEW8BpD5gzG4XjTS7VhutPAK9NZov2LDK9U3DXWME,75
op6h9ZeoD5dJKaQiTEhyxkgv2dvW11YMkrSuYK7cBYvFhcQ,75
t7HyVLBk8MAqkEikDnFeVnuKCjwH1M2pvGVyfzCkWD6n1US,600
tEv3k15Uq1nG4TKA7hubuzQzSb6ESu6WjhoeGGZZ1DZXRJD,75
tc5TzgfFQM7xF34L2WLHLL3nimmvKaovmJQecS7K13A6LrX,450
p5TZdX3jmbszSfav34My5VFBvpBwV55d9ucHRmpHZ2FN7n8,450
prFZMJBPi595ygMYu1vQkgRr1bzBpgm7mcHbxi8Ynr3RDep,75
sRMwfzve3ziws8hX2Jq88x5Q39py9HuydUrNkBTggKUSoUR,450
tZ6VZ4xsRLSdkYUVdK2u2gD4DhZ9J1FyiZWWRLp2gMXbzYj,75
odAJ6rKyv8viLywUdhVSYeDRsi4g7Fp3qmkyuEQbmDUi9N8,75
sCpfUpRQ8toforazYiXM42wPELugdtjKaShtdjcsh7dSfDD,450
pMj5CQ2qUCkxsqsuFW6qFfAyKiLYSbPBJMZPBLWp8vHhm4K,75
tWZ3JTtxpexf2ysUPLQfEb2dfSmPHcpvN4E95evPJJuh9aG,600
rS9vBBgUBeiSYECjiRRcF24NsLz3qxarK9bMhxPf7vJJbYD,75
pz5gGLokmNcKRU6A9GWiKTcavrCiUcKPUSTDCtBQcKHjn1V,75
pQMoRGzc55yLyJAgBiWVdDWXss6BM76Qbz6dfAXcjyTdLYs,75
rAQNHzd71MobswFakLq6t4f86tMwLPhonj8r1wn7TVp5TB1,75
oiZVd7UcZWzy4TbmPruUdcRS5Zntu83Mqu8uHSj8SWRuUTi,75
pQXLvTNeZtJiTCc8XnR78XtZ6kggEiNmtubc7matTnGTrhH,75
pdH6XwQBkgPS1v3GQLCWSq8EXbAZGistHiKUmpgHWWEVEjN,75
phnviEni17Lifuj2h2MQdGuBVwgXWn1uqBiWKnQc3ULgrqb,75
t4AHxGCVdx5LKHktvixvJVYDp3MDHT8uuWPriuhyYDLjA25,75
tLdB5wTWYkTcensxwWsL3RdMeqBmCudq8FpVaqtFC2GUyUT,75
snqUeGGD2253pcRYgYtLPrbTiduBpRr7GMoChXcxe51kMbS,450
tn9BnjLMTVWMkcHHNjR4Vy4pR2VHFQCLU6wcVKkFHkbm7d5,75
ri3UbupFSo3dznA55NEVonDxwfyN2hW9dJ9tJ2mvRLapnCn,75
qfv1pxxp9GDMACpVmixWuVSLUZ7pVd2PDid5fSUJdzVrqpr,600
ry6zpi5vaHnaUGNANcjgGcPUwhKgUrkf8h6NCc6U9miUEJg,300
sUYVdhqPKAfPEaPbFwc614UUZkRSbx5VtX5QhSSeeh15tM8,450
rvffB3YZ2DVTNp83TVJtj9ufRETQtnKDtgYopDWMgsHYSwR,450
pojZx88cmNFwFS5Sf8dApnyv1JAsYTWnTA7LNmYjbLUzd47,450
pDJx656A4TYeJvDvGhMiNVoWskncqii4mVQxyhE8TTFEPdV,75
q7skaBqrhxj3yXmHGrhr7T4kojdC1Bc599JBAE2zfxDG5nZ,450
tYtLrSb5E8az7nsuLiyLx5vS3zmx1tJpb6EpXMWdXkvW5pp,75
tezgMvm9ek6dc2stxoUFt1GWxqRKaum1DhsnJeNBtfPHyoh,600
skWLhTcLuKsnFEgZ3QjBpbQzxTjwhbAKwAADAVhHionRWMD,300
sRqSotJm7dc2sb2bcuk1UeQ3RcN3ohG45hF86tmEYy5TC9L,450
rJHecYaHLpDqRJBwZyMiRL7axHwo6LXJPmQfA1z3ZMXEMpQ,600
rk7BV2F1r9Wd4FStfG3eXvcLwJeRXjLod7iamy7o5Ngv1Qk,75
pzLkSvXsqwFqM5ezryqM2aN6mKodYoMvhJHrvbZhvdJKV8V,450
sRNNAajnpwbDxr2dKbJxxQbM2z2k56Y9y9mwjPy8kwWkkF6,450
p2nptsVB1m4hzY2D4MQTVKZe5Vx9Pdjg4V7rUW3ejKmgXWz,450
qnwiNuS3L17jCRbUgxWJJ2dXudCDrXsfkzJPbP3JRnK6cZS,75
oa3aRfay5RrVahC7MdstFqa78bRb69GdrVzmER9dNESv3of,450
ty5RUEH38ZiF2Qq9swwYpf6McB7nhcg8dxS1hGScRgnum6k,450
ozKJgZXv2UGxpznum6yYZiEAMFaWJtT4c14c5PkdWFrmFzW,75
tghTswBbkiMJuSiiXEe68H8Y8C8RMjTb9wPkwJPGcLcEMrZ,75
oabAr98nTsS8XrWhT5jvo637RZS8xvXeN798Txs7dwgrFJL,450
qFcktWgUj9PvoZTQGxKSrcPjyQTCzD4DcSmne8byZzvyW5v,450
ouMnw9vbmrQU4MCQkRrMDgXSZvzQDXzPJnasoAYqdn3FC6q,450
sZvVypeqSeAoR1bpzMPw3johZkdeH145P86dX21mR8iaEBC,450
sRHQv3QG8eArtnqeHyHZR9v3HY7QQbq9n9QPyyAP3k4gmf5,75
qATyCebWSpJyR8NaNM9YVN2bGo3ufkjboaoaJiWU1sw8cYy,450
oaXi4ErLGaSVcdDTPTjDPqsAjrqS5y9JWahsw1CFtiHHTjx,450
sLAyDcUb7K8qftWPufXJssaxiEdrCs83FAA79TJhtECjDg5,75
tL1h1UEBc8Jsjd3dMjiiYp4wxJLtgVwkY2SFeJ19vJqZ6iC,450
qA7inAxYFCN1M3kiuQx7pxV2hGaVVtzzfRZDMiNXU1HxBgB,450
sRiuphbScoDx4tGEWFpf85N4xurdJtCq6Y56DqXXbyHFjYe,450
pLsA927s8Z48FDgyDcqQ86sPujjQkFPmVyzUFzPq1XutVgs,450
rXd7j7mx1KK5evCxWhbGqDoDaHXn3pcgGoCeJxTPEEuxrjn,75
rhhjcroRminE7a6DCKkSZ9JuDbar6RuwwjJyPEaGsC33jWe,75
ofFsAK7Y3FmZtn2LYY7vfgFyS3LXsptisu4Mobn6kqPn18M,450
reT3W8ah54E7ezuxfsM1a2M2j9A2ZGdJpF1q73G2A98avTq,75
rh6eZBuosqvu9HNa7N5mqwMafpgsPTiopQj8z2QhM5Wt4bY,450
sEnfMWrBDemE53bkiXAkL2gVBCkmKLtczC2F9b8GVYP8Z6Q,75
ri1chdtpsZZMwTncXME7XnZfTDtGtL8QbtdxYuEsYMmvjXe,75
pJVvg6FHtUHEUttvBm3pRiWLXYyPUUyMgo5c9hTindDWVF8,450
raJUTNVxpvatbPfmc7ZGcQuijdwyd7GgkTcDsBsQdyq2cEg,450
u3b51eZ53tfL9m1P48G39ujzMWMkCq3iHT33wJ6htDzKMNx,75
qDCqcmLWgBuVVTturaV6gSyoUQDrj6HxCBmsVgtuNHdiEyg,450
qZhzv1Sf9YAiE6mtmDdP6jp6aCj3USKyfgDCiBNC3XrdFk6,75
pqXzaNEARALz8hx74Uqh2AsD5PxuncCGDu4JJSimQ5k168r,450
skM4qvP1CKzJH2P7o4g4BcbXgj6c7zVced5s2p5nVtpw8G7,450
oooZQ7pgBPugNC1ZMrdVyH5tbvDrFvPZZm4Vd2bVWvt7m6J,75
tmrEG5WKk9HcwZhw7R4ANEtiVPT9Hgveixg8wcXZPkGQ5da,900
qhnuHLnVMD3ZfeEV5X3aLqEPvRrjnTLmm5Aj5tUG8UMc132,75
rP3ZS2RXxDtqKRhLCNnx51hfwvBJ7PzpDdtuE41MkK7PC6G,150
tbUru3X6gVCrZaqY64vgsu4oLucnJLpDnDxuUexxAkaoxbx,450
qvicrQL1dgpvZc4vzeuvvPSP8zEYMGV9vEPy88JywjHGhER,75
ro3M6NcszMzmWAZDFLT6A5cKQagEWBfTq6eoaZP1NAef5Mt,450
tjvfiVPJgYj2711dQKL6zgGZMJQ95HNgDUspKg5mc4kdi6j,75
r5WWppuRY3HfQ7MSuK8CRtXgGUHU771NBZAinbA7UMnzK7Q,75
peyRt8P5RJ8TcQVF1LoxwaobeSHDjuzzPpxneg1k5Tt6Y5H,75
oYhLxWUhTqpvifAvwuhEqojTsin2z1831jCBpuEehq98NGX,75
oSGBr5R6SD2zfn1KAMbJ1FuGd1mYnUBAcVuKdP6ATQhs3nY,75
rDQ166tM9dGvC3qUNq3Tm66C2T6j8YKkRfPNAhbTmcJSezk,450
tHgxBi6vaC7eoNxefMuWsQRMS8sqjYXr5Dj4Ra6t8cj9wbL,450
rRpePhukpBMgmMFaC3Vg1L7xhghcXs14ZMFYHmuzNy8P1xg,450
snGXFBPFY5bR7jKpAM8M3FP3d5dk7SJjHofyFsrjSbTZiUa,450
tBogvEj9Cb6TcLMcyJhM9E99c7wgScMCAutJCZ9QUnjHkmv,450
qjwyteFDSaGyQqWWDnCuAYgqHeagvZNBjHojkyocFW5mgRS,450
qVQhwMZKxtmtbTfV78era4QZvxRLgHiMGT5UAGGk5XpVDgF,450
sJ1pSeZjVnJoiJpSkyiCYJPe3xeA8goShYtVGUotfJpPxVN,450
rndJ5QvjRUBDtdgNVSLD2jm97PMMmX2SKWXCRmWJMySP3BL,450
rnrZbNwjs9zm6d1inbkLiv6r5G8e1DTPGKn3bx5yCtsLQXc,75
sWkxuzxazCXAWAFgfUu6MUK3PTrisZ1thyPd58tP1iAeBYc,450
rLvtFjTVnodByn2ZxsxHmyeR53CCbwVsuBPiXyd38ysFBm6,450
owCqjUSFeSta7THBwnRtZ1vDgkgE1QCgGndRng4B8Q5X4y1,450
sRbHN5SsN87HvWCZ7U2XGTyski2QPWXT6wrAMMBS3EjjnLm,75
oaCTMSSuxSKHKoPDGJzoruHMYQFhEgFEVtLvnYq62UE2DxQ,75
pPhrEfT9XF3YeYfY9QFrBAZVLZNjtfgM1yPa7poEWo4H3Zg,450
q4nRUmo8xkoMKaRd5xwZjbBnk629j5PTpxrKY1dUtA2JTUM,450
pCj5hGBCdStKTaf4LuzELtKwV45ExmmZjWbx94jxr8Gc3ef,900
qF9bBPA8CfkwE2YcTt866V35XtpQhXguUUVQh2ZQsnAt4js,75
pStdEtAxQHirvTZDE8CeDRmMcRM4cCa44Wgpf2tso3Ado7L,75
tcPsRZvj8TK9FRfDZwmrmbvEzmGAAkUrduowwW6DKcUVSMn,600
s1e58PC7UBf2ihUXcVEKM58RbpgVTbGoMy4zHBdvNwY3JLa,75
tZcAgHsXA8zqZ3LZcF6eowbH9qZtM41UNe9XLvBMMGx4Bbq,450
qSmRgKRMBpGThoPSq9FXA3hKwwV7Cu88vpd58kDPK2Jj2My,450
thJLjT2hWHJVUPZqLnHytiRAURQ9A8ixR7QipFDGFaoLrnc,75
sCHv7y2bfuS6cwxfvhbjeGV8f5StWTAM5a6gJ2QfgirssQe,75
teEjg75JGFqFeJV34AYuyEULKFQmqbutzqP7CdqGkgiKm5v,75
sjzGASw68GPeF7xwYz8K979y1zTgQur1h6tuAhQ55KQty8E,450
p5uvi8V6gPTk3Cz9425KxqikbzvrCsRMhRcGbCLtXmGTo66,450
pyQJA5juGPh36NUSN6RBC5TgtW1b1Ca8hFrPnnKcSv9tpYV,75
tbFYdhYGXnY4E7JtbtDtJknzP1RsUX65W1PjDrFYdLWDnCp,450
pu3KU5ZdQDF58V3DrXZ6mSHKNZQZg6FZu6u8Ag53DERxuEB,75
syDgMsWLK8SH9jggjCogK3QaNyovEg2dEA3A5Zwp4cvTxTF,450
tewBoWf5VDsj9crY6FEA2M9VjaPejcnBZW77Lazn4PN9smv,450
paEQTg1yyTkwwpt62eJdrHaK2WbCEkyrmP7icdSyP5pNyc9,450
qi4zCibiFJXjykcBayUij2n9LcBwMRUoSTsd2ZHdJvLNyAL,450
p2crt1pY3uzM5LrmHXDwZtqcLntB9UtbG4XEiBAGUzKDfpG,75
qhMXYTner12MHRRiGxVoo7V9h5p3177fefkyqEZ3vFbes7z,450
tj4sKw6uGVucSfEiGwACUahPYCToi6LJr39cJNVeMvUFxbc,450
qk6rctWojMNNHaYsMBRaAacgMUuwLKJwnYE6Y4NELjWaVc3,600
r9fHGhT19t8QUSLc2bHhQtH2tLXkxGzY1pLnFpAbGUisZNa,450
sjmDp6BFGXRCEL96PBVyXsxBGWpVAw8J1vKtMAP5nhJSqHe,75
sZH11nKM2fihotLJnsTic8F8Rq6HttUG35NjC56f5E5F1UA,450
pkuWPTotWkKXYvY2RKSGyT6Xs6yxQ3qbPzRPvt9HzEoeLAg,75
qDWhfQ3FU4C7a5JQVqaYhDj3m4EHV39JGEwdu7pJ9Z2yUMq,450
qfKyyHHQPokEXSURrtVYdfixjmrGa2pE9RAouGZf66H96fD,450
u1EXm59vHgXHv8v2Ypx1NCTJeyhCvSRtSCvq1KK69mMG29q,75
pvp6UDmfHgySnoQdMKL4QGs9pU4spL5zkcF6AHCEHScL5GF,450
tC8PUSzmpoGiJMmsn95ZCFGxvTrdv5E87Zfqb3KuShmXGro,450
u3mh91Xk6oEGsoGzrBeLx3Z3BPFGKSAKjfkopHPFg4ySNXT,450
qaVEgEbiMdRzVogBhG48pDqYL4M3bDSjMxogSTufrPwgNPJ,75
rJAYvrJVox5wbCUQRCYtnno2USTKMf5d8Je8rGvbsa39z5A,75
pKG2M1TxaWF6dGNa1tvuQcbh7ieSbcA8gCC4NNoPxsMM6Dq,75
piU2VgNGQCJo8U7zrFDyKdLNqaJhoTNtzEHux3VVGoHyTeY,75
odUgZrzcQwn2znfy6kviYqbtqVytoeZtk61bpvCgpT6hv8C,75
qaJUPSWCJBQa7nYDsSqRbKVAnftZK2poHAYyCSrB1pdgAvp,450
sNt38FNpZyEr2wLoc9CWvw62kAK1h6LdfMPLRRUSfQxpixL,600
pi7uRHu1GLTFQygf2GCHz8ysPoHYMBTpDz4r4EnQQTxzjAF,450
sgudG3eZmKxztX35ieS7keUzygWVJydYXwv9m5SazhdSJ6m,450
rWjbYzUzbKf84kcr6TjqtREQNW373nF2sfuhjREqj7utUuc,450
sgu1Ks3ry2SzjTAnjrHwYFR6EAGh4jaYyTHQk4HUNRVaYHo,450
pQ1LGiv43mCnHXavXiYJHRiqShjxbH5dJz4uW2JxC5WFPCv,450
sHWPcrgXa7FviVJpBCkSnjmzzosASa1EH187vmGk6TaXLuZ,75
s7jiVirGJmH6J8sUiRfzErQMhJ4HXckV1AakqGGsxs9xrzX,450
qtbWpa9MLond33XnP4aJfvEP6iWeqwHPax2uf6tdy55q9Vj,75
papv3RgYmcmDFEmqMJcwCJSwa5GKB3sug3SFTUqrA2rqha7,75
sehU6viXJatLTQ3hvnAupH128puPjfddTpBDQVqtVQRauVY,450
pazGvozeEQmEcsP78nZsDBaz4jvdfk9i4Cqf1GbpwMd1thE,75
pohoRrG6ZS2KTGqzjPkUWeAKD95r8gWrUssZ9cy7hN7uK8d,75
tmg4HXx2GScYbZSMQPK1iXXFksrQCNZXnYVfh89MptnjjaE,450
qkmNNSSpH1tcAQ6FNYPRJTpmC6UScXM7b1ss1aH57pAHkWp,75
oMzbgU3EMydrUAHtoenBvNhzPPeiHE7kDFQNKRTAxm2d5Dx,450
qagghtH19T3P9MhNz1DLFhqJTXVvHW3aRHzrJwpDiAbrj5p,450
okoueavxzTKeRid3EPxVhGJDBzyaWhTwrhyax9E7LwTewcg,75
u3gTNYhjR6EPx5eccBF49k25ofKgEKicgi3fGgqwwXApsom,450
rhoDDbHZR3L8dkneGLQt14ShhScqTxJGmc5euEfyRyvwNgp,450
odZ4KmTKhckbpvxBhv8qnxsYukRoAAEfuwzjuKbPHCx4zsy,450
s9yJ4Pc76PzPT2bMmNotVHfFRCRaEDrLrDaeVn3fnFRnkvX,450
raA6knE6Gw2D8DZ5viCcdX4Km6NKvZUNTAW3jYMfLRr7DFw,600
tiyUNk3GhLAuDxiJibikwpNymSy1kTWaZizUChCqrbe5x4n,75
s7NTXYvzq8YKSdnfzAUPXT7h7nJZYy65zzWXJRW5Jzbk3vo,75
reooprVST6menh4kZmYgkPnRT7Q6JuTNcPQZjauyeTAYbEA,75
r2P6PRc7SgPAirkotpcMDaYuFCPp6569dGeQnaJ148LDjwS,450
r1jfUDuyeUifWGGWJhM3gRkfMNb6s8yUEn1s5yzJpQKq2dW,450
u4TYANkCpDYkSqZumMD68HxSisdKPHe1Q7xLEmEfjrSej4y,450
tKT7C8NSmSEshQoWNAvzeu6h7NvmQ5icEzFa6oEd73BsuuC,450
qfuMx21j4wTL3fTtwGFq4urphJqxTjPap64HM5RnfraBEoi,450
tv4f9mb5UDi3Qeoc4uLmQS6yoNE15dWma1enR3cNrv21h1Q,450
qFTmrqdx3DvBfjPECBjdCR1qahWEchBj4YGfTmvV52MJ2dg,75
rcRNcXNXaBVRPEcudFzELo9sWbpCLEASaH7zfz9Z5yMRRQa,75
orW3gKVLKdhHUFCFbomwfa4z5kQMNgvSUs5wAZWo4WZznRR,450
tHU87paXtY7dMyyCt6n5hynfuqqq6JmxRxz5UvuS2XPgs3G,75
t6fTQFDyvwXKKXGTf1XNS116iSkL5iqZAckrzuKs4LW7hwR,75
rLX5CQM17FpHVcW4QijSt5UUq7AEfXTJ85P56G7D8A8RA92,75
qwLfZiire581rDQVMaJBedfjZSkZJHtt3aa9gsYWVgmP3N4,450
poJVeCoFxxUkM19fwekRxhzTXDf24ZMC42JC2v1cCADaSmb,75
rjmcxVPnjie76bPFkQXsFfUPQJ3C5c9XHnonSeoUcHN36YP,450
tqEJBDGXHBrgwEcGomX6RL6wTWwH5SzfYEMcugT4bFkwHzY,450
r278JtqbRNAvVRtUeBuHaLFupY8Y1vHBNk5jC2n1JVinkQs,75
tdnUxuYaHssKY9M9R3kEj7YUWzh72G2Z7ayx5aMJkfwdFQU,450
qWznvTG5YsCamotsHZJexf1zXeknwqNaf9DF3H21DYEfZuu,75
tgZNku66o2UcfmaduTWhdbt84SKs3VztFy4jJdVVxC6U1v8,450
pZt4RqKyF1rRSsvPxkJmiySge2djiv9tQxJb1R6UUN76aiS,450
tjmQuhshrdN2mzihzQ3BhfgC1RiCBwD98Hyv2m3cYeo3CQK,450
oufkd5WG2SrqTxCvWeWXQ4mKpQ4xJTuWxFyMWBH5PjC8nr7,450
rkKXUYNGzJFpjXGjhVEezv8Yw5jeGrwh7g7ZDM6rzgvC59u,450
t4ZNwtj4AABuz9E7Y9f3M4N17WdxahYiun7nrt3ewWpRnw2,75
tnScb7TRSWeuvkU7Aur6RN47kFa7VvXnsd3ZBgwfN38UdEj,450
ocuC8zrumazWPXWDLiomNtFPuzjDhyv2TsttZs1aQvwyJnn,75
qFA7akL8dVQ9j8Ybu7sPWHLd2FpT321XJCa8Rw1nVuvCdoV,450
sqonped4FTT4ZUyZjMTRqUjWaBczrzaHBjcX3MZtE2RQs7H,75
pUumNsnCEYTfLstnRPiiT3ugTsDe1FRSkme9pWFVYJ3Jido,75
pFUnxZtduEmADbDFqJcGGCMD4EwRjFam4Fe7HwniSZinmmP,75
pE13bz6oPr9GJpqxzcFoTSrK7kfeFNJfyeMP5Wwh2uTURBd,75
tbvj4dPw5dpEh5upPCnUnNtEKe2LPN85u2kEyp2YViKLi2g,450
sRt6XFvYQG3g8fg3krARBpmpbMUakw8zgQSCRn7FhDjLomW,300
pLhNsUSP7kpP98fRUqJ925KZenr11Zo9pLBUTmQrkYurUnt,75
tc5S8jFCqaguS4wYc8d6NczyxxGHdLchjEoHUQ24Tergci1,75
r88NGyPyR8PvMi27ygQDd7cNzng4NXsEr5miR6qqYfiL2Uj,75
svRrNyzYnfej4ZyaoejYBUZtDZEEoG9CnZ3peMXvN6rnjxx,75
scCbL7ak9hjznra3vcSSf2b9iaWbEyL9EiE6kcSGFiQAM4i,75
sh73byDgdFyQEeRcDig9vF2jeGZzkbfLe8rM7wkzhaQuFCB,75
rUUXbYy1AdeSi75ZrKeYWwQ8W8pdfmEUa9GMWC5AdBEFNvA,75
pVT2ns1R7uGHb7EHspDqWuUNzqu3RzQ3itLRiJPh9xgF1u1,75
sbgXS6GHFFUZSQpkzVvPZXo32iXozfgKmypWW8JmCUkzM9y,450
oYGzB5Vo1e3FS5RiSSGofNYSFLpcKJedNKgLyixppgck8sH,450
sqbAYUzCEzmZDnoQAAbGzjSxJmKgbcm3isootDYJdoGL83j,450
omGkNTRCe2KgEHgLuhMssaxwyV7PvnLz7eUqDp1NNB6dVpF,75
qCeTNeP4ytLBs6gYMALgzxQY8sEY4akQW7HJXeEx4pPhqy8,450
pYM6REdq2ywcECoBKNHPfJ1VS4vvT6FGT3XZELZfFMFANw6,75
s29pp7tkL1Bn2xQ8zG2PhLedXuEacrF6qBH9bZWkiSjUXfY,450
rbnsniGr8HejLzN8drHRbwDMs8NVzUtEJE1QgzE9XDjUsF2,450
tBejzgb9swdgEFAbqRqn3B2KzwHB4R5gZyq9F5eYFqm6gcK,75
pQ62t46qDYRUGyu8cdi9bDkpnZKUM6MeZZe62tHJZyLqSPo,75
rxvF2Ns6WRT1xZ1jFhy3AwhzvvjaS4bVmMgJbNLV9jKxWBW,75
svriUUiUkN6HB4yYk9xZSnZ1wDR15KBcixT1rh7fg9pdWwN,600
rw7zXba98WBRNhStCDfCADmV5QgwsZhHZh6uJME6YxfzzK5,75
rksJrJ9Ys9TzC9H2w9VheS9Svm7uuDXBpHxMhSjP2vCwDj3,75
qo2gY3tUnfzj4jYFbwrkU6XT2nbsWU2SCcAv4GRCj7SfX8K,75
s7XXZTBwnjiozcTvwyecqSKs2ieTKa2D5STZqdpX3gGww3W,75
qUUStFz7C9KnQbCivv8UAX3PqcXkAmZUEhWjBNc2bxEDLAk,450
qRpDNmnh5xJfUDsQhoQ3KhPUrRm8e77GNUB8JuDrrifWBUq,75
txbsh31cJJRjhgfFVUP28TD8VybTaZiTs3V6z3RzGE91cEo,450
rCvAy1mMqDqmFiC2ryiaQNWbsLdTp1nvwJAuFXjeKgfFgNf,450
oiFuxF9CtT79Gogs2sgdKw2LFsEbxbucTMCnjoFy89Bq35j,450
rtUFzd57WT5yzWmn8DeKAU5mQzBMJM53r85MLzR6FfBfMRY,450
tCkZesCYYR812oDFsNbUYxGeK5vK8oc4wTDn3y32qhyxwjJ,450
oSYmJqXiUTB5Ei8jzQ3YsGS1Sb3d3iaQpfcbTsE1QZ6Bqvi,75
tEsnN7gy51hv57LMUpjpK8DVt4GQjoTL6pKMpQMHHawAePs,75
rJEoakH3osDJsoDskpCWydnyWu2ajFXQAZPGxzicg25LMUZ,450
ra5cBUz8Cova8uBjCpTYcLLiLi7M4QWYBc7Lzatbo79PLKp,75
sygcua484qMdfDeCD1LLcks4eqqKnTW26a4oFeZL52faAog,75
rckvxii6S7Hve8RimH7JUd8X5rKbXUkPGNT1sx5VqFaJ3E9,450
s7F8QxDCpHNgHTfxNdaNTkiMR7GdzweGvykpPfFajzNDtVv,450
sutexQMve6vJXV715n2hhAXJ5fxwsZNj3KjPYTjBVJ4wEHP,450
tZ8zJQxJPBkuxuzNrjNrWqn3WPk39PNo2aT1sRHeugd3dfu,450
sLVvobP4gHNbEpkaERZvMXsHkzjmm41Kat1wzHeWqnQfmoJ,75
rHMTb7yokYRkzvuA78quVqW5XMz23x85XYMrMru33fTpAVZ,75
tZA3QC1oomogTcnraF53r1uBRsbyBFK6kPFLswzbLhWK61c,450
sNsrSWocoMLMWSSqv7P2zXDQc7r4UBNnxf54Diy27sPkiEC,75
rd1L7WhXGqr5ztNPsLo9HcKLoKzdQTh9pL2iFJGCQrsA9iA,450
tW325ZFg8c6t7zyDy3uhMtenYT7SrRHEBJRCmbfh1A7EBzR,450
sX99aiAzcdHCtd5kRJ3qca97FgmdDRdMqB7uGryXRpvKV6G,75
rbp9JdhD5KrZZZaBGc6u6qRmGpMytEgySfCz8CXvf4juY4p,450
t6UFcqRiMQnhgpnRad2EmXsUfJTBHMC3mAxYt1rTVotxtMe,150
tiynF7jKdZEX75UrUjiX1BRyhuD7Vy2jwoPYqbPtZZLLUjz,75
sKr27VZvLsFuWnBK4CT6Axe3bVZY3MnNptuRQsnjeHCyvM6,450
rFoeW9eVjZMy7HSZeZXYmEjAtNDRYajGMj8UWbgiJuvdt4e,450
rHtFj8LdrUpxeaFT2BsRgn58pwfVWw8GzfV3U6Fkc8Sg4pm,450
tpnJBcUdFFDm3mmnRMCd67rQ5ASYkKVpZarRik1ktnFiYUz,75
sCm6GeHfEfgeSyWyL2HHVjtcbNreA4pnMhvhqte1nrrBBxJ,75
pQRx8KsP3wgTqisapE1tutgZZR2tU3NJZcNSRFPKRTWi5Us,75
qMWzAv3t57bmA8cuxrjTJZZmnrJdkYxQfTDW4QPBWCss6LZ,75
qXhia9tatS6yYFTUgewwYKtZPt3bVeSU4xhg2HuggRNcM2k,75
qoHPjXwZUraGKitVroHfQYPYPMg2DcHoTwjA3GZRLGhH81H,75
r7xuhVSZBaP4Sp1DkULn7J5gpr3hoVRmoiZ9jcqdfn3juni,450
oSFcE6x3jVm5KotFsDBHqN18HGMxqbtHRmLar3JMRMsFWA6,75
ryJsy2GYU2XcTjc152fFNbi9d5xUA5cG1fRWSpHWsdJjPer,75
qUNUdBYoqbRmeDXEoXrjMr3MYtdTD5bo4bUpju4FeHnm3Vo,75
sUAtE8AZ4tzke5vE58euBTniDXyPFDNtf4nRudJ7woXyr6P,450
q7MoR4rreEGKema7LwdcRPuARJkQuqyh1CwAb2h76VsWh4r,75
orsXhaw2A8j3Cp7brNHXnBTDdzJz4a5mkGENS667HbSWRjw,450
qtyhFMKhjkbcsoAsDV7fB99df3qadMB2r8221Hqjm7LhzkW,75
tpRdxFqMk9mAUoVojtuV6ttMCYeRunuCqCc53Z3p5JMZdGX,75
seJHD1aFKzVmLBGEGJEFV2iZFscAaNNzgX2MqhTWbz3ApXA,450
rRhqMhFyYrRvwUtAqUU3EmCX7bPy9ixo2zR2pQLJQQCBeq6,450
qUo1kwrEoVsrPir52CFHUHSB2mEA6us3L4VhuNnvFzGiK6K,75
s9uajKV77EftSbucbyPYMjx2ARrpvFCBRywRnCAgcmD5FgV,450
pdCEAzWZGBsiJU3iDi1Sim3m9m2vip46vU2MrU4JbgpUB7A,450
oJoGCoCCR8UVrGDkfddLFLiwuoGvgCrHxzXe5DyJrgyopYP,450
rLUtY9s6jjisq2DtZWSvAHrAc5HUWkmVmXmxFhz9jSoFiTL,450
tKnVp7Lqturvi2VXXwqfzeAhw8reWqDVNZ6LbsP1C3ufo47,450
pMpG7ae293j8wfRJnkfDNd6qF8HRDCU3JJppU3hKPQiTnG6,450
oK3sWtUZGSU6fzZjBxwy2NdQVNGEvNRU9o6kMUrNDU4gypk,450
tRXHHf87g26BQPYSJ5D1ArVDQpAe75ZWfQdBiufVwCkTb3C,75
pzBXYitCGk81GdCRqCDKSbG9jikoVttsRfD1eFfBnDuPXx1,450
qX9M9T5DWv6psTrWyJtbQLQtzJeixgbVPGKFAtaXVv22oF9,450
sBpweuKwZAYTL6Mx8zuvfqfAPKcKfBv5x4nhS8fNuyRGB7e,450
t9n37YCD5BmoPQopFePHyU7BmrRKv3XXc2z1eXT3yQrfZSR,300
tvYdBs2TRxn5QJr9tharS2NP73vf7ivkDzx2eF4agTyALgM,75
pnpbigYQGA5iihmGFd5hT131xb4S213qAjbS77fPsu6yt7E,75
sUdCMjfTZZg61ULdVF8GFrUC5VXHnAbLfwQL1NjhxWxE8bY,450
pXyCGnHpZ3EVxax7iU4oDKMDYVXyNAoKADPSJK5tnQW5iHx,75
p2FbrRo8erRTE8UXaX2mXMnu3jcy8pu55gWFg62AcuSwk2z,75
sCNBGfAHwmbe2F93U7dJj8wmVa6d9hqM64qpm8rQ83WS4Uf,75
pDtzrxU75onwYVqaeUnTYDXFmcKCU4JAsLmpmGi841UFzi3,75
pm3QtYgyiRyGaaxNcEwaBScyBXD8N88vShhUM8KAR6FLv4z,75
pSAgbmbfZri55ZnCzzCNVin7cLQrW2kzesGuDq66X8xM4GN,75
oxH4kWjEQovm5NuRjZVmYQARsFgaHD491CHcNPkZUorQov3,75
t9XowxnMDjPD7Ruh6QKTwHpoG4YnzRL4EA6dpKynSuCPNMG,75
oMVACTVb9iKfQPrsKWVxzfgCuu8vKMwF2wp49fxwLJCoq8w,300
rFLRieLDBJ62QC5t7L76B2EEYV9Lzp2FvCbtiKXrKQQMtku,75
phxZkMSBVDpNXp1KtYVAkgLeUNFTpAurNeBVBP4rEjz51cD,75
p2X4ezFHXfnDn5zs967xiREEkrqxNcAabtkenSwproRZ1ed,75
sTjBQrUsFAiH1DvBe6tKXdatWkCszqtbqsQaPJiUNTztz2X,75
s1wFNHungR3Pkdsv5MamKvD1hUMdJRqRHeQjaBetvbCCpja,300
tf1tWz7oYQwedc6gnkHo28mPTNQA9cmLh5jiXQtRFb7Zupa,450
p2Ho2FEQC2dAPZBVFQkhL7nBpjtDdQVZGmmr2nsVTiahHv1,75
sRPiCMf4Hod1HN1v65TaN4R4cKNYy9ZFvvBequAyw4HeR4s,75
qu4DiPPj9WUxFFHt6XZsxFbpiZZxbxE5AESEKTmxyZAQ2Up,75
rWeHjYJxHmuQX7LAJgLjagMUqRps6iUtQmrrAY6uitr7DDZ,450
tvidN87rtysk8Zs1vfempM4nH6weGA24JnGU1fVMFQ13hW1,75
oRqQkqbTpCqGguPPkCccpumxxG6vT41g9ganWdtmDSoZLwL,75
tbxngvM11dNuHY7iLDXkeEAPYAT5iCo3aK1GqvhRTGwgxDR,75
sHtRHjoH7HJ4gdefSmPQabxhZK5yz9UBZEaTKk6ZT7oALPq,450
sEuzoRW24EzxdPnjYYVxn48Eh1zSMirkj56HCaY1QPLkq1J,75
oN29jgaiXiCqHxjcbYP61DCELiyvj6fByDaNSog68DeTfAG,450
q4hxr8ptZTE4Y6fFHfxwjXwNSPPupPrnzwFZ4JYxD5iQtBM,450
pqfN2dRFuUa4Tag1x5Xw9PDfQgV35nGUEabdw5sMReLDg6D,75
ow4LJaKrNydai6uwcXPAagpgLwwFQDuRrJhJHj7hXej4gat,75
t1XZycjoRRnMx3DAPeSbpd6JLqAn17e4YSFKVsHsKCdDckx,75
p5kdv5LrE2Kg6WMheyUiECvdLrUQivUmvmJRbBsJySMYRqf,75
t19ixbQYyA76dgnm8iqxZDWzGCWmgyttJrDWF3oQyQCfap8,75
rV2hXXqAxLyRACkEjiWjbB332XxuvxahQ73psQkEfNtovi4,75
qyzd3LLHKR7siYvDuenZ7cv6qDSQ1YH45BotySEi8WWqBTE,75
owX4g9Wcvq8JDhYrDvxhbcH2SvVyN7CZgfy8Vf3BoXYA6Yi,75
oV3H8cZvJ7qpbELDrpmoYyY7CZNEb43krj9YPfs19pkoCSW,75
qfjK1de8fRHCgo7e2j2eMUnRmn3FS8bGCkYmH5wzmCAzfMN,75
oftYW4C6a1AQ3TXjrk92QF9sF27Cb6WQbULGxKTCnyUic1r,75
u1EgGWFYJ6dvujQ3T5KGPHNUqQNtmkeN7YwTLwkY39GwxVo,75
qtWTdqBDBbaLSL7EuzMog1n1cVVADLfrHZMtw9DoQxgRuE8,75
p5AbcZ8teLasvfhVPbz96USmmq1Lx8FXhcnHexmVqMAmNpL,75
pB5hm854kAPxz9PTsVE99K3AnTskKXTTyGP7FcCxhF3V5JZ,75
s9NvnrerCJvxjbWmFG98tiDQVXx8oh7jqvVGKYpHKrLtny3,75
pfsHaPGKJXSUXGPWujgbW7gyxG1mA2jqmtkrCoTfL9afmWB,75
rJM5akHNFgXYXzdb5fmjzqiCsPCYJUATmgQFQiQ8xZeBt5R,75
r5Bq56Rf9znNoqaFxVywHXEKRG96GauskRsVqYf3FxierHx,600
oXwVxaXq9VEDSDtwC82DGYhp6binfGgHCJeH11TQv3MFUSm,450
smu2qAbYcY1eoASF3pxDQKaZPwdbokAxnHcMVoBUjZMXYsh,450
tv4pRnht9UtUNoiWAmmXv2LWd2zEdUhUaGj81rqCvQ9J5AA,600
pALJpPaE93daxyJSm1iZjcPRRjaCdZp5ZjLkaDpZLG2vFGW,450
pGHoz7vXs4LksBi5sjDphS8hw7w3N2oP9dCxzwDFfpS2SNq,450
s7J9QFNC2VY5Ax93GBJhT7bhxkivU7bEr84mD1Z7tesvcM8,450
r4s2BkoMc7MZqNivgZsaTeNyRSzRXrUv3yAQ2MHDZFwxBj1,450
s4ZdtozZQ7Nq9mkUGV2utuYNP9pucJZgEXGv6pNmvB7JqFZ,75
rcds1C7NwAb1dnrS4k8PKNZ63Zhq68ikKVBkW5n1ePaNMTL,450
qXBU3ruu9WV1aCkJYVfiTEMJ5UWqvDApz5G4efdDkxf7FVX,450
pmUYm5643xkw1cQ4EtaSGPfEaYDY4WnkWrT4WCM2xGZmFqY,75
oa7ws7vskW5txMHGJWZAKazXeH2yRwxusMnQXMcJHHSnjsx,450
qPGuej2gNxX9bTqkH1hnf4RubbcW5WiAv8Qiy94JZ2z4E1x,450
q7bd5nfWhNNv1RBYeSqfGw1mdxydiJNdTxjTvJ7TYbyW2y8,450
rkXUfnY26T7479BUKQyQqfy8Qd98ALv5w56GaZuH3gne9DQ,75
skNMJy91S4qLK2FNk1KYQE6sTD9J7hM1wA71M6KdLL6cRaL,75
sbsFmQrAgz5QyrqZz8TbeQZa2jAbuDwxsZgUe6kqKqDDKLX,75
pcUZM99LpAUgCVLEhUmfwMaf46dJq6n1bmXdUgnmzXWWZTy,75
tpfyeo3HhNt2VhTkmsdnqgsTroF6wQ8TXmQhtAbVnRhnqi8,75
qLTfs3eE3qcSjU8FXeuKxF2ka47Uh3c6YkHhKthSG2ngjFZ,75
oYYehcXumi8PXT2mF9SBgcUCii18mMHXjiQXUENRE4XSeyJ,75
tEm3dkypXR5tzYPioqWc2HhxEYABEWJQheKiPHgJhiaXgso,75
rF26zot1XkjuH2fn9sHcNnRriHT3Hq31LmR8bD1wgaqBkS8,75
q2FLGRFtVFvxaYUnwTuBZm7xezH3LrYQHtwoQbDgchaB9n2,75
ptBs4vMpzphn9WEb3ioDRC5TyjGMDomGYQSfNAhbuy3Qx2x,450
pu1yxVcGEHpEjaRdXryGybiiuTQDAMvvM1CHNYsw1SH8ZRD,450
qPVa3hwZphcP1jWzvxFYcjZzsDCFMBdt6eEPKPH5ZgbzfSu,450
qWuXXJHUZFytWn6uc5PvVmK1vKWYpYS4xHFcz6yLzRSC7zB,75
svSLEgHLZbrzzdus4qUAm1jrS46bezxfZ9gP4TbGAcFiJUc,75
seQhqgF8vvcwi7G4KVSY9tuMNAaeCaCimJWjs5urgPCK9eN,75
pd7NK16gFP3en181KM9VTkfwKhMoXQzqK1J5BKByCeMTJpe,75
qAqxs4vpjQjnVB8Y9aYhM9BtoDysH4puJijjUopPzXxFneG,75
qsu9eQfwqy9P26CNZASdHoq7qcLJivWLwL1AEidHD5zJNnJ,450
pD6Z6gp9H4M8YfpUvUVK2xBnFFmQ42wnS8Tx6AiMYX5PFKZ,450
pviyruXC1417UwQKsAkmmXB8zGd4YtWrWaTxy5kQq6E3TPW,75
oikUYud6CbMXGGAdhc7JiXtN26i4pwsDzTKT4EdPybYreNw,75
pthgporZgBQb5qoNcRteoED3j9Z1bK9zEoiFV8hgFAbxzpJ,75
rU457SawYuz4UXHtWMs2Xip76Fz4pXeWGaEppdPwvbN73bu,450
oaFMGENQKADrR44vakL2Xp8XG6mzrtDSDfLpPYvajAHFk2y,600
q5g1LDw58PF6gPU8m3A8MYq6Xy2jmvhwdqUzrCm33bf4Cci,600
s9Yo1y4Byi5ZGT87SKbicStrPFMxXYWF1UWgf1i37wrdVQp,75
tCg3Cv9tDExrVktrMEuRsn2vGtqB3D4NisVHrYSg6LxHxJx,450
ouTmSmaboTb9MovdXAxwdZnrKCPhbQa9jgzrMFzQpkHTY5t,450
oairG2VakwpSR2TH1B2jyHUwQpXpsF2ahT9edt8EM374iFD,75
qtU9ec5EAHcawWoj4XyGV9F5rEBqSbKfV3C27nohidHnzet,75
t1Df9FwHFY7VPKS2AXnmMgtB5D5DDFgNNGJ2BwgsuHUejDf,75
pYAWp7QBG7PabCJev6MEhycCsY778eziFZbzMnLLTc9Dkgn,450
pGAmK33KJEyibDaRMLABzVjLiB4T1mtYqHbiKzpusKydc3a,75
tuSxHYJNuPHpopfiDhALiJmTMvL9mXFK11Um3Ns3kv1c2LE,450
ofg74LvufJZZNCGmL37Kppsgs1FKJR6ZW3SEX1zDso4wXdn,75
pQAkzL4m68cHK7TE4uzpZDvVXYyx7yH6i7TEy33T37oAMHc,150
rA2hcQ5AWZR4ypVNsNnXQmCz2T8ThQF4YZLYuo7SD4FqJTj,75
qLkG773EyvAzEGM9SBd5oZMT35T27fvgxNKCv4rvYNtje4m,450
pDTwnbBRvCrZQpCAw7aKSrdcybchbZ8gzuy94zknXL6weG5,75
qnmgMh5vK6eskuAiGD93TyrCewuAL5dzNSQeJomZrLgHGjX,75
qFycWFoo7gkRTx9cWVX4naBdCAWffCJ9WRWpfTMDAR7zpfF,450
sAUr36wyGZDt9VJxFGrwhA4vUMHCjRceTQRwKAHQBv4k2YH,600
sfL2XQYL7z7JAUqnmWZDfwNMmd7h9W4gYdXRAYL24kvDPD4,450
pDSHNRFThpTd2ppr3rdbYQLorsePRsd99b4Pm6ex7wLRQ1g,450
qDNLzogXa7kFdMtUr76M1TqnZJK4Eppv4GEm6UUSUSbGjqH,450
resxpKuZ39o5F3WpB6eYfxfoQBg5cJ72Y4DG8mZtiCbuDQu,450
qtgFL6qNPp2PMqu3ruxY6cyvn5Fzo9tf6ntVu5CABTAFkEj,600
qWofapYY7JmJJkQz4xqU64GWGXgy6ffn8eRUgA1GrcCiQbC,450
qqT33FDEu46jG7BpyVozbzjY3KDH3xWEHmi4umdAuQrP4u6,75
phcDeB9n1ENbXFDpDgsVtWfwsAi8TwcBJ8ghgC4sEAARjPb,75
rEtDCgsCK8rK4gs7Koxqnbxx4sRksSmvGGuYGWvPijsw4Db,75
qiASNm4DuVwPdPE3dWAZrDRJo4EjLhhgtfUvSw9XjfcbCr1,75
tHqNPbNnYudcCdu4FJS1PytM8z94zuawXhvoGeZXEJfZwTE,75
shZMNv5X3wZ3ToiPHMSivgeBzVogjga7NuuW8X3NnwJrCgJ,75
oixSxEUigWWEzU9tLZdYqT4f21MkHFW7H91vWNshaeGaaWk,450
qaa8fXmU1u8LrUyco8y5Frj94Eftop9wdHkGhGzsQ6jc8ib,600
poQXPp9xUYMTPsUk1S2uDnhpFmnDF3e4aS7GviFsHeF5tAt,600
s71RzUpncTDvP6ptcoCw7foJKcH9dbRgg9dZyPCiWpv28WB,450
r4juxva7W6va6XECDttbUYMhuhYZRA5JtnKyUVqa1WBgSgX,450
rtMxyV6Z1zidr88CLeFfGoJg8xWRqSU6oVTc13qSWBeFPgR,75
rCt3NWEUVDtbRBJ67ZW12xSo59pP3mNFepgbsqfbb86xWWe,75
sZM22AZg6xjwxrovT944Fc8biX6YFbCmbNSErJMptkhuZr9,450
sxdyrwLWR62gkVhRHr1ZxTwk1EUMqSzfsFqVMuLXKYem3i2,450
q7eTxRgvFKo76QQRtsPXmTx5aD1mf2fU5y4NvUvVitfuKjc,75
qCn7FRoNisFeCK3r73Cpt3u5saeCpMomjzSsn4zaysToRqC,600
pJuzT6e8YoyyBKQ5jWBdDxHGpQRvqybHgFjWSy2iQTycCFS,75
rcopwAKKdh6Ei5RVR3igqajUBV7hA9zbSmkzGg1MYSiwPN2,450
oTLyh8BgRNu8yzsSHak7XHLb3VZhzvxSYAFedmYXQmSnGHQ,600
oKJm5s8znVtnf9kEAASUbFSbkbrqBAZ5Bsmp3tDJqfAN2sC,450
sunLBaMxZ5u1bVfauDtvT7ncvK3f8wWsVHbwBHpRqFQaaKG,450
piR5iSM3xcuZ4oiMnXRkqyvM7UUs8RcB8UDYKDKxMV4AiTb,450
q4yXYKcxsHVGPkd8rzuKH2Ps1XtYY6fi43LocgsCi8YrZSB,600
rHjZa59WZ3hsL4ULEAXgZAqsFqg8FByw3Z9b3d5YTFD2eiJ,75
sCfp7HcGiK4UGFSYZfSqruT9CvPZ5knePfEmoB49BKrwi8r,450
rHvcbgZLoU5sssEhi1E44vpYacpcE2znh4AZxmkChxMv2wn,450
q8A3BcqtD2QT3NQAgNWh9isSuNXMDvrCDHX4mZgesYFPtey,75
sjk6u3bj8rnfBWYmKQrqNqXCZxrjgSCZ3Y741ZzFt7oxQrc,450
tbS7GYw5jaYVCc2uj6fC5xxUdrYrvcRxd46AGR4pcZ4qU15,75
txe4bZvWrARs2jDT2VeMKvK7wTTwKicuHs6N11F6nRq8haL,75
teyhnPczgjzWiocYdkXyu2T1qQjqYpdMkcjqW4ioYQJ5HHR,75
qvRSx7Arv5iLvHz7qanNKz179ZrFSyCn5rsV9n5BB5b4K4F,75
teg8QVB2cofJAnUnr1TTtWtSA4r9Mge9hReuNcq1zS6J8bq,450
r1pPZtP4uuMJtN5KQq2Wb4GU7QUAPU5BN9SjLZUTRFAK68u,75
ocigVbAbs4MAy4otQNPF8QWRuuKctCau9ikrFYKseeqS8Qg,75
ry5boR51HvsmPBRwxn5ZDzdnCP3ya2HZiX9TF1mR9irkB4G,75
ozYEoRDX2M4UjcffaFTCpYvypn1iYTRnANNirLjSP9d7st4,75
ryXznR95Bk8vvCVSe2uUT8VSGWoVMqrTHwUJzhBqwcxjdjG,75
ooN4NZ8xqZzXEXd8ChsLZEFJuBu6mxey8CSMg5M1TsAD5WV,75
qSARgDheESd3ANxwREFEAHdMBTyoyb7KpZNkBKVbro9rcuy,75
oVbLFm3QmH56bqiYysoJPCccF9mdLbnLaeJG3FaawZ41Vxo,450
pMAwRJSiBseVjbPDZ3C3dE6c9QCAoLbFZfrY1v69LvERiHB,450
pAuJfMrGFs5isG55ybhKLph3kFxe26wm9Hn9a6ct3eHoRSW,75
rTxjpBs82FokFFmBWYnmBr9d9XZGdV2HmAMVpnd9debXWVM,75
qPkqGbZ6rE9uXkSfvLK2K6LGBRsSHy8KFpUhXH72qeJkbhP,75
tKiDd8wCN9egYBJkFU7qqvmGma126Tp7ATpGnhP8EHy1MTV,75
qAMsitzQFAvyzXFkiSU3P6vaZX4xo1jdViGYaGzL16P8hXq,75
pkakUq6g1mBvz2hVtTGYf6L5Udgx1Ntcr956Fs3akCKqK46,75
tU6PBZ9JyVTRwcTn5y7CWdSaGF2x7Yj1PquuHkRPqkg4gGD,75
tKQEMmX8uRfQsztdPRhaQaLbTFvaLgsPK2qXPLuS8Tqaf6z,450
sPHaUmBx22Ew1zLzm6UV4BPdEMCMpXALgrphPKC6Er2KeyL,75
sZkwgFYSVpFGPaARRCjwdvG1eDcE77gNFEWRtCKYupQoG3T,75
rfThTVEPY3kVqNPox8cBJagAnXpGBTEgX8aQAnj6GDX2LM1,450
oMBQ83LKEWPB6HUSD3Y2HkCdy6EQcuCPur2qy3Rwkkyj9Cd,75
t1or6onSrXsfidxqcFxZa4H9sYXPDFsCUzX1oWYriGge119,450
syT82ANBsBB89qThN2eSSbrud37YbiD3XMr9Boi5UjZiYBu,450
r1dJBmxmAyWepo4oWYFLkQd6KGVE5Nqzi9JE5LY6Ezfiv62,150
tjATT9AFeqiKLGPzRjHFEWdsxhWNtgp6czbgYhrVeNpWZnN,450
tN94goNGqqUq4a9gX1wg1NW4iMi389U5Pb6hpyyKA3FYQFy,450
pcpy2JTbaoviE1H33hGPBpCFaMMmQswfEqfTewEbaePUtjb,450
tesvytpao6e1k7kaA4AK73iJZ2dvXnijGfhphQ4JrVw3M43,600
qUtWKQaMq37YSoDLUMRZJQbL2Knj3zCgzWDNuNcdyrfjWDW,150
rtF9Tbk8zrwaAzwW9RUszGosQRWutsLhpzgSXNLACKAZG8Y,450
so28ihYZgKEMZL59vqpbk2a8CBdmSNPmoVbpG7bU49onqnf,450
sjLCDqhxLKwjsXzAS76VRqfDc2UHxsZU3o4QQupdTmXvy9c,75
p2KqM1tSrdfQZTb6LU7PcVRw5NtgMhFVpjbiiF55q2oSbgz,450
sZ8rrknZGVdTyvbg9BoFyvLiE61G7mvKqbRUzzHh22xjNc9,450
qRrg3Mg2Jjdy95Qb9o5c48Wk6xa7HBQ94bYwQKeQrBUsLqU,600
oVxRKx6ithw1bFh2sqcFMzytHmcyHThjn5pq9zRXJVvsCor,450
qJtogGVMPSJyrsjWUYtxXpQEpXBgcCdqJtM3fbEqDV7vqND,75
sHj6ZqvoN2BGNHRpPP7jVjMkRHpmzMPXRCDLsWN53DCaem8,450
rcYGg6nyQNoGeH4CWvCKVuVKsFQTUaCtxYP1HuqZCnsusGj,450
u4c5QkACXmEQVEwLYo18Dp77XztvxGE367LGGqgMLBvW7TD,75
pVjGaD5NBgscqDAWZfq76xFLrNN99rkbPShsXRe3mgUx1ds,450
qGKQe6YPFmqmcHQ1HFjZhZkRVoB5VrrMd5H7Q3cneqw3b5m,450
p325eRBoAX8ZakoG78TM4W42pUGNbKFo4M3Fu1WrpFK9QcT,75
tWrnNZQbvMfjjK8hjosBNg2ArXkxQEoAxyoMfFu1WcqgGCF,75
pQPKNGAiZmux5Z8kD9QCbrdrtXWjf86MjVhjo6i8VTb7kJT,75
sAMz9XgvWKRPAESCkU2usNPkgnsWHbyVbCZgWZFya5SqCCY,75
qkJmqZ1JrXZhjoAui5AWSnePbMeQAyxyqLFWTMzwPSx7EMX,75
qJUziWpnML56ywkGoamm2LoXy8UpsTX6hGTS6tM6QnSm3mN,75
sCV6bhsuQVSqFSvNQL7cikLx44knVEX2T21wQ3c7KCvh4Fb,75
r55jcNpSrKmbguTQTxC4oZnTMYdivQ2zTarc9Pkvv5qJMkh,75
rcMpi39kSzayaiM8KtwWRS8qmz1LbazNAokjtZoz8RwnpHZ,75
te6AR2pTKjZMLcy7bhjgXuYvpKDvENEW1Cb5GgnNi3uytFc,600
qemwr6DuJYKcYTyWXGkDSPxLZtGBLNnEm363Y5R11SCt8qi,75
sxg5uGQc1WxgwZhuY4egDEFHKqcZQTVTB1Z895LqhbrzuC4,75
tNNf86xKynQ77f6fPCPpBLuAYbufeVubJPoonDHMRbfgMxE,75
sX5ubJDTFFKP9UEMSKjz5zqLa52v4JVL97R82AXjuQGy49v,450
t1bmpNXA72RnVVYAiKqZjDtkuSjSdY4RFjPqNwEj2jwVWQh,450
qokKd2JENgVfT8yEACuEbchUgtbTHPuoJYyF7yacw3RujD2,450
p8ZLUekU9EhuUgXv3Ac1KGmc4wWHVeno1mUt83QF4mxN8zX,450
oVdcVpDVjVrGM3SUtacWVqHHKpmBP5cQUqmT7BPnpavv9Do,75
tnnit5j6YtXa9mzNYMfmrCPSv836FBgXK8AD4vUbhZPDBq5,450
rckmeBY7yJZ8G4w9THW5yTtkNCqjYoEY7u8VFYH86auhCGL,150
qwMtPxdDCk89mmb3PC84VaS23AaP5BUZDf6GB5ZLsYtprTV,75
ofMY3AWHHBMHg9wbkk8TsMtafh5M8xQTMgNFgH5sTTA5vT4,450
oXxnrCnFmJkmeGp45196nKmb3TJZoEaP1raQZCuNyJvCwjV,450
qUShcoruszHiPFmZBEwfG1eXK8CwFn1iYbP8FGshLzkSbWG,450
qcvXd4tv17xpYzPGKMMNRuQ8Zirq3iR53b3VSpaFroc1sw1,75
tgTUM2La7uYwGeEu3JsfJ8dxNSKhzMGQ31AKHLQ1utSAL9K,75
r2skpvtXr8nWbQU4Dz8kYnfHZ3TNoEMU6RSChZXb8YNVjLY,75
qhc6fWbVFg5Aug12DY75Vzjoqj3moMn8mXc1hzpEaUdAC9Y,75
ooBCmR1WabrdmgkXpK2juuJhLvM5q9f9hRjcBxu4wCPaEuH,450
pieeH9rejthmJQcypF2DKSHSFaxspTKPY25QkCNnZssG1tH,450
p3Jy3sSZgcmuQM5moZe2ahM1ikoogrp1uNQLs6oLD6Q9JDJ,600
pct6BKoVFgMdP5uAHA4jJSAc3gbzXVunb9jYGjVk65suD2U,450
r1tkSCbNcfM9TgbGaGp8w2z3Rw2ZvXtX2zkMSBqfwLxKAjf,450
sYnb1MCVqfMaMcan64h5tJvfe54fAFuEWk38hgRfXG4TPSx,450
sZmXHp7j9aTpvShz64L5ZL4Xqg4nFTDDNgtxbcVe3ndZ29s,450
pB8jEedig14BbWKnWcDxkRTvSknZBWP9wK9XVMRmWiWaWmp,450
r5JxmDJYe3uEvX3oBLduWiSHFG4w6epY3ekTQCCAMLnpU42,450
sqAywGAAAiMuimeGaMeiKecVGg5M2y2myz94f1CxfjqvdBS,450
pzLkkAf2zRYCzkG6D9WjN4Nw386ChwNUCziDrTUHsT1DtmR,450
ry4DtagGcCiwBGaYah4vfsiaanDRHABqaz1gfP6h5kFeNjh,75
u4FbU1V3khGCxm4vofuJ8s1UW9RjSiiAwQ5px5L4cGoZpXy,450
thL49qnbi6MqkEwjsAfcmyPZRSqURTrYDQ5ck8ZoKEV4Axu,450
rCcmEYSMDniVRUqkLzrYR6fmD1cTZCHhFxHM7A36gMRko3Q,450
pmBBH7QXPVj7mM5G48efF8wfeoVvAPSqityMR3serHr5c9R,450
pXthrQSRSL8EQsTUyBm5XqAZCosXuQWuhjaB8hB2iy3GTje,450
pigcHgeJfVFzU1vXcyFaRdi6ALTvD4WknFDuxenAePtad2v,450
rP81SnQWvjthf5swZSwr3mfzmgSuQha4vq35nP7WSoEu33H,450
prLpMdEjGn4f5hmdNZNcbAxjeubETnngh1jS56AMUFKNXUF,450
sLMTAGrR9hbAeehFwmdgPnopMDMGqYakoZ3r6bMNgkNyYsm,450
s9gXwqUrxAe6u15SYSMSzxPNF2Er48NiRKmZBDFD5uradGX,150
pkKXaALcmKBQjprD69pmZ7aahnftCVFyji3Z2hksLhzXJJx,450
t6xmP6KkHCj5tPDTrtqYuffd1SL1KFAK96vqKB3bSuNefH4,150
pJQznjtJPi2AUtovGt8ZReSa66TSP8CyytfBPCvEdNhqHiV,450
sFZGnA2hqiguPCAefBtMSPugCtqPuXejBFYBpV4PVS6i6AC,450
poaSpVvFmxhYwp5MwocWG1Qi2o94Z1xgjmx3QaQZttT2XCK,450
tYs6FC6r4X5BLuLskGGheVze1PsAnExWBrjsp6WfKVcNKEZ,450
tHhHHGYVHtgzdNv7phLdEf8Tdte9T49xxYKqwvpBnoJG2wi,450
s4i7TmhcMVngYGpF4jgMtjeL3AXeD8EuG1DczTNfxi9qYsa,450
qnpSWAcoAcHi8f3UzTrp1ZYQaA6MSkyBJ1oM3E56d38hPjv,450
tuxV92rLnAtit7si3fv2ZhGKEGyhQoW86ACPXdWY5EmRNiF,450
t1qbiYraYMnT5BdSaZP4W6QfHidyeUfQg8dxBJ6Rw2CZr2h,450
rtck6P2k7NBrBGqVUyNxKivaCRzwqbR8bumqPMEVbCLpqMw,600
ri2G4z4pzpFGEtMXViiNJmUxVFtaAt9MJAXDrGjXVfb3mJt,450
sRFSWxCg71pwJCDU1AUYzjdAwz5dkTpUsMoNXhe6Xr8RSVV,450
s4UjMRrkEqqjuBqP68m1jZbe3x3ePHr22Ktc9L7HKqNtA5r,450
orkqLbAe7qW2uQCsvU4s4AcWi84Skh77UKmcMQkmC7AJgDo,450
poM97ygwuFW1aYEYtux2yid93KZXD7k5BcruJ4V5ujpNs4h,450
svrzdc6c1tAha4gTmzwQoFcvBMkD6XiHCWBHbne8DHLJVv1,450
pthJyrwFnpo4bVGmLW77hEahxGrV9fSzmjBzg622K2hmNgN,300
sPJ4Hx97M4HTLTRKg7eRCw77G3xDQ5vywRG8zdFNqrdrnnY,450
sBpgbesWP41YuHW6xsPVZyQkZtp5piTbvgiNfC5JydapbS3,450
ryUkcmhfEgFwLSPpnKGgR4JS8dDoXaQuUwqjpDzGvjk53j3,450
sfAaFcPyRR4aK2PyZvfBv6KX76AAfDtWNxeH2py5qzKscEM,600
ozGv5SKvcKTFBkFWMSkn6grcs3R6iuabDmAaxoaeYsjvGDf,450
phxcKQMHwNagKUUAtqFTBYdVtNQheKLHfGWiX1oNDE4gmjM,450
tULWCEHp1RfQjrqkuEHRe48P8RTTAK7VFbggz7oTPpZTDmZ,450
rw5s8ekCDqsxYDSGrr7YBe22B24YBYwSwJCjcVhxPepMJrD,450
rZuSds4vbc23k6zx9auewnDSFqtbvdNnWixCxNoy5d6ydyN,900
rhmqa6soWMcijeyhdNnAvjkUR4DHssvbK1KrjJoTNAj17rV,450
sFCd5W5sWXwgKm1CjVuP3trEWswciLSc3sKvDhQ1EbxVbww,450
rbrUKbnJeNyqdLfvSQuPzAZ6AyFgaj4rPj2W5VTdTDzQswX,600
pA8tKLVLeH6HsaXqVNWEnusya2W1hvqknWEUFaSNtkhAWS5,450
tgWdiExitXScKp3vN1q1rtmNgCMMaLb5t2RbYuGseqErY6c,450
ryoofjqGYyzEDZPTKUW4QG6u4uMB2TDRLPbS2uRxM5SGoC1,450
qt4Tjg1axLRHHHw7cHLKXX9Qqi3acC1aBhGgPrJNoksYisx,150
oQ8JkuL7cmAgpqsmPVjWbyTtHHwZXaWQegaebRF4CtxH87J,450
tjUs6TtdgSVUjNYyhPEvHBvMPGLQA8F57skMQGoYFi34tuy,450
qUuWy34xCxEmtfkfKLDgsdh2CSt4ubonqXUoazB7sFmhxBR,450
tsuYVZdodKod9cpvFSHesv9bJfiMoqm5hKQXJRNXPLyAvrm,450
q2xfahhdZWAoQAv2C74fQSBut4GjacQdvBj11uCyGRsUoLY,450
p7tWtnK2twnpg3qsRehpe2bDa6MNs3u5oDNo6NWSKn1xcFn,450
tRjfQGMQ74XbLjDFVsvxmeFA3G4vgH9w8cqjK9aWNBFhtZr,450
oVjEP86VB99ZRA5brLQTQaBzUgKHbSNSRnJo8zncTLCxEe8,450
roTTysuNZub8ujc9muLwhLCRGGUNxkQvhhZePqgbJCprcbR,450
rHNgS5ki1LkTRs2WWVpCB2Tvpjd7C5KhMzc1q5dcRHJoy7U,450
rPtbkExLtpN8bURTZ8x89kLiWMLt36a5Fa9ws1A1QcigxGs,300
paAhcvAp85jcCx4BBxxj8pxJw2HDxLiXmMFE1oyAPQiVaBH,450
tcQCj6VuGyRqUcD6y8iQj4Y4DPQ8biMU8Z6uTuJZBicmPjc,450
ri9zD6t9BLxZSZnzpbkF31PXSQy1oZeTeSSriQgwbMQSoTp,450
pXMS3PEheZudsxncyCzW3s5nQUWcaAUG9YBXL7BmWDjVWK8,450
t74ACpprNcxhHrNe9WTSWBf3BTwdGNpJKiADbJKseUBAA4T,450
pzDKTaucjnmLCsvkBzgombQKnLfXbxrs9svLs45e7vi7kDh,450
ryMe4TB3evgHYE69RRPPostJ97z6X1neBjCErWLvqNYfDfG,450
tTpmtkbDkb3MerxWH89vhXGkaotnbqK8mc9wmj75SAupEmE,450
sZks3AfygUnZ1YGCfEwt7VcZzvpP7kg5ULEJNZu56foGRBD,450
tv95BVsF3AEzW89b9eP1GVNcdYPs2Rthmh4CaAvP4hhx4Z4,450
s9z5HuFPRJzyvuLVsPa4aHRKpcvGjKF49TSPPv6kphhBunU,450
s9yhfihKiJ79yGcfuCHYZanrC1jAFR792ZZpg5kzN9NdV9t,450
snoLEkiccmjkoakgbudiLcDi3RkCjRbJ8VWFfo2hN1bf5LB,450
qLL768RjFbTxiErRkumu9qYkojTGJMVyusKy58AwpyXf5aH,450
pB4934VsN2MyvuZ87zXTmmaGKRpFpqginiD1d6k5YEji4CV,450
pM2fDbXgXCiq5EaGGkYqa2ftovtPPSk19hVPqXaKJ9R2a8x,450
sqbMp51QYGUiakMxcUDGCpeacpMZTAdj5W5uTyuiGbaGNdu,450
tH9wrRDw6np8cBijjy5jP472Da6ayNrB7GSzVUitrhA3LxL,450
tbT2iqn7s62zsnWoKN5xrM2HhV51wpL8EuVqj5WpyXjTx8z,450
ts6gLDWwqibdE3ojLPeR7BYKJTfed49KVF7a11KkWmoKArF,450
tEyGfSyNDEgFL8Kz2FnqBVPT7Egry8cYfLLZpLDsuLNfB4m,450
rSJ5dVNP54LBPvnw7HVr5inWAVAMTtNZ1Ytv4w3Poscc7c2,450
opD38vcEVzJ22z6hkPCemY9fxHTzUNGp11ZYL2eMRbhMgRN,450
pyxsBYbSpdwD3xcFmZcQbuvPVtaQASz6dvq7Pdk5TRHRgpJ,450
rWX6Z2LyoJzjYb4LojaUQYtA2LseGPS5veecZL7DTKkz9f1,450
svvTbhxTYBBWHa2gQdmLucdJnSbtH1kLB2djiiW7KDoft2Y,450
qvt61KxGHz5ESyiEi8yiWN6RGgd67tFT49iERDVpNYge3Bd,450
tYdPHnQnq6E9weLVruTZzc3GamyyR8Cn4RDtZuBna6dnxxN,450
s9qz8u6SQMfZ4eQEKUft3AaAatUvtT99MhxwrsBqG24c4MR,450
oiWZxQ8Vdrxr8LPFyrYeH5VkNznS3dDVLteZMi15ak3jsnk,450
r728osMTAyQbJvzMQkJRfjwbeSe5enqXbhio9b3AM2rs2ti,450
t6V6LEfnM4ckwCGG8cj2BsChjuwQSUwW7qFvAUnsATJdskg,450
pkFHjeFk1pD53YYmsHd7Cam7v62mCKDuhN8iNyZCPFhLRie,450
pm3AX8wtyeBeM427kcyTGNfU7pBTV3RHyMs9LhWfrndeeV5,450
qQ7abmpqtAXrJxwpK1HkxtWPFrELMw9vyxJb11qGaidXXKQ,450
rHotLryKx8nceEZeHUDXMSeUEAsUGBB2fgmebCrGh9ZbFN2,450
tj8xXDtJUWZecfzRBwBPiJE2MJkDUMRye4LGHokC1gqUqqH,450
oVhoNuQgwHFjuu6v1p2nVdXHRyjgRWM3Q9SfScRWWKNYRoU,450
oxHu45mo1b2ngktPRreh54J8pCtwj7Nxk8ZmZiGGsVTjiFe,150
tN1EEksQeVo7GJAieEXjpJdZpUzUevBMT7hKtcXUTy6x866,450
sEigPTF9DQgAXYn7C8BqZEhFws6rn1d4tNapoFpLaF9V1TX,450
qUDoHJib213agBunRuUTiUpLc9jSj4mFmHDh3J5otumRvCc,450
qJU9CrPTYxzNeuAyhRBdWw8Tn1etNNtk4uo7HtFJtssdCTN,450
q7Ez3pct2MRfMUPGqGXVGzKZWyFPtdRPV3SZtcWG8wWS865,600
q5neEZrWZt9ZLyJWJV99kJDjKCVnZJvhV7UABfXfJBEaf7U,450
tNqvJM9RjgUbW84VAECm4zic389gH5wX3A32SReWZoJyBiM,450
pB9HnGwzZNLwRimDhdJsh5XhddC8b2ccMgt2df1kbXqjCL3,450
qJpEo5vJbc5K2V8n88A4tBcDenv9RhDus3BCGuUGqy1SL8r,450
sUK2UEZKng1yZRRdw6ZNs8TEExCjYLk2cYnokXWpSGCKLge,450
pw4cxWvQJ77fv5ugiKUUedyUdPKVsa1BwKwY3waHGcydDbh,450
tKj8caKHnnTnJ8yDfn2z9KR6UBkGHJAyDys54imEhux4evx,450
qofYLs2H8o1fmCCuZCGUy3rp7WXT8WkgUPEYSt4R55xbxLx,450
tP7Zqbs6mNwAzCXq8raSRLJoJbXCXNHLESKvZijAHDjAk1Q,450
q25YZ54M9ScUYcL85V2Svz6dj1HwEH9qP3wU9qhBJdaPcJZ,300
pr2HRQmxjnCuiLstbLzQwbftFLvgDfaTQottAMN8vvE3cbK,450
pwchBGQbNQPfKQmj9i6npjG479btgrCtBcC7mofU6zNdmLM,450
tEMqU2enR94JTihgv7aq9JWN976RvrTeCdiyTdTH4ySdh53,450
tTmH1TEpqA8EBPxRV7a5qQzAKaQhgt4VhEnBxAmxQhRpKzb,450
p3CQVFDu6jvmkttqqnuYcqcCtYsT4yb44YYF8jsZT6P2e8B,450
tunDKkG6UTdCaK5tgZdXdj71m7B6UrrVYrztpaZT5E1Zgne,450
pKF6ip8TzEmqfZrtidacVS2U83vG4JX75HQcR6sj9VLdK5F,450
sRXG3rJDv8kZRmwwK8TcdUULMdw2GKFJndAV63noWjR5NbE,450
s4NSRyyMdvAFmVqNvy7ykLBGGdhXi32XJPosZQuXxiEXR83,450
tGkV8tX8osg4Ys6nYHdbydFuWpxyfZuSsPFsGcS98bbKyXV,450
pDQfJf6EZ5yXuD4T1nfyKxFHwNMejcgka84XBKwN5D1Pivq,75
oqmb723Qnk5K7DJxMMtD1PEVzhr4iLypgAEG2LnfWvbs6ZE,450
qcKNSr85iUzmTeT5YRU7AQKDoB8N449F3ZwpJJiZffY21YP,450
ozibvTMN616AktJY35B9942jXVqVGsoJeHtZQakB3K3KjBE,450
rvDCSPtp7qZAaXKfcXpbRpWkfQUNdcvJkuqEjeEihtHUBAC,600
ryoPXJUCKvSqPuDktAcocD3mtaeadc5CYMPqRaF1iCHJw2o,450
suu3eSGe3KJ5F6TDFJhnCQqNuhV5E3fVDHRF6pvL3DQubvG,450
sxkBAt6jZQudWYk3djobYXLXqZMcA1THPzv8mvEdckhprA6,300
s4JvechpabBvd5EvX7Gdpwm893CKPKtXXkREuN9XqAeBDS3,150
pcULFZm1RrBbp2LM1QciTXfNjNWcmFoXjJcCWQ291EjhKWi,450
tHHkjFSWPRrVjVEGeaFzEGR11L32H5EAUu1R1ZnovMo57xs,450
rvvZhLKEUvfyUfEZpGDJgWqmrPUdkTGeMqYcjN3F3V7UTDB,450
sCwzxip64QZekyUu2S3bdoq4BCtNCiK6oPpEyc1eVw5V7Vm,450
tTjcmyaMvwqN3GvuCvtjxaJE1K1cYRYUmuByKnPCqw4qxUX,450
rS3GcuAEdYwX9eShhbyjYBtgaUs9CfD8jVa35jUQZmEGQZ7,450
sk7zC2ndte9YP6zn7ZHACRHskrV7f7cgRr8C7PJ2w82JR3D,450
ssav4XsFuwa6wWzx4haNUgg9DShh7vhHjEw27QbZzJSaywS,450
r4aZehPN6VeDDG8evbGQAYsPWxc1sXLdJ7HhTUU1MLUyXcs,450
ryMXoDMCyBAJGvjWwK2QdfscgGKrKgkd1i3zCP2x5DttsWP,450
qVHNuY4cvPyiPz5B7R1srKDm46MiExLwyRAbK9c8SrxNqtu,450
rA3ogQJJwoJhncYaq4SyFUcW2cjdADbTbPEw2uWXGLC7paV,450
qPicaRz3jCRYW8giTV8SPaKiK8q1VHGAoGfzZQCnfdcwztg,450
ryeVAhMiPjUoA9NATd7ioioKesr6oRNz5VoqLXBihFQjzJH,450
r6wcdZjWLJcsLQTgg6ghxp4DBW1e2G5tKdW8vVe9kRHtpYC,450
rxiTEdtCKVC3wY6ysbmvK9PinHkRizDShX8wT7GX8HVHj4c,450
oiuLq8hZyubbdMjibcCtnQiYNCWRVESGG5WpL7eS5f1xkNJ,450
snGRGR5o5YWeJiDWBGAoMtZbvT9i3Ez1ySYfuUskQstungw,450
sF4YnMCitTgiJWBXpiD4xGVvgbRCyQ9t4ZVnTxUzbpC1Ydb,450
pfn9VjufkyZXqxza4HEUnMDd4o81GaAmquCNGjmS3MkxMuL,450
paxY5o6gydPYRBKs5yDimZLb7Nu6rA7HefLsjGrCeEBDRvW,450
puJU8jJePukynfPNS13ncKifiKwj8ArKfEhLG3wqgcRAzKB,450
sZBgjCSqDtqptgCbVkteiXgwAfR9Q5DnFJ2EJdLQn8P5gup,450
oJHnrB5zTSB8Kkak8Ve6UuPhsAsnvQFHB5mtc8aTrrsZ17d,150
sySUeUpMwd1VkZDLBvXdm6ETcrQFif1vMYxTuTmg4wSjhzS,450
qRe5Y38KrUTJc2Cb78rgBAm1ZAxxYwqF6n6TVL9ja1p9Vr5,450
oTR5g329PLD3XTdDHX9bSfVbqXKAiTvBgwCSdvRpx3wjHiu,450
tbMrCSkftKohFbiqkWPE6SMuz45CS1ZMukQfHHZ9MjAZro7,450
pJN9LaVMyJGsvuy7vKyj4dBH5dPVxTXeSvVhdd73r4nSt6t,150
pamjdmm4cNmbMf3J9onktFK7fkCaibKGbZNDBhK1fZ1foUq,600
qqeQf1kF1pbvrJN5UYPjYD5A6g38BXp53uP2J26TK2qkUw4,450
r1h9B4N8uuVvjYLXcFdm8JnWReVcA77YPfeQVZcHUhKxXQS,450
rkLWMr3DytNAwhN3ugwfEwVabyaKZMtYYBxcURVNC8CQezr,450
qng1LmAkThtzMpMbXj6KY4TyqgGerJBEiU1Anhg6fusP8ni,450
pciSuDoVyi647YXnJ4NQqzNxwP1r9ZQ1u7iYvwwPyCRbYYG,450
u3m9z8xCy7mYHwPfV61RhR1KrvBLPx6htnTent8BUzMxK3k,450
rstHHvAc9u9o8ewKTLCmQxhAbT7Lj3SU9mzaHDmGQAeUw91,450
qfNNqDwKQHoWH33yFvmiuY5jJLuL2k3vAuMDQ8orQEpGoXa,450
rPQDauX1ckMHY7N18JRszV3ezut3bJjWBCbtEYarrDj7rnE,450
t1vtRk79oDRzAKXuK4o5ZRK7qQXaRDeGP5gKZm7VHdsbF3o,450
owEADP4xJa6BjmtGjDA9YTJ4ykB6XKC9nCgEgoMoXM221E9,450
sU8ua92jEkqPFbwrvPRTqjpxsGsZqx1bg88giBAsP2mdeBp,450
skD7XJuN4cYGWm2BXyQEex3CLdvKJHCGZyb4TXsnxHz667q,450
sEZxwtWhTZngVuJx33rufwokUasrPi3dnJQJfbjVY2pp2xJ,450
tZHwiXTt3Fnc7jrJMJ69Gxpi6YUBv4twvghmR6SFmnSXYtE,450
pDfLuNk8eme2ZXKhhCZ3Y3sz8F3Afnem6hyWJgRExHD3HVu,450
tBmmWMrzbf1FMkKsktqUZQPt48XY7ZyJpYRHkXmFHa6j4fJ,450
rLcYn2sABwJ8KberZHAtseqo1THfi3S9Tk8FgXpwkgVqBJg,450
qfgNdF9Lzbt5uzqhXbm19cRiKtdYgoCtozpvTkeonSRDYUE,450
rkHmioGyuzq6SRXYRgu4tRXuN3QXFy2zgDAFChuVEBDDqKP,600
txAhyq4PGFFHAqhAMKYdwdvkJoRnmJDWRnnJpqsZg4V95V5,450
svu4jmMsnejztYG47c8WS83FMHiVwxk4GgBRtnRL4gqAyhT,450
ssmX3feRhei7MGSMGtc2FAcAqNFcqsjWDTziTbd15gMgFLX,450
sWzTrnC6CvfyScmfDcS7cdtfPY5NF9Wk2TXwkm1CMyb8Kp6,450
rt3kGr3xzpu6jch1rfkHin99r3G1K2HkaqjFumoTScoZxPk,450
tsSHUd2fWBWkMCseJQ5SVueZxYZsdwhEwkEGrisRYjabnxd,450
tH5QAKitoTHES4MsWqHFdQmpdiDzQ1CwBkG6SCW4gBF8ybp,450
rcU44AvQNEg4cfkWeYnVTa2qDXUKjN6KKgnvKFuV9iMwRSN,450
sjQ43sz1jSF6Wnpu7yN4PDf6mM3ThwtopkBhWJxKJtM91mL,450
oSEUfFMLgaq7WE8GrZwBS5A8Pn8yMAMpKspCujeskFi3q1X,450
sBpbufG5Xj6ZqPht9tTLtf1EZcmmY2EXVbMeeFPFYhJVYCz,450
syQ6SbzN3YHfuRDgBSDk7j75FiiGMiPH6G5ix29iu49dYxg,450
q8BY2nP3FBZZYquFmTdzWHUoLTSZgBpo8kdBc7jwjAe7c9F,150
qtG1Kjcys8voCCFetSxyrsmYgebP7z2sKxbPwzAt28N2e2H,450
pp3dLyz48gbJtu9cewTGztXsFfDQ19XjBjJViiHGxwMwUQJ,450
rw1cQMSCT7G9MVbhAgssk7Cf2wMCXjNXGyZiuRM6nXY2GoE,450
tsu47bmQjrRX51tw5vMrkumct9MW6BBtkh32B5QPsDqEFQA,450
t7WahdiE558hjDT2uTzdw8DdEK79oQ3U1zchTZXEh4hXZFx,450
qPaw5f8Jcfutqe3nwtNNYP1VoPtwwyTrJ7xSeotXmHhiPft,450
qogKNpnE8XNs6KhLMzpV6GZDY7Gi8TJwznG6L9AwMHeK1dk,450
pckhcCJPxWYfmk36Bk74bBXvXssX9acEayYcBFmSsQKWoYa,450
qJCkEVzJYPUtfAzrXPuQFNr99WjvDWZizcLwsbFfBuVpPgo,450
pQEFfk1Xh9Tbi776EZ99KTcDssKQe6itdX3VLyuG8coo33C,450
rFHYsJzDZRip1cQfXggZ8MTSJF6URFchYgxi71PLSW9fapW,450
rUsjiph2SDBaa1fKTmpcDvbazZMPQoQkEHR9eCCWhcXcgEh,450
r4h6DXrNKdRk2Bb75dDzwt6YbGCSVM9sFpCzVRaemPVPM1i,450
pFQRdFtqsqeWiLqKfHQGexUYH97EEDgr3mnxnzi9VPC2AQb,450
rPXyRzvym8R19B61RSpm9sD3sbsx7BNZ2H1hm7eVwL1vnmq,450
scPZK8XAp7BGFuGbuRpY38oN8oscrrAFjKkrC5GH68wPp2F,450
sRGK1ppsGzUpwnsCAhLGEUnK4R5mp2btPXqyDWKgNJgHLia,450
qFCknUeZ5mVRhf67SgeJwiqYHYej2H6HH91D2qvLP2pQyca,450
sAGaBx2Mix71yf7BZL15Cj9pCTyn1ZFZdefLEQyuKPxD3Jv,450
sZpFWrrqFUUKT2Z4iA8AKuUBxitPeco6BjrJNJYTgpZGtps,450
s9wKMLeKutbmDjP48mFSGAkqXsqCzD3EPYMuSHLaMcpuvmy,450
pYP8mApUWWndnzcHcAQPSFp1QmCmZpxwjWdCwdTFX7aLyuS,450
sHv3N6MAgzwvau2V8CNXUrSJzfPG25scYMWXEuC1MVrmuTG,450
u1x6Lp4SfUmHVVPp84xnsXysdyEcg6NuVLCtRF1Y42qAUVn,450
oQKoGvU9sNDtKh1v4cpPcbpsTw68UZwmhGZC7gJ9XeYuvWp,600
roB9wMFosqDaruwJcTKyc5uj6kKR1LFspzsCsGDCiYEeM85,150
qskxS4ZMr1PbYXoygqSQs4rc2EUhWv11vKaKwgqia3HNpcD,450
q5eBuKzrxQPEauDYWinpJpy1xnu66qR1NmBwoxUwqboLvfn,450
s1eoNEdYsQhrxm1WgXMeKyR3NTPHsob3khP5xAT9Wf9cY6K,450
oT5a3ALDt23ryoiJXj31T3sL3xLhT9M4JAiiyWaiXFBJFt3,450
sHs3fkZYHZDvycJ2LQbgZBzgWcfmeZpwcHYJnR3vNdw3g55,450
roKx2THhUkaZgRA2dSEkqjE2bpvAAhbC9GpbdapqrSyBpRM,300
rHhKaXn9MCmsu1PBYkoyuvk6VEHEgbcfVZugeiQRbSa218c,450
t3sG854ngGgF2VbXqGpv7rDj8hWsceJRMb8UZyegWUKqwZn,450
rZVSq3qwwisLWuj6h3i8pLpm36LxUiLdJB8n9T7BkhH3XK3,450
tzoHqyutZ17wbMJjujtYbpALwaXriKHZYBbNAuTMoc2CN1f,450
pqgKV5eL2iU2RCupVLeiSTePVQcKeq3Z9JPN5evpgCRQQ2H,300
tv7bCxGznVyxDLTXGvCEf7WPo9UtJQVKjueXmoReQ4E5qwx,450
pVXrwFvQoToqbn6ZdRW7s1F1qEcv9V157Xx3EuS1LJsWyku,450
qXPjne7xo3G1hM4tjkEaScYKDFTVWLqKS5mRx2E7dnjx5Jj,450
sNKmEbqq8uu7KkhKTt3a6kajYSntiaCyMe7PiTy4RNQb4wY,450
sqf5B8uHszv2GysF2b9oTcsBY6dsRn6PkBvv3tchiHno5SJ,450
poZEvhBzChNuZx9gQiUYY9DL7s8XdDh25d4b5Pe7CxYngVT,450
oQDTqrE5vLVzSHtJVsNfWBzGj4q4nTWqMMxbp7VDGPKqnw3,450
rfZ6eWdjLB5Vp9oXyViemix99zqR4cMyKk9GTsgs6i6P769,450
tZKrC75RCqwY76J7nKzmc398ErMvTk8HL4xmWHr2qbMAN6D,450
t9HgwSwYgsf1axJooFFN6GXWF7jiD8z6nvgUYE5BQeTqbhf,450
sCtX7AHr6zyZEad8YooLpxTtp59e2QgYFMvuj3mUECsNMQv,450
sqZsTmUdvZfaQfRJaNTTUVbGhkcG8myVmuwXbq16XGhwxzF,450
t44rtqL7JAK9VQXuELpmGAgq6hfd1W8bJJJeRbwLyrhtRMJ,450
rUQqAxBGwSMSXSnCV4997nQGECzDDDBFs4uGfkW4NjBJaCi,450
sLr3q6bHnXgHRoLsPKsKMisEmRdnmUnbf4uJfhuAZyp4fe4,450
qfafjDbA6UWEr4SSrsnia2dLBeykZW68hCM7S8JqbkP7e22,150
oK728s6oPdyeLVLPiez5qZGyQmVf1uDXcEhvonMoya2r6X8,450
sAK3NjBEf4mN792TccZY9Ugjxej68bu7XnxPygHD9xKiLoh,450
rZsGZhiFujYzoyXoYha4SKn6Dih4DLXj3XuuWGW1SNYucet,450
tFBnWS7CAL6b4JfYkMdFqXND8CQHJPwzrHBDFUCQLD1g3RG,450
qAGryax8gMSCXFjQ5Bq6DUrqT3zud8Wo56RAKbFwFrXrxfM,450
tcNdQshrQpxjNUgbXVFBccRuFtkfDfFdNW9YN1Fn1VXNG8o,450
rSDjwi7o4yPrAP8YSCBpPHRGfnyKEj2fM9V7aSC9EnoSEW6,450
sv5NmBadq7BuVQV7mj3FEwDrVaUF4CjJKAfzn69GdoRRFKF,600
rHPdKwDuiXnE5WWNyXopw4oyKN2yeJSKZf1kzuXgNvUAsMJ,450
oi35i3ZPxuzjAxiCg9tCaWm8Pqa28K29qHSSyNr5WMmQmLZ,450
q4voU31GZ6nddr8uGGKFEXqVKCfqb9grLZzqx2cYTmAHKsi,450
pJDwhuY6SBsPczJYZ5Z1DGneYJquTrLkV3mB8nTqhkTwbhi,600
rRXnt1Vg1nRuRyT72yvZEPCTRzPsa8dvqXkJ8bYnATx6pFN,450
qSVdn9SYUHcYwwQDD1hcNnXbooj1giFBHNRD9SjtTtuP7Nk,450
pJZDHjxVZwzdtBJa4nyPxXZKygVWpu7iHuepVAQTVK8sTbF,450
r5UJscSoFbVoRCPWFoAQjkGVa4SH7VZeeu54GXT3ZgRgpFV,450
pp66SS5XocsoyxNfEzPqbV1C8dGnV9wsboCTUHKNdvmGfdY,450
tYiR4A8JMoBGNcReQ9WVSsrGav8En3Ee9w1jmW6iEM8eoXE,450
tUTY3iUsxfftdCAPwUr4kWxPSxddfe8sv8SaZpVFBt2UBxL,450
qfKtMaw3sAfsNkS8mzhyZzmBVbBxk2S6z6SHnWyiQ3HCqmy,600
sJJGUDWRKyiZEfNEUxQa6BPJrrgGmWKNpSNfQ5gYB4RuRHX,450
p7bqpyEwnqAsErRyoaDZugUd4uvoaZwtGyxVHpqjxkgbNGW,450
r86RiiYQ31TbGFVqUSvQ3eDt4TFR6MNqx6PJ7Ssd5tPWci6,150
r2fH4bsRCgLcUThjBHHpYoGDynCqQVpf1pkKsUrGBsgtgng,300
tmzF6DmMwz8ryfVYwyQ8XXS1bWsuidwhGjECFsmBCM4ex79,450
rRiKJZdzE23wLjdzCRL4JbUijgKkzwnsx7wxjAkNt45rgoY,450
syc2zcUQHfAzqoUsccKprLpposatFnTt3877QKamMZJ1Tsu,450
oVvyPVxZcibyn1Le8ydcSWFh1JGGiY2ZHpTfNs4j7dWTLee,450
ptj7t17pHBs53V6Fx2SdWzmfN5UCJkruqinD5ovE7oeS9q8,450
tuxXerMEkxV9xgdazYAr5dcWCzm85NFP2nAGHcszqjvFL4k,450
scWAMzVNLy6GCLLYAJSt4Pw6ggNvxTMeSNuwKAif37XzMwW,450
qPitAtyje9aJusTTf9qwUjeVkHjPDwSZQSRLBCfQmvX8MAR,450
u4dDXkVvTdhnrA4CTiYZEjjHBCwaaXDjrUSYKJ8PWEMnttJ,600
pDDfa9LPrpSUeWTYNZLLWWjdcdkPyArhxADKXwqzqbBQZ7b,450
pQ5pxMW9wesnYVEUUAA63CouAr3dmn9g7K7pgdukwZAnfJ3,450
t6SsW546QShXrRCWQuCWtE1JnxHkkGkBgHcp187LWBRBg7f,450
q2XTJ11aJ2mb5hNTYVKRsKDXfC2qSdZE5UHooTtNZJ4juxr,450
rcRxGhHbbsn67zvNjnKSM9uzrZiJLgHoiTpCsTsiM1Faqty,450
tYanV8yNskRQgLvhHgz3TidPdvfhG8kVgPnksyCiwvA2GgE,450
q2uLGoZcRNSDDXyp3MGEDqKMkdnWfANsNEJMUfE9DuAf87u,450
qyfEuAmUdMzwUgVfnj9exBx5MN7BJurhRXuoGtWYPDN9eps,450
sFHE4kpnUJfQgkyhjNzAiscZf1BcNFEwkqKB4Hoe2Pn5nLV,450
phwJ4dWWscymUL69pgMjZYPED48B1wqMWGsU7ASFmaGTmuW,300
r77bm5uWPmatWGddksEatu8wssbprk1cx3w1GSqyy86tiq5,450
t6WKCp8J2D8W2EjHZSDCQ3FspkfAQG8BRERfsgy3HgaJ6oa,450
t3o1f81QkzxpUQBUQdYj4JK7PGTCLdu8wkQidnK1PiJsG4a,450
oSL5X3MctPStfyoexCKN1xHc2HsEt1yahoQNAY5z5KJG9Vo,450
rtiqWbGhzyxhdQ2ayiaxbE4Ru9xYGLQmJYbS8vu27JUbdk5,450
q7xSfEvone4pPPqGB1357q27rtgvfPMQ9LHZ1sXRv6xASEq,450
rHwvQSMQ2rq3GbvPbBfkkywWtmKHK3SvdRFHBBqxqq3h89f,450
pFy1FaBYgb1kHHwuvqMyLwiVe2cwY8DwAVFoAje3ws6sdZd,150
ooFCvF6YhyP1C1bqN9cLhk5s3yT2JModpzW51WpT1JBNjTs,450
t1E2U6Tcz1h7v4cGXZwmk6XtJNZM1hGsbiMaGY7Q7GNvPPS,450
sv1RK8eCKZySbUhA15eaUykcvpq6gKHEDCftUV8skbCaH8P,450
q8KvELERmd4EPkdxirXXU6jjjHjxz7oVfSZXxvXoSshUVL7,450
u3jd4N6FBSFSYq9TD9cwfe6ahC8AQPTKnvyW5LaeZTg6B3C,450
oXgYmbDVvqVNPK7P2TqQLE7wM5GxJ3QAPzVyZceZc4j6Sgd,450
ten2VdwUPNZRSwonwhkEmmiKRsHB2VUrhCwrCDAM1qedPRr,450
rLFu5kMreijznjpEFyoEreojte8zRyTVpjgvKqD3qfYcCc4,450
pacM4CoqXQz4z3Q5VZVm4fBfaiQjbWSL2q2hEixEe1ChAbF,450
sX7qNrCUCvNGgEXNfthj9JPd9T5Yj4srgo4mbUNnrSnRzi4,450
q7zst3JGu18FFYpRmzCmA54qieLZWiTtm586YerYbo3P4it,450
rLof51ggkXkU8Fk4Si2u9UmVedCQ3N1om7CL6UheVsmyDtj,300
qD89KqLomADzkh7S9zxxXzWybNDRuPzjUTsH2v3pCtz7JD8,450
qyY1ciALeMPn2mCMrUQWADVZjZj8ytEE98NsPHMuwgoKL29,450
tZiYhhgifToYCt8N2qoHKxMWUmArCodqeugVsyCywthBPh9,450
pm1FJzktEX7xJgviBZS5JWph5dNSDujwVcL2v7oKk8T4NrC,450
rCfHk2yHtN7fnwVs55PYHr6Jr73ozjTLErS8sChdLfXt1H7,450
tsD2AgpBAarjbMEU9TtuyykMpr5FD4G9DfHPC9954wpHuUb,450
tW3QFYuJjP6NYqanyVxf4FK9X4k1n6FnQxuoyfPs7dmvFy1,300
tF7VCWCpkjjr49K6mijXo8eMmpNceN6KCdNbN59b9Zy4HfY,75
tKx2hzeHaYykeqmHMJcF2Gbf5wgS6V3CiwsZ9VJSYkbmyaL,450
tGvLEiL1mQzbFFq38TgzySCWvGWcpQ6WDicpqwCVLRJSMot,450
okamEnkd6MV3Ld9NCk1EsT8RTnKbgGLkDZRQXY9fPx3KAHv,450
tWjM6GvnbBtYgMPToXaJhwSzNrYDtWh47gRpYKMpcJrxzxB,450
rRGzR7uo8nuSHHtNKrwX16NYoym7xUWA91HqUs97m3Sp67V,450
sRYHz3c527AgGQrRXGSnbf397H2NHPvMHW7YDiQV5ZgmxhL,450
sLBnZMupU5ebNFxh619UVUay3dsNUxr52VH4JZxGZgC9doP,450
oraXR4dy2Y3XpRsfjoz6tfzZCmZWRYwgs2XWL1bbEurJzeZ,300
ofqJqZ4Z9ty7c9YmNobt9QxGZRozmQj58VqGvjdnMB4DjfN,150
t28Yc6Lr9jKa7JDfg1pb1JHzce3T2DpysJUST2FLMXSbW7X,450
ssFBBwEnfFqo4jPokabMFNuJUffiMsjJJM4yHv9X7Ro7dUW,450
rq3eZD6hoXSU1CgeH5Xxc9fGE6y7xj366p5kci4GtQHNgqP,450
t3piHZHBz3zMwhAJhjHUNUNRVmx96djj9pucg8mv3XiaXHC,450
tW9RgFj1RRHHjHmtVW4RB96vv6to43crcMZ1J8W19rZXx6G,450
oKXa4uA1Y69rr7X9axWvF1n2xr16cS76wjjpmpuN2YtT2mE,300
qV9zgFZZQmLbQFqGrGd8tD1KUZGuAug8FPJ5xQa6Vfx55kn,300
pJ5ZzRCdChjnzzTah4PC9VEQhoCgvHMXgw4qnisBBbmQ78x,450
q81DCTjpt4PDCvovXjyUS4wJ9Kf6EuLFQcw3PpNWsXvA1av,450
tWY5jgdboYpB7r2UzaMoHcPiNCphkdCNed9fabFj1wnq4Sp,450
qPbHXjG38ntbGBM7KPy67MjTimzEpK9ugSqudVX7xHgrCP1,450
r2W7mz2PJwCn2fuq4vJBpB748b3vwVU5JwTRhidmgMDCTiu,450
pJqt4mUsqS8c9xJYWzRwAVQjxvVSGJix9krkLmWHZgGrdxj,450
qS3DdmwkdownZDuK1MF6eVTth7cW19XhbkoMauHCTHZycGe,450
r2oSubW4WGuh17Q8Ye3n1edvLi66m9fCtszrJpJuZf7qyXX,600
poRMqNzKrjFCq5Z5NAf2mhJpdLyVqQ4cwuiadVGxhCCN6nZ,450
tU3Yx7rX1AFxsg2WyCPEkcS97xgLHEF9YLHK4b3NtzZLrKy,450
rXjHRjxwiLSUkzRaDn9fJWjbWWcUco6UeZCpEMFwc7QfEEZ,450
u4bfym11TYcNFkKKWgTCxboJqPRWrAXwX3XJmnYRX2Xra7j,450
rL3pgJGhndyuaAMW1tWVdS878wM2d2AdVZGScq5TfN3WT7J,450
tus64JvH52TydyzXrMDWsmRAKWXz8ghVzgL5P6YFtQFsk7Z,450
t4CB5Qg4xa68JKcAPDjhCFGC7zg8zWhGzU9egevtja2Lb1S,450
pMH9EGCHJGrYc6ELdeBnFxAgC8RLQeCTn31K97VchNA8gqY,450
pJ7h1yPeDdmzEkmtoyxJXVpmZBacexw8H3Z5368tWEFT5SF,450
tZVp3kcyB34CUoRJRTMyRpmf9eu5mPGsqqorYJ5gVNRrtoW,300
qQ2iFLD2gpS9dv5PHNVTD92ThwnPzw8XheJuAGEG3e43Tu5,150
qQ9EdTyyNUR6BFrqcPToLyKYUZ2RULXJ73mLwwQVFrR5pCv,450
tgjEMtgD3EBAiLHx5vgEffGB1YwYnrCPrHEfBPayKjJvgQP,450
rCdc7Yxe9hbSLEBtn2r5TgBfCgNuoJJsHM2j2s4oVowagDi,75
r2gFyvbFuP5E1RkWFK6ka5VJk7pX9iCWYoSV3RgLfKbRcSj,450
t6UzTdQVBrLvtXrG1wQ4A2a7ND7LnrJpHcv7VqXCGoVsrZ4,450
sC2NG4kP3RF9dA9bnK7KYUwZcv8kmKa3qsLpwu1mRRwk8U5,450
qfm6nt2yNjvg2dYfUn3Wq3ov4gnsRQopzwHjXtcbK8PcADn,450
ooLJcKdW19XW4ude5tQL3CjnjB75zaJXFbzsAXUNhqaqjHd,450
p6ATdNgANFMh1J66gfQJDBV2gkVTfywi7YF1MdrpYdakVwY,450
tYmtENM2rtDpgmtHjHEepqEkGX189SjraENhyNX2mcPeQAm,450
sxkjD1sgx8DtdNtVgAZ7qUNCPgXDhYeH5Ty4B1n1KvEmkjo,450
rLeHPDxRZhwXdnaD5v1mExzkzmMYz92iChm2AiUVpoM7fv3,450
pcUgUD5vXT2fFcrmYcN8CfaW9VArsWSW2s6HBWA2B5SaPDh,450
oMMZWKvMsrh4of4Mwh9pVgZLDHcLwFhK254pCjb3P3nXd8p,450
spwuiVc4J6mNU1MJFRjBChy8wCbM225Kec43EAj9pgbQg1f,450
qhKQAMAzzc1VTYiKxwqm75Js845EjWPaezWU2qS62VFyuZ5,450
pFwNrWZQHLmtQ92FacXjKh9sj8MPNun2tGuEhxDFomhHL6U,450
rvAeiYYJcAuwGkRuvbw39v4ZT3m3KZzVWtrLfx7k7TczbBK,450
t264RMzPsds4YybbUWyUVdCxubgYingoH1LXdtAy9hryDrM,300
qydSJXWAP7fU9zjEV5sk74SktAwZZikJ7EsGkQzGqHhET7M,450
t9ihicUdc1WujSi7haGgQevuxv1Leka7YcrW3ovT27SNUUw,450
rHpEf84k4Hrjo9vzRjSJzuULsSVYF8ZSKQ7ZBEqnrtVS1UY,450
qSALzfMtWtnxMNVuyha5DUnNJxMr5iRRsi2Fim3AsCmBFU1,450
rtGoGiGfiX65i1NzjwDKznYLHjkpHwHFUSAmWp2d6hWqEUq,600
pfsq7gfi5gGzvk4WmDFgvgPsmFbXmG2qYTgbfMq1UpHYTsV,600
oViTs37WY8PaxSF7jgrYdEKPZvrYjpeSpcdTJW6xTJvfBe4,450
sATM3LJuC9ujDArjtVAoiDceZZcVcXjiMZ25ALtCHkbz2j8,450
oVPdMCXZ7ybVLChDgvVSHxbPzvRuoYzGHqNxCknTjof4BBw,600
rhq8ZUWqGUzGwX13QazEpR6GWARai8dMSFXNoAFqtchr6Yo,450
pfRp3QKrxAMzaCuKDHRADviqbTqNdnbf1hvn9WLAdTGs7Nz,450
od2eRsRUvgCSv21rUrXR7AHmKRmJSgzLedM8xoMQ4JJo2ne,450
ozM1UJ58B8VBtEKM3R6tSvpM193JLgwhd3bWS39YqcZcTLp,450
pV5ApW6bK2CFzSakjn4Md2FVyxCn1BzHmqwuXVVNkT6fFpz,450
oJaEKmeoZbsXBhpSvNPyh9MZmCEvRdq18RmuwVJsGLnJGGQ,450
pLnMyMnVdkyS12Hz6UJMHxEr6sQTKBAn8BJ79fhodSPCL4R,450
qcomPRNPVzg8q5fZzxbV7hQjnX6KjhiPbFckvUdNLxDm9rj,450
tt8fi1wWxeEuXpRwLf5PTamhLufxb1KY6G8B6dPdyz5TFmw,450
tjh27vSt63MqA7wPkrhSu4apojcYZVkoUsC5qFA5vvAL8FC,450
rccfCCgVDBTRmevTw7Z4teJoM5kzQGjdcQ3xinKBGNqZFSY,450
rfFgtyrrcFjgGFh5xcB9BHeEuCTLdguZcCbwq2ugbiX1Zsz,150
q5dj4qEBUgYjvUq4Dd52FEgyj7KXEooaEgp4pYheb7jAUv9,300
oY6ZoBit28jSPjsSkT6Ewp12Gywrigth42mH5mTuUwTBy65,450
qZcNxf8nr7BbQ1RA2EeXS34rnFDN8vXkoRsCFpiqChBhARe,450
sXJhD7rptKWNWfhbjguQAxiZzCdov3dqQD74m59zgvoErgF,450
snwia6dj2KNx8mdqnUKm6UT6dGQkN8hhqUn3fzj3cNwPivK,450
tnskM78GMUFJYUtBmJyhJ66yFKdKU6Q1xFL27WvyyySY6Ef,450
tjWq82ez4fKQ6VWgsfNA1PsgAVRuJM42afbeL5R29EGis6R,450
p3VXpMufe5VGqm9NgTHT7EZwoN9xCCfz3Qxt6n7ZNBcbszi,450
qfqk8hehfDUNwVrcEbQddFyH8cATw2Ras5D9WosBttrqnUN,450
t3fUrDxLckyi2Q4nuJ9GUZ2Ekg5aypA8fTFQcDTKxGg5AXN,450
rDE4DqkVjxgwLmmuGzuAMWkLqdEa1bw5xLQdM9g3iqs8dbG,450
rkgKEZM4KipBdUCUtXSH11iDTYtSr57V2grRn7GJ6BjpPRd,300
qDWcJNvtiUMngPtjWAFPVAX5qFbqmw9TL8KmqER3SyuZz7x,450
tH3GW2HmqeoWJ7NkGHaey5WYFtjPVJ7nZnUXUU4dv6CEEDu,450
u3XJyN5CrK81SDg3CZFZU2dS2tEo6E8TGMNiyaCtUE749Ud,450
otwr699WMQ22GF7XnxA1Nk7yrJiGDr2nwrDYkyHqigekSNX,450
trsFLJP8NtY1ZWLBX9TJ7vbxZiGwu8RpSj7a9mbpq6FPmY9,450
pfaD3zWKhvjRy3VHdMvxMCn1jSYDXthDif46dEeXn6hNEGa,450
ooRJX5ZUVYWtosfuRZApHLEJuCEAJoZoGruQVE1mcko7jZu,450
qP8VjoZdnqhTHafv55xX9SKh1D58keL35JxhkPx7H8dpugm,450
pGYnqJqhb1ScfsiYEBAgxS4untm1xWsDVMRMcQmquD4HCug,450
rhC9BrwghoV3s4L3hL2Mkf1JTNS5QQgnpi6doR695i29KTY,450
piACMSN6rbq5cvRXzqhyGSzta7VyveB65upksqmpXk52aS6,450
rXTuDfPRpf1rY3hkLwsXVNqGWuKJW1kiaqZ5nNNdNyPxEAj,450
sjdqNTPvYZ5GGgGcdkxTEuNRbKsyYL2PvMTwxVAuTgXX6JS,450
sRgKgg6gJaog2RLavCz9PtJRu2JcPxWuky6fdGfXp284oLv,450
qAAz3XGMdN9XhNtYdzBYX67ufJ2L1uwYGS2uZgjs9PJsbpY,450
pCk9pFWVSY54xHGnHctwr4sC41ZJvoVKBMFGwDTjHJ1B31A,450
u1BywkWK7w5marur5yqYkgr1BVrEhk6SMUcM9aRUQUDed3i,450
pJu1SunQC5KN7GkFHkZbCzW1jB1z2oy8237jidGyXdDhuuF,450
tBmXN7RYcCFuGZTgTW9mNNYpUL4iFH1gPg6vKrjC3pm1sJM,450
t6qyGw8fUeVFdGjT83oDU1JTmgSeYfhmqet8djASv3Qn3WA,450
owenQhwncRBcKhG5Z2JYyoYFgATBoLGzKjCMXSFvmuUXgKF,450
rkbcW6pRweRvHYWQHG3RNmdoCp54mDAxhmqnubPmySUSCSx,450
sJLQygciHMFhFU8rox14DrPjvhzqfyRSivuXuDHgXKARDp4,450
t134ktXEkopoGzZoGMuKs5fG74aaPaFgz8pABaMPLvcehzE,450
qnkudwykmLgPHFv5XmoMtxpPJGhAd1mr2in2dcAVg6DNvQn,450
pnxnYVy6CnLsV3JrqZBZXcK67yBXf6kqty6wEgcyts5L9Qh,450
s4u8ein7xfsoDCPvER3uYhoLZRTXHwJ4GkdnMTMRKCvRNNT,150
tboEJWzXcoAC9odCEmnSCPSbxFnct2jjxzsDsDfiwTQLggS,450
rCjaxVMDvZJ9JnMYrcouXTtF4b5P5qb6BmvKNqUX5NeuChb,300
rUNqmf7uhyT4bZ3r7RsrirQPtf6a3Fzh8u9EuKv3AqWw9fX,450
oftZRkZ2wCv1cbL1po3Yzhc9chySs8umhEmGCidTApw6EeL,450
sNdQMbyPFdRYJMs3WYyE9QHn7HpRp1SseoafihWY3eR9v6h,450
p85zdFnanXGTpWVA2VAjJ3AfWwXCBtsX3aikFR2VTR1TSQN,450
qMRc2vKV51kips2qbfDpHZqjco8Su9hWSjDU7uGzyi4XBPx,300
ocz47tzXQqHb8bKKsi3JHt9V2uvVZQZTJ8ekyLVJrcfw6Ki,450
oqmmf5NNLSDuBQB1CKWX4hxeuKwZGNvUkmmEh5oLUafQFes,450
t8yMoX9A5yaQM4YmpsFCSprAj6Kxe7sBJeensWr1t3USkke,450
sNz5RiWHJtYLFmD8F5jsF46VMeGDxrK5yNSVvKbiw3juugo,450
ofK5zrasinwG7esbXejSqvAqLtjSZKe4xKhpfr42Jnv9U2q,300
qndmbmz831yL2Ecfudj4n1rMKKRmgHMyW99JWrUiKnyhouz,450
paAZ4EFzdYETwGv39abkDXJo1Gw83hLKRHQdHnQrPn4vBK8,600
qkiWCcyhmiFLL5VmC2k51yA99vetxuEi8uk8umZBX47bGFY,450
paD9W4ikSBZApN71a5ppq4ct4WaiDxtzeNwqmo1CfsitRy2,450
qCpDh8Q1j9a2RvjM4VqAn3TWFS9rAuacBVDAHnCVmvtKb9p,450
qwTUVNPsXWxzyUdDhiTuHNqiMh6juVkGZXfmyu3Fvp1U5Du,450
prUSDtm55Qcwjkib6r4VmVeRkKhLnpjAeCLDdVb3mjZsxk6,450
s6gL4fFJL6BCCEebwoCNVniRYe7iem8ntqn4t5WKEBgQqPR,450
qV6BMz7xxb5Yt13Hpe5noXdoBrZQtez3JFAH7Gp7yWCm2By,450
pXd8ywvcDpWqybpJvJiKJowrrMGCNxEmr7mfrbR5NZFcptg,450
tdtA8m5Bgo1mqk4Yuci9FkDPaWdSNcKHuNoXTvu2sSjQ3bu,450
oa8tsQqKdcLXfCQT2JNf4JCovsBq9WXysJ3VF8GXHQmGCTS,300
pUnkHxUJpD6pHgNFd7x4cDe6PtG2xis4N1HmfbdYvAziy83,450
ozRH2nQaybn1wQrzrhZgdX4aEY9wAA4Qq76MBoivZ1JxfZY,450
t4W6dsKicQHryKdnwJe5T8SxP387dMxU8sRRcNKgR2PJJqR,450
rL5ciGC9CCm2R9zF56aVuixhqvpGsez6DyngoQhsfNL3tQA,450
qP5gyTU4WbkdkPaVHQmVQMUzGNTgWXrRi36SmdvWBGKf5gp,450
pXLaVG2B98JRtoQYgMMWsuqChFZbDGXZz8yEHVYzPMPtDrv,450
qCifGWS4vxqBkRkDejZ2nitmzivxNmpNwjWrirStFFYzWFm,450
spZpFyaGkQu4vhDwFUu4xrrFrL49JS15HpdLwdNJ5yBL29Y,450
pytR9wvJq8XoDpkzp4g86hDuZmXv5iHYKs2ENP13xncK12i,450
q9q3qMtYFoi6dzWEEMEnKjRA7cy7WUVzTKsb22c6rERFn4M,450
u1JQ597YgcPrP34So8QFitdGwTzf1xWbMjuYesDUBfGvGsd,450
t3qk883nbioLx5gVSjXnF8kvFU67KoViRqzMxQoe6rYj8x8,450
qM6AZe7LErKSVEzBZScshZFWTA2sJzCZVzmGzLivs7TUjQZ,450
ts3Bwue7T1B6dHVvejzXmEa7BfM7Vqy9f95tuFoxXJWAfnN,450
tjETc6pAsadgBm1WGbkqLoBBda7JoJZAWSeU6hzZbMkfBAv,450
pr16QdPB3R1abs1Bgb5MpUsv7A8563f3s2pKgsrK4nxPnth,600
qSRp6YWTByrkvQYiBqYxfpntUAXEsSnCg3oeqgMyitR5Y7N,450
tVzm8dfbef73tg85NQRKT2Jio1Kc3CchkugB2MRZ6rYjVSx,450
qUkSLRyTMqLGuzHwGLKGW2LC6DMgBCKP9E1CtUTxegMGGk3,150
svEjaHKxT3j82AsCcShgdYjd3Em3xHAnqXwQ6WfsLsMcPxg,450
pQRn35JJ2aERMYE1gqE3b5ddfZ2XgkjJwp5Te891kHXtVh8,450
tsWwWQCFdghzyLHHmQi2ucK95RorMwaM1VyCgxTumwZ3jYt,450
tpGTxBuFhzQiNb6dg9UEumdAPUQ7cWtxZuxApHaJXRx1BhG,450
oiHkLRWpPRNqWGrMdP4xkhPvS1DUEEoMf4MCdjTi6PhHgfK,450
t3uiJBzQRAwq3usEvTKoJ5weXQZf85d38EUQD5XYYZcDN22,300
r7SjCKjPDdTXKwQs4XxUxxKxAKUuxaNFxiZQoePzKWGMYU3,450
p5uL41QQqu8oR9toy4T2S1L9w4VbpqahLhs9fCH64wvtN75,450
ryseQ25QUKZ1w8PenvQcyZTSJ3ZxAYwCjNoh4bqJgDGZps5,450
qc4YbQ2igLEhpJ2qQdzuGP5nprZsK6ZR6AU6xCGhDb6orWu,450
qXvqMw1HwA4SeChz3pNevUw7e9wXsiKWPffGsjLrBvL7WFv,900
pwnJ3gcYBCh6pbQBvudMRvhG828YSufVLrYgUXzCmqFKLy3,150
sc3c4sTHTZEgiFSGuTYoWg3XGyrTMFcgBPKJeWi6NRqmxYv,450
rRREkpL4NYST1n6Hj8poVCfBcCTE1AZhf7YJohVdxJLio35,450
sk92YXKbeoaEBaxRS7H45T11dmu8wspsXFkBMq12m4aB5BZ,450
rHv8d4JgEBLgvffMCCQSneMBerqcH1DgrzqxvJ3JxuRhV6N,450
q9wVMXPz7wD8ZXndWRprM2rL9qV5osXietNskibbb7Jq49o,450
oygo84zSnpL3h77iisHxVTHeN9UKET4Z6KfdDj4akP9M2eq,450
th7CVh8C7MushyVDwYtgtbbE7KN4XzmZXcKDMuRkoEMRjy6,450
qneZeHuGhukQoAhbD5cMV1a1Di6hH19ThCtis3UwTQkwPia,450
qk8nanQ5XvJ17in15xrBYdZJh3bYFpQmUh2aidXEqXvMsxd,450
sTZyXamKGMrBcK4ssptoXKXpMscpnUcYjBdVHAyxyeuxKPN,450
pgDu3N4NH2bZkwGy6XGGuxr7mVqZNEYoyHLipGFVhncoooE,450
t158LqrXEFybzWu6TDWuBNntccxvAkRYiJvrwzV1mBCVKDz,300
paTvEvoBXpdmhDNpcoY3X88B3H4NgGEDFV2vc3eqmqwXpAa,450
rSPkGEYDy6bzJV18gti8RHAVF7GgczNLEc9r9JxgPUV4u2J,450
oSp5EoxKSvVE1J4zvPsjgpaQZDbfLNGZtKupRxCz42tFwFm,450
ochvc2u7cT7gcXh9TxVtDbK3mmTNmZgJyTYTmATKuhQX8s4,450
tWKPorouxvjs355YjZQqAPEYuwBmdDPa1YbZYuikyQ5UhvK,450
sXHosSQudNCqCZWtL3rxDQCZgRF1vjAJRocGx6mbYFnvtME,450
rP7Eq7YB3DXNmBYQXPxCn22TabSzAZBizkDk5DpebwmMhyi,450
rFtGvWkhDgeZ88p5wmd8zcbtNXnvHF28bR7DDPgyjgbaFcg,450
tKiNjQWN2ETnTmMBXnpx1o7pNL8EGS4tKoR42HC4NJVCHoe,450
oMPtzAECDTAZhu3zaMxtJUxJa1t6mxiViyq7WJPmJL363bt,450
sLBJkwYqVoyk7yiryhUEHcaNAQBD5n5uTndF3BJ7ZHqLjP9,300
ri55Ym6ViEYJbFfw1tuegpffHKKhViJVSFxoG9gKNyut6Tj,450
tEPzJp2gbgbuine6B4LnekuZWtz1exgodWf2suWNgAXdyrs,450
r2SWvTAGTM5BusU1x2XMi23HEvNtjPoEXvXQefhiQv1ZQVo,450
t7VJnxn7CodWxVcvPCwhD5qg6p1xNYGdRdceXwaSDKcdC2T,450
oiAQPLUSp8tFACtd2xYx5LAvJQy4Tz7QxW4gS25se6NSd1N,450
tCihc8vZaMLbNTshi3XBP3ahtcSiEuVGaoRbCQ7k7zZJkL8,150
qDCgcSpPmZ7f2CtPrWNSoUr9kuqbUdVbybuFvABxDVJ3vtD,450
pSWtAtBLzekXv48v5CDU9UKRevvJUvzzdtSrek1f6Cn1m9D,450
pPvqATHUqdjRTFU8JyCspzkYXC8aemxZcowJjhdhH7FvncV,450
p5fhqvwLAeTEKddFW7KQAXLoD9rRoSht8cXHcgHkjYL1nSL,450
sviy6vz8Uw28V6ijYDTzQZQitkmwCnNuRS81rfATuNbZcgG,450
oyvVerK4Ei6qC3NH9U21VGBaDUPfppy8VVSVBzo8EduzT3R,300
tmkuNghWixcbNHzhjJ4fLrGufSb6tfM96PQWpHwbQhLbmLd,450
pfymHmqLxs6LcypNQwd83YDBdhBtZdsgqFA76QXtnoYtvec,450
sA9pnFUv96dCBYQGBtnnukkt7cbeqWA7ud3hz9H961bnwgR,450
pdaSiY4tJ3X23kLRqXqTHGhS6reELa4w6b1Fs4DzmeZ8Emj,450
s9RVWofiQAY8PodiWx7dVvRiNREmxXrvw8FQGU5nYmmTLpw,450
s6Z8EpjBXt7wp5afutXRocgyvqLsXHvTzyRqiUk4nWUhndL,450
pos7KiQNEeaHguNzeeWd35BGwvzv5qqVZHf9Dwq1pwJzG2j,450
qjtXR5THFsB12jshibNxUkciHzEGbvgtU99epXgu5KgkiNi,450
rRbeQN2AeHjKjHH81a4waucSbyKMfmGnSn5q89kqysdkmQ6,450
pg5k4gcAvJQexjjwdvy3s8W7e7uWRbCVp2827x7qNL6LQik,450
qXS9et8FcB9SafTpnf5KJoEtUAaDYFu8YUkfkBRBNSLAzRx,450
rUd3jxKwFyu5CvFDJmEZxLN6qd28bD22gdyzQrsf4mjKjWH,450
oqq3zm3fNyo71vSbVpoFRg46qTGWckYmUpuBtaLsQxSRgsm,450
rt7yTqFW8P28FUXh1URRdzBfY9RgD7NdKB1eTrhcLKShw4T,450
p522rSLnjiR9TGJkNZNXuFxbfkimJByGD9Dm7B7EEqBxYAH,450
qnYsQNDwQn4N7M3ka3kuYT2f9aivEaKex6vLdHFUN2cDayr,150
scPsrs6oMpzXNqnJtBGKSDMYgZZvaKb5rNYnUHycCoRvBmR,450
pJNkc4vk6x1HJWB63NpAEcTK7ccHRJGsQRZpvb87eFYmdiT,450
tNZk7H1BwPFqfcJQxbErPWSbqQ8SVi5MCB9VfVPDEVSHKoQ,450
qX2grgZDxkSQmYwrSc1qsiEbYm1r6PpQVGbp1k9hHA5Attc,450
pXh2x4H57j4js1V4XnSpHyGBrDXRo5DeuEU3rX75rHrA4tT,450
sEogaHroPwEvu3SdzGp1B3HXVwbBiBcMoYY2Cp2ppsTBWGZ,450
tv5LFycrp5UWfRP9x6kq2NWStNH39V3VNKMjBhLeP83LSQ3,450
q5PfBwUbZgAdWWRRq5gb4LPo7ZMhdUXKddR8prDmo6ZCxiq,450
sv4bLC7EnvSuFyvhXzHm7QvAPs4Rp6PoF8F1cW923PVL1Bd,450
ri76okHD33qfpRBwic21qGw54UrRmo5ro85DnuegVMCunRW,450
sxbfHJ4Xd4HoFet8ZvUVcZJKsug6YmUV7Z3VUhmcqoLpY3s,450
r5H4CMQWLuDinpc7UnQmbasor1R6bJSgToSFdUKL2zKwoue,300
tHKVdqAhPMXtg3iSvWF4cKJqDyZR5GddS8iZXka9en1WCoP,450
qvn5YFAroUQLEVUr428bKzPJxLZJrLj7kMJT4fcN1NrepCC,450
q4uwc7KBzwrSstdYUvrQH8vUX86LEP1Gp3QkVpPSGQWjjj6,450
tX3Xor8M39iyzZ1ZgTyk6q9cRpP5YJKhSihKqmaHC8GgnUe,450
oz3JPXAvFpcPqckEg6WHXQxBehhNDJfeLQeJgNsa9ALcXak,450
sxcn7RJhRBXwyeHgyCxm1e1MH3cbsWPeS5gJY2HAvC8Umty,450
paGAbCDa4EPofFvcDwKv7pQp2zb4s8HHPcvHVEJ8prMBK98,450
oVWb3Ra7Gi9iayHhwVyibbQRtxS26WoxJvFm1DV5AX64QVc,450
oyt8e6a1TeLs2YdoQnsjZN63otznXjWkuZHrpDsQi9unau2,450
sFKumz3ewTazi2dZDu7AU36At7heeUuU4SGsnsdkSt7uGPe,150
sBzERnL8aVbnzkdbY5y6zRkUKK9viUtYPgugVhiHEbqw4VL,450
pfD3EpZaM78vzMdZrytdd39gdoHjawxcxrpdQGLRSqjpgDz,450
qCiTtaVtRfdnPS2GcXUY3378a3HcWscx46kNurR9JYWiwtn,450
p51ZdxMsoaAM7avAj8d4Sg9b2hVEMLADTVgNSeETsJaZPKE,450
okjpiyA5KQV6vPJPxwFWyNgUAaN99dwK5MhGfjw2wNzkbjV,450
tjCb1rTph2Np4nMzL9zjVPxC8n6oYmtBSiJLu3oi4pr7zev,450
sFD8xAAAd412NaQN4uyeq3CKNLn7hftiEoQrwnESyHdQGpX,450
qnmDbH1yhahhXpUpCXE3mswvKUkz27AW5Ee7KjfKmfPXtBr,450
phnFnqVcgySCKPQoNhQnjEz1Q3xyLPn2c3UUsJG4VtHAWYz,450
tR75MAzFNjYXyJgGnDFf8kc5Y5rwQv95QwNqF21HFT4Gymh,450
rnxaTWYiPx1GyiAf4sDTLYxVfMZepYxZ4RXgKkqExMZthnc,450
odQ7DBnHUdu1nkbPuR9evCTbVCYSajYqjfirSSHZUMUpSEB,450
stSPigHRmMHdndyZjczLrExmPw52sT5iMxt5m3RTRYJJ6Un,450
oVYnGHveU9J5pwhTa7zVXf7zEktSKEGP8FfNzYXrXCXhakD,150
rqVoC7CFb3opVrDvEG7xfPqUQSLbh3LQDsAoEc8rb2fPTEs,450
s7cr18k7v1PbGUMEdvjiBue49MRyjJRYbmvF8yPz3sujt6S,450
u1rPA6dqcJkXceWYUXbqrzqSN3snqLo1moETRgT8r1SpUcR,450
oSHMtQFTNQKoBDgEFcbEDQP7CzG9zfpQFfxjEL6axm5ELHs,450
sxmYBGQN7ANcFfVB228opaFbvWan999YnkKWUdNvgLSaS5G,450
sWK1ydnq7kUvUgtWiTjnmU6PKZnEgSK2G5uf99DHPrA4wSx,450
sRMotFNad5o1KrAFEZVxSkkLeonx5nrzwtvrWwsNFStdkhB,450
qANvBdWrVqXhUvBZYkmAfCGfccsZVNDHjg58LtrP1gMCQ2j,450
txcMXfxwn6fsF7SKEC2Xxp7PX7fGNYAHz7meCTc8rtP1166,300
snBWgaFjmH8aDfa3EAyH5ppuGmL6MjNG32qFBmkLrDyffMB,150
rPAvZXVAbSFjdnEEhFi5nk7CYhw2awiCK86knZjhHBJxrJi,450
tHBURh6sd4co8m2z5tcjSFihnSCtTxTb3N2W3uwvDZgQziZ,450
qLkt3fJybHP9r7965YybYDfzHcLgyfMmbiWMBpKMAyQ6Wji,450
oSJtNmb43tnJBKXfkeuKqwXMTrBCPhuud4fvVREE4jTrM1x,450
oJLMZTk64rJaH3oyRtbHHYb6fthF8i3ddZB2nsE5WRj6kve,150
pA9jhfgPGNTNgh7VvB94pdU7BBMPECCW8YxSMXMipTtrsWR,450
t6bpwS9gdm4ie8zQxxxwnk8FHBueNmwaEqZe22MjuvV4SMA,450
s9uNceDmgr6ifymTeoZwuz1KDBnS5iPMPjR19W4gjisKyPL,450
rRPKvqRLSygqcm4E1Cm135Wr1Wz9pum8Jpr2KSDQ7u5BVrY,450
pvo8M7vYvYJQ7ymFxPThDMf7XLfZxRyyeCeF5DWNBgGZ8CX,900
shEhpoyDYKi6UqWHvSHe3v83xHirBZmwPoEvqPhBt5jiJVA,450
oKCAYhGzRcNLgjVYhKX7DU2W65rGVdycBtipLDew1AYQEJ7,450
ofmGVD2npDtGu9dehM8eg1fP7xP7NEPjs5hfxHETYWbetM3,450
u1iaVohprV3wfsGPptdsdx2WtB5kjCNacyoEGDANrrAZYsK,450
rfUamqSGGNubN5LH12nPTTV5bxDLXhRQxBWCDG9AnhFT39k,600
pkEnD8czr9vxqv9y11bw4iYVLWXuyLPk9YyEr83tXvKUpEB,450
rvB6A6fxT4isztSHa1oqm2x5XFikbXmf7TLiYgYuSaVASe5,450
pYJemkx1R8SsiUmXCnD2eEFn9TZPXi2UeXSwtXnJccX7Lqy,600
rChrh3FdP98ppJeKQs5YqvYfqUmQJSwRSj6zs9YNefKkkEx,450
tqAMB4QbQVejky1P7KzA1ohTZhKb3XEHAGK1dnPJfLGS45b,450
r5RSE6CoWJuJmihDu2TJ8faw6FpX3uDpJ6rgvteFq3B6EMN,450
sLDSZNUXv1jkX78tHVaGviZpHjCkcUXkPkVPvsACFqyij7E,300
pPPT4VSCerfUQHjQaSdLBgTbp2DNDALGUXTCW6WUiTv6umX,450
tj6K94WvXRPsK7xo4mUCmFcoc5Cf9HikbZoDn3QF7vFh4em,450
pCxeA78P1ABZMBbZzwpMHNHCBCkenXSBUKK2VUkVnTNjj3S,300
oVGwxCPbGdsYy8hdFZZAWxFvfY98yGV3t5AKJ11q5ommUiu,450
pAziUnwQpTTjbwS3Wvq7L7ntjgYfc1dckeqczSnCiUzB5T6,450
ofRVVN67nFPo8VTB8JBT8THGsLkkRLZqcjA5cobQNLHqtiE,450
sZhJSjFJpnFQSoXAKTtG9oodgJYmt3mLEuhJVUjbH8JMKXX,300
oPni4CwdE85W1sVYL6pzeswq8nVrghubQvPT1Cn6vrDar4f,450
poFsVNYqCekoXdsX3jy5wS8u9Ckhctie7y9cbiwBEHVR6Yq,150
oryscGcHsWaDeX1HFRMenApgzCe2bq7FWcPJCYnrD8hv5a8,450
tBhDP6WLkFumdxnrbSH7BsXhNYdDKrZaHfV9dL9df5QN6zK,450
oVguE4sS74FBGTPaMiSCnHaKg4oAjQV8JcpVYRStRjcemPf,450
q86NNZqvEW8AYxsBeSjTFMbWGeNBPrKtUmBa5BQZY8b3BpE,450
qGAD1C4aSPwdzTRvaYWk7mCtosV4vQJ2RZQShQc9y1sgvGR,450
qyiocTsebqFMW3eSFfwcExXNEYtNztE8nCL6G2GQ3vguq59,450
qnYWCQtd48HdzSPAf1La4fRRCszrUrnZCaf5PTbmRet9E9f,450
pM7AA7T1XVauc2W8f9L9ADZN9FKNwTX5rHo8rG6kqwSX13b,450
tgzBcU8jQSypo8pz3bHy9EPxLGTrjJxSzEnTjkvjkuQRQAj,450
rX7cdv85F9bfMshB7QsN83L73ecjJ3pW9GPMZR9YmtGGBn2,450
s47wz1eEgpyDmk8PU61qGk4jWkkdGjcxC9CX9q81VQhEXNt,450
oXn1u2rwfzm17mdZuWwHAsBVZqgj8SPqTjNcZaXBHJPuDCp,450
rjbG2uXnkD7X9Z4UYoD4A5YP8Zr3tjBqg3ucnYAEQPRmAZ2,450
rCsxzgD7F35kbTuWmRy92U8yvd1u4hpmu6iJppUWTsiXfQ1,450
paTPMFwKNBcyV3LpeAb7su4FGgUQkRVaUseKtinzmZUJb4R,300
pmF4noRA3adTDWcwBx5mTR4VSdHDdpZNF6hhUg3fSrcFiaR,450
t9vHd6GstVc3hjiRj8GoyTiW6MbR5Nnb1qDCwyiHLVD7z6F,600
tHmfUmLTEcXM6pTypbAh5BzUaEwr77c7tkDaGEp4BCXhds3,450
tL6C2GfFZSMCNpj3nPqYiBt55Qu49LQZoGvBhHcdav8Bcov,450
rfCY9gP7XMXDX1GMD3NSRXFhvmEb8R3tV7ojLdsooezuxxf,450
oVG3hMCLHfP16RpGMMBneCmEPjhDQsjw7TyR7WbVtF7xXRS,450
sS3QJTDLHLeFTWUL7f5E1XwRbEVTV4SjZ3uh3p9Nj4fjY2f,450
tbdUx33fPMXWavCUkbpCBAjucmVvs8QLTuKPjTJio5DQLY8,450
pAZsWUSJWXuGq8YJv8QFaqh279LPyx73xH2YeHMZb2LpUd2,450
pm2Rm8QKJFzt5KB8D2uHay6GVbKHjXNyrm5og1uxQQV1JhZ,450
r2L7ccyBSn4iY58thdUMqKpVNLfqpwD1TAGKZX8aeLUNqZH,450
rZ8fhf2EjEemzjP9dKnsQFkFDpGREYL51exP2CgQ98TpXzc,300
rPEwNPLXPwxw5kZ77xmU769Dd1T65w29NEX1QrfTwCsy5dD,450
pXrPr7soTmdWLHY4Fghfc44bd9SZzYEzLhzjPFqRAD46CyY,450
sWtHon2vqWXHNswzxepXhTmkLA1Zy5dLyqgLCxchAbc4KVQ,450
sUDGQ1UnQPdU7qbzgFVrwtLXLhrYPKJ9aEKaa61kSDgWfyN,450
pY6pBeqLjtPYEmDvcNjbcz16PDcCLbPHCmkyFH9UAgZ9pTf,450
qqUgNjrQKJ1FHqDNQR98cSr6paXms3hm1DZXQmqhbFFEHM5,450
tUBJmig2V3uf2XHhfjjBeCk3J2qAXgXw3Jx3e5TYF3DH9EL,450
pLnRmn1kLjriaxjd58g5om2tt7mjMoDKaPNzeJeeXRXbbox,450
sUJv3XV58LNGzhU6YyZdYh5388YDKcwZ6XoZZzZhxwYeQ6N,150
pBHsSJZL26jaQjkHHpSWgiB3z432XFw1rAaaqNc8TyZS6ZJ,300
rSSswhhgTbx1tTcQJsx77CzmnTyraEbMfi5zEJPaS8gW7MN,450
ojASqkA18swo89YgYS4xjetvBDaw1NMUd48omoMMP6T2E5R,450
rkd21H3TgPe4bMLjtHeBSiVRSdxBWG7nkYeiHoa9RgsREaT,450
tEVoG3qcgyT1Vu9VQx2sumcnWhwNMAaYdM7E5gRXc8Ajwk1,450
pf7wWmFWnLSavsPSx1xKKFC6ognB4AKCEEQgzhcTwBrNBP6,450
oiGAA5VNPz7phqx9tnDuWq72qKDbJ47MrND8EEM3NpnN1A6,300
rTsN1nT5zK65X7bfc1ksW5ot3CD9FrDXcYgF8HxJifVe1Sz,450
pyZpCBxsBdXdYtX3XWxucBpaCVcM9N3DebN1KKeWpKf2QZ8,450
qMN7UU8cXM3dCMFySvdCKvBXKL4BJ1poJuM5xmRmxr9HaoJ,450
qWyDTjAVZhcvZKPzw4m3v3B4Fqw21U1BtF7H8J98wuzX3YV,450
tF4ZvnStQgEVgwQgh5S7jWGVLQb5nwi4uzPxoEcniuRcnDx,450
puHo1w9arJ8shNoQjJsUa3ZHiVCt9gCfeJfPgW8RJtqVpTC,450
r2q5RCR5CfGoERPQLUbLCN24UrKTqGF43CUQENiNQKuz2jj,600
tRooErA2kCqpoATyAXtzCu3bSxLGqvC5cq5SzV9FFpuHZTs,450
piUnefAF4AccD4D5cNgW5uGpF9S7ub6vr61iqwdyezn5m19,450
pSqRvZeSz38PFNk1WdP5axxMRqYYsmNAiqPXSQoymKAZ9C6,450
oXQgVRGKjPARXp6eu2nvJz5fjxurRAL7LAm4igcorXeSuZ8,450
tpSzCWtHYjGvST9vLV1VPapQ466boXKDJLfh83muiiCjedi,450
tHjaQwYghz4ZnUVYFbN7CPx3SGkrYPYgSUYuoyP4ayD99Wz,450
oaA96cs6SajuD51GFTDX6zXE9QyHgZA2ZHPqGDHvBhQsGV6,450
pMAFiYTXVVqev2hLqvZqFFTjKcbVNmKZTX4aff1yMgn4Vup,450
ra9wLxoRM64a5btYGUzr2qJRpVuRznnz6d5H4FomsGcaXX7,450
qUAYNFTTsSXNYjYikmvtdT5qUoTcKHPHPB1D5kGBCERWLiL,450
qtqvUPf12W8QZLs4dewZFM2TTsMNozKmEFU3vu14uD2UapM,450
oT2fDqNHzwgv2Bm93HBDK1aPsmTDoM8XCytexb13Pv4tUfP,450
tut7E2NoXfCxVRKekgypjAVn39dSPkXkBFxZXGBxaDZHxNS,450
rUjeaDdTH6EYih7ntMj7y7DatFwYakSL6vjtG7FEWC1ck9G,450
pAkYAp1qVPrhVHUybVEVGF26ew6jgxUq6hVwhPfvVzoAj1Q,450
rWkYY8YChaV7XRAMydZkMWD3niMBEr2dpu9hsyvTaY6cz78,450
rtZYyMKJ9FV3TM5yp5jampJkxqs8BczWiyJqGHBxUwPejDY,450
rHNmfCzhDdnnBuHAtKNwxdWa92tV5gVdZFghDYy8xnagnqP,450
thJZq9zxnKu7mz9dmdKAY7u8cvavGa31jwJiSvXLfowy6ds,450
sjpBtN8BTgReUweRmxJAF47GoH6EugKKDQbmT59ACxx4n6B,450
reMqP7cDcVsQFpFxJS8vQmQjBPY3GkLxy8d4d5viS5btXnP,450
qvmosSDc7TC4W71uiP3xHCWHezwFSAzJyRGZb8A8kBVS8XW,450
pFhiVoa1ftn2PtcU1frQxLhDZdFMbkSQpKRYPRzpFNxreJW,450
tTqgZqc9PJU2PuK4gJSoucmcTkTjCPJEMBHUUFFjVurdRF8,450
tevSjHZVrbBWBwKChf7mcwrmHVaNqA7RbKzf19rfwYESaKp,450
pZmno5c36f1KeGZVGCMgNBjcuecXgCaE1sy3Cw7rZrN55jw,450
r1vHiBmr2x7kvJHna1waSEcR2E5ma7EwJYwv22pHM6Mg9f6,450
pqynp4RJwBUGa8LRUEgCRaweQ9Dmc5C1G9VCZoE3CNhnujH,450
qFnc7Q3MnHp8z9LSWsZC9ab6BaE4cNgAX1vSWPegcJRiVBa,450
tL7hEo494cQ1t3hfKkjq1fjvk1QhFKgYZDaVRYE4FYGi7ad,450
t9jtroGFuq9Zgpm54ATBgREER4t9svAPCaya874EZkZKkp3,450
sU15uHhXVMxeRWVJCAxCjbcFADM9w9jY3onshoTVMf5VY4Z,450
sEkNaM61Lh4o3k6HrU3qrkxwAT7Ws3QaWQEGJW7f1jyztNS,450
s6dU8kYNcjt1viLQ6tXwMVAKrJJpYPSBJM3WFBkAadArs2n,450
t1rJ8Y5An3VrE6CkBbc2TgdmT3RubBh4fWPWTkBABf35Eb7,150
tQePowc13Huka67QXm6xE1F6QzCuLDRW48LnEJjHotUxnft,300
pfV49J5VxT1AA9jTLcN6dnQkdJsG2pzvMyzm12dw1UVPRLD,450
p5qxydCDaQhZabqZ27xCkHA7x4mwUe8F1ayo7Y8iVoHrJ8q,450
t1c3EAeSiBNZwJkhpD6DCPJHxVRAyQ9JaYiUmEm2jz2FBmn,450
rFd17LhdunktCMLUZuUkBeD17UkXEDZ7wzPD8mepCG7LqMR,450
tnieWdvzUGJnJbSfD1nPJJFKywAtAC6EddhVMYmS24bzC7W,450
oaXfgUBEXuLBg3yNesFAauvHjkGYq2heqZRwDMzNh1EcHXn,450
oVamS6kmvqZwwDukqXPaA2KuQLGGKT3mBYWS6F9ZdbUKydG,450
tWtkJ8cbUQrd454ZCDb7w8wMNzv67aa3pYoAYUgsEn7hnst,450
qqbRKxgJA1op8mZ2XTfVFbLouWZH6nxHnk4hZ3wmUFofsMJ,450
oVx9f77rkx2BAbeMbYbQmbgw9u8Sf9X1gxJxQCYWcgsMtXD,450
p8hsoEvtTuUS6NUniA2m6J7pJMUpWW4r8cWuAecLi1BwkY4,450
sf7hp97ggpeqUw84zYGNhNUnnb3954Mvey5wJcWXgB9VZ3z,450
qtPEHZcuYhdYWieGChekm214LSkHpxTaTwArwbya4f1qV7C,450
qJKRpPkh4sHofZb4G6MDWkKehcygdfQQHMmyXsD8S4syP5B,450
qY47Rnu2d3qjtN8CkTWeXXqPhCBXUs6Lkb2p7mRbtaLakR2,450
pkeZw5koLiF7x5LwTSjSvWZZ3b7E2WDMwZYu59B5qinfxU4,450
pJx6LsuwVpKFV1Cn4np4j8gapoJtGqZfMdMk7nL1vnjfbXm,450
qSMGWriH7sd84WUkiUJULcNwkxkoB5sfJpfZhjZFvUuXsnR,450
ozornR4MAHEgnnHHsqS5ZRzbu8vsn7RR1WdjmSuNQwguDZT,150
s4C8DTpfRhLCXDogDkZqKK9MqzE3ybqc58WdAveiTqMqpZ5,450
oiFQrK2TfxRkVLQfkBHqgXQWpHE2BCmh7ff2w4JWFaihUga,450
tbCjvug9h52d8sewbURWv1dAPiVunhQurzvxCKqhup3o7jh,450
os27WQoharfcic22JPZpTiaRVwN3qxC7Tr9kRwbYibsQKJT,450
qvo4ReTPTdZZFFRYHp2k4TLHSAAbMur1LYUKokHjBXUhvZv,150
qConvpnyxkKGMJTz6FhZdbzhPgUea9bgGF7gEszogRXhf5V,450
oK9cdFBuzGyetoAB2qGK3qxrJkbSiuLiij6DfJLgkbsgGiQ,450
q3Cx1WVgrXtvQJKQv8zGtwaJXa4VFL8MxGeTT1aYRQiCDN4,150
owtUBYPBD7s4YaarHyTj8yMAgUk5kZiLzsbqtMpaX3N82aK,450
rvADbQ1v9iorjCADanqVvdZ4sjMNmCbSa5qNgwvNUgjCEfJ,450
ooc8xskdZg77GUmSiWVqe12x8YZpJ1eG3ydsb9R1ucWeRff,450
qJNRNEn8fTJs4BPG5caYkUVP6RCKdWBojJNcd8H79C2DQKT,300
piQrHRhfGofkyGTVuySo9kzP2Zqv5926qyDqiPn5PRdrWoB,450
oaphjidJBTnmNqmADPZYUXummFb72iG29CEQktFrjJbUDKi,450
svUG6WeBxMo77QFDb1BJUL16jr6LysBDFWoeqgZnWLomdTQ,150
ssUbh9FQChWsfwfD3xakRYYhV3bUcbvQ2dRfy34n3BUh1kb,150
thJFg4RKAJpEwbL9mykNnpo4GLHjCDcNM8UMSXCyFf5TVQc,450
pCoQHwMeAfQxZoeVMjUoiPxtiVA2UgDsNcJm43R4UKCahGp,150
tKb2yNW1iAdTqoY9huLQWThKxedAxa5EpmAoVbB48ndMkKr,450
rXWzefdMvmGi8x2vupnM1YSFNZ6q6SGc3zmYKskbjLUsSnH,150
sh1gJNHXRLf9KRsGD3BDwWN5JKkrf5GqxBRB44n9x9XsL6G,450
sncEotUJdimokoEMzfbP5rUWotRXvsTtKWdjTLwn2Spzzzh,450
qM1Z1NqjF3MpeLo2SkGQNwFmAr3VJiD2eaPjrPjPZHXA7NW,450
svH8TPLVZgCEY3cfG4qA3x7U9YYK71PnBo1a5Kebz9egaHi,450
qDaRSH5o2Pz9ZUVrhZgWiuuAhYkmbwjJq9ibJ8LyLGtFGHg,450
sfKFgKGboRdpSCM3R2dp4KNeQkJ1pmqBdW4m1HzCzSE3oSK,450
pB3JzfZweyqEmPa2r6ZdhGhy9Ki2CSpYq8Pwb5mSYoaMQUb,450
pB1wLVkDnQ9Sm8gzEnBLLE8qAtW4vjgmAB2gMG5AKc2yjqC,450
sNp5PjKjGj75E2tUaMSbSKAx3vjhb4oDWzgxRkhcR8tKVJG,600
suvpwr89b95Lh6ENGxN4EYQoM5eV9WiKJXrxqg87D2ddR2W,450
s7DvJMP5wDSBbyTTe382w6pyewd1Vc8gUfrptuvQraUxRgY,450
skZf24SjacgYJ3aryqAswPTMwSsxZRw4bcRfTkuCHKYdXQJ,600
ozghPPkY9yF5GawqXakvkjiRpsEei91Vd7qxPvxt2UD8rFc,450
tnJEStdae4XP8swtktnirqKEmiCdgpEU1KCjuDissPt4eUc,450
pmUEvG2d32di4SCajt55pcSYfe86ASoRXcBj4gqZXQKHE31,450
theUSgmw8VHjjRuxrpLi2xDSrFCDxMpFssP6BawuSeawTad,450
oVN1UTfyvUbitwvejdb6gBtKkUQ9Tn7Ds9yZjxRDuUY5DAu,450
rJFM2oeiZ5bsnrm7z1ttscMxQJVQ82prMDVieXwxZXRySqP,450
s4AbeKnvxqX1KuVz11oD36Pn5JKeD86JWvzkRQgDXGcHKga,450
tsP2t72wSWe3F1q1TyCr9CK4pwPDWTLquMn2FVSYhQErgW8,450
pAjs9wAhv4LEwUJEzCJFvjbd2jrcx1T4j6kQgtXVDPXLgme,450
pyu1dEr45CzSKXy9XzmFKuc3S57DBkwvp7KaBfhxBqjjWpx,450
sxiLic39wPsM5RkVQ8FQo6fCcL1isAtLxwNApk1SRhsXeN9,450
tpewVCQ7FSWtSurjedR5k4TetHDBfHUAi9zsZqkhdxKWNv3,450
pQFtTKrgoEVxEW7LVoVWCBC1dW9JCt7uKdnZhoVTMNBprHZ,450
st2KSBHe4LohDkaEb79vPWxWUAX6dZ62ocnTBhDbXWEm5q5,450
rnMsoDvVwUiTzqCetoofNASzq3z7yocv5dSYK3j8ySdLxbY,450
rt8So9jMd5B6BzWw8W5bvwnoxnzEii8NASScz6yKeNpfNke,450
sbZjRorPD4MWGH8eFTEZ8PC9mYn65XWShC5ZC1Ltg1mtDuD,450
tTQujbczpAbvfXtXXL8CEV2mEJcBfVP1oWZamr35rfuQ4qK,450
qc2GqGfKTjRUZA8ovzW1Qwx7NqSk9nPUVijhuMEn3DecaCL,450
scgqHTwDrpL2ViYQM2pJu1Gm9ieahcYCSYjQek5rdUDPKy5,450
rsdZ3tujfDYPNwCrGEciHoipnPECdc4Jq33nabPPLDypKoK,300
rUWC49VnuunHPAYgqVdCRpiR9A6P1qUfwkPrsbDtyt1bNke,450
r1pseT4NvtMB5vPZ1VVyfjQhWGpeNE5iXyvbnt7G2zoLLtw,450
oQYdREM4pgjr9hUQr3zUUWk3d3jZSVmUfSs8r2obsPFMKQ1,450
rcyZkRYo33gkcjmx18TjuUKPnLTMg5GycJnp8UYiYyuVTU2,450
pXjPeG2CgWkdqavvLYwLMRFhcAXpzskiL9d9CTT1hDscLz6,450
pauUrNK24LVVQkYMGDuBygeuwTPUaAafTNzeEermK9Gadwz,450
rxxb7Wx2yvRf5VhTGXoEA3LfWKp7iNZ5PpFsc4xiwtdMk5T,450
t4uhSjzjAGAvbQWxBBmia76ykQoNeVw6gfY86DKEV9A5WR8,600
rXdoHmSfe6AQXUh6GFJe34qG7ht5M8B5Erzdg3APnbF1YQn,450
qye25D6P9K3tsA7JDa2W8obLM3TBBA9rRBuYeX3XxGHgx8J,450
q5oJcRZo2DAss4gXyPJuiwPc7TcpR94ooWrpvxDygKHQAG1,450
tnrMbfUkw9KVTY8bdu5Jwe7zjNJ2kVF5zSHu2s1c8j1oXGd,450
qyGeshnV6XQsFAT8zSkjYut4PmWHhVV6sPRytnjzjEsyJK2,300
p5hSb1o6oKFfz99cs4qpiGYGvFdmkpZB8tKKaiDaVYQY1So,300
ofsoWCi2vJyXN8a3n1K6xQGNmkNJTvtGhhWaWkRVxD5vGjB,450
oXeZTMSuNk5enQR3TbH6EAEfh6cd6KtGfiJqERo25siaBMM,300
u3y46xv6b7CFV9g6S7TdVsAf1BidW2zeHjjcDmug14FtKuu,450
tjJ7JgqjdY3hbDNor87K45ztZk3E4J7TBEMtdztHGrxK6U8,450
pimKWg3EqrXmvU8erZLsoc8tk3sWWmcoPwy1Lsrp6Fp7qbG,450
sn8GfAGJeg8Xsa6sTsR5yMqmAbGtG4A7ikaedz7vAv84ajQ,450
seAJwjS9prpF7BLXK2DoyuYWZcScrtayEN5kwsjsXmXQxrp,450
t6p2N8KhtPjYA5EfnVZAoXhJGcymdvkqTkkZuthNfYj2s8X,450
t7YUK3Tc89BanhvLn8zA3AUx5oBZAwttJ7gF6mednYmt2Hy,450
pJ5kYb7eUuwr7eUteuNwdEFNpD8qxxE7bLf6zDfsTMZLtZE,450
p89n53fd9hNjtpiCeZRcLNzZYKDSUFzZfJeh12NS7QZApHw,450
rjaaoFW5NQfRFTNpvhtwyyMFpAPiAc9sQN7qt8c5Dyp62yq,150
ouHKhPLUjesRaKTNhyriSaWt3Sa31YRKbAxT5YcgKdTxkov,450
rnmq4zE5iVv3YUu2a1uMTHzrumfnxtsWnQY7Xcf8XSQq8Gd,450
rtMvCgybtFmKMS4nnHEpz4jcHQbmuzmpeV98P8FFXDtGLwh,450
sbdV7msZdi3pJczjRjJFQ2xxbroYnuTHb92Qc84mekABqwd,450
pkjMeoxhtbAbK2q78jrp2g3kVpo5VwgNaLtMZTyitNZjH5R,600
t6tnj1PcgkqCMGHcFBae1ZqZNnkEwyVPh3p3C53ZfTatDcM,450
tHTzC9ZkiiFzRiUgcN5iYXuST3ZWGk5c132M4Ad12TK9GVn,450
pdB6FWHfCBTgC25KyydVUKe4M3UNLGtGxUBeA2mLvofSyzW,450
rnHbQxM6Uq7bttbX5nzVVEQFeq3vJ3VNaC6LbCj3LWaWtKc,600
sa1ZpnQDx6zxsjUVhMP3reiZDFL4iZw8wqhmPm5pGAr3S9x,450
sbyfbXaixUfdErFHAjoHeZNGDk8WD4Qw9m68DcFSjmcMTTB,450
sL5SSLAiGUHvk7U72p2jNRJwQthMvi3VEPpgWgmKSkBK9hq,450
pMH1PNs13qEToJHjteDAESG6ozRqn6j5CoKr8DRuifPn9u9,450
tNWSo2vK6YxJsdjxSCgdrkHka3oxGcwxGe7qd5QGVmc9BzE,450
tBuePWYMv9DQXt2u1zURQJ1aCF8ALYPqcDABBFshTpxbUKd,450
odiayVMDn9qKLezFoMpTVjxj9VWBZELqvF5UGQ6KM8L8ups,450
rHTu7ikXpngiG4UcxqbsTNFwJgSZ3erBDs7UdhwsmZnYBJA,450
ofVQ3Gx2vsdsiFryYcw1VUMynbunSiTt4ydgjePwbUipbgE,450
tN4ZcSygXFD6nB4cKDL8LUGaiJ321YgaWdudPtFtN6eB5CN,450
sP7nRFJ9otZPPLvBSAhLv7P8zAVpxaStpmBHMHJntAqWT4y,150
pJse5q9tCZjwT37Zf3Z3bBxUfJm88CBSCb2sABRSvmDHnPJ,450
qZgMdcyTAeKHLThboD4fEZQpcemhfZJ6uD7Sss7KWGEfQ1G,450
rvPsXEME1WtU7q2GfEcyxNd2wCQLbCzfuDRFAXwsvVzcgvA,450
pikLzcPT2TNBb1EWojBYeJMLwLacp4hpSz5tVL8vvKMhAoj,450
qwZ5ygAJavhghpKCgzF9cbsxueYvsdsG2AXLoLzCZLpvpq1,150
s2VhdEM7eBu7nej1c9E4YVRYQWEsj1iFQ1NcRtWmf4DafvE,450
tRaBR3WCNdKgLuDY9K5mBhg6dy8o3T48TaY6ySnJxYgtuwy,600
pPkkoK6vWaYsTevdQSwqAA9sohzvBMfsE95FHGLb3ZjdfhF,450
tskNuBahmkqtL8iEZS64M47BPas59wPTzDjdAYVQXaZkNe7,450
rME83yA5AMyUvkU5YKJgujfS8Dxq6iC5cveumqGYmBP1naC,150
pcS1Bir3U9MVwEXe2N4FkjE81NDFnydCGSDVydzZV1Qs688,450
tRZDhfEWocNaPzVMYt9HoGjDNSESbxoq9o4b3LNJtzdEjxf,450
rExUPShngF1vY8cVm9SWHhyhDwCQHJpkheALxC5zdxMnqh7,450
oJj241djzoSXsCmh33D94cYMP9zfE6tBrQihbB3mQCtAw2m,450
rtk1SPxdMasmyBvasfHRBmzedZriEWoLsaDg5aSbCHfuu9B,450
paFX72hRoizstPPXPjnX9jg47nbxND8kaQcSszVxD2LDS7v,450
pPw5tLsnaZPyxFsaAeh6JbP3JoCJvXZgyxdVfNPXd4U2R1C,450
shoSLJzJcebHW3nrfStbnBvkx5N69PnSicRNoBLriHMHRcV,450
sCB6DKeDAVJJ8HHPQoMECRAs6aYU5pqeXWYSYEzC3KNvJMs,450
thbmMH5dHs7WouQbjnEJjqmgXyeD2NoxuMRHZj5brNAD496,450
qemh1uYrmLwwA2ZbbUFvsGP3ViUmzyJ7y6FnC8z3JS43tYf,150
t27Gc27NMNbZNyMQ9wN3nFgrxGQgKM5DjuoC75xrdpQNMKu,450
rRnMJ4LQ6L4JXe3oGmdC6abGZHgRPw4CmJohPBFMHSG7EQq,300
sRtjMAU7XNXYwEgrxLApJPChcu6TNrJXhdcqfjQeUnjaAoF,450
p56eMSqx41nzvtderMLjKDu1tehbstP761VCduNF8szE1ip,450
t4SGrvj6fub48Lh9dxDbHAN8dcdywQvVn7qs1f5T6nZTyhv,450
rcHCfwCZ4b8srefFTitvuvdjvE5v5LYEGqE9PTsQ7ERsAoo,450
rvH8ekKQT7MSbF3dYqVxH9G1Zqw4gVfXQh77EDLMuzRm4SG,450
rPUG4d7Nn9evnSNXPPtxb8MFmRhHfev7RUJkWiw1t77zkaC,450
s1zc14boaqByFVAsB5mSGagMK6ynRV8WLZ8WwwrhmSrr7y6,600
qVKcv8BRsQtJt5BXKnYpy8sB9e48R6C9rdTc7gwdUyqMwxv,150
stD4nRR89va8Ndgd9FTsRf4ahjBYjz1VoXrEmPUmrEkmXMK,450
otihMbsZwWXtVxztYC1jPszUaYweVsvoBQuTv2fL4HQLLzq,300
ow87GmP1BTi3DNngKLynP8iQKTvRq1BJSpCYWtYCfdfMERj,300
tN4dEpBa9gPfac2Cgk4URFVxcRypF7nGKtb3hRk2mwgUMpk,450
tHy5DMCL4gw6gHxX4chJMkr3VjZUyMzmzxhzoPYP6LFyD68,450
tsnrt1EMAgmQLuh4Kya83irAPWpt6ekhV1nF7GbVByHU5pA,450
q28Yy9PDm6dQe8crANJXT56Y3BHukKSrvP3jRGbieQSp89u,450
rZCftdh7VfdptE5iWYrW2EZKDDYWb8Ad7c6ep3z7uhtgqKU,450
teAQsX7ppoNM9wMJayKr46s632ZHzTff3GBz6v1GZpoyCAK,450
rwM5mfh4auzvemY6F9pAUGi3J5KX8kNpKcx5KwG3rSUPs6n,300
sJLJg2Cgbba5748wKcxZohoDyUHpyR2LQosAQtioB9WUmvm,450
qtDAH8CVZD9S9j1LciFeDQqxYfAoYYMRikA8v5b8z3Nu6rZ,450
pXmUDgC2jN741G876ameUk6Ui8mcpkNsEcPiWMpcUk7zy3s,450
p5PWbbU93gn6hmwgw2c4CijCcRtScQsjYbvNyjARdWLNYVJ,450
pA8cXbMBqZmER7SbDDNqzvJqfhhJrfxgZ1kxqomPtTbPCYq,450
rq56JUqrsHwgnH9wH4NgfE7CffoeciEK9NrjUp7s4KFHXTg,450
qXRsJVcp8GavYNZHPi8Q2oCYzhxmkMajtpE1bM1nz3oCNbb,450
rRT7YXL32NGrbMSAzBFTsFotXbYm5PXGCX5xYd3UqXNC7Uv,450
qMPjR26V6MEELNE6WrsDHFccn9H1etz5Bm8pnY6omfCNQqp,450
s26ksidq1Zr1N9LcnDqfZDZ1iG9EkSLof6ENBnJsWTC9oyu,450
oipW25eKpXbpuxpCZ2B65UtwKz9Q57baV2Jib81jGCENoM5,450
qJUaLUJzib8pyuvJ87cGZupfZ6Q9KFeTHpUJEH1XcxU8BCa,450
tYhh7EH4M9t5YPLqehssuTHTYw2gpMzGEkkdY6iuj9qBogF,450
oajk1nxwxSjbsc15umVdjKJVN7s3CEXjYTXkwhtwETvFwyC,450
tgad3uqEVWMDQ7V7XtF6EUQhYYUi6Q6XHwnejH9DA7WvzWY,600
pasTTeBwvVjcYeBtoNscDkvnHgiXwdqTw83fiPGVuEpK19R,450
pG9F8c7jWC3HsyavtkDCrWvxKZeparRaSG9hQn95UQhq6gC,450
tsYFBp3X8VhDQ9LQ9REdmgWHNTxa7Cg2Lh9ucih36GrWP4y,450
tPEGL86fbCd6zeqHdXV5s5VwkDyupiHNqFJtH4TE9Do7vmM,450
qG2wvhBwb6vPaXLwH1G8GDh1yJwVx4CR4kuUjMo8ijLwFUH,450
tgm4m2hYNddqXdTnmysRkcQGthjDstBu9oahApaDv8fNrMU,450
sPabQF4k8JujJ61ro7oEbktedhJ3qoZHTssweXhjTHDr84q,450
pX8oRBBUPfdhn149mR4Ag2UXj8TaBkhhnEX7eHBdrbp2QQf,150
qqYEHwKKVSNmLTGQkQvFLcPvu9Dt2M3jGtMW1CNhx2JTv9p,450
oQFofJsUtUAwE51dPAQi19gGk3xj9ugH47yVyLPW2WGuMdn,450
pzcRScNG8AaNogjgqUWaWe8yMJPjqtgP4vucnWtk4UWbvuY,450
rhL9fQ3YWhea1UWKB7uq2EAT7TfM6fBuV6MXvVXtq5zXD8E,75
rV9guL9hZMtHc7RVzBBm5hnVsRCNUYsraQ1GGH7Hh2Ue8Nq,450
tU2wPRu1n5q7LivznxmFkMrA1ePnDta1paAmJDuygNKxy9v,450
oKRj11cbTWFMmq9Kz9tbTY3YqQ18teBQho1jAFQGTgqn4xG,450
sH7zTgMNjxw3QwJgYYmNRhaFbAPuQZDWuSvV5gqV9xouQgd,450
sA52ixRmKD7hYTj3HB6BepKFe2yGDG5vB5VyqcNpsXnV1ke,450
qFZif8EUAqJ2m7Th9DaoZe3LBXGaLEpVKxw8FFcoXddLtEm,450
owrkjsBZy4bQUnY68RuZzJu2BAc3BpeGEEXdDbtkEyvijmA,450
prUzkE4Sx2sH8iw3mX1BRMruCZFNQ5P59jWefHfbLixfcvu,450
sFEq19oTCeyfvAkAdxYwQdcCPtFLKNwuzkXmemBmrF44fr1,300
pDnKs5kSKSLEBkzGcweaAapEihmFHqGH8A9689MrtNN6umo,450
oYfP8DkB52YEQ7pu2mUVahp7tD8g6CGjfpZnjBSo7jLYEQD,450
rqYvETz6zVSoH4iBCsS71hfi7HTmNtjCnodwTFjo4UatT4k,450
s52Pikeqmi4UaWfnx3s18wt3hjnjM8LKyeFyQZV5Ndxm5sy,450
qi21xNpLc7BcaWe18TLFnrYYLw94MxcvFVhkLqz9JUMrrRw,450
sH5uqwgXARPQjZDHwmA4KWf4fZ7rRwxsoPKFo1HbxC8Pzjh,450
sWSFLYusEfc8BaCFDhwqHDiKMYG815dvQYYoTVx7tfXbvDp,450
tNrpZU6HeTxc9Chrhjjy8JCG2a5coYUpqgHLaoEJRmmnL7P,450
tWasrtGaSRKkQ8SCkLm53ReSBg67q2nHM9BCMQJSRRSh8iU,150
p2NuyPUXfKd7kkLa1EMgyX8Vruvum46pvB9JgJ5Vx57DHU9,450
p2NrKQxZpbNpZ3uNbCRcaydvM5yTrZTypYod8Wvo3YqSx8p,450
rvVG9YpkmWvGmLYVVXLAJWtE6hU9oYf5r9Qon4MHUVxfCaj,450
oxJ3eKDXdAMJYhRZr2cMEHFGedgfF3yxXzqCAj9T7wogCCP,450
sH8kbv6ortckB6hq9iHoUCcFxHCzh294EwBb9otoizz8mXN,300
tVtJME11KBxicei5Yk27qkjVb521CDjWyWxhdMcvG7WPcw5,450
oVS9YTMDAx7b5S52AcaJpKVNhSAFq9aGcpHuRHENXZjNLPB,450
so3WzzXEfJ9j2axnXAZRwjgGnZHANgDhDc9kYGxXghfhSU7,450
pLrX3891gEc8aSer2iJDPEzhb2B1qnpC85Ci73J9GQo5Bq2,450
syGXy3CPgimoFkvQfrtiaPxwhw9cgoxFgxbn1YSbHG1C4fm,600
qfNj5uqXKGEW5ruF64UjgvcdyN4GT2NdyjFjWPh6L5YKTgm,450
sL7ogLmHot8RAhehc6mfXjArjwQJpYMkZHYwMaoVxAZNuu5,450
p2KeSM5nJybEQL24erqfN5MM9RiY8focmocbU41GPsYAdZG,300
tC9dJuxLujcv7Cu1Mo4sbapRdEtJymABZtqVywxL3Mr7qpv,300
sS3iJBXUAokcynsG9ZE1rP6YZsubtZDHxWtnXnZUW3zCJPS,300
u1CN4NrkA8uZ9Ms2D8dLtGVmtSsYFknpJRZcnKsJsBNL1Rg,450
pDB6vxYGEKyssDpovGbhQbkBWc5EipzkrDx525Wp6gwJ6r1,450
okwxv1aSU2tm1XAunx2XMbZS6iHNRCAEWkfEt2VaQmW93Yo,450
qqNk3ZbsCj1cCR3kpB9R8RkCMsyfVv4nzubuxDBjCHJ5CbU,450
rNwYgh4gB4pWBbvp4uUxRec1tkdAdEiBCpQX21hHmRfbK8s,450
ofjtDPZm2uUVUXwynqQeaQfGHiHvjQUyxR1mPcJT96xzBmy,450
t6Gz126P8mGXmG9cg1nmEzAxMwndvN2aLNYLW5KwrpwPkUN,450
rXR8kijdnMdX7Tr1RMUUKMoRMz9cemqMQWMWsnYA6QgzesE,450
oxHv62JHBZ9Z3JvEiZrpFtMtC1Afaz7TbLaoz5G94EHPY67,450
q5BGbSWfdvHRiJPehiyLqXs1bdvVLgG4NmaquSVeH42tGuZ,450
ooqLJcv7wftXfXuR6fbnvLsBxRH618YkaidTzxgrfzGWGyi,450
pSxQbktAuajMgbbr8pxYU44MiYM8WuZ48GrKpP7ooDzhDKn,300
tsai2S8SycBKaFLuFZDn1YeYx92uB8463ViqaaW9Wb1wcu9,450
p2FicDRmGXjt73pxxDQEaJNWNwHctjiPzo61F6zc1kU6nbu,450
oVWnVKAr52EJgFEHgq3Wt48DBT3yLdaw5JxaLwW582W1jnU,450
pBMjRBjeuLR7J7nAaPoQ3ukHPBu3tgpGWdNk2cTBfbkcokj,450
shQHVn4JE98JwCYjuzD1ohPTLsPYQHBxjy46xMWALPV1ZoY,450
sTtDCYFtkvXKozx5TFXBg52cgx4ugBmgiacykk9zxHefNzM,450
qXs28b9qAs5sDkkCCSqk9E2o7VCw9StwkUJ5br6wGy5ccmi,450
u4aGpn1B6QZKBp2JXEe3ZPyojWU2ChuyNnhTFZmVD8Rf2Mh,450
rhSjRbxkmdzg2Eoiung1KFQvZFv3W5dbsqYAJReL1AcYh88,150
sy6FpNumGFaFGadqa2dVL3rCPNvPFN3qvhTwuuq7sdKwQ7Q,450
s1huoSNwucUU5sJdaoheBMmA6KzoVeytnSKNnAghdeywJU2,450
sRiHK64VFhwMwaPJydYMAbWkqG3Y7eszsJ8rJAjz8gBnNbJ,450
p3K4Ns8pjUs921Yh2EHTRAeYEFc8cV8ZfFKhaEvLTjJx7hR,450
rqVFZ1jV9RjQdrWtvctWCn7FzZCa9SHP7Y2BiapX6cFXY6B,450
odXYkLPspMF54c5cFycnptK9kFjsbaWo87XxBGjXoDWR8xU,150
svfVTErEaUGYRUyRW56uQYgS5hLH8oWvk5iyUv2qkeLLaZ3,450
pkKhskMxVzaSrwYyaDgXSVeum55vkAAx7ZbE4d6GgLtbQmg,450
qaFmm1BSXESzNk4KBcZiHtXTuv4dWUjwbdHbvbQt4EmfiT8,450
pwjdiHLjfhX1oj6FhcT7NCYLfgaXBukNquy4y1SMVx4K5Wf,450
pr3zftatRA7BFhdzhZTMwiLW3hGma6kMzAjZ9rjpnfsKFt3,450
sBot2tnU35qw1DpgWvyJjxiZKhzCKF2HyEQAtDsaSepAdbt,450
sqXRzZ4jXde3WgbjRQdAwPbFcwLd3ynYp4SZA2DREyaumiz,150
tszgEp1s4DHMxu8PMKPZk7e9RhgrMkpmMA6UKJUBCCvHyJz,300
pDUYM4V4FEWTkaw8xYALmcU7GB2PpRpsxJvkMsD3WLagpDJ,450
tyByK5JgaiTVLTmnTeoNwrv2BsaruarbZe3zxfUgupaqytQ,450
tUMDpVAsLn7XpSNRvKDB9ASWLpdS6zK4gQPaZuMXb5CkdsP,300
s1tfkqxpmy11e7sBoa8dEKmwosoGkTdXh49r9GhSLNkwTen,450
tmjj3NdCwpTvdFWWj1exeBFECm1pahLEssF1TGppRegbJnj,450
tewSCXBNytYNDJaquRPmzVEfPWcPxisDWGMTo6j2ZsmfPRy,300
qDafaHtryfiBdsDFDxa7qdSmyGnuaXmzWrbYm7ZtPVsYed4,450
tdviEd9NkzfcTaytQxyEyYoBbrv7jXApsnxeYzUFbxj1i7C,450
pJ3Y92S3RxJ3eJpdpTFUzSevfd55zrMGh7rRtkX2LrTohk9,450
sndahgMftA3k85mmknJYKZstbkGSVyHAnxN4aYo9RPgPeuZ,300
pPjWMMYMnS3ZYsUXYPRaLu7D48aqMXgJiQWV3A9bfnSKQLD,450
tsN9ceVYaZwzVxEqvAV7Uxf2cfy7pdEiM3GEhEtgYJPza3C,450
rcNYo28L5n2FMZCQrkpKojgNC25mGnd7NJfpBeKW4S6hNWY,450
qvaefxYyyHnvmZ5K8166UQY4Ntk3ADeffzFjcazv114S1Q1,450
oxCUKWkjJZw2ygZCJWjp2Q8D73KEekafqjg6c4aUEWTidPP,450
tNHU2gzR2EvsaKxpck5VZdYpzxUHHrE2yeyqPVFePH3WvbE,450
s9uneoqbnF2c576afWfRda7S97PgnvKwpZaXmx3ewSPxinA,450
rSMPYVqyafQtVbAn4KWAuRNgVaMi2hvQTuvsF1BqrmTndcD,450
qcuQAbjnxUEqS7hX6bTtgyXbHsUNn5HNkb3Y7oyrR6o4uYS,450
sWSZy3U4HM99zorYJREkEBzwthDUYuprTQhkE7qymWHarMR,450
rxpVxAZcKvTGm1Jd6Sxzxw3dzHfUZiHEyt3BfAf4GRDyfrU,450
pw5YawV8Kf1GyymBDAMEVweMiU6W7F6aSw7onuu5HB8wWMr,450
qcFG4SUpsDZ5qgrxzyw3GcoFBviXCbY5vwRgkabscUj87Sj,600
tTkF7aZyjiXxfXVSQ6rWV93xc8y71kjvS5U13cg1dKhCQim,450
tejD1dB8dYyDe49zrqt55soz4s9kDZZJYkHLFX8Cn1vCx3d,450
tRnNtfKtRPcSYxQfe8BiuHGtXqhNVLWp7WKTSRYZ2E3Dkd8,450
sU7ZWtnHT4FDHbYQxJNMoYZJ4sKT6iGnbCTMyPvG1oaSFjy,450
sCs5DUTMtyywvY16cNDyGL4qT5tRuYRYPisE5ZvXcLoS8GK,450
pFRULNstJ5C5FGgYoTvYBv7kj4hbFS2TuxY3YubDRF8HJRz,450
sejv726XwUzKWHG6cv7UxMziEM1N14VssvbYgp6cf4V3fcj,450
prRQkW28zD1KWbPZBZCcjc7MaXY3anDuYr81N9FmGZDVbLq,450
qyVUHGYmvPWcBKhBjkDuXrf11n1rSHSr8b2CFm7VdfKbU9s,450
oaUCCyziWPcXn45qG8h1UEA6pWeH1CDhjTPRbBiZmFSUUHq,450
syEJ28Ncy1s1ryxcuhTYLnSJrxvu7fQFPbNQmfeKmqQa1bA,450
oubSA2HaZBf5xwupC7rpb21k2GpiVyQCaEocTF8No13ih1H,450
rHnVFcjMohwHZeiyhv9DgAg66NsiuoSk1Lr5CqKhrk9YxWy,450
qCfjppxHUuWeLiAEeTiworkgaAP3bvjiJFQswtoCrRr6gCX,450
pnzm69YDfTrWKud9naUNxqRWFmaVNxwUrS7nciY1VFfgkCk,150
pfMf2JpzM78wHWwB8PPnwyApe1QbeVtbHArMnjr4W3jbrvt,450
pJEptsZLv3MZk7VVBKYGSLpQyoKgFYKLyZD36t8zoSJzwyn,450
t7DAbTAJQJjU9iKJy4qxzGCWemq9fbQjwiZLqVKzPayjimA,450
tyMznuFjfRQ1mpYmctCzTLZXT22v3Z8B29okhTLuuS5xbEa,450
tNvGek6JQaGWqjeHkAATXJVtumocvXhbGzeU15mvWysdYiJ,450
or6rU6M6SfkJvLP2GE8YMKRy1nkE7y9E46Ze4bHkP3WG1L6,450
tHYmwvDCPo75wrGgNUGoUYSPZvGY3rvyAk4kxjks4ghYgJD,450
sPXcjEg7vdeHRYRWpoQNiE3uL3YKYHwihpSQo98hKgENwdn,450
pcwwLWUga1mQ4Yk9U9QyotAJDv6aHKhkt5UaUZeyqdyEEPv,600
