AccountId,0x0000000000000000000300000000000000000000,0x0000000000000000000100000000000000000084
5GW6jd4gZUyC1JCVPbfGHihdN65yWXqyG5m9WSA3Mjhmvuxx,-585563,0
5CSuucHmQq1BBugtLmUnC9nJzz5WBKiBPzHndK99VKtoKUth,-380349,0
5CwBKuDiuP8a1V3FmhQ3KuHU59o6bvNBF5XxrwFufaDNjWke,-943,0
5CDEryDfPLfCY13qo2JgaKs2P45bXZmxysANjfpSj8FTpoei,-589583,0
5CUTsSTGTrei3AiUzn4h3DZD6thZtMiiZp7uNDF5paaLygUR,-6580823,0
5DRuqshnZrBiU9uWFSXAwGprj8As8GEhLLpTgEtsg5h4xPuZ,-446792,0
5FCD92U3Tz4mcXPpbNgS2jd3F49gHdLkck9Gcd3V6MeqgLb7,-3765577,0
5Fmr9NrTrFL3RV7dBf31a1rkmthyz3wvDCnmGdqh9bY9Pp7x,-425289,0
5DtRzvsStmo6XCgaidenK57PGeBexUK2fPTPxdgcFwkVixsX,-1112,0
5DLgxKbvdwy77f1hQKr8kkrrnXraw6XyhNTPCj6Xsu4vkWUf,-126,0
5HdZGjnnFse8vGeFh2S27xKHYxLvjvVuoK1879i2wyXSX8AF,-540957,0
5Dyo8jDPbTrTZd7fGx1uBeWHm4AJvUEXL36hgLLiBYfAqrmW,-60593450,0
5G94C61gT9N8rJ7dqcTn4nSjkc9pJ3R9Hde3axZkH7rziwXG,-7895083,0
5Gc5ruYcMmjdLGje38Vxe6fKA2xdjfBnoj2PqHkrSnWNMoA7,-16678409,0
5GjHdkxJszimroKbZfzXZQRwXKFw1NwiNmtgHNuyHnXqBHAY,-286550,0
5E7wmuKkwxrK59tPi4mYHwc1kHiJVyxepeHgRJGcvaRTSBny,-63435,0
5DPFkkiAfUYe2Dm3q9c5DpreE5DMdeHe5Dg8NtoULery3ugH,-305977,0
5ECn4FGRM1cLS4GFYpP7JyepvFpkfQVa5Hf8UwbnzzhV6vz6,-2107219,0
5CLavq2aALKTDCpn4MN2Mk2yCeGy9uxrSY7rkW5XfFuzSWM4,-2029546,0
5Cr6VaLeQ4PAYKPQ3c28EoZnmi1rJ2rQJ7SzCrYXVokuaiyd,-4880,0
5DPYA3Qok97kxmktoRFxL6o7upZMfkphFHqkzRBRiGrw26oU,-91368,0
5EvWC5DamKw79gtgp5W5kqPcr2FahTJvLUMWfGo9r59W9YqX,-165240,0
5ChmfHnXXbvBWyaUMxqEweseSEru7zgeabDBNtonz55PRBFN,-4353541,0
5F4KtVJ6ihbc6nbuTx7i9KU7ArhdiNJbJmMDyhmzZkmscG3W,-23565384,0
5FUDzwzzdJn3SdWZSNFDie6tgCJchhMzgkSYa96uiWCWWaWV,-23936321,0
5E5KbQgCRHB2HrdWJaThoArrDKPBYqcLFHioxuTUaHhhW2D9,-112820,0
5DhEtCdUjBRgknZBRTE8u3KK8KL4k3jnQjSi1Q9RyMfBu3y2,-1112,0
5DPbsyuzj5vAzBmr85tSL7N62quUEZgagwJeZPu1612F1tu5,-79858,0
5GLCK2Dpo3KB8vCUnBy8vCNWWLY4eUrudMXMsqUjP81D7uFx,-1763,0
5EWwHtt8eSwmSbbQepZTg9MweiTxjaVBomgLzJt2iADY2fDP,-692968,0
5HU1DxoUsjCCfZKQ2emX9uaYHAqHqu7nSAQHQ3pM58RyLooE,-12205616,0
5F4MQL6GQhCoBsd1Vov2thyGX5UpUTShCftdVCdywnAwUxup,-449448,0
5F4sPi6oXEbZQqzQEwW4GoxadwdYccYQZSsJsyTSfs58XubL,-151481,0
5FHtgx56ViPjAXoUYSrgN8RHF1mKAjRT8Zg212EcNTByX4k9,-278248,0
5EFLJhSn26gx5tRXTRF2XWg8zhJsw91WCpMwiprQrwUMGkEE,-1220,0
5GTKo4GkvrmAJjCwaqm6nBHs4j2GZJ9GxxHkKyvXDSe59fjb,-1366233,0
5Ef9KLkGQGsgFMnFi5fQuZuJC4SfYKJM1FtL3PoJtEDuj8Sa,-305932,0
5DAWpcTou7H8nGjfviYWzEGCoHRKLaW44YQ71GkX3eBvQbU8,-138845,0
5GhMFL7fXRutpHKoUWYaBYf5HHJbkWRSk9s6exajrPSPEq7r,-1762,0
5CDjUCVpo3UWCggJTZjh6yLiUWnmcPNxLmEwYbe4AinK8urV,-522992,0
5CS6tnkdyZ3GsMx3ZRwvATsKfMsFBXpnyUsu9ktDxx1eWQgT,-82366,0
5FCFS87cphv4zm72NHxJWeNZwCYhUmGhUYBiTXe9jTBhx416,-2139582,0
5DCbULBJjTbRP5KZ16u1D8mE67CQijSTQdhjpThKqbMXumaR,-91222,0
5FZ45opdoKCtXtPTAbM93fnD7cFMDzvirJLz7fdk3SC1wjwW,-1112,0
5HK1aDYgSmV8ig6hVPbnt6m5N8nfZVYSufEFg7qSU28jbHWn,-488575,0
5G4mCi6KnB5y1FDueurotrtqiRZzhuP7rhmNT95XRbXjzEnz,-4002264,0
5FCwBftvi5JH4Lec8bNVrb5XUsEdgmGbXyvtqyYoZx7REs3F,-625001,0
5HTBrVSQcGNM9XPEastgGPerFPZj67HtK8e3cQgoxzMEwzR7,-2226224,0
5GvWBQAJudpy3ZC7DpPfrzGKapED9HyVjJ5qvsj6JxfNpmYL,-67065527,0
5GbbmffsE4T5DiXR4gGTYxh4TmY5DGNjBxpbytsShjxRVmcJ,-1869385,0
5ELgZVQtWQyAJNVq7HXNYvvySQn4VjtSMaTkXATed8TMEqtp,-1646,0
5CwKBcsNdtxgZm125yZKabHU7zTFJcQrtcJi35VxF3NAxiUf,-354990,0
5FhWes4TG7abGXyD4xkvNpgTzft4QQxdrv8ferMwhTsPvCDX,-15310109,0
5CwAetLsmoo3YwE536776Zn3bXbrVBR9UhwDKvkmEHc6uaSu,-289480,0
5CyjjpUoDxCFxJfziNcAZ1YFVNcnV58QUkKstDZTsXfpoLUo,-887812,0
5ENVLKojna4x1p3odWYojuRXmKiZjYWFq4zw2C4WSHogNjXR,-200610,0
5ETnKGsVijjjfHBCWNsJeS9w8BwouEWp5dWDu56nnzUBDspa,-2042906,0
5GRKRgvcrPH2h8vQGVBjUmvCzPKkEYtVGNABmjPPiK6TXtqZ,-692281,0
5CyeTJZ3TkZ9neGELUU9B9ZBc7VkGCaZ7vzgEmp5juokykh9,-23950149,0
5DLJrAF338kZjSdhC4f7cN1tf8tdbxKrJPnmWFHLDYagfYnx,-919447,0
5FKn2a9CNwkBDuqHU78vRXiU2LPrT1hV3sNG91hNnmAjLMmf,-91322,0
5HKvkPvxwMUjfHuLZwJwWePzKzv67oZg7gw1m4KSMa647UQY,-19912071,0
5FWmJ6FkHsd5UwT8r1bkVsywZ6qaBnmaxX2RXiHj7GLmyfgi,-5470679,0
5DnxF2QieBmUu5T9FeQ8GWMfWA42hg3Fe4Jkj3L87dWeJy43,-2219745,0
5Gy3HBdYRUVpVcUMKNjZJeXRpH7p6TLXkejcxmSz47ahpzLA,-422660500,0
5DNuM5YrQhuBzCF72oPaWaQ2dYxdB4WURabzYiZ2X4k65TrN,-91293,0
5CcCZPV5SEAwDB9woJEKMhkQdQBwRVnctjcE9vx35YoEyGUm,-5855671,0
5DArZmV1MvJwjMHzonk2tE85cAR2PvARiveYNszNkpW7ThaC,-150400,0
5F7eunNs946gnvWEseE7XYn7Qd5xhL7tVbm7q1hWHqPxaiWY,-12366366,0
5CfnafZdffb7n46yCrLfBriyR4nzGSwgoHd3o32nahzcoxef,-17370,0
5GTSTCATtFj5CD9SySm7fNPAxtaFx25jrhUWXGNUpXMGQq6R,-91322,0
5DaAMgXqgf6yFFBrEm3S1TqRtWAAjmsDCRzaFcdnUfZ4ZX9Y,-1112,0
5EcJndmXfuwGMtgR2iA4J1ufYPC7bDhYnKHnjftnwyZwkbSF,-1112,0
5ChddTt9KYBbt7D3z3hEjC4NCBcg6Eou6Fd6M2YHvCcf5wCq,-2525412,0
5Gj4mbM3aJpjzkFUDPkpQbWPiW6UE4rh5r6JQbmaGPmEL1MU,-2130888,0
5Hp7F6xQoJpwhwqRQi63tnnU4JXKYTjR2fYWaWZ5h1jkQ7PV,-293260,0
5ChYu1B655CRMD8ZURFnd2BANpKvJ4QsiRefTkkmwjrEvCVr,-1778471,0
5EP3WQns43NRypgcqqb3sSXAugE73uExLXrtmzP4c9LEehyw,-114950780,0
5ERCjaVvyCH2vYDkJdBZ45SQK4kG3ZnUejsYxmwek5enTHud,-11050,0
5Ci3a3phaao3tfsY6fLGKXR4QB6kLWUQ5f7ESSgKoPVHVbBG,-56878327,0
5F9q1KKE5WV4bXs8oEDEidXVdVmsupiRvA34oUQpbvSJgx3b,-35115,0
5FvVqM5ENsLsFCpJa5buPXTjCsfELdK2qetJKwohMYC8W3BH,-1112,0
5CUgCaijXZh94V6BTr66gKZrVK9DtQcU76W7xAvYFKoJGWzD,-2023455,0
5CRgetipbvzUstXo8eSvmJihwvuLQ7Eb8rjXH3U1qq3yM1cP,-2814500,0
5GuQ9XvrDyiHiLpKZvn435sJ9DxKpsXZbHV7i7P5kxG41uKK,-2749491,0
5HVfFLWXEmKLzBWnJNWZfyqdA8S7B2iFaVH7PLaEJfaLEE9F,-92298,0
5FyFTDE8U2dWyocMnedLBh5PMjCuYsJRjZHAosbrcmLD1Xbc,-75466260,0
5CaEM8XXk58czMwnMTmSLcKXs6nDiVL5yYbXQrtqEb9TgjS2,-136996,0
5EJWBrWzEPCtEpSCuF5qe4sh48Np7yKg8dFLz7Ka6FLzgyRX,-476408,0
5CCgyaV8AKwkJfXn7GGQ8eJMF7smR1ssabLNEsFKuXdHS8TY,-100739,0
5CZjCT6NUPtUazp4ks75gkqN9nGHrkRhcTJeaqBwWHAknxKC,-1112,0
5HW7orL9wyn599siBrmWHY72oJbcQnuTDThf157Pq18juLEZ,-239314,0
5DDKQyHt2J2SAvDL1L31UrUDL7HLvqcGU3M9jtu8csFkCq3M,-457345,0
5D5ftTDqXsyV9fKdgpYPT8UUScuv8HiDX47sXey7UDhvCQhw,-1419,0
5D1qDMfbumaMpi6c7mCD7HzvWn176TdPG2cFt2rwtZbmb6qT,-100514,0
5GWo93Nr5KoYeJn2Aqv8P3GYqx59AM73RuzZvaxZNQYgBVC4,-91255,0
5CcFqjAkjGiWR1gDPbjc64iW5LKGNrAFBTfN78SacVB1za94,-587711,0
5E4tvwG6XShhgeewmoKzU9yaSGsekbnbA3kG2XkV3y6TBwdB,-15539410,0
5CSG6Zxmd3dgRbuKZUiQinTQF4HorzpRV7LJCAbsXRPdnzC4,-13230425,0
5FpjiP2QtUKuEcq1id25UTzD6duCBcjawWatA9EPGuPDkEdZ,-724750,0
5CVbEa9s52cf77uKUeLsoNhLtg5aoEn3tbtbj1fb6TK2bHPM,-278248,0
5GLBjQfFWPYxaPKwDX7YnGxhz95c6LXNnE4yM84ZHz2zNLDY,-100422,0
5Fsei2m69px9VbjEFjwvsa9Gx9ocsj1q6TWKk8nA9vo4XfC8,-278248,0
5EnFfNrmSpd4V5gAM7QJpJmrg18pWbdn8WpPX2kM17DNuHrv,-111,0
5D7bj9i9n5cMojMA1ewztGGYaeGC32kHfYWKTFnKtR8ozcLM,-2548756,0
5CUbC7kBWhsbZ9xfR8sMniNctoGxvhPopwLXbftKciJx1g97,-1762,0
5F1StjDb5RVTDGnSaFn6T1psqD9SuXEjRKbt3q5FgkoQkakM,-91265,0
5FTsXA1fpfNhz1zaX1hUqxHru47uujVL1rg15YHt55PC7dAN,-58327300,0
5H8iFm6hUuyeBa5jcietLCfzoVpU9XFvSxVSkdMVPTVd5xtM,-346535,0
5HBx524qBZkoVQ9KEPz1qotwBugAWLVFveF66xmuF1RL2XiS,-93297,0
5CkNHeRQ8aLNcwdP6URT25mPpqFK5wZK67k98cZhS5o92Gr6,-348746,0
5GTz97KnawgGMTZVBPGFZZj6AVMoYy6GXMkNRNPH7s9tRBdT,-170277,0
5HTj3QU8P43XYwM6wstZDRsF2mCHbRdJnKxwGgPSiKsf2HRm,-1290887,0
5D7PX4b9sgNsb67uUQxvGwufDJKg2eaE845yU9Wz3VkSsS8i,-81738530,0
5CcU6DRpocLUWYJHuNLjB4gGyHJrkWuruQD5XFbRYffCfSAP,-111299,0
5DA8dy5ADQykreJSLFK4gpD1TqRNc85NkzorVMh2yb1drGQk,-14230624,0
5EewFNEtH5LHeS5t31uAeK4Dz7MV2SkNGGPppB1TYVBFzmXy,-92129,0
5FhmsW5Q8UeiEeXJtM4d17KA1nwKPNA5EJTQzZoVnvf3xbet,-35101442,0
5GNQTKwHnrDNwEc25Gec8HbpEic8NSU7M8bZ3TUVBozBvLgG,-6486831,0
5ERPUnbBAFR1vDgJEwUN7Ky4hGPDaASb7EW7jRqhPWPx6vsW,-7579670,0
5F9Y2ZXFEvxEgkwKCdJm3R4US5TSrPxt8yagfK64PgALvm8N,-1714698,0
5G9xQTePBpNMbRJCJviDDMGVspuYBmhe8geuL31NSPtowu2D,-80037,0
5EUVmw8Jn93F3yWNygtHZN5E7qUBoaqBDRJLYGRXNP8uxEA6,-119681,0
5EfGiCoN4vEqiZ6drjZkPtPURxjMF3Q2BD5vyAmEoyRc3bee,-1408388,0
5CXNkeRHWMmc51GwhtrqMze1QbaHEebreVb8A7tjKUz5hvnN,-658,0
5Hjmd1yvMb1GahBgqMQzbgi4NePGcMh3oeJ53F6rb9rxP4iH,-990075,0
5DMJFC3u1pESvYPxguHgSroNknYiQB3XsuxWaxFWEyTPszid,-3525278,0
5DWkKJa3gf3tijad1C4dcCA2ZCefkRtxPiYWUGZzcQva6XB1,-13237019,0
5Fn4rrnuBMvNLiTFKiQ39z7aQ6ggMgzyDLoXuX3sfTA7cTzc,-93259,0
5GWYmvSVhnNrrNrmaDU5zqTjrFiUytXK6Qgb7MFXn1LbsiNq,-5768657,0
5HYj2BJLeXoEh8digrobZVsmDGaCVvDvsz9ff95xcwcTde6a,-1762,0
5H49xAhWQsmtnHCKd9QUkYDWGknB2NeJMPWNeZUhN2XWXb2H,-35888269,0
5EErCfGUa8qgLPs4BaDXXXBG9msjoBBZCvjYCcuUQXkz2Kne,-1079228820,0
5Ea6L5GjM2Xiykwyhf75Kc6JncNXKMvT6TDhTgkJA9JYApHk,-27322040,0
5CyuL5UC88yDmkLhw4SyBQev5m32G3qXHw9PfbjSnaZAFoks,-395302,0
5DAx8es5iTd22SxNvdhDwmaLXbcgYU85Bsk4XMdpdXzr2p8g,-91253,0
5DrE6LqGruwtBrpTL5J7kMyqacKcgeYmDnMKkApTikXry2bw,-1112,0
5FnHodMpXXwvLW4qQeDc7p2DxJEYLrPMrysJPm6JNkhnAwh4,-568608,0
5G6TGLiF9Bgfn71FzoVx4rMeXQ7yCYrozEGPTL9FR21hvADR,-112190427,0
5HmE5aPcxSjqFb75Y1ehPErcKSSXiwiyyX24HQmh6spbmUDL,-2105359,0
5Gx817WDQdzd5diZehM5wpuyfsQd5ZGFzGVx4sCPNjHyw6Bg,-480814,0
5Dc69m38KoDHNTLSp3zLmnRfduYUuKBxtDR4ZAx76VruncB2,-91396,0
5FZCcoPw9cEdMYEfpfviC6LSqQdffCJZvmF12mUtsbezQ99A,-669314,0
5GhFcEPMoPwq5f3jwfdHxsSY41QLmXq5m5fe7TtuXNztzYSE,-692624,0
5D5Nt5Hd1PZ2ZUkyaAhcuNB8ZKfJkWFG5LTpfMeZm11KEgCd,-77,0
5C5aQMetyt1gxtYvy8k59gtQpocbJxK38hZZ8uAaRppTF1YT,-1332282,0
5G8uywfrPonecYEwVx4A6Tqd8nCDksgmfNnq89HojbuoLtUL,-232479,0
5FKdTd3QBPQM8syrWcTfLfH1Hi5YNpXs36SZa3vDryvUFs7C,-18837311,0
5GEjhmwC9255azTEtetNUBjX1czY5Z2dy5NGUoroT3A8DQRb,-15599504,0
5Hox6hmnGk3qKRySqJU4Q755QXkEfKdpsFBqeDSSdYSgd8iG,-2056055,0
5CAyGyhL5j3s7jjgpz3knTdhRPqBMiafLCab6VG2mZeppJND,-17104,0
5EFM3WZhaY79Yg2bYdKtj4555QjZubM5wGkfd6EWU1tm1SNx,-39974928,0
5HGt7ZZmUs9A1wecSrqwc6YMTk1udUmeySiZtnrDTa9doW9r,-92110,0
5Ci1Zv62KbvmmUU5dFzMRyYTzpddu7pPLG9BujqQGCAtxc8u,-1112,0
5CP8iLScBWBpzcHTwZsJirdm2GdTEzyNixJ1P12h4yuz66ie,-18435961,0
5E4unSvXrF4nQyhX4uVabfPFWTzUh6sDWg6vMLkaqV12KxCT,-90891,0
5G6eEHnBbokT4WrugPQP7Zm1nnbCcqtEANaxKAjPwL4ZHjVM,-15656945,0
5GC256V9wFrpbvFyMDNqMuWRrFa2GcvDs5nK5bDRB7TKJsZm,-93290,0
5CqtMMvkofLbJSRMi8yAoiXhARgBoiUn38k5Cfe42dEpwAsE,-408338,0
5HT8FcLtfeT4cuCVWd9SvmKaWd48Hb9A18mrgBAd1gZBoNoe,-4127,0
5HViu36YoXGm1ay9bx2v9h8Ss4c36HhosA4poss82M5Xt4N4,-2058,0
5GsimDjtp25t9jzVYKh4V8qMHhbw9EkjEu6xturSVaRgLnxm,-212627437,0
5CGA27XoZ4srsQurPxFDJ3cdxyYK9pr4rQcmiNs2MXYnX4QG,-72829,0
5Ef734WYSHYjhMbfqxpmNjfRuGwFs2Zb55dMR8wRuFfjpctg,-68554,0
5F7f7jJP5LupSmPMyxq2pF1t4cvbyWJtxK4MormmrweekmFY,-1720971792,0
5DSJ5JnyPCG9nX2AK1eVS9A8xT81dPSSFkjDmSfhQQNAF2pa,-92134,0
5CihrUvSJJYe558gDqUJcBScQN7gSWckYz2kXcFzJZ2Ryh9C,-91217,0
5G37EjzukybyVa4r8muHbrZ1aTLnHxFBSP9ajCEPonwYCMJK,-240411857,0
5GN7KAVyM8zBsSAbZ6QjECaF1XaXgE5NjkpHRjzYWGhLZUNj,-1012167,0
5GrsfEUmAJBQqrAyJWp1MXGTHHpHcygSbf85jEzM5aPzkjBT,-81979,0
5ES1TTdJDzDDYqpDExnbZD55JgWycnunYg2p2fzYafxxgbBZ,-177045764,0
5Ck7SNs59qeJxAqqQkLRoUibJHwSJYJa6ShQzqQb2v1NrhPX,-302106,0
5GLBemaP3aDVs1J2zm9kikY4YVnpFMANVTAhDcS8pAtNqPs1,-1762,0
5DFEER6TNomLLJAngjE5eapd27TyKRQJ9wyfwFby1dxV98FH,-1112,0
5FsSDitXrWBwENrbgii1mkiFGpUH1s186ez6VDFSTb3Vb3Lv,-13484119,0
5GZSvT7Fda3wfZ5qx2kdSP526h3ddfn6BnL4jVyqD8NPN1zL,-994463,0
5DeyCtMXzWQfwdcBKGn84tepbfjdUL1NAB9gs8ADdHEt7Trw,-29197216,0
5DeceoL4ttZR69G1P9dc44EXSUbGDTDTgXEuac2wLzBcys8h,-115910,0
5Eo73iLJKo7nY1BXJMDubD7wHEypPP7tvXduQHHv5jYAzb9r,-2046,0
5H9LTXAE4qFCTNPwcooxUtHQReFYZUSFNhRqmADWuQvoMgYF,-138604,0
5FCahubPY5PRkXyyXpLESt4WMNCyv5NHGHz4GwpdQC8ssoyR,-112764,0
5Dtq12cM717STXRDTacw3MUEkhZqrDn2XmFBxstGrGmHgWy1,-248241,0
5HB5BYMK4w2d4ZqtCdfuns3h4urCmZd7v2xohUAy2t74Xiu8,-12749943,0
5DtkptGAdj7bLoXvTy7qNYc26sx5iggWHVLiojh3bKxMzfiJ,-44524291,0
5DyCtyqWScbxxC4peCx1fX6M4NSe53mWBipuo1wEL463NdKf,-22465538,0
5CftZBBHfhCJTMZhRd5mnGcEpp4PZppGZiXTmb8E9txs2YEx,-1758450,0
5D4qnX9bNHSjUUeaiNnwQ4gtYaxTJcXuPxj86d59yhbHQMEf,-2228207,0
5E7Bfn523V26TqrutBTnSBG7xnULZD54BaYyGRgZ6FByfVSX,-417388,0
5CUzHMXBgTFiH4DNZVmiKGesQaRnm8XjmpjbpXJxsWj1USTF,-91257,0
5G1DT5vZF7PUY4oNYpRyay58Tg4kdYkb2y2VAPTN1ZkxhLyy,-235575,0
5CRwfUzkidJ2bd6pvc1VqSToDmRHENAkcsnEooDv9w2PuzNe,-14453818,0
5EZdtp8LY17Rj2oeqFeiFR4iQTtJXNGi2tYwToNct9Q1BJYe,-95779,0
5H8wEXSdNzHfcsPWkY7VUVnjj4uopW2eNFUakrwe1ZzBiJ4U,-1762,0
5G9Es892oATpPDnfGgGFS5McvYnjZpUVdVq9sfcwMVMTtNZC,-236667065,0
5DMCXNBU8W7UuMQp6FibbXHm6AcCSx11gaPq8RZYkjmbEiya,-407624132,0
5H1YGvuuteUTA3u5tsdYNSB6LGgNUsmnjBTqWbwPLDnYdCQU,-221322,0
5DRrbmp2vqu5JZxg7KCDzryAp6KqEsCJ4zYPhPNZuhfrSJ9X,-334585,0
5Epq8A9bCLrgJFxxMbRS57Ufhg7curjHVWyV1acZyKVEzwUo,-1112,0
5DMAUtd9wNBZ1ABUiCpSdy6n4Qtugw8E3AxjvMUYhQhMZtjt,-151583732,0
5G9iNDAu1ukxF1k7ns1HKhDqbjDCE3vrkfhHcdBRqK4btc8B,-84924,0
5DZFPT6FU9to2iTY4MXtY63UzTT4JFQkF9a4MLyu8x7gYbFQ,-92704,0
5EFWy6Pq2rKnrskp5vYtdSa5mgiZH84gTH5dCM93s3inKw1f,-1032211,0
5F4Ni8r4TvbYMGMhBh6UbQ2PVPdK9YT9LcFiCR45hv3dG1g2,-18045878,0
5Dc86osJjAD7whghMzFTx7CrLkXDrefEq5tNYsxuTYgNDJa1,0,0
5E1auKA3CXE7TitKQ12gE9KnbX7pKGRhwH333foFXa8Vmehy,-1603576,0
5Ggs7y5zQTLaJzPgfAkH1Q4Bpvv6TtQf5Xz9JJKq1EpqHNpu,-1656175,0
5FZHxi7j86QuFsTFyvmbJh5RDxh3sBjKeWggn4GS8DRhigGo,-61895932,0
5CG7gxUaVznxVGDANTdF3RL2JAvo2xpBYHTHQnHgdVxCDh7B,-913,0
5CXAcTNs9D9CQv95C4r4McR8SfSN1P3dj4CABucAn1baKpAq,-1177,0
5EZnhMQ7j48f6xtEvasfpWeW3kD3BnhxUjNwYUBETXnWv4Ze,-91322,0
5CcvqQjCQDNQbTzy3hianJcWxacQDc6crThYrQRkY8j9Zoit,-25189763,0
5EjjuWxprcsCrgT1xFwghnrwYq3iWsCjYZKeaGpnqPwgVsdt,-1112,0
5FvVpTN8qCwq1YDVqP5u2HrmE8ty8SfnL9uxu5UcZwkN44QK,-1112,0
5HEn1YtswEWpqpC9E2E21nCtUqgdJLQ1UfErVombGfHnKaGq,-153260887,0
5EnFBJJ68oe4ct7r7WjqME6iScGU2csmbLyueaRiCVTjsxdK,-91322,0
5FHwnP5LRpVz28hoj1jbBeatDsR6hKqy22qETZjzLoZ4SLzz,-169416737,0
5GhQ5DGMD3hEfnreMVVMMQ6xH13UzixWfBPDZFjMQJUtbXbP,-510323,0
5H6NpSQMMUHh4ebY5TDR5fK3daogJKtjchnLUPMYBcyBLieq,-1720179,0
5HjnnXJxoZA7KmaKZio1q6P1Vwt2nGxpazzGfwKaeyefXNpU,-1762,0
5HpBwiYfGrrUrHhATazpGLTTJMnBCdMo7scva2kMvZCwXPcM,-200105891,0
5EFK7PrsJgTgiZEu2qLNrM33NzJGDopMiLhwkXFbhAYmuHyr,-97860421,0
5DqDDDBWCrVWfKLCRBskQNddmEx21xV5sooKEmssDxNbsQxJ,-1459836,0
5DJbJYX7F9r6tax5T21A5M24BNQ6yN4h8EQ4ubea5XpinjuR,-1665693,0
5DbupDvLeBf8B6Qz8TFT9yzfNvgTceyE847HUkdzxEGnKVoa,-5683919,0
5C5fWZRshPQzdSVnyJo9xjpUJnazWYtpfjVctQKAF9JZ3G2A,-311909664,0
5D4YUkP6i7NVJEWYgutm9AYGk43aUtNdYFt1zGxNdaSq1xcF,-22449120,0
5HEC4jrwtitqYB9jDb2NvUTS8pSQZvHkug5F7C31hUv1PQz4,-1646,0
5FeZEXZSRWotQBkHjEQtSZzEnTez6x7pn9GuYDyD4ibQEEYZ,-1762,0
5CdJKRze63sSMCZtPxH6NRDuC8rJrHynBj6hHfxKrMp25ML2,-244919,0
5GF3z69NXTJPQ1E7Rb9w6ttvAaMXA1aHkemsFFEyT2jXnrdh,-2385,0
5GKDNjkuZjQ4tMNMaByVvXMNe8w4XPfbeVaW3wYfQbUe2Ccv,-13993052,0
5G49tJFdsFktaN3CcVHva8moiv9peDm5wQ2gG7Nbp7Rn9ZiF,-7671908,0
5CXhY6s8GXm2zE3T91cAiWdQvUM7GAC3Q6UwkTgF7SPgCTyk,-510400,0
5GTfVZDgHS4RQUbH62M6Ugxa2T9iiQyUMNdhr5FvvxJKHMN4,-27936713,0
5Fsfv9MvGi25zHDSkUYPD6oAKuyGWEMLgupDjdXVKpCwnvP4,-1999595,0
5HahFgbcKbj82NLsRn4H5Yp58tLPyqvbNYkR649p3beXZudF,-1853,0
5FBp7fF8QLiQ9cWq277Zqg7xpWNz24KTYHfJwZJT9C7ekaSB,-110554453,0
5DjxYSSBYhbUyvaPkub5S2NQzCeJHuytwWzFNWvEztXGjHyz,-412481,0
5EyJkj5vB8mo4bDgJsLmyfWaxRV1mJ7XBswBE4giFY6J6fX7,-4238773,0
5D2atEVuNsCz5GJKDd9bVFEZtWp2vcvuC2uHves23FC4tMe2,-79825,0
5HQDgbc65Jw3injp4gACkaBwtJESxuz6fPEWWB9odAkJyRQe,-81355,0
5G6nEtgZV3SJUeQU43gSX2qFnr5M94xHAnPWmLTb7kxxYdaV,-10579875,0
5H3dTwZXqTCCwwc7F7jEfdfXz6Q4cXCTXALfwSqomJR6CguK,-33978570,0
5Gj6sdg7fuFfzwKUhdyTWrGhFphcRdsBs9r23NwaampSZwpb,-308248,0
5DFGvtiF1CFy9pNEfQZwneSi8K7PR8nVL3ueGUCwGnAo5QSU,-481727,0
5EqQbibgifZ8BkmrtXuvJ49MLM5zQajpXoas1AWHVGsfS9ox,-91322,0
5FxFUL4aaGniru3Gu4nCLD1rj4kox48A1uXBHu4K43rAPc8K,-2058,0
5D2ibiXdbko44rwUsye2fLUagRyvubSVo8TftEoSzk31bUMD,-93938,0
5CXb4GNCFZU5WKxcduG6rLDoyQXX6EFUzEvYYbxvUHCVKz5S,-20989007,0
5DUqsSr47rMcs4ZV9tSEbV2NKcLUjMqJb7JgTZ5ZhRhdjh1X,-29833,0
5Hgx2vu9bWECxfsPwdepAzRT1qtdcruxyDX3XnGNSypckWZW,-762981,0
5EPEZ7q5TPjPSpqSN6sQKkjriHP6By7Qoa65gALs7RAoL6WJ,-2039,0
5Gs2cfqrkXVn2dtmD4smnRnaDn3uWcBdzDg2ZFtbUz94dVmP,-1112,0
5FEkW9YxEY3Fdie5B2C6iPqtoa5sWSge5iCqjin9bmAhd3HD,-224908,0
5CLYjbXdweEoCx744QRMzxdSW992qfMfKrCFKmDr3MW2MhDv,-350262,0
5EsdoJmczSfMmNeyVCbtw4awGBqTLzM6Mq6xVJuA2CDRFGCR,-725769,0
5FJ3uTXV1u42PefykccQ7UGFC59XeHEK6FdfZYph8JTVXoB7,-138510,0
5FEPXYbaBuzX4F1XycTbbptbbePZ8rtihjzpR4erthsB6Wzx,-91560,0
5EtPhRu9d5K6NSZn1rP9ckLXfKi3a2u8BnZ24yV5NjzdK5mK,-42617,0
5GCKX5aBBR7ErvzTf4EyewReg7m6KcFzwgU5kubePZ1K9Mrq,-1112,0
5HTXzE6qG16dBhjG23ThXXe3CcBMvmQTyWSn8bmfVsSvzk4i,-4357357,0
5E2QsndStQ89zAzY9doUv2WvY9HjTpNJ9uC2AB8ZaznbWXNu,-28333209,0
5GHUZSbZB4DArTDi5BRhsYrsnBvZLaMhrKHBXVpgFa8v2cbJ,-376236,0
5Dvb3qJz5hybuKp7MBd7WvPePynX2gEag5EUBrCd8M1AKgf4,-456841,0
5HmVRRpw5p6w8HJfN9XDdvugEeXpL8SCk1qpBxsyRsnSqYWa,-1112,0
5EAGLZoE8ESSgrwtQ4wFb1ixJrM4vijPtduN57ZMZNFZM4V2,-86809,0
5G6caHmctMpMuN1jVBuxK8X2wYVsEiNYV1KjyYSC1dtmie5J,-983,0
5H73xpMAaSVAveYem3RgAgU5L9hBdSKLF76HQpi7zGEr3sZ4,-1035717,0
5Hb6mPCkMb7bLVTEYsnSdUjKSMfEyAopsWbsd82qEreHMbJH,-91289,0
5Gk7QdymBxa4weyQzJv9BFoK39hqC1sCS5QXiVWo59FF9HHz,-82736,0
5FnacYXbpDju62iAw6AqELP6c2mESrFwWp1k4qRkVnfK3NGS,-518915,0
5GWmraL6564hcGn9utyUtpf3WBb6UMQC2dTYnGgKXa7QW6NF,-37705,0
5DqxkyUj8GEn9NhsvksY92QYQ9tic2ugeb3ejqKxfSZLamHg,-589796,0
5EA9QJqh7cw8rVtTWZPwH2cmgozpsigxan78uoGSXjrCX6ew,-3921204,0
5FW1NXfD9G9NjFD9d2chnd1oEK2PaQ1rHPCam7zqpJCPesYv,-86641652,0
5D5LnBWMCSYhHB5AsqQzTrzjFKGRo5PHhf6CRgqGTUgZB5C9,-91570,0
5GKhnkC2QvQS1oe76tnGZFAh6vh6A8JAg1uqeRwLQ9SeorVr,-71558,0
5DLkM5QKSqk6xVa4CEYV22DhCzZR5WfmWjVutokt3idtN6MC,-987152,0
5G23AzUAickg7VTAuU7GKbnRn9MbVPe5bEAVTNEQLZfwtjXd,-72169998,0
5FjM2knaAQAAKxJnXMcmsoz9yRnjSfUHukC9DqEaEDwuXanf,-91541,0
5GxKZWcxa5i8KXNGp3KGL3aFX8geaA35FvRhDgw8V69p4ErC,-908643,0
5FenkhtocujRwqstzSZ4VuqkedpWJ4rAWnKvXEv5BaQDpSXo,-95580,0
5FyQTTvGGRztGb8sYURVzA4ijHCyEQCjUoKaZTkTk8JyruJh,-248464,0
5FJA5A9g1c59nkkCNKgxVwZBa1NcLrCntdPfjUDVggKzEGf9,-1924837,0
5Gc4rXjBF7LbVAmrZiwyPHst7egAV1457wzcf8u58jmzQswv,-1709871,0
5E2ia4rLJDzpr8xf3mt2u653Sy3NDJFWyDKGrESxppRpsx8H,-138873,0
5ExuMh2R8HLM2xruVt99RHC5Rwc6r1eASQa73Lw18igutmGT,-1465956,0
5GnZLLW3v3U2t73zTmvdReLjy7W3KFdXPr8wMgtV5Rk2AXSJ,-1755776,0
5CVKdaYhDuyzzwrLKQgjBio7N8w1S6ATXwbpdGbdkh9NhzLh,-997639,0
5Hm9WbxMuLb2oGqU699c7Nf1f1tkSpm2GRVYWg7NDThKjuNV,-3808254,0
5H691MYeGFtMzXw5YMNvgUyDFGRztKsWX9JHC2ZcsJWYaNjb,-91358,0
5DDGDeyMWsmqhF8WocYBvE1QKvhYR7B4ahfrSgH3iqXk8Nr5,-51468,0
5G7DvuV6m3sjgJe6JKPKJ1YSXszKAJ1VX1kuE93DEPeRtDtt,-515605,0
5EhCsGesvhD7eEFFe9vwRy2qHTCZB5kRXjBmNJXr75bSDgg4,-446253,0
5HoyHqUG6jQzCGSzHZn3jaUjdnuzDn8nqXQcMYm4DkSFdXAd,-30922,0
5F97ANXV8RLA6fvDZb6p8kY1smTnRvekMMVBrZkXaxLNXbev,-696074,0
5FfAoAofhFKb5xwhNya6FppSd8RraTvVkrQgbKSgLGWFUt3Q,-1762,0
5FhVLqEPGAXNFQsuQ6DqFa4PbWLXDKYunM2C9kpHDhnLvwoV,-16546435397,0
5DPNMAHaf1PV2cFGyFRCS3bmVyeEpoaVdDFw9sqp6hmpAJkg,-537782575,0
5FPCPby1QoQQufd4k8A7HVVPHtc3aTHSJQt1YS3YbS89AcPZ,-1112,0
5F7Ro3LxVSRFKhxfSpuwEPbM2tTYSUwn25KAJEt7VkxEWsfa,-695036,0
5Cr9987XKPDh5tqTwSbFW3PLUN73Me2e6Kvc6zUNbEJMgoWa,-302078,0
5Fe4LnJcoYxFhNgyeN9RYvrAoHFE4s1kiosWhpTd8QSZPFot,-16009760,0
5FuoiXGMv63eGjMHZMAwyXkfNzPx136p9pkxBZR42Q4vTjqz,-92139,0
5GBpVvmN8BYLKH7niBzGR16s37BNRCZFfukea5mQj1GsDdSB,-90874,0
5EtXDT8FTvkAuG1GdaMjEggfrZKFHKm5FvvrDMK7NA6y5d3t,-12060150,0
5DvNH5w741fvSZHZRcLdgz5JJehUx3HE8diqnzaqLfKtPs6X,-2013,0
5CP9UDzsfko4UxpagWHC5mSxQQmKV7cHK8ZDmVQZcisQzuaq,-91303,0
5E4oD6eVCZC2B3wA4BXPPPWwMbHCBrutDi8qXrzWrDQbnKKW,-31427265,0
5DAHnAuwo5Sn5ayT698so6WwUEWgepZsuimxgcyDLrR2SBLG,-350597,0
5Ckzx3dxfiLnQ9AFTsrPCaGEedbbjz61ec8RQXF1kCSxzL4w,-91293,0
5DyHfesgheAmcv9Lag2Sji1VBkgxhcX9z9REa3PeTHA1wPdz,-2760680,0
5HNpzTWCyAi99UMyu53XFN6z2iFPzq83t7PZphmYJFwCLg6N,-1762,0
5DydULrXTfHpy1xfBxRBHSXJ8FmqTi3C1xSNBA2RhHhscxL4,-13037861,0
5CCgPxWf7dEUPKZf3y7z8UQT6n8Mq51ahQboW5uY6VaSpCQh,-1025256,0
5CLg8ze5UCtwAQoqigf8sAraVkxms6HurCVojdRAKoNrpnLD,-6101,0
5DFspXGiV1dybas15yj2g9wvMVhtufQ6ThioLxAdSEBFoqCM,-91339,0
5EqwJZEcVRmzyPs8F1Dw34vyemLHLLWhnAPde2TPrYaNZGaS,-38681,0
5Gru3MF8nF9W1gaZDgXq5QaKTAAT3WktTk1RU7t6Ca2UXshx,-142186627,0
5FjxnWpr95UrEuxGEjwiK6AwQmNoMbFYsGmwEEZRb1qYJcQP,-91327,0
5Grut4eNrEoL4vx34EXXrpuegEmwGftdv6fiqQM2cEftCmHP,-22311913,0
5Ef2JYyrREYVw2oJaUyP9JxgMbaWX5LyoZnVpty8P3HfPxPj,-101829,0
5GHnJJ3NPZPNVjYXKrcSA6XM568CMRxEwQsmg4FJSMXNFpAD,-696420,0
5EsNQMySaE3LBLAEUn1VYbrWBgN1WFfnJJTy4AMstpdsTfcx,-1182,0
5CfyFtZ2Rw9gWmDHxDFNBAj4MRuFVPz9e8yofmPbLZRLKWBz,-1116843,0
5ENg3nrBtkxGPqSdm6tjsufFDgniPS1EVumtbzSqcghJhAND,-126570196,0
5Cf9vyQBhhpycKH5eoRf7nCPsCicmZEnERUqzY1nff3RHiTq,-40117279,0
5F4iSLxHMEYw9R3xjftAZ4NZZT9wfKkDiNbsaPtDnda6o8Fq,-280239572,0
5GCJFVtF4XStUj8faNGr1b5mrHVfTGPuf75RzYq5eVRe4J8j,-1112,0
5Ec5CPRTJuZKEr48saTCaBFX8bY2zQwWV2jqwXtLCPFRKiea,-272661,0
5CadpsLKJPj1L2jsVrJ1VQabeT9TrhmyDyr2TZtt6VpGvh4s,-222460,0
5CJX5TSEokNNvgN23BKDLg5wPrC1hjmNb99hwndgEJK5x5jK,-1037644751,0
5H3tmvZGpcSyJRUFUiGtZBaMQwuZNW9n1ysVGJ2rk6ftiTkG,-33611854,0
5HYH1zVDPdszvwKUjDKs11HLgzFT1X6d4ho94BUmJTxqyDSw,-79331598,0
5GKmokaGjzhTFxcaiZ3rtteaaDP6QUzuBaCuA6AbZxyHUP6z,-7787970,0
5E7B3qWkJsetJE27wY6RvSboRXwStM5d6wCn89w6fcbUJhAy,-4603931,0
5CPxLUk6wi5xP4MrQMtRdTvm8F7jjpzDD6wzsR8yGsS5z2Kz,-37699863,0
5FLWPuthC6Ydt8exXJjGPFNngqa7DHpCxASaGET8LsKixaak,-95237,0
5Eh9Qap35XRYEZMqj6ZimZRtMdrEQagBZu4rtMzYj1wrqf4L,-1148986,0
5GrunC37Z5b4EtHd47rCto525s57D2G1EGTP2jhkwM25SkPL,-1215,0
5DRQDcY69K2qmcAG37FcoadFa9JH5yKhQNfRhtYFV9gTfYwW,-104287,0
5E7pX9RoYz5wYL7ztcmg3vJ4bH1GstJgVAbbk2QLYqsmwQ64,-2547528,0
5CiignVUruKk6gWfBXmTXi6k7K4toxX5Niy2goaW1wi3JqCF,-707271210,0
5FnRPjUJsUZuHFEwfGzaGud8KoxyeetpvKPbSBp6SqfSR6zQ,-132042866,0
5GWEycmqFMR8xUhRDss6zt6ZFJ967961jCF4ggwNuHBXdhct,-1646,0
5D4ejSKFAKvahck5LezMqrKEd3AqmhG3ATtE6Nehamy3WSkT,-3119503,0
5F9u3o2pSftNEnC9KVJhoEAoEGHh9u4cXQJmfkbAkxKhZsJE,-512187,0
5HeBAdbHmfVZCKtV2fLttz6Z9tSrwPM5sy4CYQQj9bo9KP2a,-1763,0
5ENX1Q3GZtrmEXd93zJy8nrrCNxfxQ9csfRqQpS6VJU1D6D4,-333898,0
5FxutL7ayJEA9FChAWEvTMnnvYvkeieDSRrUrduqrPRWG2hZ,-90848,0
5DvMKPGyqtXXZeknL6eNZpQgEzkLXkwdBYK6LXm6d9iriGRC,-1112,0
5DWntHtkniYkzWjCwcJoJnMyacwfGZBND9B9FH8npoCKzBz9,-1528840,0
5DJ7pgTz91Tn3rmFrdhFew1iAM5XJ2Uv4t4vy6PLpvWRiyar,-1854,0
5Hmd9nnZp3scs97dpK3SBXJwkPJsQVAVEHG2Y2C73wPwtpLR,-578436,0
5CDWMma3HmkmAyZV6ddqr66KJYpLZgZ3UH1BeDNpTbTksHui,-16546168,0
5HNMWo36zyNXYgqgcV7bKRRLCpW2CcmpVssDADgGHZvturjp,-329463,0
5HdTygKMBLjtQd3GikeoNQH25gXLyjFfZdyYp983hbX5jiQ6,-1112,0
5CvZeWJK6KtptX3GvKm953gYdyCL9rGu4ZnshvYZTnuQjYqL,-342917,0
5HYBh76QachKuN3mVqCsVytitAJay853Z5DsS4ABLUuvAqo6,-1112,0
5HK8Uqdz8EtbPY97dkcgiYVjS3o2Z3mggDbDYmxxeoNQksaP,-1762,0
5H1aLcNJkzVDQeRXtcJdVQSCXkUechCY1tmsNRCtaTQPYmbg,-11238998,0
5Dke7BzcgdXUeCdhYHuVeQdrJHCfPqNZH8iPG6vKPC9HghAN,-5575697,0
5DJABNfjGaFTwqLhiSTkAzThg72XhEHT8Jz64SKgkmSTBP6d,-132,0
5E23YcvPYct7EoKECNs8HVeqiUGT5DckdbHEhszqieDWYQpq,-31851,0
5FX3ojgkXa8MNb77XzCT25kwPwVx3jfpCjP7dXfotVuSzSzC,-1762,0
5FNNXRQAJDyTZojrNRPuhq32RRCCppVRZ2ckQCJFV5Vgc9uG,-70551,0
5Dq31Eg5dwrm6Ltqi2vpZp8AeNwtxesG212oyWPtj3aNK6dC,-56927,0
5E6tTbTMHwaKkjDu3dZiAbHUj4v7LvTJWXakcZkwBLFNFgKf,-91284,0
5CX1YyCTgz6CMLNvAJep5WVaPxeKTug3ACPtKmQPQUAct7ZM,-39303565,0
5DFT8448QfhnddLCRtb3s1uqWMnBijSV7EgdAkoVhfykhDPq,-133073,0
5DZz2f6u46S6DZhvUWdHPBBfJcj8PrdPS4TXWKFsrHB8MNZy,-4689080,0
5H3BGsJEChcPNYcsaeCSScfht1gxqtybrrDinWUftCpAts35,-4115042,0
5CyEC2M4i4Q8GZZRHTeHeMSQsDM9ti5vHMSmgHueoYXn9fjZ,-7257193,0
5C5xMoJs5RpsAqsHwgsKkt4E1ThzxqqoWvaCk1h976mU2E2g,-1791357,0
5Gc841nMMF3E9MiF2TSw6psB4NJvPT1KtBvwbjCdDQPV6Uau,-138900,0
5DtWPq6XXabQTt7agBwwowtFfAwB63CZWN9ScdCdFCGe9DLn,-362069,0
5H6DHYX3uneaEhnGKdreWdgcgRzrWkEuuMPZFqjckGGVErCP,-519900,0
5DVHw5FfHnQpyGaQ1tUVLDeM7YjUcm7nBkThL42kDh9TQd69,-1203261,0
5GBetrBJuGmquzY8t6rVAsuj3ZK6Htj8AxJoH67GNCGdTLBu,-345853,0
5G1khWPkiqCJJhnQMKov175Y9NyhWstbt3Gjo2jsVX6hU6gu,-23657593,0
5H1VMfC9xJQwoghBUnzExNYiTqGax2MQUtprt36rXo81Be5k,-456607,0
5DLbVMKst1pSvChpyHsmZmsQHRtH6BkQwkBi9FgCuTdJ4hzD,-13695654,0
5H47jv7ozTvpxo8jSmGiMWSsKvzshxxEG44ByfSLdCqJipQp,-666920,0
5G9Ya9f1DhdGhP6gyY5WBZ9q7V2VhBz9JobeCb9YXxPR5MF5,-6114586,0
5EEeb1iReujktfwgaXpHJMXGK71jJxUTfk7gcHAKYy8LzcEd,-1718,0
5DAnb9ghfxpgey3wUHdKLGFxWNj63aWnpapZYu2mMpC3CXAL,-91262,0
5G4Lq6W4EajfEaeoHE7BN7ttHVXP8FVa2XBySUmRkRiSLnzu,-1762,0
5HHMTBaTA1oqEK55BDVW3eyA2K8SEAvJsZbDVShwtokze9QM,-95333,0
5GHBkeQfeswEUVv2UmPhvzWm1tKrb6xiJgorYK1885vkD4DV,-14219660,0
5D7TSx1EkQwS94zM4NfMgD57sJntFcrSR8XxK5Pp4NMzbafH,-166,0
5FbvavWuKUnX8VbziLAvoJSHSuJLTvT2pChdiUUNbfFExatq,-1005697,0
5FUT3oPmttYxaEe8KbdXCwovvz7tSQHqmGzz968yGZtAcT8s,-206978,0
5D78Abt9T1VXh8tSDak6yf7mY9eqsEyVZoAePhdebpmVRLxP,-91358,0
5CDmmRXtkK7cSykeEPVYxAKnZYMZaELerWziZsdnGUz2M9hp,-2486848,0
5EyBVmwjimr2XNigWjf8cRd5gdwrjPuSD61ABLB52bjNmiN7,-91488,0
5HEULgXZattyGsRoK57C5Pet7cpgCWdwZXAkEJTH7yD8utx3,-1763,0
5FLXTXyMkRnGQLC4LrgtD22yMZP3mqrgqs6nSnoi62A6d8U6,-26470116,0
5F9KtF1EGwuWmiSr7GjB65a2SccKG6Z3oHbgL6rUxjcftHT7,-232418,0
5GWSKFqbXfSyMz54GYk2GBr6QHMpq7knNkwdK23rj2Qp952J,-91531,0
5DtkhxjwVfMmYPWQkpmLN79BiE9jqDXVueH2TCnmYX6H3QAz,-922,0
5HMgLN7FLRXFNDs5gho2iwoExssRjhvnVUqreTiVHhZ5nYbd,-816206,0
5GsGm1LqjNPCZd2WFDxc473kSGYSWn5QBpVM3sbQBzFzLqDX,-445416,0
5CSZqh4mpuk4u5c5PEwMnA4AXiwr8Yae1q67C5kexDUgfW4q,-1465151,0
5CwUvmUCwFm5HvfKvDuLJQp2EpHp84FP8mYfvrxypcTKH9Su,-1131,0
5CLWUH3oHMumw54E9mt4gjHeibcKNw3GLcur3M3X11PfXEbL,-1165784,0
5DUDiSeVmtr42ffVpnwAFGKM9zogPkBiKp2BRZeeM7gvFukb,-91243,0
5EPMKMUbytrg8YkA4RGAD4wr74arhH87V2RWQggozw2BamKP,-820273,0
5GNHCjZzXryyThzRcoK1wUkv1PH3NUz54NMaj3HJ7dMR77gj,-114466,0
5CqbPLxqxY5JBvRUHVWnyjWtkGh1DBXwwgTFCtq1EuZkL6vH,-92144,0
5G1UWtXo9dxnzrmEo3hRF5itc8w2M1fgVyhHrSXhAD1x3yTn,-111617766,0
5DSJcr6NmyQzJvVqJs84XZiqrG7bPzfjFXJ9WuE4kZ2s7iD2,-69555763,0
5CJNHgzEu3DwXRyfjJ2q3ub9nbTietgNhB97CEsh9zFvpQwM,-8513026,0
5FWxGQCF5zBpN6txGRKnFUiR6uV8zPkcVuuZBpS927uND8a3,-92112,0
5FHsdW75T17yFNJWGUKem6QVCSkbPVE9ivM1EgM9FW4HVgbo,-91322,0
5CJySS2EyfSqhXCoZM4F2KevBDZzzzkywiYsSi6cAJH71pAH,-91279,0
5FCnBGuZ3UQ8CVLwaAEK1YTpezSMaG7cpSkPnUsRavz3MQfo,-1718,0
5H1BqNAgtR9oCzJAWukKSfL9vjQA3TuzpgUndd9v3mwA6g9j,-91274,0
5EZvHAfiEdD6fHT1jZxZ4kytZR5EGfHRppnq7Ne7TtsZjr4j,-107613,0
5GNdP4XHp3STJncLr2XFHJ538DSWTUP2ZDYh1zUg1KvyjW4Q,-91324,0
5FnXYc8LtuJZKMu7Qt8eWCFzzD896yr3DdvhHReYcafmj6qQ,-12309004,0
5H1Fj1c4PQvFMsBXen48aUM7mX46xiTPn8Y6mWk3DRGXvxj9,-12698294,0
5Co3ecRXbwehf56dZPS2nCwHaqet3Ntb1Etz9x3Q1ZCtnszr,-100025,0
5H3kHNEsmH6FCfoVF2R3uFMkoiqZHJgL3QyBUmcotizb4vWS,-922119,0
5HHUKYFqQvtSHzJnMnNnajsbavgNwmi27RZAF5dp2GLrFtKY,-30956,0
5FEgYqy84WkN5BqLymv1inZhn7jrGoWJeXuAnnDC3sZAhNGR,-785109,0
5Grw6wDqMuwqp1zW5fM2335hrKcf2dfpbQ4tb7ZCnMu9s1AC,-3142006,0
5C5E3wCuGJsBor1zYmYSAtPAvQfGnucYhwpzZK6D3vuZNq94,-18954,0
5FxihrNjfZe9QchjU2cQaHJw79wSkjrrm4QZbXteQkwST3gn,-112751,0
5FhMMRk2JNfPHUR1MvB29KZHkMFUVyry4Lg1XyEGz7hh3ShH,-1646,0
5DLHCCLAJukeoHxXZwNx6g93oWaGUEuAM8LumPjK3C7MTcVY,-13697,0
5HarRgfYRdtUUUZGbqoiKjwLKhQeJ9Cbcp34zHRHZ9Ww8d6u,-91582,0
5HL2xQhab3si9Yo7Mi9uVSz3FehZkaThtMUcSanR6RVXd2Wa,-138064,0
5HHGCmVmXj6eDKMY9JoZgxeqkAGCmvbDSnKUhWfesneiE9ak,-138667,0
5HNpf9ydo2C2TFBS1frahQeNDVdG2QABGckGsBNKxPq44Mgb,-937666,0
5GNUPoHAMMHwzi1D51NMe9iVVmqrKafK6ADnDtNwqSeRM2oA,-1718,0
5Fbt7o77emqK8ekrVnp3c5GPTyHpvFNmWZd4CUyutyY2wLHr,-982591,0
5GvCpqwuGxvV7PAacMZC8cWZAGiRC9TDwasSvtPgo3dSESTW,-120931,0
5DJjSWAf5JsABiEYKJh1sHGhkeKZFm7itdMus8Q23gq6g8By,-140080089,0
5EqjkVd1cXncYvGpbHFSk9ktFk84oL4Wx2VDNe4RuRZNPQ32,-44442455,0
5CybtfNFL84hBrybc2BQY3eCA1U56xEhAq4QzFwkZAuWs7fK,-111,0
5EYyf8mw1JWmg76pYfxZkBVUdeSinTz24vwPFs9VDSFBnQQP,-472479,0
5EoJYZLbbjsVpbAErKtwbBq7G3uTF2e3t5Fu7wRmLCkx4ViG,-807399,0
5EepQoPRoocRuBp8HzHnnGaFfj8DVNVXoqZkjbJ5YJYcUsj8,-109804356,0
5Dtu2D65WXPBt5jkGSDpKYfJLvS5fJW7NEPGzro1VZg2SXvT,-39737553,0
5DtPEPedsgNn8P9c4GuquksU6Mkgnto3p8AkUFjmAzKXjSGh,-1762,0
5Fmu43qLMNxjwWc7m4uPM6Xr9ATDRKukxZJSc117hqwqnfPh,-22671504,0
5D7hvxfuMC1Zrbr18jYzctzcegzRCe3tsksUENyjMmajhgdH,-1005449,0
5H8VQyDte3R6yaMnznesK4Hww7HygUXUgJj3xwHymrAG3E3B,-9697230,0
5FRBAAMoPshaG4fJoXShYMBG4FdGneQi2DZgrsurWqaTr41i,-7323459,0
5GjhKhSuTaTV7FWhCmmhZDSQvCo9UvDeffo4hFQgLMUaksSM,-257614960,0
5DJovVaXYQFVwnkP5i5DE5JFyudCdoEfMiM68BVgzbL9v28c,-870166,0
5CCk57vH4CbSXybiUW92NvL1pmZqLRFu5nkFBgtZsAaBCMQ8,-751426,0
5C5rWjRKfMExfmav864hS6aVXLG1183spgdUeQ7e1XuRMF2B,-918084,0
5CK88gvBmMaYEiQwj3pW5UrBSNamuDQpSzZf74mUPn3ihERX,-91503,0
5G1LnXqD5wyiGd9ZXeTJoR6aDBszJb8ZAhuZCSSmkUbvKZ3i,-1843141,0
5CM1xaYqrMc9SXcHVYzYmS8V5vRS1CLE4Lwc3hq6riAGRTcP,-2270944,0
5CojknH9daMVDQ6rZuUSsDjnzDcofvGWRtCsG6y35HJyiDvE,-225594551,0
5Hq2s99sGRVwiUzi8ehoxrrZ62rtoBfvT4woBWhv6QQW5HvV,-112934,0
5FREbZGCWLqUxnSqYfgMXPSEPwyPxYK9nbDsUyT9iifk7e9b,-670201,0
5ETzqusHkBisj9oSKgtg4BJjr5zCNVBgW7yymxtNr4gtghmm,-99306,0
5FZ5yxjtT87dBvrLT2Xw9v5VubRYT1Ki6MnfT9kk7Fj4tv5B,-380485,0
5GmTYN43P49kehsNXzHm9RGT19dGGkwHDzcpasj7UFKjVW2J,-5309884309,0
5FPBih8RAKr1EdtCWsBv97faVaiKTktSoFCuw7pKEuU9s8Gh,-1112,0
5Dt2QpCNab76E1AxLkMeVuyTk8pyVwi53SoCPAAMCcpZ4yqJ,-333898,0
5ERCUkKFvf5fF9nLPhP4mWJq1zaUeENzXwvihS1DnNedcsf8,-46293699,0
5CPb5qG33ose2LjiGjcJHBgfQNa4YLfWTpcDu96eLqS4H3G8,-91490,0
5CrR2uAhtU5xok9mgfLxuvNXct1PurExDWE9e2BzY23iMQP7,-91322,0
5CcKzLvNLZkk2eUbzH4svJ19FrNZKNP6JmEomNACcwzzMMfT,-37735729,0
5CdTRfp4QEjUM76La67E1TBeMnDfqrPUs22HLcW8mBDgyqEq,-91336,0
5HWCCe7amkN5LmkVW6Jr2Li8AWHi4RLuZ78SqGdHMcsNc5E7,-890568,0
5DcUXHtCLTrPVi7msTntiGtGHXQcZsvuEKjHoRis5BDFv5o1,-733992,0
5D89rvojuMwUGsbehMQufthcwpaLQg15bHC2JRCkZD8sGgy2,-95642,0
5GsLXdaF3ibsrotkhZz7yhCUrhTuXkZyHJ7FZXSmsTjjCWsM,-91524,0
5Df86iGeKgZWNbF3ZSQuxLH2gT8rMP59QkZeuuxFmPFHL9dQ,-398961686,0
5FNHG41VNY7h9d6SiYKiEdD14fqFYp8mGNZVRKMhNXSZz9L6,-7569,0
5ELUG4w6z4PdKdyGKT7PHg6cwjK7JG4vzDURBcjfcUVjTiut,-92149,0
5H3yZgKvGHXpPwc3UUP5e7atN4nGQHGdP9aXgCbzc8uH7gCG,-445197,0
5DqgveQmE1Tu9DukvLGsg32NhizY4FyMbLF8FQLWJXmaE1Di,-13281833,0
5DAggBjZkgyDGEFt8biJLqDdz8N9ASHpKJUFUwfjCRamPrzJ,-11419843,0
5G3WhaMPb4A6ijJz63fxtxZ73AR7ifMfHnDnB2sXM2Qhy6ES,-1112,0
5ChV82z2vGiLthrgjiSC1DjGeqow7ddbqq9ADXbMSbsJdqz1,-91387,0
5E7K5xhKkQWD2Zep8Cm9jnaVZwktsfbZ5RJ5u8xHTXMMGx9y,-2859007,0
5DkmYBLEwjfy9LqRnxteBfcp5GBoVnD4Lg8knAToSzqstW3T,-7788799,0
5GmVv5FZb7zguzGftZ8KjpREs7UxnQA7xh9PnBrikqPn4VdV,-1716602,0
5Hmzd1HLMYSqDMSdBY1GXvVzzyHhnDRiXhxZiMKoC5Xe2byS,-332127,0
5GeUyAHayJNFbrpdXu5rzs1gVMZ59eZxBStq2vJun3d3Sdqn,-451104,0
5FUCdJWasQ6L2jQkVjHb1ZnCSuvDA7Hd1HqnmyB3CSPJa4sw,-3361687,0
5D4UKsS97Kh1Me4bRvN4KdV6uAV4xEG3gfxKM8ckmR53Nq5T,-978,0
5GEbfxXscxdi4dqh2B3TjpWEgiPyFUd5JduFM9VXs227YgGt,-21652,0
5HR8sT2viwxoEbkoPeRhTfYrS8oEQgaqUiS3o9TMZ5VrLfMe,-430351,0
5DMR4fDhi89UYcd9uEhNhrE2xZbvVu9r833JaF8qa1aCb1jS,-138498,0
5EHLKFhzYSzhCWXshhzCm8okzRBWR3x8Uw7iYDyD64e1kxg4,-92107,0
5Ctz8D4TY2yRDUSJi95QqxKDaZoW9j4VCzbwoMudz8zXwNjf,-52820,0
5CwSj4uTHg8rkktTnLgzAyGaofkVwA9PB91Vbb8JuPpcYgcj,-105511,0
5GBh6kEXwAjC8wYdzGc96sXEHZH5e3SJJNNJtTNZRSXFrYWk,-15549161,0
5HZH9L5Bppt2oTHuPjot9agZyEEHtytwVyGkpGjFMCwbNgXs,-1763,0
5EqWXLnXWk4UugfECZrzuScERrQdb9ojQSRKXPFzfzJQsGaD,-90776,0
5H6LVSxfxseHPMZjWJF3i6zr3ncM51th6WiNZMQGRjpewBJx,-13638,0
5FUUGLKXKLXkwzXvsBH3LSpfwSXyEG7CZc8coXu1fVZAPuQc,-95298,0
5Fbn1p7VB3oMTkZPFQnYCF6AvKijwMoSNjz3vH8vKwA78SK6,-234540,0
5EXRLyW24YwSpNNP6ETbqkbeyfeLa3C6Xh3TqUw2UPtXh1Wr,-685734,0
5DqpSvMBfTQswWGCDvzVRhNqmcRMZrtDjcTt44iTWsK8mwP8,-1763,0
5En45vBfq4iDxpYqbcT4BPT54p8V6JnYQgym9KCmqKDFHjbZ,-117180702,0
5DbxnJmwEJu4J8TiuAPeXfDKBaFxn21tgCjXDYJxWUJKaBub,-10280981,0
5FjvBfuknC6fxnVT6U6CaPYdndsg5X4ZTNFV9x7CajXtZjTy,-98877,0
5CLtywPhnQ8KqmordN3Vr7Gc5KNe9Ebv7iHrLq3xJqU23SBp,-2258934,0
5CVFHkVMPiGK8uiazevyviXLupr9GJXHzTrmdpzFULQowbkD,-1762,0
5GqLVB9ho3ztEbAHkH6aZD9YxFGoEsudWfW13L5YyZMjeVDu,-123699811,0
5GVkyxFR2E4f3sHkxY1uL4t7C6tUACHFt2dXKen4NXz7W44h,-97220,0
5DSQZ2BYQrboecjbAWrRxgafA8ZBko3a6p5d2LGmds28Tma5,-35254,0
5FRJkYjccvtWPEoHcH1TPK17mu3fwqhoSWtgBNdodnRBU5vu,-448955,0
5DtGjcaMfaPnrVEbuJRsjqYN83p4YZBwNvkjvJVUZmXjD7V4,-376180,0
5F9YoBC7apUc1eqejfMkggp7yGYSme7GUufW12FMFX1pTzPy,-4722043,0
5CAkb1LBDm6wCKSniAXdEFeGqxo5zhyeBg727MYXtbs8UtrD,-111204737,0
5Ev6517A53cqiUC7Q8W6Y3vj1PCXdBggwzeohVgQLLhJSRHt,-137198,0
5FtEEfxEdXX5nM5gekhuoWcwWfhW66TtDdcJiBDaCezpF6ex,-2146171,0
5Cg2DtRzeSvNPxhgcJ2ffE4TiX8pajP6cZ5GXh7N7sDdHrCZ,-1360175,0
5F4g8mDMnSpKBncXv5vhjWeovuAVGMSXGL3xdtQBhdk1YVFL,-5795705,0
5EWNs42A79pPN53rtSdFYPK9jzSuiD1zMKYfisDhipBzsoVo,-244970,0
5Ff9dEzymtig1d9oP5dPoEGWQQ1xQVk7BHP4MNo8mBX4AVds,-15512644,0
5DiD5n6Kc4wQQpMAz2pSC4y9Ect8QgKMuKh1biQDwr3pt4iA,-27110182,0
5Hj4rKydaju9B2UzF8QTBxxm6SKToZ8KKGhZHEsUqreQhfYg,-91558,0
5HmmwCjHEJHAt5Erxh9sbTFLNhH7dBp383k3g4vvUDJiDm2S,-91485,0
5H4CTDB3X8MEf6aEmvVyXiEST56wiLXJXsagVW73oFR7GNAv,-1763,0
5FLZsBtwTeNu5EkiMDkwF4hS8V7Lz1bR4HQRLHc9fkrssB4A,-480881,0
5Fs4FsAFSWUbKvU7CCoLmzXcJMAJgmo8bHBWRV3yueqkS5oT,-29707873,0
5DLgJqSQVhTiBt9AKVebMnn82cebpbcqAZF5N7rjhHEunRQT,-1763,0
5HK8xzoz8vXvnq9f45XmLXrsNJVfx4m8H9kbaKyVEEH8fLBF,-1152497,0
5H8zXqgiFq7y9fN5D4W3h2YtaLG8Jj7mmB1cQuMcxJi1rBpD,-453838,0
5D1rG4naxBouPF2TLuNjNpxZjDvhTUqistnzxnmpxVThrJN4,-188270,0
5Djq5tVSyA8QM68FEU1E1q7ufPN1TEcGYg6KK2eZMX8jTzVM,-95237,0
5CFpR5cEd1iJoKxU1nqJGw13NVnRn2xggGfqsSd2Cp2Ed3zz,-222598,0
5FjuYMBQj8QyFLCActE5X46kQdVDfkz7KTnJf46E1zxKduuv,-2097,0
5Fsiw8f5FvEFPAhuqN67Y6A3gTcinhXHepxXgSsnrxsTVMv7,-302700617,0
5HR6v8tt6WYNcAYFawvGJXZLQevr1b6LZgG7pcV4m4efs7kX,-333898,0
5EZ6o5AspMScJMa8PdduAB6uxLYGX5hsehJU62Zuqk8SxHc5,-7580723,0
5CMJWyHqJCXXngYcMEVL7MMC9a9dRnxx5AnFsW73sXbSVop7,-55285,0
5DfVUoo6RaTK8ZoDcwY7Qjyy8JCnhQAmi5gfJvjmj6Lm9zUR,-204277,0
5G9PSu7Pv7HJa6LCqTY1Vfzj3tmVT9oVBUfvVFkrok2QReHw,-485900,0
5EnKYAcJSWQ4TTSN4gBcya5S1vo2S9waw1qDGg45R1ZXtG5b,-64776247,0
5Cr8Vzny78WDmmcgBBuyQBniha3bxHyFPyFBvmq5dFAUADJb,-17214,0
5C4wk7gRQjxG4G92FkqC4LeU9KUdTBWuZGRMMbK9cANUaRdu,-5392344,0
5CwifAiGPuqStQVX5PjFMKkd2Uv2tkfdRq13W5EqsYC91DRP,-5208634,0
5Ckr4mC7esLVKwAdnxcNXGZWYjQ9oPZkpowZGRfxfdDtXqvc,-3349057,0
5CwWVVXn8du7GyuAFyQ2ynMV9HKscYw9sx6r2VUShmTd44UU,-92149,0
5Eh5gLbxuEvezuHUbnChkXY7Mbrca8ViCi4TLcpQeeVoAKiF,-93269,0
5GjS14uD9KoxXTjdFF5TyWvLp7tdKshDfM2z5bRmt9aHYNDp,-493627,0
5HH1fbHyeLA34PtCzrFZugU6QgY5z4SUhKye7bGYBVe2G1Rg,-262261,0
5HVVf4LoyAEcvSR1WNqy37d9N34TfwW2ipscXYEjPS93phSS,-5895895,0
5Ff3Xpnjp16uAB2cHatBnxmNYhHzp517YakEkdDUEfQvPsLL,-7958645,0
5CPTSAH8YpQukumneamLFkCjjpHmAg6gkdTp4Cfb98WtNCS6,-1719,0
5FjV1czPLVwSFB2MLgbsmJvAZ5eDHWZtFZpUbuFLS9xqDASW,-3606666,0
5Hor5gaoGwxmPZ4jwXuwLNPnQtUtKHLx8dENAcQJ5WoXGvgt,-268350728,0
5HKHsybouxFnVLf7frB5YHYScWFs31eevAhCo3xkQPiBw96Y,-22898833,0
5Ggu3pvMFr6WR7A21guz97NT5Ei6DDGsdEMGa5YoXaZPLacb,-1152910,0
5DJPz1BztSmwoxLiupNsdrMoC3MXqbaVj93rMYBKdrd5er5p,-91231,0
5DcQaYU8NpvBaZt7Da9V34dPcu1DdqUtREyx7ofTnGbHMf2C,-247796,0
5H9M4P9oNJJypqVR5r4yJALwsQdoV9wQ1Fq7PEx1fbCTCPCg,-165,0
5DoWpSf2dDyJAp6SWVfLrKwqQaHdbpE6Y8xd1bS3ZNjXvaHK,-72549,0
5Ft4pgzovXRvZEnwcnDPhKsZ6VdF1ynTvBQj7jUkp5rtPwcv,-10360560,0
5HVqHLuJDtoZhNHk2CfwSmsSwWrPrNSC8Xz6vQg7ja51xPW1,-4485278,0
5GgKSgp4zXqdcXEsoBgqYLCyGaXxp6y592ACJnKxvZWeWA3S,-4420692,0
5FHBLGYFGbKCRXAwA5YNazYf2HaM3UFj3ojcd7rACekgBzn6,-812,0
5F1Jzw6aGCsZd4SduRimgReQvZjRd6rULF7NTWPA8nxTVqew,-152888,0
5DGA4JcnS5RavpxwJfadwjzhKMEN1PGT1NHAnmHsnqu4X6Zs,-5642765,0
5DLCaXVK6zPide2LHN7AX1EBbQWcPucGdziRxSoMbe4weCoB,-1522545,0
5GYzc8MMnLSkKYHoopsGEfUUFirDQTY4uZCEAAaQoK4v8czH,-143100556,0
5GpGXrXkrVTWewqTHYeLctBCtkL5yZDC8QgTHCH3PB58J5Sr,-1119099,0
5D2bZ3SkPByh2ayMDTEy2dYBKD34KFBaxp84dZs4ewYZCTeT,-92154,0
5FyPLvme4q2V7YWzaenF2tE4xiprf8rrimFLZUgmXEr9yDvj,-2526475044,0
5FxFPe4y9RTosq9UgFoGBXhTD4UmdmRvwURpZt7czcut4g5n,-1763,0
5ECbDQdQi8BLMA8jjX944oL5KgKygCzojoPqfRBjLw1jRsMu,-91332,0
5Gjf5kY5grkaKrjjR1cGNyptHMpvmM56fNRqL1Xt4r3z8zjf,-12790249,0
5DyddMB3aZvcoVDfhxVHwKVRmyGDixVzNB2EnjZ8eSWDHBL3,-1789175,0
5H1PZdTgSsxuQFhXtjpZkeRKs2MT3iFVXekNH6BfAdwtL9RF,-14210618,0
5FtAWE8ZLCVzQHteGpLUpstrLCA49m2Stz13g58Wd35jXxxA,-1112,0
5HibViEmT9yxbAbTxTEMUagNiofRezhuvQdFE4i7JkH4i8Zf,-5570534,0
5HQfXQWnN9zYZe4FqA5MkcGvJp7Qe51cJyfr2SW51puHtYeu,-138652,0
5DAp76fsnTWdG5JuYK4D3Eu5qPPWbtXnmiLAf2xwsZgAgxqZ,-90934,0
5EhvJwbxjpLBRbNgtjSVhw3gexTieApKpZoW8YXYhpbnNWRo,-241160388,0
5F1iLbihHTAS81NBTdbVPmPuQo76LefK7XXRdLsd5WijEhto,-11189116,0
5GpzAgJS83tuDytzue4Tsz6oycNdpp7F8tcai6kHQ1jPznRo,-196791,0
5HNE22vhbWXsW9ZPzLgbGqRtaT7nV7SS9wqL975uU1fyucTD,-105585,0
5C5oRMn9Bf73fBYNvBmUpDsg95w8QkBy7ksKDfPoNceVUBy9,-157961019,0
5E9vMn7ediSKh1VHo2s4PFn1yN5C7abLJ5UhJZFWpduBZcgg,-9366254,0
5GYdvpiP68FGzexAVe3LZcdGttte9CHb9MxzRvUNoDSQ3j8n,-5666634,0
5HDgNPVySAEunMycZeCuYUdkUkDPhx5Cn4sXXQPu3Lgpbgmx,-355274,0
5FbyhxshAtEA7GpUyJnEwek7gc9TdcJRcme6rh7yY8hATYMd,-493744,0
5HbANGXhG3m7U8kQYXTfeULRahgauerVHFDhVVGTMEVLRvH1,-12335656,0
5CSJbEcR6p3gqMtLqsv7wbSiMGcNAhLaggXyVkcfF2RfVU2Z,-586,0
5HmfKVUrzBREbutgpejkr1EuH9qh59r8JR3PkFBYqDyvq1hA,-106284,0
5DvhehzfCa69WX1WCB6dvrXJowuzmrYDD3vt5ZTVgL57Rn2g,-1646,0
5EA9fuJgoXtHcudEFm4en7n6UF9jFTM8yPGtFR4u9r96hCo9,-248980,0
5GpS2JMCk5dbuNWYKVXWLEJdAuVowiRVkJw6LUsVmoSSBZ1C,-545076,0
5CT5jwBEAhveEjgiSCQbkaKcKcUyF3VJ8qNXM9rXsuQyn3Kd,-92749609271,0
5CZr6FVGYPHECodShXTyevNgHQ4E2YDGDFhNKj6FWgyNgpKW,-11456904,0
5CFnoCsP3pDK2thhSqYPwKELJFLQ1hBodqzSUypexyh7eHkB,-71339004,0
5EDCDQj8R5YymhZAEw44Mo69JSoUySJpYuf5zNcT8PEtHp5S,-238589,0
5FqTBTAMufSmnaGSb3xfqmzL2CbnbaY2jxUiteRipSrYLAMq,-920,0
5H3turEHbnGpwMjjzz1avM2EeQhqhKiUNQoSzio9B6jyFrSd,-95766,0
5CyHdRCoYxpzVxAF8csCyezk3XfZhB8yCJzkSjnCjtjUrrvW,-34342175,0
5G6viY168a25uEaXNLLNkzaKGFrjdzThjZiUsE9tFuzzEkDz,-480775,0
5Gs6F8ew3pgEdKH3FkvLD53T5DJkCK8Xy9TDnEmZc8Z5goBg,-92137,0
5EnMrjZEtLy4D5iBtkW91za6qA7xmwMxXRwNhVJxnHbEHFCJ,-2794833,0
5F4K3TY3hkDYGeL2F86gGKpX7KofMkLpgyVwxhxVVgM2ExWG,-430374,0
5Dcmc62woAWmy5TYRUUBTEDQi9mb6hCV6frCMJxQ6YTtwbq5,-381578,0
5ELv2QeJnFN9JVZSyoAryTGHWpvLupd99LoGbgL9QvcXFJZz,-91368,0
5G3wBMGPbTqyEiF5cH7ZHRnDyVfs2fyheFqb3AdWVAgA6LuP,-138763,0
5CJNK5rQgb4Sqq5oe3vdjgg5pSEm4yWWrraH8SZX5ZiZgUuQ,-91565,0
5GH92cDtjNTwBVoNw7zZpY5hataiZu8UantR5ikxPYQ9Uxp7,-42892,0
5HNWDs8xGjKQDRpiLi3Rw1fSxTpG9rkK7i5GCiGFoXsSFeEe,-91348,0
5DVBJwGuokkXaDjRe7pus9v45ZCZp87Puf8L3hqgy4ozAvsq,-24020,0
5DvibJKhceQ8gk52hoQ4CTbMG1NNMUYPtvDWBhqKs2LVGdr5,-1112,0
5ERoWpKYbCzwp5cg3ByHaKy4cUE48gS53xZiekFvqQJ7tTmi,-3729103,0
5H9YkHis6Jg2r2YwSTsNn2ziqwh1sFm3uXhG4BxJXZniRKiL,-120451834,0
5HQMVy2rSejNvTLkgWsn5cbFA6iuyxvsErdRZnrhzgBJajCD,-1762,0
5GHtirraLbXNnFMyRrMFY1MfJHpPqZaaNw89n7yGiQx8d4aW,-307442,0
5DPNj4vBkTkUi4JWwa4DpSvcGin6SWjQAruwViRtiurYoErE,-366972218,0
5DA5GVJ5zRwxkGPqQ1ErVFh9pfC7Lgbu3ZrXcyrR9qRU6Uvw,-1112,0
5GuxbgNVR7U6X7BgVCK8JaLGmkvYfDq2UCzZZ4CDXX7mxKbn,-91212,0
5CM9dzSCeegXkQnE575qacKvuugXh6eizgHcZskMyRFgdVLm,-97139,0
5CFZzorpaiwjYuPg1dRRNJWtVpJx3SmkPL9YUngQ9xeN3e6G,-94783,0
5GEJzvwxxefEdokisZAL2K7UbBp4mubU6hR5tzcPk2WEETPb,-1762,0
5E4EV199ANEXZQ4FUVWR4Y2eQvb5JY5USR9NNp2siap5GcYG,-695728,0
5Dtapv2Yx6m7m38AxnHKXnmKRQEXDTLYcC7yz1RvPwkpxzsV,-138620,0
5EZNW7K97Djq3CBNGnsK8w55WQVC65wa5jpmJqFH3VztfWsU,-91495,0
5CDpfudsfCWbFHRtGnYWaVxjX581gtTD9ZJoTYHkPXNJFTX3,-51988738,0
5DABYXiozQKGBTQhRWMkfoCbrJZznQmNHCyYAX8aL7nKChjc,-463277,0
5DJe3bt4RrfWV4vc4mVv5U2WPVbqkgCqHrMQYh2Xmes9atVR,-345446,0
5FNhzQLucxKrBrQS3ZdhmYy5iR65nJkEeFfh4dL79BT1S6wy,-43213,0
5FWiZTCz3ojYQSBJLXbhuXTysruQPVNjQf3dASa9EJPnnz4B,-295119666,0
5DtAgix9S2ZxeE6qRcacdRMkL8BxB78Pe6AESYSBUUiRTqsk,-482543,0
5DvYWWafc8w5KLoXX1KkxTzw1C8aMjJhQeG28bacGYDsWzXJ,-1112,0
5E4uN4t24cKr8yfh6E2R7CxGe3xQ1YfLsGewDU9FGhB3hDnR,-426919,0
5E2azjbmeL8ewzDCigTKakoesJjUw9ozSQPsMwGqu3ETFwdB,-1763,0
5FsoFFxe4isFdSPZU65HEAVZfceJRnNnVypySYHjpPDBK2he,-93238,0
5Eo64o1aV6R3vUDUXHC6fBqiCUeChduX4zfDF7M61G6GTis5,-22672313,0
5DUUaC2PposYZ61pbDtz5vcrRvgZN2qQhM9dUTW1GPh4vvwS,-68023109,0
5D5gp5RB2UExQd29N7ojk3f3fcaeJq1rYf2eycF3935vvFy3,-91377,0
5FvLNTjCAzyPCSMgQhtCNznPzfHrh9etbQpQM24QRgyneZJH,-36998408,0
5DrA6EYh6kaUnmv1iXn7AKHy7FZhDG8VnXE3TqUhr1CMjQ4m,-55875335,0
5EFDoVMZJhEbAPUcs87487Kt9XdE2LKZTJtxd9F2fLCrH4u6,-111498,0
5CFhjgc6fANarxtURMUN19zhuAQ91CgBTrudEXsFaA2MLDB8,-1625822,0
5DoXSs7uAhqqcAYcZUo1qa1UJniRP1oKPFnFyYycff7Chnvr,-91517,0
5HmfTzuxcBqMEuVAqYz872KpTLGNm1ALn6PQNaozH7MrXDrj,-93280,0
5EMjsd1DGwJ4H5hwqRYc9UELsJHpnV5FYHVp2HvC5wAj7Zv8,-260197275,0
5GdfxvLwrYzZ74VAbrVQBtRMGyXfabHRiHBXtXnPGBeNgXwV,-4819119,0
5GL86B8xNiWxiSZHxRNh6nrFcBAYe7TTkDkADjLyLMLsvNh4,-11821675,0
5DAMctrzYjNSjT1EvQt1iU3CX248StBeybeQDyZsSMKqW2Bh,-313578,0
5CojGNFGmRsHKLSyaPi8b8t2UVmQqxbFzGUQyidQhHScGkGZ,-3768476,0
5G77ZNzikX58KMvyN7jwWUM8FSXyEUMT49KQnAgpkxZwShL3,-333898,0
5FxFjPK31SuFmKr8kEuimJt78tBcBtbcVvuFcfzu7zBzq4N3,-675,0
5GxLS7vFRosviXdoh7uHG3LTYh782Zx6Fb3d6R87SY3YAds4,-134,0
5H1Ja6XQ2xkRE4s79ajYexAfUNvGGyD9k5enH4Gb2MoWjrg6,-3668258,0
5GjCKug7Rzu5vFRFy7vweTchaRNaeNYqxmanRiVcfkZ29Jki,-372142,0
5CG5QanQewTk8ZJr5qax3Lg51j6oM8zxEEdjBodXWZYkpzEv,-348713,0
5DAf3Q9ibatAuhrstLTwyxW4CNjKGsWRJcMWQar91CqPN5AW,-1585142,0
5DXUCcxQ3cAgaaLjAi9kQpV4wgPCzbXqLRYAPazYuVJpuydQ,-91236,0
5CPqoKXqRmCcbxejNzzduBagDqyPvLUZX9KwZA722QC9JPz9,-154688,0
5E2QQEfWs1RTjThvQcQKuRcdbh2WXtbzZVFyjuKaxEdhZxAg,-5509331,0
5H1caEqpG44ou44SLrGS6UZpBd4Q9XoeQq7e8VLS9QRbF2ZB,-1127709,0
5D4s5hK7XxAtSyCLSyqNdCnnE98pyrqrT9bxUGMw6yaoJcJD,-3035004,0
5DVCd4s45EkMjxzcb2Azjwgb4pLKPLqgbEdzknywZousHTs4,-92115,0
5Hn9NEDQtkDmFfd3BvoSiGzUVP35cxc4zbpG9W5Q7w4k8bh6,-7534060,0
5GKW3WB4Q37byhk6wGupoNAJJ8gXVsbGz6Ye1JAnpUfsNBh6,-1112,0
5EPT1Y96rFqwdcasBXNP6DivTEsWrK2yLyHsooXNWmY2egdy,-1425123,0
5HYR2pdURqirAyRGM3tCyAZsz6Nsmx3e7FZh7VjzvGZeE2fd,-2781371,0
5FHAPHQC4V4NS4WPeCNYgXTgNsN2yHBwSrWNcyHUaoLVTWsG,-6578206,0
5CfR43jK5FgBRnYijV1UaZJPBF3pSg9yTBJLrvUkhJeei6cn,-118466185,0
5ExYunaktDwCsyZiUb6ZadaAyzCnFycm1HNN6Tw92N3pQZqG,-91322,0
5CaXUsyMs6pLcKLBWZ9Wpbo8tXVvNEREmjgupnBMMFmVpi9N,-16700,0
5DV7Q26MNZDyJTmhKit4R4gA4fCTnSUDAm5gqCX1uicU9doR,-7119221,0
5GNJ3VpZEainiyccN63GSHT1YXbAU8deNrQ9PsxzaQ3nnJBC,-91298,0
5Equ6c29s9LD7QxAJMhyFNniU4vS9LuG4djXyWPgndu1Fuyz,-112807573,0
5CPyr4BAPbMTupgiyopwgS1KXQcRfPZw5tnTf9Bq8MRXdsEN,-30500,0
5HK4B2C7ripwTwQ7HxpGQdeVF5dyqeXuC3FgoomRXeKDMyEm,-188423,0
5FX2QEWXVqP9EHJHCPArG1p5mhg4vzcsNgcJi9TdX3f41Fyq,-12271093,0
5GHjUwXZtn4DgWRUPqbiEp1AYV4dg9TLFP3ZyzwPjm9NosF9,-2369881,0
5DsfmnEKwv68yMEA4wBLKv2mY1qFG837oTsuV8Uk1DA618f3,-6081408,0
5DCxJt58sz19dGqSJCzbqPgG7WpPKAUPosN16T7GNFnubB5B,-734646,0
5FTiVHRACkYuy1zEPMGLp8GbPpddf5gD1A47gxHLCktgG8LK,-1888681,0
5GR8FqLRbCKbeT9pW2gykTKSzdguFy5L3See8eN5dZd19eyx,-334855,0
5G1dvgZsEWniLNLBAApnVU5eHsCmyw5b8DdsnBeUC3WCy9A4,-1005,0
5EHcFnGcy3FCKZxX6eQUZ6GoGaLWi9csExuiytXrxqBEgPFm,-55828323,0
5FjFHgaGgDfAakm5RCMmqbyVcV9fLo7yexiW6u2toLdoYbyT,-234148,0
5CUiY4qDtHA69W2d9jHsoPjqtvsDLTeVmdtp7sbhTAcGrmKd,-658,0
5EvZPT2oZCtbHJNKTNa4dyVZPeQ6WVnVXxStX4bgwbSZ1sCw,-48787605,0
5DepwbsiThs2gQyM9bpm8QNz6RHZatTEnpCwkT5Nf3ccyZ2b,-91565,0
5E762JWQVxvT9JBJ9GBN8Xb8z1e5wiekCZBBBxXExrE4tjiw,-346186,0
5Ey8eRSxhGsr8p4R7WmtPUxzeLLmGXrdqRZZv71n7isuKhyj,-111,0
5FjWPXpn5Bfb5NwCk4gtPs35khF3qoRyyhMcNUt1ADwSK42Q,-91317,0
5CcCNqRkUgUnd6y5kTGh3eRgUVZqvwkgEezhBGD2Qb9BRx6v,-19093776,0
5GC953VmZ9SefwLA75YMBodxjL83QM4aQr8bmY2yjCtmMaAu,-92,0
5C4iaaao4MAtSKWMYEQSw7wqgN2sf9owh9vEoqzpCw5T8D87,-12182192,0
5GsyG3TAg1sttnTh8t3nzgCvvafBRQMbJGx9ALdtNrmMT85i,-678,0
5HbD5v2Bh8yw53XYaXG1TjAJNa2SQyjCEYRKLxcFVxzqHNvS,-1248033,0
5Fehb17yjcFoPhm9nqr2AdpzJnbkgXLyfTGdgkgGNAv6QGoz,-1569,0
5FYnfXddZqDRmzaySzicW1CtyKuyzDDKL4TuTYuxt3fCv83a,-1762,0
5ELuguHmJMLeGjDowbuY8sqzLRVi6D1QJ1f1XUYmGjGNoWgT,-37618115,0
5GzvazTYgaiAKVevHWrqiYp4m1ZwEaaGxcBa9KYfGgLkK2oe,-186,0
5Ggre7PhcgQN34KkNuZYNpX1riRE72fqcmPWjtDmfSKSMrgQ,-91353,0
5DUD3XFCgai9WK9BbUcDdNHRytuxqZoUSaswQ7AVoa6rjRnS,-34515541,0
5CDTSxF5MtgQE1wXw9Bz3x42NNdT62kpwBpMaCTEnU8eTRiA,-939800,0
5EFicbRUuWGorzQzkzCgFQtVYigPb2yrhQDAVJrF7mqRXEuD,-70321000,0
5EnrP6ky6oWTqMJfDuG8y1DxxNdMjEzdZeM7W8Lr35oCLBRG,-178135,0
5DLdMFBH4xPNUQ6VXVXcibhrv2wuuCaAQhnfebMiCzGX7QKk,-816289,0
5FNy4QWW3J7Wae2pzcq1A8wwJN7QKhyuJwNqvXn5JH1TUg3K,-2224736,0
5G6GoquGzEbyDWXx7A7Fvp1626MZQGmUnojNLek2UiVnYuSn,-5660438,0
5GEyHN7YTCuNhELAPMrQve6vT4cRJqMmusMYKwJgPiuaerMr,-306348,0
5Dc77DVMPvTBLQxgcbFTZ5W6MzGcBtEjy88rHKXAZkQzyMoY,-1348363,0
5FPLb1UJAuJwLbcw6nBfirqSK4eCFkd8y9MjX8Z4NKFcBVmo,-45007,0
5FsPcdj7f9ASdkHv6TLJAFNTMTyMcRKEgNE3RhK5oLzuzggr,-172906,0
5En7vuU5CoeDEjJ7KiASbmMEUvWVUPWoxNW7KjRr2YuuXe6f,-359965,0
5EvYHM5XjDkGCqKUKfa4aNTroCAtJTFhcL515nSMD7E9pcg4,-113602,0
5EnM5SbUuvgq4v44afvkR5H4PX65doWwMHPQqFu42RJwEurz,-1762,0
5Eo2EcmAHPdZu83YmvHMes1Df8a79jxH8Kq8HhPQbFwnKAuZ,-63036356,0
5FKvEZTZ1qTaeWfVtnxWyTPGjXxLpi833H1bhPKLvpurcoH2,-255605,0
5GQqVa5xCpfLFhs2rRQFNnwMKs2aWRyu8k8yf6x9bkbmt1w9,-91377,0
5EbspmevJnnp3Frxd5QcqF3BWYBD9HNCeGcAz9druydRwyDd,-93322,0
5CJPaacVKf3U5e2arAuwwRNDZYKJS2eGnzh3Ko5983XVnEA9,-9409150,0
5EABd11GAjxsDXWDU2F7rx8nEgHsJXNpjEewcm9LmurtKeiw,-91363,0
5FjjfhRycMmEvTVNoAwU61eA87wxLPVJfzVtRggXFwqtJN73,-92146,0
5Cr1EEjv89KFqhmmJUHNpgmLk9jLCUFvjfjUAkRb1baPTHf9,-91306,0
5G4ScB4GoPX27i4bErtX3BLqcYpe2N6VrgPMQWM3djXPxuxq,-2681113,0
5DqQKGjL2m2CaPWPvxui9v4qqWPtQmWN82soirZ6wnM8RN9M,-62967587,0
5ELjG7rDGBv7t7YK1yMeGEMw9HXtRYSXDG11tSK5v63DF9dL,-4449651,0
5HYZyX93RMEDfkN45UeDu91WnutV9UotkSwQXjByzMyBL3Vi,-95281,0
5EckUshihyp3r8JYx1MBSHtv3nHJkGaKVvbTZnkh5qMwHtit,-91570,0
5FH6CCoukj4T933Wn1bJEV2579MsGBuNBYzwELRRsfyU1tup,-18850,0
5ECHTmmP6CUMH8qBPFhtShAxibpZyWb6Z3S1reBt9vQ4S7jE,0,0
5F3tgr8TbiXQ2FpFR4kQi6QhuoYSRH4YbChaPsaBcqnN7AVw,-6869777,0
5Gmnv21WC8p8jcxJk8hGzNQdTZuofNbYGgc1xBNHjBWyBaJX,-87662,0
5FNhJGvys1dw8SB66YxnoiWXgJqNf1N1qZGa5Qgs8FcK5zPL,-1669490,0
5ENoS6KgfncjL9Yec5BHQcTfPVUJ77SYzJqwEWQkXtsjxT6H,-1112,0
5GZ4NS64jmtm47qYZrh7NxcKs6cGJjNyamnpypR2tVcFxcoj,-11255718,0
5DMFhmqPcfMUXEzYdTDRmqLtv4wGBQTaKesuAhM5bEFSQawv,-91500,0
5G1BBpvVPcj6sb44HuxXDPyCHyMK74AVvuHPn666BJgM8DvD,-10665839,0
5FLaj5NWVEpmt5MfLNPogfskQKMuJECVQ5TYCJ83WwVC9U4r,-58264013,0
5Cf9V61adqFFCVimge6pa2vST5QwWjHdDAFNP9tu58VyuaZ7,-5156673,0
5HCEayFs6dwZ8nvEmGShpqwVZwpL95KtVbfYNEMNzL3UrYS1,-118696,0
5GWQXH2Sw7fxhKiMuhBa44cxxy8j1NctCjDQiBdDAHcaw4P3,-1331574,0
5Grkw2XQhadBf2Ecr8wPCGL4gGEzc8Rg1T3Z8TkNmVRTVLei,-293286,0
5GGsMhTB8B5rTzZdLQL3asESvPZDLnKXGSFAfTz5iqis9yS2,-11262597,0
5HMrtzxe9dKFoCMohq1U2j1QT8iYjA28NbtZ5WHJZgmeQHKK,-91553,0
5Gy9VLYddU63uNDeVoxL2262gPUSaUKBgZdtWSGMVCD8sqyp,-30066685,0
5H9YaSZQeayv9W6xHgrrD6V2kUURHTFxZ4pHeC8n7MT27wyX,-91480,0
5HNdoz5P94bM7f6UeKQ8sYSQBbcsz7GrtZdps4mNkzkJzUXP,-17092044,0
5ESA6k3MCZ9zWgYtS8dqUzXEQGe37fYHgBb1gWxBjqQkZiQN,-93339,0
5DtcKmC678vGsYbg3sNSq9KvmqKSRubXD7b66qyygoPDgKhe,-54592590,0
5Cr8EKRWAh3xyytvQxyefMJzFR7ddzEFb7inEpaTKZkz6urd,-27325309,0
5CPuUJGhgJgVLzYSmCfjZBt3sLMym34GJivUX4nSRtfgH1Yx,-91387,0
5CMFVU8LN5CW5NbXxKJNP7aMkG7ayG7xS82hKzkVboXB33Us,-1762,0
5HMndvrTjn4X1FMVdrRC4jUotUv54fRFmtasaX9ntRwk95PD,-278248,0
5GEaqVvmabtEkAt7iDHFLCvZgYunHXuCfzjTAm3JDanAAwVE,-675960,0
5GjX3Yncq9zHZGLQdfwSKy6JAtEvFUmkFuXvs9n4rwquWCoK,-1515,0
5FjnRnrt7YfPbXyrwXLCESvLGdyyxkRV4AZfA6Nafub8E67U,-261286,0
5FgdzAobt1aGUaH6TiSdS4rxjAGUEs2cijkJ9yWUTn6s37jd,-2329015,0
5GgKqNqyhw41PErE1MDWcqTHMQZUwTTMuC7tALhA57RzUeYK,0,0
5EFKJ3pHRimprSYz8aGEPwT3JXBnbHPu6yLgJ9ErP45FJXMk,-4126794,0
5CMka2i8B6P6b1WVUFcc5g4bLovBWeKjA4d5yRRnnLvy1M31,-230113100,0
5GnH5rwnEfnDADqyYHWQs6j5jwuRmpbPUeLrRhcQuFsceFe8,-11288446,0
5EhDrA4ATMNGsF1CLPiqahVnFw2ATbKYRKNwF3cXUFk4GmiF,-710207,0
5FUcxb7wMmaqDiAcrRpj4uzJstcFqtp3eDobBeZhjjnYteAR,-937351,0
5ERWETkvSynVengb91LLTgMSD97fGTtMskSqLCJkLDcxSMYG,-107531,0
5DkWTzkWpf7KdRDrxFBKYxW4ZRiCai21oTGv8SkR9gXsJySH,-91272,0
5DcRt936Ew9itbcmynVtCTXKtc27wKTMTqsHEvk6491XxwRe,-637756933,0
5G4JiFzTpqikD7R9v6YjpiLYSiRdCXH5Yt8YHFximAWjNFMn,-693657,0
5EqjVfPGYdMbuQTkFigmqtnGiHj3kS9Ca9F5bpgebJ5RWuot,-530656,0
5FTT5XXzmnbzu6249of9HzKKhEPqg9VtAZfHzT9vDyFQ3E44,-604268,0
5HYcxCzk3vGu592Cv2rq8jGW3d8pin2U8ntf3nm1sfeGAmLb,-469987,0
5HYyKbbkpp3JphVu8HbAuvag226xhVsx5XwnV8X5eD4CK2bN,-1112,0
5F4F2PXmox2a3nuhnXeF9dwvKNJVQUYFrJEaUR75Xw75123R,-6186,0
5DtRfcT1LnjqZFJbDsu1bo7WpDWLRk8AJjub1nX6Hg1cx2oR,-2355,0
5E7SLjnYo8n58e6ZpYf5F1yhjfi3MY7uSdQrf6Fy8dW6j7uj,-2072,0
5Ca4hzRNHPNRQ4JsbSbeftAehuXxmnYiKuMLpVLGZdMLuNLU,-1112,0
5F23nqkQhoXUCC77GfpHapgeycLkPTdFXvpr8NdtZGUgujSV,-1762,0
5G6c6VMFuPYh47jVf5cH4vf2LfGB5KBnKSd6AH3XrdWQuz8m,-45625429,0
5DJGK5mxseWXsQUwLiD7DE2PvhLdJjrmZuMqzkuUxNnThPki,-82800,0
5FvN75kMPodK5DV9rEg4GuDCp2jq5DcjeNNppg9aKRqQUcdr,-2116735,0
5Ejxibj4E7iCZBsusXxcQJQAyfC8moME9244yfjVE3RS73cV,-2878827,0
5C8RPQskJFiMATv4guZb2ZR9xtFeaWdpAC5sHZHgv2ycBuhb,-1388906,0
5EeScxLDpWkcgVY268jdFHS7RGYyyxA9qgoaYyMmf7zRu1ML,-93308,0
5Ek9bLsaiVZxfVoREMakSszyLjQtFEHvYm2o1VtW989GUpX8,-12796666,0
5FtBXvWPefHwsykjtwqPyCZviVf1PczZShkK7VnMzDjpkbs4,-11768762,0
5GCXLJZf4KqYTTY61QjmNLnZG18Mp4XUg86YRhAMvJ3aE7uV,-1112,0
5DyYw4F3setwJkStEFumoB2xx6EDJ8oh9TJLCGnHZH7ZgJbj,-333898,0
5HRSgFPpsS9exdMsUtf6dfBDMxEQ2P2TkfvCdmH8AKoh8jVf,-401724,0
5HSzAVJoAgmBvfXMS1NKYGeL6ZJKjGuhJEoXeYVjF2Qg2t3p,-781592,0
5FRuNWF9LA7cuMq756wbE6Vw46pDCm77pw1y7T8Nuruq1xnB,-131385,0
5HETj7qc5fpYRLUhntsa6PQJ8WWPeTJGRoQdgY69ikauY6S9,-382714,0
5DXu2efjgvmM24ByNqnsvTetXAW7xPrVqWSeeJZ5Jbctr8zp,-1357,0
5GZBJSciedih8Q5gVJkN2BeUTBRBH7Kqo6LTPQhGVQsESA38,-3353561,0
5CyXLq6XDAo4SYRbH2PJ9fzdkk7mGHSeCQxvsL2x6cjexGZM,-333898,0
5CUgwtVCSHiq8hbiwzh2k9sZ1LBDTXTomqCg3U6anT3MvvKL,-25680833,0
5EkZ5NbMpjUCr1S6Dq8DzgavQ3qE1SDca3RL2x3d2mJY1rRp,-447617,0
5GeT7Aazhx5X1DWM2h1xm2ZQUy2WxrxnSnTFNRZTLbipKqcP,-238365,0
5FxjrEsfpvN1ZvtC5wubt81nCSJS1V4SXBkdcfHEmrLirxgS,-1112,0
5CkWjh9tdPkJCFVmbSknjDk8MVuUinhu6fCnbu6DVxggLpbv,-22137038,0
5DUPMUm9FNxXgXZn7zTJ1PincyEFL3acGMUeQRFJbJxZdzo6,-83401,0
5GCUW2bEY4YTvyYe4FU2rVRYX4juU7xuhwMMhmeoDaGZm8WA,-116321147,0
5GgpUqZXE8N8wRA3ZYZqHKoDYTRJv3igcShzwwYTLfeBEN6W,-11578677,0
5EhmTJ8RvXoqKqyBHTV72Hg7i4JkRXhbJ2R34vjnFZuLwzqc,-332311,0
5CiUEzYiC8bXTDqeZ8ccSFPrk9jSm7rMg8T9hDQVsAxtm1Ld,-6848878,0
5CDXVxDMBsNPFMYYAYcbE55B8d2Q49EN1pQGAebWteFHpJTL,-1684614,0
5DV5S1ZZiddR5JAPmv9q3xUjQkSxk3s1oWrYKz4cXe6Sq1VH,-2280530,0
5GjAxuHooT9cwWJWqjecSBZnWLRMUPR9hNqP41nUNgyHPr7G,-6800055,0
5FefwC1TCtbetAkiJFLHidKFquHWn8H37oq9MmEZuGXk871J,-10485405,0
5GLF3FGZu9DBdSnKrp4vzxwvATatFt2VWAaKDcAnCm38qdBc,-2116735,0
5FvnmswPzQ48h9zCzrNqkWQqjBesNX1fua32bkRVieJ2QFpG,-90920,0
5EU2tPvJZ9QnUuRmpKSuv93BnLb3e2mUYkN4vws3yehCizve,-91492,0
5EYCAe5fiQJsoL71D8qNrZ7NznTuLKXk24Wjp9pe18su2Yk1,-85161,0
5EYCAe5fiQJsnzYGdTNgiw719xk2hhoFczYFMNqwMx6JDf7h,-124904493,0
5FgbstWP2LoSBzeD5fvcgQ5Q427icpwU56HodnYneWo4jQab,-2183944,0
5C7x44XWpXM2GSVkJF82oMRH9nrW6DVgbmgZu1g4scz8tFvu,-22367288,0
5Cwa5Wgf4T74FRUY1oY7iL7yg8VBzpSK2LXLwsXFVfkRJ3FP,0,0
5DA6n2fyD1z5UYmCytM3ANfEE2bGS9TZgFpPYzjNgsGY88gd,-1987616085,0
5FgpfFe4HuFbn7ao4m9RpbR51S4QCpch5t3tAQQBcziaBmti,-987,0
5CfNdpYraF8jLFztKtrxr1nZxMAi8TFjCvggTzqXanuEKWqH,-11182201,0
5GVpqnHh5dAxQWYbhDtAu2G75GD3KwMbDoaeckBC4P6vhxqx,-1112,0
5FtCSFjaEQFpz15FZMdeojQycofmvKJa8eLUUgaX8nZH4LdC,-241315,0
5Fy6bqhKLc3mnG1DLfaFgVwu7hnPRKAV4NVhh33HtFYSWt1u,-379921,0
5HDqhU1L4huKEfHfKdEw2sXUjjAc3tu5RnM2W1iGpvtUyG1H,-532667,0
5GZSX6EYApUsFK2fFYc9atw1dEp7RTmSqkNdLLAKQGA9xhbj,-27232766382,0
5DnWLHUmR3BKnYN6vBPqHa2YcDsHoTgrFMtQPPhvvNr9xWhM,-1315701889,0
5EfQUym2mdVJvsYwfKPvVpBbc9uqSrksSpxUwFA5UqKvGwif,-138683,0
5GduPRYxU6SEBfhS19sPb4azfyubLr1cp1TtbCuJX7Q4G6zX,-17926167,0
5Dy6XZEfMNeDxLTw2kNXnSuCf52NuqLS8H5soBm2wveRfsjf,-223513,0
5HdwjEouKXRRJy645sKWsYem7aHoibMGkzLS7vpherA8cej6,-1112,0
5FLatVBwAAfjX7yKt2d1TGZWJFxNC9yAnRzxxyQbQQeRg6My,-116129964,0
5GBp9iGDmBhPbfwmDnzgCAAvCxF1WzzqoqsgrBDJfjaPPHk7,-292134,0
5FhYnG1HD2EtjNTDgJ8U2oGDTaGgp6yPhYXZpYDTqdBFa1DE,-92156,0
5EAYNLBXumuFAJiicQv6bbvxMkiECbLrLxnmWEt51ewD6ido,-2308763,0
5CVPEgeBnaFDYzDvgSUSPUVWdWsMcWfCXFyUqkF7Serr9aPF,-32692,0
5GgMcgFqDUsnegr1ANsAtsarmqweMNvQjHNKt5YMrHFDCemR,-278248,0
5CkMHPG288Sp9Bo95FNpr8JdYiLPY4EfYUKuQRs2sJrVZMgB,-2108079,0
5GjeU6HDQCs9b9VTUq7cWx5rYsqonU5j3CzW5KSBZ8qW36uu,-310277,0
5EvUbQp1NqY21nNKNvyFotX4UXUjVPdHsaDhrGmkGLYmgsq7,-2161,0
5EEoGMbFsjL95dyJ2uSfZztVL3kdKSVJD3RwjymHziWNLCpi,-89330,0
5DSYGGkxJPru8CqTnMyLa6UZUCmtFPiqnYeNwa5YtYFo6T2Z,-91546,0
5DkcKH8bGAUqKGNyDw72A5di8EakfjJbHQVfvt7tvrSUxM1q,-777772,0
5F73LWSaE5g1SKMRefByjWhHmWKHXwT8ZSabAvQ4gpu5QBYU,-2320159,0
5HptKtnTGhxG4SbLhsG1vmLQRDjdBchLRNxRFUdUQp52DbFr,-2163919,0
5Fh6SuTFcuxCmNZtqZQ7jNCMdv6TH8C1dsX1j45k6m5s7WcR,-3163210,0
5FU8XMGWVfTVY7Ks1JEZHCBksiTaiKqcMvZmtd6p1wQccdL6,-354170,0
5FpbPNjVzraEKKfGn6vc3g8qkaAKWSXniVmTffGuxbVBrAvg,-2266863,0
5Hp6cLUGQVYdGMN9TaLhwiCNXdpYbw82pmKdrut8tLFTfsH2,-1428692,0
5ETkBtkt4tLioTJV84rebk7kqcv56xv5zdpyPGhfq6hqYcT8,-12139110,0
5Gc1xGthG8jUsDYaCG5Q7dmtvodKYq2TThiGj85n3i1qtwPv,-705605,0
5EMjsd1BPEmLpLFBbth8YCjtLHjDrvvMCXsrag9oAT8ZnLGT,-2755626772,0
5HYsQKXAVLFNDvWEuGpew4QW6F7ZyjLECrTWURZBQSFi3hnR,-1980209,0
5HTECABradWz9Sj6bTPv8X4V2soMKb4RYJNmNGm6jTcUutqz,-239280,0
5EnkuM2gFLWn2XpugoYHCUNGTsCfi4LuRRzjEoPNKiZ3wkzP,-1762,0
5Da1it34L5Ser2iAM8zMRQ2aQyf7h3TqWHU2PsSjHLcZWjHV,-6371794,0
5CGPADKBKYXR4Syct1uxgDQ53Trjcs8xWLc9n7tmFzUrUpeb,-542057,0
5E1tZbFM1vxdVfVA2J6YTqTTp5ZW6r6t93NjaheAE9Evs4Lo,-89392,0
5HTQyLsqoJBh8ntbn9W6onGqvq8Tixiery5FNydAUq7yz7wF,-1941658,0
5DwGkbUdtd9T6UvuLFVMXzBdsJ5yjWUXKHZCeig494kXpvv1,-91372,0
5E6n5Ccsc2mdRbi19uXUYudMxbrK3FJSdwcHCbDSHh2bfAqt,-1112,0
5GYKpZaJcWGixnvD39jm43N2XtodU39sNm85GjfRDomw6VsQ,-3710185,0
5Fk398CjC5eoY4gznUG4aGm9yUXygUhRJ18f6u8rThPTb6nE,-681661,0
5GEZhJYjo8VYhFMif2JEJUnGwN8sS5Mi1exbbx3QcTFMCKfA,-446869,0
5GEoFUfB8ejDoXng5btWpW7gaH5f5cKbwxez82kE8oMWFpJe,-96636,0
5CFyZzhdiMt1PphUFg2oLAhZxjctJYdxo768JEQmbbR7GYSt,-14203402,0
5F9fj6o3bHggF5WKuDsaJk8bC7sSxKLiZM4yveiuD1RTY95p,-414607,0
5DDVgv37uQwiecQqWVzpSiCLEJvmPisLRPxVghjqg6JSfchy,-477696,0
5Ey4Pqxfi3SJkKyxgswev6iddhYNn2i1HGBVeGjJYa2X9ikb,-3278523,0
5FhSQ8m9GLqyTMFNVGbgiP9edXoM4m94wFp2e9Haqrk7bGNh,-1646,0
5FX76xy48DTXVdDyGzSF7e4ABxQtK5Uou1XKM1yW3AQKPQQi,-898876692,0
5HGr3S4ZKUxp1rofj6gkwbasaWksieJnmMFvtZ83SX432DXy,-498755,0
5FbfjNGvTd2gqeN849dvYF3jf2T6DdoVpHoabfbqdZZ9nzaa,-222786894,0
5H8VMLrgkQyvQmvqQR88xyWiZDA2tExNzVUNYdkVdSKDkDf9,-1112,0
5DUYh9hc5A5AZQjTT8B18dBRqtfHQabAECpXmJ729UgYZdaT,-390351,0
5GE9y9GBw8uRazygyk1hAAg2s1cCkEFb1phsVdAxDSgaTymh,-91452,0
5CvZg3kCQY1obsLJdbHK5RxKx4tVswLYAmLhPVSg7xyGjexW,-171816,0
5EZTUGTbYgQi34VK3hrfb78yRXebjjsirBSdqJ8ewoL2EcvS,-92105,0
5Dy5F7468sd3VrrTLT59XdzrWdjEQHzSpUwkDmWUh92yGuSF,-120522,0
5CG4QEDvZdEZaLoDGzVRM8sjFpgm3cVJpTgENM3dXtoWUzfX,-91568,0
5E1zGchLf5PByGKQB2juG4iQycEuWXYQADZYqsK3UWVbjNFV,-1224293,0
5HSwRSefnnG9vKZpiTvdrVwDMB4MDokHVrrtWnmWcj3pRSRM,-486,0
5D54Zp5xQL9UHd2UxRvhfHsDKqtWHb8WMB7UUBkoXEP3zubo,-40066340,0
5DkPeuxJWiNeX3iP3sURFExNMzkaGPrgWcmJ2dVypXdrzRgZ,-210,0
5DZqK8Ds2NH4mPdFY7Lqjrq9nkdn5UTLUZGaCAaVcMrped6J,-37198,0
5Gy6pwKrx6ygAVWfeT9iGWpUtmkq3GcknhhxD6QgRAZXrpVo,-877577,0
5DZRYpZFHZCZpKfPwtVHDbssUkdaMcNdtqGahramkZUFFrsP,-13651907,0
5EhtGDn6wRFgJyEQ1odGjvRHgrZ6c8uSgYN8hDmH112b3LwW,-609465,0
5ECb8j54xQdWGM8Gi5cNurXELopMiK87qrYVAxdGuwRLjwXD,-222910,0
5EXAV2RRGCnZUg7YHbNqaPbbcibdECChjjRSR2Kw6VCwHLkn,-485475,0
5DnZLhZ6HeqLidtPeGH7N67YWY3Hmyj9GuDWef8qTid2P7vt,-122060,0
5ENT4ZgNPMU8nYuuc2uJr3zQ5shScPC5tUZCd9DUX7SEBUBc,-1112,0
5FUXtY9zGvnYypAxjpWprUKP3ZLrJ1CnGmxY92mtRZZnUiX8,-467,0
5CconAo6vbEQvHkX48C51xLGjSK6GYCaZ1rxnmdBAhq9szvh,-8805909,0
5FnvuCmfc6zC6vrQVTkxr2MUETZbVqFfQcG5e1W1AXHBawhD,-92110,0
5DhVQgvdUBqpyuqgUpEHKHgRT8FKN6yhbvAQTHop2LqZCJMU,-25138515,0
5HNpzq2hNm169gBtxRmBQAFRDGUq41yGPCvzs3YeFBYj8tHQ,-694346,0
5DZKjEJTw8jHwsdbzJ1ADcsteYXB53f9oAS4x69LntirVa4V,-16745000,0
5FzzkgJDmMJVzVf5k8xfkJzFiySsid7k3m8sDuTyEcFQPCxP,-3395938,0
5EUDh1kVZEwksfQ1HBRrQysgNRHrc1s3BjudeKki1CgwAktD,-73188,0
5ERmFTN3KG6GAFSZwsWZSSkW68DFZCb25gEtgyJGDZCudgRc,-752250,0
5ECdQA4AnsXqEn7NtBakRR1YGU8y5Kz5ADP1mwdUFwyVgwi9,-849010,0
5CJQhwnQuvqMrThHNopxJZ6832Kjkvr278Fxf3o9FvYXgmmv,-697809,0
5GEvXCzvKcpYbDbBYwyR36rpAS6a4CottpBkS8RZ5sRWwoFi,-6573525,0
5FC8d66y3Sb9EwEexwPGssoeVcTPqP8fD1psx4Ga3UcmkjSE,-1112,0
5GRYVYYpkaZN9Ugts6T5DLQvmHT31JU4LdoYrYUkGkPj4fgG,-96152,0
5GNaLdhxiVEz8jCA4omBQVEY8aGwyPzXzcpA8S2PLgCcVUv2,-674934,0
5DvFqZmbc9YRQdkH2LG3cxms8cUxyjtCQSALWFtqqvSzpq91,-2072,0
5DkoidQuMGTMudqNNChszmyGHC7zazQwmtfhZcgkXLHDvAhH,-633645,0
5D7HwsRpw2HmSEyTmKXeEm9KNQbjGyf6BUpTPVrda5kVTV8w,-66328,0
5EqHovAWRVr4sq8VinUgR6gpwvJzHmGBL2odKGDWxdUXX9NF,-1149740,0
5GRRPbz1WMz85oE4i6GfBX7X851rHBpBjYL4JKrdM6EkpaBA,-345885,0
5HeGYQUMQ2sgN6bocjuNChctenTthnZroLs5hNdiHBC9gmjy,-280422226,0
5HY6r1wf6ABKrbKD9WJ7rMZyEFjrGRnFwmNxavzP6u7NJSmy,-377334,0
5CqNha6s5veYUhM1hG2y4uTD53bDfxBobvgaPBPRmxQ8n7y6,-1577612,0
5DkmYUaN6tAFWzW2tK4Ka16puXz64wM4tBqB96Ki2wfaoB5k,-939824,0
5CrBReV3v7m2z6G8VktHYsFNbqiUGxLBBubmLq4743ew7Scy,-91406,0
5HmgxDrKNSbXQRK4gvNao74zVu3FC4wL86FBnuaWAQ4tvtQM,-12928854,0
5DSCwE9cjeiGqqimNAC3KRPfbZf7sVysBpjfHWc1B7aLXG7y,-3371863,0
5GukuZHF4wuC2bqqt57jrnLHuT9dJNgmcvYN4FdpZUrQiPeG,-557179,0
5En9eBVak5hsgtE99nGLxHwtYsYNFZW76ARs6R3NS9EgieWm,-19053,0
5DRYjFAxag59tvdAF3vm9xHe5JYn3Ha1cD4scEZrD1QRw1Eu,-21600818,0
5HeU36FV5suZFpGHatJPz2gE2X3rTT2LkBwJJ6cpjsZfPim2,-256419225,0
5HBzy9TDGGN2zLezLFDtbpk858q8fGrkYSR12DK242mGU1UD,-12348558,0
5D4viQVxMnCzYUefiHfrf4kxK2QyFhtfmfdYXPZhTrqo5cGk,-293856,0
5HMdXfKPDaojw8dRjhPEMZ458taVn277KqqPsSC5Sz2dN9xY,-1045336,0
5EfV1So6o3FCGF14gCSNibJ3oDRZpqMvV94u9ZL1i3mjxyHq,-96993,0
5Ggaqm6KmTuczYpQwuxZUK3S3rCJYrd72matA6ScAbqmMtvo,-91322,0
5HGKvqKy6NagrRK7myCQFsoqMDpmcn4LDnMqovST3DicM5D8,-1087362,0
5G9JeAvWgh63fWCDe22BsdZfP6yqvhb5CwVXyTbCmC5yKdsx,-720178,0
5CwYLeNRWcqiMWSjzHJzemGNJ34M4fAdiZwgESgjSB3dQ9QN,-485210,0
5H5q26BECoANiskfRVLWR3cnZx7vSa6ZoHsJSdD9BCgR9jDN,-11359024,0
5FC972yM47kmFLVQnJL8twdvhEYKdEMVHvxQsy2z7xGfRkkp,-1762,0
5CUne6VYn4ELPu7vsZxCrwxntMASdy8iUa7DbBhQVezgiS2H,-138525,0
5FNoLXRqPyWjZMJyCxfdASn8Lgt5dWCKXM98jRWZF8egGBhZ,-1659649,0
5Chmaw6sQM8wxkf4dM3eSBnj4uQyJGciHZnhjP9Dy2YU1eoa,-1166902,0
5H69ATpDRuyB6TX7ydhdneqZnsC86VqmJJdsyG9RoSX4mY5Z,-1112,0
5HdopcWk1LFMMEmboZt1gnEm3KoP5js3FtCEwVMgHmcpRc5q,-1203,0
5GHhsChEguttmZxcwNuGy4UQzymkbVKzg1sdzdLu7Ubji6xF,-420405,0
5DPhtGM7FeR6k1fp4WF1M5saD2TARW8aJGYnQ1gv2aip4Kmv,-91248,0
5Dt5FgqPz94WR6ABDznCNQWQ4551dtSMt4oXJAMAEo7FUPZV,-116390,0
5CG9FbSpaRs6txC1uqbfPGGmN4nrQyELroT6NYNLhXXWE2YN,-7738727,0
5HQxBzzDuWL4pwhCcXFTBw7rpegYoLKtkuq5TiG8wM8RKbrL,-466422,0
5Dh9mbKEFtniRUhB7y5ZcQZd7V8cvnJDGVQvtCwz9uJocdZw,-91563,0
5GyBMPGucS9qK2Yz3yHQKBzicowvBNDJUvHghHqGmuvZXuhq,-3584283,0
5Hb6kgbwmzokHLBbLULZXShPfmXUKigYsY2tMJWYdwjr1Gqu,-1112,0
5FWkKCx5Lt2y8jH3XoQ3VdxaXRwjWWGe76WaUTDLc4uVkwMz,-201059,0
5EFqVfmGPrdVCbDSHD3ThD6rYRpRCuhQmFHYPQ8WV9kQ4D19,-665160,0
5CiPXaseHDLZy1SRJNjQ9RsZoDXa19Fubs8uLKe8KCy9DSNn,-528410,0
5DhDv5XdcpH1i7jY44JGXrQ762CfSBqgPd37AK5k7Ftr8AEL,-1669326352,0
5GnY4LRpSF7JsNj8CFrAtRJ8qT8QYYkmdikG7LxCbi2ywATr,-1033711,0
5CrCzidiuvLDR3BttGvYaYro7eGGnYHhv8PFd3pGi3KbAhh5,-1157167,0
5Da8bAFyATAjdT2cnqJZK9gcHi15iN6DGTiLUPVCrmahUKWY,-91485,0
5FZ1VB2a8uG5t3KvsyCcnGiXn5ZrNQkzEsAq4GSPu15gqhc6,-24158097,0
5FXJ6ahrcktBJBu3q34JYHUbRRd7n8dDbo8RGwJy878nWFo5,-91240,0
5DkQpQKwXPuWTNfJ3Y1xoXqcMvfuGfWzjyVj7JyCkzu5Fmkf,-570934,0
5GsUwwEXvGMg1Hc9SFRGH9E71gKwVVnWiJYd8qAZcigkj4XU,-2781322,0
5FnvVMe4BXvcRnQVoi42uBXsWuNEjxRQfNqqXfkkWjGo9cJt,-1238022,0
5FRtVBtwTRnToq8Ac43R1wd89HPp8Qrw6Vy3KQexqLS6b8gi,-334884,0
5D7b3SxAbPEYxunU8wqNftHuhpUbMcB1ySMXVuXFiRuMdVdW,-1231210,0
5EHRaery9SbutmZffPU7VbhTy2WkfBF4zdygAH9FkHkpEiaV,-93318,0
5GcEaZ4L89CANZEkMqGGGUXBV53cs6QGhAa5SHDodJEzyrx1,-91497,0
5Cojr7GqtdDaT1mKV896J4D6Wj7bzqtpye5ncp7A5XwtXHC8,-34657,0
5GU7CiGpUf7Qgcnufw4SyZNTbS3stVVmSNcZMpF79JZrGzpq,-10457957,0
5HRQVWoL4aUhpiZPLjfLpY4tzLGjhnEKmjTCkjvxYccse2Qd,-95254,0
5GswNS3RHxor1iyDq1NoUaAfbjB722ojszq5chRkymHH6R7D,-46539266,0
5GmeSsfeM9GpoP5CpGSbbzjL9a555SfNnM6kwRovcyW4E2SU,-91575,0
5DvnfTJhU8ueHzH2YpMGt29NZ4P4q2RS3UYjTp9E55Jxhk76,-91353,0
5GTLQzTMdf4gJtGospZExPgvyUYWMYPKxWnP4zwgL4vD16jb,-759227,0
5H9huswk6d3ZaFLwsSrCrtFmhht636TCUzdtArHTj1PZ2J4i,-478762,0
5CoSsNpts4FqsaWa4D3GBhYW1KLGEpixD3BWB8skbtTti6e8,-90752,0
5HC49gQkL8LTqeYGe3FvwAiyR1jqGyEwQ5s5GcZAauTL2RUU,-1755906,0
5EFiAdwmgp8h2PjqyDKpiVMfjYxMaUN3MxFdWZ1qsX5Xx3nx,-43695204,0
5F3nFKXgseH94zgfxD3ek8sx42DytHMpVWNpmbj8n7t3PEdH,-112818,0
5G9Jprf5tThxA2h7bi41MZyY1F2JsvW33eBrFfHiBjdYPfeN,0,0
5DUtpE65LHw278DtnxA2oxfnMLSJa2s5Jy4kqBujEM1sYgSC,-91382,0
5EXCA6r9tAkbvA9s3UTCFwWGjgxUJqw3XZrLnFSWpC2jrg1r,-91513,0
5Cky2Xpvav5mnjNSTgAG3TbNxKe1ams8C9Cqe6CyBTNCgmGv,-91312,0
5HNjLj8roo3fHVEUEafcmm5adVCYa23ZBu4BDaLwgyPHhSep,-22593751,0
5EtZA1P73Js7EMTnv5bD4GA4MVefvbwZepvEdey5actHu2dE,-91329,0
5GTMKMNZfJzdcECYtKeCB6hSr1LeKnucSfFhbqHsxZbv8rNA,-430907,0
5CCGCVFJXhwYagfABr7RTTxDwT86ngTi68X3hkW8WHfP8CfW,-90504,0
5EEuEcfhB5t36QLyX2pwJoZVNLUXcQBFtDXyeREqmgAonFEd,-105224,0
5Gp6GadfQWVh229qb1Cx77bUDFY5TDDrYeHiKr5h52VFe7Ei,-11229189,0
5CSKLETuATjsi3DJXxews3Hbqjt74pWCpaJoCCBgwsC4HWro,-91234,0
5DfSmguKL82XYjLCRdmn7ceAhQKQ5PmdLKqfCcR7g5erhKR3,-482731,0
5CJVB8Lt1HEWiyHhGjqjfbvybaiBnQi9SM2mWzd3ouEvVoVh,-3950563,0
5ED9pQ1J1rcMuLAKr2TsZAmPwTGuneQVhDLSqdy6YvSiZbvL,-499883,0
5C7uwvsCf3T2yQ9dfRRJodi8BQm8nYmdf1nGyPYCgQWnNzpT,-23087280,0
5FNrALw5bTvCjNzPhjAo4yqbr1Tp4ZdrrZ7auurPJABvzLb3,-334525,0
5C5XHVhSQtFzHErL5AXSupZo736TwQfKj58x1Z3StVvdPAEi,-46358460,0
5FvGmsJoWJ6Ns4QB2RPUigD295kUo7rqZLYRs6jRaLEeB1is,-250,0
5C54vHKLtgoFjbewigF1V2ZdoFWdCjov8wrieXpXFwEkNgt9,-698853,0
5Eego49L3kse7Bx2SzMmpVvDXBWbFMPjHJo4KBrQd6Lwbn8A,-1718,0
5CJ7LVzvZpaCgP4tB8NeEyGZuqwGpXT6aNpxtoUtJgHJfaNV,-1762,0
5CwZWy4LnZjmVbG6acX2oPTutwcnRQv5Zv9cSjDfWaw69n2x,-6364112,0
5D4rpfGTm6z67gLb5wVb3mmFFd988prGCiYQ8oz2G6Q2sMgT,-529148,0
5DUPQ3p4Mq7HzKEExzk4Hpb5UPEQZsj2he6ydkt37HSeFpSS,-184602,0
5Fxny14sMqWJx1zuqa2S9NBPjzS6VP7Xm4uJk1169CG615gv,-91241,0
5HEFZdAJHeKkfecjJP2xmLZij5fteqF1YkScs1bLpWPVPEzZ,-1762,0
5HHHa6y7fp6P3j4uVqig21iU9MPkpdeVawpGGu88kaqRF7nQ,-90949,0
5DWkVcA52PjHkrhKmg8VN5Y6tFw5nyZsN6Q49JVL1kZUAU1b,-2072,0
5DNu7yyU5Katuon797KRZ6a7MEEWUzfVwi957kGFt5TKGD8d,-1763,0
5EvqA2QLAu6Wush2NrFdwX776bkMoZoQDmZbmFp1rXiPeXHs,-91267,0
5DywVPokKMnuRZq5CbkPPLGB2FvE9iSqiF5QZ8z43DmcYcPW,-4266871,0
5HVQG79kLb4tDDiV6pWXbarpxGJxsysCzYZTPSZSavpDfCzH,-89332,0
5CrMatoayVFvGfVWmLSQYcAYWLGB5qmRD6RqrGg2NpexKzvX,-31927,0
5EyANgu4HpJ1TJY8LxXckAWLDZT5FKFHWAcPEchiG9bEUHmG,-42347451,0
5DU31Narqty5uWzzcKbgLXZ7vN2hzhMJbGy9cv4JcJNjzxbL,-90917,0
5Ew2aSy8GWdbm6ixRyNmBWfQyPekPHYk5fhMicYZETJFnjYB,-1230,0
5DFqBeA3N4uV74uSr3hVEzFiLJLZ7fgexQFUU2YXhtcAPqkQ,-154506,0
5CY5qj3xv4BEcZ6Q3REN9yg7VivNeBnfqZu9TZHiicrnBPrN,-1375896,0
5D7DDWBipEUa2aiWRB3UvSoUsNymbbCujZDqutAtPbe7AbPd,-222,0
5HBxJCv7FqNvswRWv13d33iedWUoUGtkcGaRcE8VRn3jnvhJ,-89902141,0
5HRNDvvtSsdFgD4Me1LCcdXgdtNcGC8ZdV6pP2xxme6MEWDx,-2782536,0
5FsxKHru1gUS7zNEj3tTTUUmqXaeKYyid4GvV5W4G7trWghT,-3941452,0
5GBPFwdjGahFED2UpyDUrvCKJPv6LviAEXSDx8VA7i9vhuEL,-1541746,0
5Cm9baRmyGiBSU4T6x16BeiPSXZgVnooTXr9fkJbFWxQY1LE,-13564260,0
5FhNfjHkapAGJedooPq83sMm4yUMUWY5EiPVGmsmAauyoG5t,-11405444,0
5FxEfmJVXvpZEzybUcqn9P1AXpZz4Yeihx4s6867KWsPjYDM,-387935,0
5FxT9zUTSw9xTcuvPtDvABXPY7n8czjGTphokBmFWVeXK6ya,-1215,0
5HKaq8bishWWzTNZeg9stV4M9vjbqQf1WjDiG7pELQv5t297,-326167,0
5HYoBpiy3nu2DFfLcCgq99iwXGGBS3e7bh7LZYxam6TVB2rj,-124480,0
5FyBt13zj8QPxSjHmRw688nLb6ErWPUXCLYPd5ksks5RkAvb,-91558,0
5FUSQS3btmJGfwDZQdG2xAq1dx5t97jppaj6snmUccaMVpgp,-363450,0
5HT1QnKYJPF4XPsFudo3vsWrg3QUaKonwGnFZy9NxEL6VpS8,-258501915,0
5HStG5S3e1eGFGQ1h9DgVwB5vsJKaDkxp1qdEXCdkz71jLow,-102638,0
5CnwrPPxMRQVXmqmfEzvoMTgDFiqpc1rzajDa2KBZw217zBe,-93249,0
5F4Eg5GgPqsVvdzLSPP2MzV6Sj2sLVasSeXEZq561mN99ye7,-1340613,0
5E7WxJ3pQ8b2kUzkyfMRiLbhUx22jYPtyUqECECxfwL33rv1,-1267466,0
5EWSDSMmtrqt6JcHPbRhQbUoubi8JbSjyZzJXqUBKFuHVzno,-13203167,0
5EUbtK1Tyub9rA6xh7DyGKEYWbNHZDz5MKkbMT15erfwdqjt,-476677,0
5CngPaqWCYb8mDtFKgRqcAQEsYbcqNEbV4WyAuxFuh82Wo5d,-91250,0
5HGchGXpgUDZw7sX9N3tVnb39zMvU2TJaS1oSHhCqjtKjgCH,-21075097,0
5H4GA815rSeLvCPfrMDEr32LKdr8wEKHMWYPiWWoGJXF8vhL,-91577,0
5DaWtAqnbhMb7yi9TLuCgEXTAdVGeiZeHadfNi9Z7i9LqfQp,-23126190,0
5E2NcUViEp5KS6n6aEgV43D2NCDHJQpamHZMnK6VxpAp39n2,-95718,0
5C5XosGosHNgxLF7BpZnvUbiwudVXFJuwb5Ar3ebZ3ncQwja,-863,0
5FTrzy6N5hNwUJPc6SuQEaq6N1P4Uxs6hGo7VWSh6fWYBKh7,-1112,0
5GBx3nG1HosTsRXijR3GTGWvJrVvtViwimTdQKv2YawzeGZr,-1762,0
5EaB7MS1JGRCyStk2G7i5Ef9TBkbKWocDHPSAMqpN1G1Uj63,-10959454,0
5CZfzeeocbi6KBmNdU4RBLnXqYqStXmW3opxzFP4C5Wkwc1t,-535888,0
5Dng7zpxxNzeGaJFb3Ni2CoZw9rGuaGEpGjQieTTRgv9kAAj,-91260,0
5EPiN1gu6F4UGxEmNUhD1f25PbUnGcMuJWYpDhSY2vQVEC3L,-1172244,0
5GmskFhSVkMvqdMKGCtjydintC88fMRqQg9SwYMAuAqjDNDs,-5801487,0
5GRbMz273K9mtJnAmfqU2Z8mVbxA2tdavMo7CGhCpvCuSPuY,-309006,0
5CyKQaWPxVoagVA3VcNX6C5edxmMgQNo7bkcDb3RFCuyrMm6,-291507482,0
5Do5MAVJyPESuGnm3H8acxpDr5UPZdr85EWz9YFCdLn5A72D,-655432,0
5CwEBYBAgaob6z3FHyqL72jBVyKYw4kXvmuWjBus4APY3S4e,-2262157,0
5EjvG1gFqp8DvB5Tyqf2kAu6yWe1ifh9G7RV7VdMEhsuAJ3Q,-11,0
5CGPD4MonnSeKb1TpykR613RrndcqWsQ9kvHkPrfGNiWSEtc,-1529839,0
5ChwrQZDgpZqcDTKeKqmYEeizwnVqbWtyfWS3jXGvsk7jFrX,-80871,0
5CPptwbVMNNcKnWNC1KxVZEuZz4YJp9FFiWBmgJXJYa4PK6b,-319538,0
5E9hhP8jkGhETbDcYNvWdJ6st6TcNJvQatxseD1J3dFZdDMf,-332307,0
5FHYQNKq98tJyMdTyDKgCm5n5YWcbXTWv86rGoHPHr6qq9Fd,-951910,0
5FEvynZCroeVbNvKUwQS34sAPe26FFFB5varn7TTe46bAPgp,-13303419,0
5EZCU66nzCqNBkewWN7wt72JB9ou2ZVLQMGsZYg1JvZFrCdj,-111250,0
5ESLoZNft2zvf9xbHsdmMYXtJyR7gj2ioCZ5zuJi3iD5Rcxs,-18301,0
5Fenhw6gfmzUdMBqatC3fd7BanGbe9QUEdKc3czUzbSTqDqA,-2144451,0
5EqccoW8j3jVgobM44QnmvZgHv88xVzcHjGLR5QtnLBJE4PH,-33731,0
5GeCJn5MVbPRRM2D9NoQrtD49LEFV5HRvCJTdhTrk9twFEnu,-1740945,0
5E9UYiPxCn1L3sKVfcueuftCXYTfZ4SigpM2yHfDvRP3xxJu,-435759,0
5GgWAVbHhiquDVAFusdr5syfpzSU7HcRiJ18v1xP1i1zzJuf,-138685859,0
5HKXHHUfwK59wkJFHjDqjfif2iZZ1XQxPhPyRfD3mka7ApC4,-14360,0
5DXby1X7bHESRm6r4A3TVtBPe9fVnPo9FhjSGev7PvWRediX,-1019805,0
5CRnKmaDMAv4bfuiPrewJWQLZAZ5DNN6sLWqAv9KcXfjezSE,-5115,0
5G4m6QRukVLHP6oujRXmQSkFCULHhCpikPeL5ekxYFN63dCY,-2435902,0
5EFBE4qgXFa3auk4jNF8794nAb5MYQc1o84U88LhhitvqMoc,-40691255,0
5GmxMi2SsKAVfwnyxVZFSTfYGqhAeEXLUXGiEjjXcPRCndB2,-91401,0
5FzyUopuowkGGpPzCj9V5V9RpzfDT7t3q9gPqaxKRgy8JQSr,-4059579,0
5DJHBaXasMWLpL3JrMbWWF6Wa81SSDwwQKYTed85AERdfB2N,-367578,0
5E1dYWtMcyWCjhQruYbT9amHWnQebFgnhFyU8GiA5TFPz4hM,-67321,0
5GTXqLNvkWzgiEQCQKdUzZHUi98Zrz1MkcyKGMozjmnzTxf9,-91334,0
5CvzfEt9NQGcaptK723D6Dt8zc1LGDMoTw7VTt9bJfEvPPjD,-528747,0
5E4kDYoTkxc17fKMrN1A49nmdCUyYs56pGCEtmjSsWHTYCjW,-1003208,0
5Fk2pugNteVvhDZgsVBZ4KnTcKS3SyUxQfN2XrDkyBstebiM,-91560,0
5HK9CnZqNFXtaNNCSW4KL5vJF5n871Sw48mUf1NLTJZiDoAY,-8241650,0
5CqXS5rZ1wkWJveQSxG9ZxGLzPWhU7J5X4qx7smbzD6ZnxCw,-2047,0
5DnyS2Cbkbgs96KPcvdah6PHMghZ5zL9JjYF5YU9JJb8A8LY,-2349439,0
5DZmvrPQ1nzDKaJ1Lzpkscm57YBZPSXSVATKpXvipyxPwfzs,-693723,0
5FyRVzLNvGLePHLRCiDbdegTkpNygVEn1xuHCaU2WAZeqJhd,-310449,0
5DZjHNcWKrhC4LkvU3ZZGbkSS25etHy3c2rm7GnFMGNo9SxX,-89315,0
5Dz1DAgnrv8hTZEGeoUVMMxM9CQkdqMRiozBWXzaiQVTpJiN,-1763,0
5CiiqNivbWu4cYTCMwwRBsKhF9VgXUTgNWqJ7QbPCCAPF5Xf,-16646,0
5Ck7arUhWgZ3MgrtWpn6o8Vjcs1UBTrky5A8YTbJKpbiv8cg,-1660,0
5DJff4g1JAFgMscD4p2ChTgTJXPS18ztmNFHRqyPZ1oMLnso,-1504438,0
5GxEUeeSD6Komc68R5DWBnGb86ywYg23c9kMDSRP9Z1Jrc2y,-6049713,0
5HKZn2pfNGvUDxfmAxeBh9tE21FjuNo5D1Quw7HXPyuCcg1H,-3605195,0
5FvLaPDYffyjv4rsNmRUGGcZQdyPZ2L2MoQ3T1pHQ1eyXaTH,-1161,0
5GBiCeT7L2NtAtYcSPt6Q4CN1nQ7Ge1XZkysKDqQ87xeFe1p,-1112,0
5Hbf5ucybAvZzvzP4ugKw4NYuxNw9Jrh5X4pY9YgofULWCCP,-7341392,0
5GpUBQ2cT1P6DGCbx7aLC49cUpLLXruEFapv8MxumqhwURps,-669873,0
5GmuuteyKV41BM3PjFKsNGCzNf1wZHdaAzrYvtgLiD6urGUw,-1112,0
5DfU7CVGhHwxP8Ep1xSMwQUjHsRQRuVwyswN3QYJnHT1XrNY,-655391,0
5G4j4CdDVDiRsER92asDQjDqHMig8zv1noGqadwvHFH1UJeD,-1763,0
5HZDWcVSASdEt9XmAeGUcVEqRQz2xUbNwHxd8JniLmmxn1i6,-33413010,0
5FUFvHtDuADhawGmqWVo5TTYF12RSwYKmR5zJ32VaxqHR5Ki,-16843355,0
5HgW7zPKvhpBpfB9x41ZffQxRPEGuNtjuM9peRZaPTLcuakJ,-1763,0
5FAKPUefQnZ5SbECFf3kxnnnh1DLkGWGVEQcs6sPkUqJG9S2,-969865066,0
5FkEBFiBGDfA9PezYz5ReFFVkPSeSs1mcXBrkfSUknQrt5Pj,-1718,0
5EkMaSKJP59S2QXK2oYLnkiYDHNoQ98dmJyks9fpBp3gnfAS,-1112,0
5FNVsiVJ5PMeMf6TAZFCvei73KdYgf5TRkiGAjTTpEmsDJcy,-686572295,0
5FTkwPokcQSMt1EH7H2iffGcRcKfDL4tKTvpTAMmduJa683n,-88888709,0
5FZkjkrzmNVHsgAvpjM3bUmg16gv2Q7Hc87HWsT4avfYkroz,-22001607,0
5HQWx9SXXDUGfLNjuhcYXAwzuKBDnTmvuz33zWZ27nGVYjgh,-124539600,0
5EWjZZxiNkGH1jYwhoyyM5q6N6DeGQPfPpAiRhEEgTfXgHxa,-90906,0
5HHKY2YKfN9Zw3pqMJ8PxaBPKsruxLzGToPG5nLvcJzhGc58,-1718,0
5EcHBTdFu6H8KHmXCBzpLN78T7x2JcKUGdw9z1pdYH2AdLHM,-142463,0
5CmEeWpmR41wznY45ykEvCUSaPzvk1X7pzM6f1K97VAGUJsi,-11427249,0
5DZPaGugA6X4BUo5ewTzQAem4cqBPtWTFsoZrUYriy5eu6Tu,-1112,0
5FRdKt66BR6EXWm39JxBH4ZhgRdETMpkJTxGeaW7YssaUutE,-361750,0
5HWRSP8hx9xtCcZ18oXoz2p2R6T8NHNvo4wUSKfwxV9mBHFm,-24739,0
5DfnhrZhYYgJakV5SogeYHxhfp7EKA2Gjz3kn9bWB2yvSYK9,-497679,0
5D8F3qzM62nSSwRC6tfU41fYojzHHScATH9Hjhuw4TdJ2rsR,-5499384,0
5H61phnD5buLmqZJwop9F9W9JTWd3BymeobdijTQoD1Cvj1c,-1342450264,0
5C5UfFJBdABBQfkLXHskofR5NzEG79n7t8dZfbM67HgeFvA2,-3625,0
5F97LZADQfUsHSBLeNAiBq52EVnrfpRGZCdp2fjMHKAeQMQR,-500613,0
5EypnpWbR3MzEBocGUjrJQ8YAXK6bMx2AQVrHQZqCqpt1jM1,-645720,0
5DX1YDEojuVuEynUHzN5PJ8n3yVgpEnb2pyY1VjHKpQuQSJw,-91348,0
5HVQZyXSPXHwq6qFeaeXMeDsxCmCyjNj9vdrU5TdddmuuULu,-228071,0
5DHXS7rwyadq2K85oLEa9WppTGkH21XcgoZtgtNUxPXvD9Tz,-2363764701,0
5EFanQfGdJW3uQ1c4xBRyXFTHyRGmQKNYEDm1CGoqZtXeHn1,-6044086,0
5HbubbAaoave8yaB6Wtfz2sXB9Lvhk68ttqoRydpmce8YXAX,-36322005,0
5CJ2fPL898AXxoCyg1JzSuXtQCyC12biaafn4jSK9h1vMeNu,-279629,0
5FEodW4pybiANbJpeDLghMtrNPX6SGfh77jcA9C9nF46W7sJ,-477926,0
5CAeFaFw9p5DJS3f6bnBW9ESFDvpw1sDFLCRX3yixLbuQvyF,-2430709,0
5EL8neR9j3Gt2DrYgs8SDjnG554iuhr2PeWg7x3bw7kSC4TT,-112843,0
5FNncSSrpLjJHaU7vRokM4UapGr1Cpzgn9eDf8S3jCeXMpQv,-101552,0
5FEuKKxg54NMkhrrMxETP9yr6zzpVuAvtYyjGk4JuhPopXbs,-91344,0
5FFTVFwYEr5gj9xX2qdKaEDV1XPxnANH7NwWk7GyyjbUNiAo,-91382,0
5ExkwthLkTUYpXiwFKVLJovjm7XG7q4BGMjn461SLVSdcTjy,-122557572,0
5DArjrjaSwgPmqUeNv8pjYw8Y4H2khT4iYSqMf7d4Vg6HEX5,-92134,0
5Cd1K9UM2vGkqpBeTqinwXiSXhdZNexe6qrzRZsqLK8RssE1,-15539698474,0
5EKvG9Vn92nj6bMppHnctvmq2mMp9jiYs2qs91s7LaLDUYWa,-1635563,0
5ELzvPwUXudqerEkQu3mutuB7Z6fm3DrMc8DBw9EcUKKB5xR,-34531,0
5F6ugGZaAdUSBpmzgfRFkoLJ96wHLkATukNEsVaDtofNpiU7,-10105159,0
5E7PvwZFE9htdueeY6WaVb7Eu5hD2SzTMuSYCkbmqTNxxfGH,-1112,0
5F4EaC3JuxjyU5Kk2rwj7iT5SQyivhMseMTRYuGxMPiKVEgF,-166954,0
5DXfrXD8DwKLmDGPjHrtc6TWTwVH5sEFnDwAciYHQX5Bpa4v,-231055,0
5HQbCbvptiY5f9h86gt8gh9K4XtZADsN526euLnF1e3PYDgG,-14531790,0
5HKK8arJ97sJJ7YehSdnBb8NQYrmpFJ1EZvhjmDkNbyW5D8E,-511147,0
5FvudmWf3AHwC9F5kMBfnLCWtyDH4xqK4SEtrZ2X9G8eK4MB,-69972697,0
5CytjWztVowZsQZxy32PA5u5bUTcZpxq6ykS4JrzXbYgWezQ,-1112,0
5CK6ArdTExmFYPsbh8gHLDkG6P58YKby9ef2hy3gYBwv7HvV,-513789,0
5FghvPA2ULr4kazpRekJnvBhz4hvvuuMwPXa2U5a6zD1L7A4,-1112,0
5Eqhqvm7aEdw2naNuahDcEdKnLsQxpi96SduAsLZ57CuWd6L,-25897928,0
5CiKFux6F6raNYLMePtGZn1o9BLjwyyQkyi4m8E4KbFwh8nH,-739662,0
5FnHGySjZJmChGvRCNfvVzccF1MkLrzcvtM6FhfMzr1ZpJFp,-96507,0
5FZU8pnKwt6i5VvL1MFFvo84HuSg6jbMsow7ipRckSPEEGrM,-481987,0
5EyKYcBS1M5gjFCZCvrsRapwV4MpTTuMsnfwp3NLLZLPwRp8,-138431,0
5FpcuwsXjKS3WWyaUKfNfxMbLLrDvD1Y23xyYQntTY3wQg69,-673,0
5Fj9Ey3bGDDuMwHsmyWakxBqhH9kHxPurgMbrgyWGCW4riJE,-853788,0
5GmaWh17crtpQdSZZEdeoCFxxm4WdvPbJHggRUv3A3cnEm9x,-91392,0
5GrhmjRoT2Vyqm1vQmvbbt2cvronW9mizKD1FjwZgw3Wxr7T,-95076,0
5GC9hZ7JWWXwG4e32cAdVm7p3TmrVYHuF5NY1ThmGgBrpcyX,-56200695,0
5EZiBTwedNbHaKUfHxi6W3aqWtDftT1zDSnC5H8oAQVGqtCm,-95202,0
5ERGTAecRwAys69osnCUfYE1ZxvomizL4xia7gb1hqSaXtii,-1112,0
5GP3UHnZQCtDVvQWsXGtZUf335tWrKfVSKRwWVLbhkLocDt7,-3080730358,0
5F7LRoXAQnhKMVtuPQGQ8FcTxFzc2WsiDc2FPZRwYFo9EA6w,-2559995,0
5ECh9ASa9xLPBekLHMBNRKfxJYTmnUzpRvuE8Wypa2mLp4pk,-72551,0
5GqA8ACZkeNFfceNKiXWCknZ5xbJBJbmUQrNtioiEGF2ZnrZ,-1076050,0
5CzKnbNBAyYWFYFcNkPbJBFyEGUK4hTzarBEk18ws8E3q5ps,-91245,0
5HRRU6LUDYUowbneh4iH6X3iVThRBpKTRCYLhYWbvxsxrwxT,-4259290,0
5Hddou6XF4Ka3b71GFNhkd2CLKi57STxZCVkJS1Np9APrwtF,-21008,0
5DcunUdmWqmab8UhqsRp24QJshRFEdV5V8ZyZu9uLQwYEJzE,-5481907,0
5CRjsjGHwcXea7QePdZYHUxcoqkjJnjLUwAAjuiHmP1ViWtp,-9223655,0
5FNSCNVY2heu73JXhPBSbHTBtDXaQaU11S1T6PYvVCRM1Pqe,-11213312,0
5G1dQounwQGezKWmzqQiDgwJD1jwUwk922hnqTZdkJpY4pib,-1762,0
5GCBcTr7oisZ1TK77QzjsvP1KcLDTDd8jXrjZfJgMot6r7tc,-372779,0
5F4bLfG1ZhgoFaxFCX7MjRqEzyJTBb4n3797469ALwncimDd,-91372,0
5HRJiiJXegqMKjsXNFxy9k6AH3tdnmCR9FWAjwGJ3viWcD6X,-1099200,0
5Hj39G5g1fqPBEsD7L6qNbrZN1yf8bwrhxxEZSKqsw6xZzdd,-12738221,0
5F1mDT43H52oLPwrgDEuvp4gD3M9DEDifu34oxBmbPcyvgwc,-3403367,0
5FCYP4YURFWpYaN78cBG1RPUU8vgRKtoXV3jAFxnqwGHEoCB,-1855029,0
5Hb5jDc7B9BECSfdXkYDvP6udP9D3thAagzTnohzSiAu5Pkx,-3240578,0
5Gjsuka5FkutS9bEVTwTH5eJt7u7Qq7uTWCK4RfwpYx9HTHq,-91507,0
5CAyR9e48iRTA9TFCwxoK7ZC27ujRfuTteHL45u3LwbpvDPs,-1846,0
5DXS33QTx8FqGJShWHUEuwZGfaVNJTKSMUSnx9z34pM2dKkg,-1762,0
5EnATCdd3YDRyW23JQc9tKUCdrEay6YftDcUnKrE3tcuQ12H,-1141178,0
5CodCDevxzUe5kefdwhiPFt4BPQsKJPHU3P1ANc7JXJxbSq8,-1762,0
5GSQjwf3pJ8vG9QtbQd8sf9U4G77VaUxwFfAPgpzwDnQiF9U,-445673123,0
5HmJWVHABW6wtPtD2sKTQyoSvWmRmZVRNB46mbXF8YjnWmk6,-141007,0
5GBz1LJMFLJetkbweSEJmDof4xE2hxHKgBH4GbjhxWVZxekQ,-1112,0
5DcrCUujCswidWMAMHU1TNeZL5PXupBvKXgavc1VWLmo4e2a,-111,0
5Fk5Gu74nHUC79u8xZXvZSmFJ9jqy2q5Q4LGkaPRTmTzJnHh,-613809,0
5CyAwYfDZLGnNx33aPXhnV7KAYsZBADBjABiCB5hUMWajnva,-1762,0
5Gk2pj2BUBPtJqZFfiX8fVPGoJjakVCAJ1xa2eBpWRmsaKjj,-1762,0
5CzRqLPosHaraJacm6X4e6VJHccfWUn15xUpJKPBS7833aDE,-91478,0
5F4AMJUraSnRBKpF8L5LXCDHqkhfzUbgM2PcWHVKHXTnbaag,-91435,0
5CqSMNN4whJsf7Lgxq3Ru5ibZXZV6ajrdSL9HgWUCwXA8K2N,-1776,0
5E5MGyG2N33nuJtpWREWhoE1nHkUbofWT8moAL7enLMjYbkv,-1146077793,0
5CyqT34oJSpgqtxqF7hUoxzhGSEMWy2PAYxXSRCB79RaxhcN,-5548033,0
5FnKTVFftfhiKdsdyuUwTsNDvJjo8ysKwftcmP8wBQbLWGUR,-2046,0
5Gpb5gfuZXgneK3Xh2dmkwXzCJuM5WrqKtLrmxmwicRvJ7B1,-91238,0
5CV3czezqT6eLwf6LWwJehCPcWYY985SQnyUbWNrmB2NE3pS,-327761,0
5D28WEDH5ZdVLPePG7afFbP9C4VFDqA8po9tTdJEZKbYRRTz,-11,0
5CiihpS1M5Hrs34h2pUfetvorgsAXpPosaB3jDwVt8SrxKoS,-1112,0
5DWfZwYL4jteGqfvm6vQmhkzTqNXnCk6A8PSA5zHdc8u3kfD,-22646634,0
5HEXAuxrNsEAjwNEaBsv39ftYm72pLxRRNgNpXcf8uyFdUi9,-91344,0
5C7b9pnsuMAfgBGHf6GuLuvCku87iL9Q9u3tN6FWXJ7L75Ji,-484377,0
5Gc29YUiUS1C2aW8kiP26qs6Z7gMRgaL94LYphr9TLp9qMf5,-1112,0
5FLJ4J7RKoUGJojJbecNu5NE4iagvSkE92NNpk8jkWb8UbnJ,-3240054,0
5F4msK9zS9RErXkQPBaaadtABNFCQXsrskWsAeadt2nDkj8t,-92120,0
5CkU67vsz9ZKhqNX2n1K8ATQA9ZhESiN4KF7DvF7KDNvBTqa,-891574,0
5Dr6o4de927xQg9EvrwxxzbH52q2c1LQMcfwv64zn7pEdCEp,-6333,0
5Dceay4qPsMbGNkvSjHYd9pt5SaE1r8uWGDfJwUWrKrDeLnw,-23384698,0
5EHQ1C8sZTSLEZ5Ao2yZtZ5d2khvtEshbs5aCNANt28a5zMJ,-5576625,0
5HDjpWGMDaR4ptStWZ423KHXzqrQwB4rMmaEoNMkRMx9tosd,-340314,0
5GLMHiEMuLNt7QmNd6GCmgnFg4cdWWQkVMxZYktFWVMJ9D7j,-5154645,0
5CS7nMVEJegf7oR8aei6qAn9gSg671PqDjeynDvxhTHs5gxD,-6836995,0
5CLVAWStGbpBdSSjXtwKgmDZcZQ3dQg57Sjf9EcsMFhdme55,-91312,0
5CwnX9bSio58RHsYxgJcEgxCFt3tv86WgVTqfGUgvjpLBtcs,-8889133,0
5CZnr6xr2jJhqEHPvJcgBCGhHQ3ty1NMP72uGuwakY5jn7Qq,-91308,0
5GHZwK7t4WMzWtNrYXCrgFcb5kYmVSqKmp1apWjDGW3VtYpK,-91580,0
5HpAQnmoK5AxkYavFK4RnJgYZC482do9jmmSRKCpPdgFfBLL,-1718,0
5FLjGBnD2ifJCb9SZi2N7FTMhEVwqrWy6jJ597479iCQbVSz,-1652670,0
5EvTVLonEQJ8NyaGAyHbN3oexXK8KvowUXPoU9fMBHGqQCRR,-112444,0
5Hbb8uU7fJEN3kinBDEnzer9S4ZKTGvvh96mvsed3jYr14rZ,-9765,0
5ERkmhgzUHYTYXCFDxoJPGiAwEdr8oSWe8Fdj98oQAJri8R9,-5322670,0
5EnXv3JYfK6tEVBfGk6i8DNhtKQ8QFKybMaYeRu1kNiJN2Z2,-653,0
5FeK52Ksg3ds78Qi7ZF1c41996K7CxT8t8cTVX611UPE3xnM,-1183,0
5Hh8RymUxt9Mi7oVguCFwWmt2ehSXvzE77qvhhstXQ5mJR2r,-447856,0
5Ct2dZNx1gZtBEcCmuV2QYivbZmvfoyeJFpRQXh5V2yGAEKA,-1762,0
5F7Mfz9AZgYLVyXoN4nm8R26PZuC4qMCHt1rdmqrnDCSp76W,-35509,0
5Cqnhidax24h6oKgbrXFCer6dcZohacZ3rTFUBBNMsFZmgmi,-19344485,0
5ERkg5ze7kuPBNWCvsuWpD3D9zTBpyS8WxvuD2PDTUFrmvRk,-11129,0
