AccountId,Pool Balance,DEX Balance,Incentive Share
5GW6jd4gZUyC1JCVPbfGHihdN65yWXqyG5m9WSA3Mjhmvuxx,52611535945,0,0
5CwBKuDiuP8a1V3FmhQ3KuHU59o6bvNBF5XxrwFufaDNjWke,0,0,84750000
5CSuucHmQq1BBugtLmUnC9nJzz5WBKiBPzHndK99VKtoKUth,0,0,34173550000
5DRuqshnZrBiU9uWFSXAwGprj8As8GEhLLpTgEtsg5h4xPuZ,0,0,40143300000
5CDEryDfPLfCY13qo2JgaKs2P45bXZmxysANjfpSj8FTpoei,52972763639,0,0
5Fmr9NrTrFL3RV7dBf31a1rkmthyz3wvDCnmGdqh9bY9Pp7x,0,0,38211296700
5FCD92U3Tz4mcXPpbNgS2jd3F49gHdLkck9Gcd3V6MeqgLb7,154497352192,3129416042856879,0
5EtCVbXX38wJG5ZbZT6SkVZ3swZwrUpHq4ihf4Vu6qvLHoy3,263968817,0,0
5CUTsSTGTrei3AiUzn4h3DZD6thZtMiiZp7uNDF5paaLygUR,0,0,591272220000
5DtRzvsStmo6XCgaidenK57PGeBexUK2fPTPxdgcFwkVixsX,0,0,100000000
5DLgxKbvdwy77f1hQKr8kkrrnXraw6XyhNTPCj6Xsu4vkWUf,0,0,11370000
5HdZGjnnFse8vGeFh2S27xKHYxLvjvVuoK1879i2wyXSX8AF,48603796135,0,0
5G94C61gT9N8rJ7dqcTn4nSjkc9pJ3R9Hde3axZkH7rziwXG,0,0,709355469896
5Dyo8jDPbTrTZd7fGx1uBeWHm4AJvUEXL36hgLLiBYfAqrmW,0,0,5444185200000
5GjHdkxJszimroKbZfzXZQRwXKFw1NwiNmtgHNuyHnXqBHAY,986111305,0,24759840000
5E7wmuKkwxrK59tPi4mYHwc1kHiJVyxepeHgRJGcvaRTSBny,0,97024947280253,0
5Gc5ruYcMmjdLGje38Vxe6fKA2xdjfBnoj2PqHkrSnWNMoA7,36034541364,0,1462483070000
5ECn4FGRM1cLS4GFYpP7JyepvFpkfQVa5Hf8UwbnzzhV6vz6,0,0,189328950000
5DPFkkiAfUYe2Dm3q9c5DpreE5DMdeHe5Dg8NtoULery3ugH,0,467994367463474,0
5DPYA3Qok97kxmktoRFxL6o7upZMfkphFHqkzRBRiGrw26oU,0,139748013479016,0
5CLavq2aALKTDCpn4MN2Mk2yCeGy9uxrSY7rkW5XfFuzSWM4,0,0,182350160000
5EvWC5DamKw79gtgp5W5kqPcr2FahTJvLUMWfGo9r59W9YqX,14846451435,0,0
5E5KbQgCRHB2HrdWJaThoArrDKPBYqcLFHioxuTUaHhhW2D9,0,172558967886237,0
5Cr6VaLeQ4PAYKPQ3c28EoZnmi1rJ2rQJ7SzCrYXVokuaiyd,0,0,438460000
5FUDzwzzdJn3SdWZSNFDie6tgCJchhMzgkSYa96uiWCWWaWV,470873786,16089958333579368,1204981370000
5ChmfHnXXbvBWyaUMxqEweseSEru7zgeabDBNtonz55PRBFN,0,0,391155875153
5F4KtVJ6ihbc6nbuTx7i9KU7ArhdiNJbJmMDyhmzZkmscG3W,0,0,2117296796269
5DhEtCdUjBRgknZBRTE8u3KK8KL4k3jnQjSi1Q9RyMfBu3y2,100000000,0,0
5GLCK2Dpo3KB8vCUnBy8vCNWWLY4eUrudMXMsqUjP81D7uFx,158420000,0,0
5DPbsyuzj5vAzBmr85tSL7N62quUEZgagwJeZPu1612F1tu5,0,0,7175150000
5HU1DxoUsjCCfZKQ2emX9uaYHAqHqu7nSAQHQ3pM58RyLooE,1200467117371,0,0
5EWwHtt8eSwmSbbQepZTg9MweiTxjaVBomgLzJt2iADY2fDP,0,0,62261670000
5F4MQL6GQhCoBsd1Vov2thyGX5UpUTShCftdVCdywnAwUxup,0,0,40381930000
5F4sPi6oXEbZQqzQEwW4GoxadwdYccYQZSsJsyTSfs58XubL,13610314831,0,0
5GTKo4GkvrmAJjCwaqm6nBHs4j2GZJ9GxxHkKyvXDSe59fjb,40059203687,1407722101810273,0
5EFLJhSn26gx5tRXTRF2XWg8zhJsw91WCpMwiprQrwUMGkEE,0,0,109620000
5DAWpcTou7H8nGjfviYWzEGCoHRKLaW44YQ71GkX3eBvQbU8,4142578132,141845141105428,0
5Ef9KLkGQGsgFMnFi5fQuZuJC4SfYKJM1FtL3PoJtEDuj8Sa,27487323891,0,0
5FHtgx56ViPjAXoUYSrgN8RHF1mKAjRT8Zg212EcNTByX4k9,0,0,25000000000
5FCFS87cphv4zm72NHxJWeNZwCYhUmGhUYBiTXe9jTBhx416,0,0,192236630000
5CDjUCVpo3UWCggJTZjh6yLiUWnmcPNxLmEwYbe4AinK8urV,49428800653,0,0
5CS6tnkdyZ3GsMx3ZRwvATsKfMsFBXpnyUsu9ktDxx1eWQgT,0,125979974476099,0
5GhMFL7fXRutpHKoUWYaBYf5HHJbkWRSk9s6exajrPSPEq7r,158370000,0,0
5HK1aDYgSmV8ig6hVPbnt6m5N8nfZVYSufEFg7qSU28jbHWn,43897398870,0,0
5G4mCi6KnB5y1FDueurotrtqiRZzhuP7rhmNT95XRbXjzEnz,0,0,359594460000
5FZ45opdoKCtXtPTAbM93fnD7cFMDzvirJLz7fdk3SC1wjwW,100000000,0,0
5DCbULBJjTbRP5KZ16u1D8mE67CQijSTQdhjpThKqbMXumaR,0,139524792171855,0
5FCwBftvi5JH4Lec8bNVrb5XUsEdgmGbXyvtqyYoZx7REs3F,46083396489,171451339450335,0
5HTBrVSQcGNM9XPEastgGPerFPZj67HtK8e3cQgoxzMEwzR7,145021230581,0,55000000000
5GvWBQAJudpy3ZC7DpPfrzGKapED9HyVjJ5qvsj6JxfNpmYL,0,0,6025686750000
5E2AnJctXaKKggX9u2Nnwsqpzw8sYxcK3U521xMqVDZHrsBx,14713286854,0,0
5ELgZVQtWQyAJNVq7HXNYvvySQn4VjtSMaTkXATed8TMEqtp,147940000,0,0
5GbbmffsE4T5DiXR4gGTYxh4TmY5DGNjBxpbytsShjxRVmcJ,0,0,167960120000
5CwAetLsmoo3YwE536776Zn3bXbrVBR9UhwDKvkmEHc6uaSu,0,0,26009150000
5FhWes4TG7abGXyD4xkvNpgTzft4QQxdrv8ferMwhTsPvCDX,1375578940000,0,0
5CwKBcsNdtxgZm125yZKabHU7zTFJcQrtcJi35VxF3NAxiUf,31895121170,0,0
5ETnKGsVijjjfHBCWNsJeS9w8BwouEWp5dWDu56nnzUBDspa,0,0,183550530000
5CyjjpUoDxCFxJfziNcAZ1YFVNcnV58QUkKstDZTsXfpoLUo,1708798060,169033575913789,68129638925
5GNVSdHAo4Q2YS97a43VdqvpkpjNzEESggXoAkN6miykRCnx,0,0,4114082233323
5ENVLKojna4x1p3odWYojuRXmKiZjYWFq4zw2C4WSHogNjXR,18024368239,0,0
5GRKRgvcrPH2h8vQGVBjUmvCzPKkEYtVGNABmjPPiK6TXtqZ,0,0,62199910000
5CyeTJZ3TkZ9neGELUU9B9ZBc7VkGCaZ7vzgEmp5juokykh9,71515339486,0,2080351700000
5FKn2a9CNwkBDuqHU78vRXiU2LPrT1hV3sNG91hNnmAjLMmf,0,139678298502963,0
5DLJrAF338kZjSdhC4f7cN1tf8tdbxKrJPnmWFHLDYagfYnx,65792729521,286290666521541,0
5HKvkPvxwMUjfHuLZwJwWePzKzv67oZg7gw1m4KSMa647UQY,0,0,1789054850189
5FWmJ6FkHsd5UwT8r1bkVsywZ6qaBnmaxX2RXiHj7GLmyfgi,0,0,491528290000
5Gy3HBdYRUVpVcUMKNjZJeXRpH7p6TLXkejcxmSz47ahpzLA,0,0,39200973352097
5DnxF2QieBmUu5T9FeQ8GWMfWA42hg3Fe4Jkj3L87dWeJy43,0,0,199439130000
5DNuM5YrQhuBzCF72oPaWaQ2dYxdB4WURabzYiZ2X4k65TrN,0,139634315695851,0
5CcCZPV5SEAwDB9woJEKMhkQdQBwRVnctjcE9vx35YoEyGUm,0,0,526118870000
5DaAMgXqgf6yFFBrEm3S1TqRtWAAjmsDCRzaFcdnUfZ4ZX9Y,100000000,0,0
5F7eunNs946gnvWEseE7XYn7Qd5xhL7tVbm7q1hWHqPxaiWY,26718155835,0,1084372080000
5GTSTCATtFj5CD9SySm7fNPAxtaFx25jrhUWXGNUpXMGQq6R,0,139678298502965,0
5CfnafZdffb7n46yCrLfBriyR4nzGSwgoHd3o32nahzcoxef,100000000,0,1460710000
5DArZmV1MvJwjMHzonk2tE85cAR2PvARiveYNszNkpW7ThaC,5000000000,0,8513120000
5ChddTt9KYBbt7D3z3hEjC4NCBcg6Eou6Fd6M2YHvCcf5wCq,0,619763795839536,190495810000
5ERCjaVvyCH2vYDkJdBZ45SQK4kG3ZnUejsYxmwek5enTHud,324003094,11385805878418,0
5Gj4mbM3aJpjzkFUDPkpQbWPiW6UE4rh5r6JQbmaGPmEL1MU,4603892332,0,186851680000
5Hp7F6xQoJpwhwqRQi63tnnU4JXKYTjR2fYWaWZ5h1jkQ7PV,518334988,65206840060454,22000000000
5ChYu1B655CRMD8ZURFnd2BANpKvJ4QsiRefTkkmwjrEvCVr,0,0,159791643159
5EcJndmXfuwGMtgR2iA4J1ufYPC7bDhYnKHnjftnwyZwkbSF,100000000,0,0
5EP3WQns43NRypgcqqb3sSXAugE73uExLXrtmzP4c9LEehyw,96116494853,0,10231952540880
5Ci3a3phaao3tfsY6fLGKXR4QB6kLWUQ5f7ESSgKoPVHVbBG,0,0,5110389744012
5F9q1KKE5WV4bXs8oEDEidXVdVmsupiRvA34oUQpbvSJgx3b,0,0,3155060000
5GuQ9XvrDyiHiLpKZvn435sJ9DxKpsXZbHV7i7P5kxG41uKK,5940413297,0,241095170000
5FyFTDE8U2dWyocMnedLBh5PMjCuYsJRjZHAosbrcmLD1Xbc,0,2137443509122270,6654913889222
5CUgCaijXZh94V6BTr66gKZrVK9DtQcU76W7xAvYFKoJGWzD,0,0,181802940000
5CRgetipbvzUstXo8eSvmJihwvuLQ7Eb8rjXH3U1qq3yM1cP,0,0,252876571079
5FvVqM5ENsLsFCpJa5buPXTjCsfELdK2qetJKwohMYC8W3BH,100000000,0,0
5HVfFLWXEmKLzBWnJNWZfyqdA8S7B2iFaVH7PLaEJfaLEE9F,4292834834,0,4000000000
5CaEM8XXk58czMwnMTmSLcKXs6nDiVL5yYbXQrtqEb9TgjS2,0,124420389476941,5000000000
5EJWBrWzEPCtEpSCuF5qe4sh48Np7yKg8dFLz7Ka6FLzgyRX,42804198978,0,0
5CCgyaV8AKwkJfXn7GGQ8eJMF7smR1ssabLNEsFKuXdHS8TY,409780000,147105193623798,0
5HW7orL9wyn599siBrmWHY72oJbcQnuTDThf157Pq18juLEZ,0,0,21501880000
5D5ftTDqXsyV9fKdgpYPT8UUScuv8HiDX47sXey7UDhvCQhw,0,0,127530000
5D1qDMfbumaMpi6c7mCD7HzvWn176TdPG2cFt2rwtZbmb6qT,300000000,0,8730990000
5DDKQyHt2J2SAvDL1L31UrUDL7HLvqcGU3M9jtu8csFkCq3M,41091476888,0,0
5CZjCT6NUPtUazp4ks75gkqN9nGHrkRhcTJeaqBwWHAknxKC,100000000,0,0
5E4tvwG6XShhgeewmoKzU9yaSGsekbnbA3kG2XkV3y6TBwdB,0,0,1396181043545
5FpjiP2QtUKuEcq1id25UTzD6duCBcjawWatA9EPGuPDkEdZ,0,0,65117160000
5CSG6Zxmd3dgRbuKZUiQinTQF4HorzpRV7LJCAbsXRPdnzC4,0,0,1188723950000
5CcFqjAkjGiWR1gDPbjc64iW5LKGNrAFBTfN78SacVB1za94,0,0,52804560000
5GWo93Nr5KoYeJn2Aqv8P3GYqx59AM73RuzZvaxZNQYgBVC4,0,139575974180591,0
5GLBjQfFWPYxaPKwDX7YnGxhz95c6LXNnE4yM84ZHz2zNLDY,0,153596942403551,0
5D7bj9i9n5cMojMA1ewztGGYaeGC32kHfYWKTFnKtR8ozcLM,0,0,229000000000
5EnFfNrmSpd4V5gAM7QJpJmrg18pWbdn8WpPX2kM17DNuHrv,0,0,10000000
5CVbEa9s52cf77uKUeLsoNhLtg5aoEn3tbtbj1fb6TK2bHPM,0,0,25000000000
5Fsei2m69px9VbjEFjwvsa9Gx9ocsj1q6TWKk8nA9vo4XfC8,0,0,25000000000
5F1StjDb5RVTDGnSaFn6T1psqD9SuXEjRKbt3q5FgkoQkakM,0,139590559516115,0
5CUbC7kBWhsbZ9xfR8sMniNctoGxvhPopwLXbftKciJx1g97,158400000,0,0
5HTj3QU8P43XYwM6wstZDRsF2mCHbRdJnKxwGgPSiKsf2HRm,0,0,115983320000
5FTsXA1fpfNhz1zaX1hUqxHru47uujVL1rg15YHt55PC7dAN,0,0,5290857776626
5H8iFm6hUuyeBa5jcietLCfzoVpU9XFvSxVSkdMVPTVd5xtM,0,0,31135480000
5HBx524qBZkoVQ9KEPz1qotwBugAWLVFveF66xmuF1RL2XiS,0,142699774358933,0
5DA8dy5ADQykreJSLFK4gpD1TqRNc85NkzorVMh2yb1drGQk,0,175476048633540,1268281638146
5CcU6DRpocLUWYJHuNLjB4gGyHJrkWuruQD5XFbRYffCfSAP,10000000000,0,0
5CkNHeRQ8aLNcwdP6URT25mPpqFK5wZK67k98cZhS5o92Gr6,0,0,31334120000
5D7PX4b9sgNsb67uUQxvGwufDJKg2eaE845yU9Wz3VkSsS8i,612926659344,8527230070888940,6843108040000
5GNQTKwHnrDNwEc25Gec8HbpEic8NSU7M8bZ3TUVBozBvLgG,0,0,582827190000
5EewFNEtH5LHeS5t31uAeK4Dz7MV2SkNGGPppB1TYVBFzmXy,0,140913065416085,0
5FhmsW5Q8UeiEeXJtM4d17KA1nwKPNA5EJTQzZoVnvf3xbet,0,0,3153785620000
5EUVmw8Jn93F3yWNygtHZN5E7qUBoaqBDRJLYGRXNP8uxEA6,4038724788,114300892966890,0
5F9Y2ZXFEvxEgkwKCdJm3R4US5TSrPxt8yagfK64PgALvm8N,3704692855,0,150357140000
5ERPUnbBAFR1vDgJEwUN7Ky4hGPDaASb7EW7jRqhPWPx6vsW,716366544105,0,0
5EfGiCoN4vEqiZ6drjZkPtPURxjMF3Q2BD5vyAmEoyRc3bee,0,0,126540570000
5G9xQTePBpNMbRJCJviDDMGVspuYBmhe8geuL31NSPtowu2D,0,0,7191190000
5Hjmd1yvMb1GahBgqMQzbgi4NePGcMh3oeJ53F6rb9rxP4iH,0,0,88956098307
5CXNkeRHWMmc51GwhtrqMze1QbaHEebreVb8A7tjKUz5hvnN,0,0,59130000
5DMJFC3u1pESvYPxguHgSroNknYiQB3XsuxWaxFWEyTPszid,0,0,316738310000
5Fn4rrnuBMvNLiTFKiQ39z7aQ6ggMgzyDLoXuX3sfTA7cTzc,0,142641008775666,0
5DWkKJa3gf3tijad1C4dcCA2ZCefkRtxPiYWUGZzcQva6XB1,16799068127,0,1172517367078
5HYj2BJLeXoEh8digrobZVsmDGaCVvDvsz9ff95xcwcTde6a,158400000,0,0
5H49xAhWQsmtnHCKd9QUkYDWGknB2NeJMPWNeZUhN2XWXb2H,0,0,3224480254627
5GWYmvSVhnNrrNrmaDU5zqTjrFiUytXK6Qgb7MFXn1LbsiNq,0,7901501352389068,54143073117
5Ea6L5GjM2Xiykwyhf75Kc6JncNXKMvT6TDhTgkJA9JYApHk,21146299615,0,2433677621370
5DAx8es5iTd22SxNvdhDwmaLXbcgYU85Bsk4XMdpdXzr2p8g,0,139572250663073,0
5FnHodMpXXwvLW4qQeDc7p2DxJEYLrPMrysJPm6JNkhnAwh4,51088209541,0,0
5DrE6LqGruwtBrpTL5J7kMyqacKcgeYmDnMKkApTikXry2bw,0,0,100000000
5CyuL5UC88yDmkLhw4SyBQev5m32G3qXHw9PfbjSnaZAFoks,300000000,0,35217080000
5EErCfGUa8qgLPs4BaDXXXBG9msjoBBZCvjYCcuUQXkz2Kne,18320468810948,0,83659005128634
5Gx817WDQdzd5diZehM5wpuyfsQd5ZGFzGVx4sCPNjHyw6Bg,3000000000,0,40200080000
5G6TGLiF9Bgfn71FzoVx4rMeXQ7yCYrozEGPTL9FR21hvADR,0,0,10080057507126
5HmE5aPcxSjqFb75Y1ehPErcKSSXiwiyyX24HQmh6spbmUDL,0,0,189161860000
5Dc69m38KoDHNTLSp3zLmnRfduYUuKBxtDR4ZAx76VruncB2,0,139791981981590,0
5C5aQMetyt1gxtYvy8k59gtQpocbJxK38hZZ8uAaRppTF1YT,0,0,119702610000
5GhFcEPMoPwq5f3jwfdHxsSY41QLmXq5m5fe7TtuXNztzYSE,0,0,62230780000
5D5Nt5Hd1PZ2ZUkyaAhcuNB8ZKfJkWFG5LTpfMeZm11KEgCd,0,0,7000000
5FZCcoPw9cEdMYEfpfviC6LSqQdffCJZvmF12mUtsbezQ99A,0,0,60136390000
5GEjhmwC9255azTEtetNUBjX1czY5Z2dy5NGUoroT3A8DQRb,50255291454,0,1351325110000
5G8uywfrPonecYEwVx4A6Tqd8nCDksgmfNnq89HojbuoLtUL,20887771831,0,0
5Hox6hmnGk3qKRySqJU4Q755QXkEfKdpsFBqeDSSdYSgd8iG,0,0,184731960000
5FKdTd3QBPQM8syrWcTfLfH1Hi5YNpXs36SZa3vDryvUFs7C,0,0,1692490100000
5CAyGyhL5j3s7jjgpz3knTdhRPqBMiafLCab6VG2mZeppJND,1536816930,0,0
5EFM3WZhaY79Yg2bYdKtj4555QjZubM5wGkfd6EWU1tm1SNx,0,0,3446294560000
5HGt7ZZmUs9A1wecSrqwc6YMTk1udUmeySiZtnrDTa9doW9r,0,140883242198961,0
5CP8iLScBWBpzcHTwZsJirdm2GdTEzyNixJ1P12h4yuz66ie,0,0,1656429690000
5Ci1Zv62KbvmmUU5dFzMRyYTzpddu7pPLG9BujqQGCAtxc8u,100000000,0,0
5E4unSvXrF4nQyhX4uVabfPFWTzUh6sDWg6vMLkaqV12KxCT,0,139019352804765,0
5G6eEHnBbokT4WrugPQP7Zm1nnbCcqtEANaxKAjPwL4ZHjVM,0,0,1406741359460
5GC256V9wFrpbvFyMDNqMuWRrFa2GcvDs5nK5bDRB7TKJsZm,0,142688840674559,0
5CqtMMvkofLbJSRMi8yAoiXhARgBoiUn38k5Cfe42dEpwAsE,0,113856695421266,30000000000
5HT8FcLtfeT4cuCVWd9SvmKaWd48Hb9A18mrgBAd1gZBoNoe,370883690,0,0
5CGA27XoZ4srsQurPxFDJ3cdxyYK9pr4rQcmiNs2MXYnX4QG,157351667,0,6386210000
5HViu36YoXGm1ay9bx2v9h8Ss4c36HhosA4poss82M5Xt4N4,184950000,0,0
5DSJ5JnyPCG9nX2AK1eVS9A8xT81dPSSFkjDmSfhQQNAF2pa,0,140920521246762,0
5EYCAe5fiQJso5shMc1vDwj12vXpXhuYHDwVES1rKRJwcWVj,7572479725926788,0,0
5G37EjzukybyVa4r8muHbrZ1aTLnHxFBSP9ajCEPonwYCMJK,9837103144503,0,0
5Ef734WYSHYjhMbfqxpmNjfRuGwFs2Zb55dMR8wRuFfjpctg,0,93315441736860,677880000
5CihrUvSJJYe558gDqUJcBScQN7gSWckYz2kXcFzJZ2Ryh9C,0,139517529337873,0
5GsimDjtp25t9jzVYKh4V8qMHhbw9EkjEu6xturSVaRgLnxm,0,0,19104096980236
5F7f7jJP5LupSmPMyxq2pF1t4cvbyWJtxK4MormmrweekmFY,3718245901775,0,150907198360000
5GN7KAVyM8zBsSAbZ6QjECaF1XaXgE5NjkpHRjzYWGhLZUNj,90940983079,0,0
5GrsfEUmAJBQqrAyJWp1MXGTHHpHcygSbf85jEzM5aPzkjBT,200000000,0,7165630000
5Ck7SNs59qeJxAqqQkLRoUibJHwSJYJa6ShQzqQb2v1NrhPX,0,0,27143610000
5ES1TTdJDzDDYqpDExnbZD55JgWycnunYg2p2fzYafxxgbBZ,0,0,15907163680000
5FsSDitXrWBwENrbgii1mkiFGpUH1s186ez6VDFSTb3Vb3Lv,82919230004,1005531678137582,1069530610000
5GLBemaP3aDVs1J2zm9kikY4YVnpFMANVTAhDcS8pAtNqPs1,158400000,0,0
5GZSvT7Fda3wfZ5qx2kdSP526h3ddfn6BnL4jVyqD8NPN1zL,0,1521037347840141,0
5DeyCtMXzWQfwdcBKGn84tepbfjdUL1NAB9gs8ADdHEt7Trw,2623304183596,0,0
5DFEER6TNomLLJAngjE5eapd27TyKRQJ9wyfwFby1dxV98FH,100000000,0,0
5DeceoL4ttZR69G1P9dc44EXSUbGDTDTgXEuac2wLzBcys8h,9752358949,11268539385287,0
5HB5BYMK4w2d4ZqtCdfuns3h4urCmZd7v2xohUAy2t74Xiu8,40822816573,0,1104730970000
5Eo73iLJKo7nY1BXJMDubD7wHEypPP7tvXduQHHv5jYAzb9r,183910000,0,0
5DtkptGAdj7bLoXvTy7qNYc26sx5iggWHVLiojh3bKxMzfiJ,0,5477248793358,4000085656109
5H9LTXAE4qFCTNPwcooxUtHQReFYZUSFNhRqmADWuQvoMgYF,4135382258,141598748675350,0
5FCahubPY5PRkXyyXpLESt4WMNCyv5NHGHz4GwpdQC8ssoyR,0,172473575604917,0
5Dtq12cM717STXRDTacw3MUEkhZqrDn2XmFBxstGrGmHgWy1,22303910117,0,0
5DyCtyqWScbxxC4peCx1fX6M4NSe53mWBipuo1wEL463NdKf,0,314458889964805,2000005830000
5CftZBBHfhCJTMZhRd5mnGcEpp4PZppGZiXTmb8E9txs2YEx,5016648682,46184891505732,150263130000
5D4qnX9bNHSjUUeaiNnwQ4gtYaxTJcXuPxj86d59yhbHQMEf,200199390000,0,0
5CRwfUzkidJ2bd6pvc1VqSToDmRHENAkcsnEooDv9w2PuzNe,0,0,1298643086748
5CUzHMXBgTFiH4DNZVmiKGesQaRnm8XjmpjbpXJxsWj1USTF,0,139579511752488,0
5H8wEXSdNzHfcsPWkY7VUVnjj4uopW2eNFUakrwe1ZzBiJ4U,158380000,0,0
5G9Es892oATpPDnfGgGFS5McvYnjZpUVdVq9sfcwMVMTtNZC,0,0,22011043901195
5E7Bfn523V26TqrutBTnSBG7xnULZD54BaYyGRgZ6FByfVSX,1000000000,0,36501460000
5H1YGvuuteUTA3u5tsdYNSB6LGgNUsmnjBTqWbwPLDnYdCQU,0,0,19885300000
5G1DT5vZF7PUY4oNYpRyay58Tg4kdYkb2y2VAPTN1ZkxhLyy,0,0,21165890000
5DMCXNBU8W7UuMQp6FibbXHm6AcCSx11gaPq8RZYkjmbEiya,30683257059,0,36624111416450
5EZdtp8LY17Rj2oeqFeiFR4iQTtJXNGi2tYwToNct9Q1BJYe,0,146495345223949,0
5GdnLe7t2VPrbUVszetCzKKtmH2rTDWoaEqCoQsZP2pzQait,0,0,1504488428749
5DRrbmp2vqu5JZxg7KCDzryAp6KqEsCJ4zYPhPNZuhfrSJ9X,0,0,30061740000
5EFWy6Pq2rKnrskp5vYtdSa5mgiZH84gTH5dCM93s3inKw1f,92741860000,0,0
5Epq8A9bCLrgJFxxMbRS57Ufhg7curjHVWyV1acZyKVEzwUo,100000000,0,0
5DMAUtd9wNBZ1ABUiCpSdy6n4Qtugw8E3AxjvMUYhQhMZtjt,0,0,13619457408980
5G9iNDAu1ukxF1k7ns1HKhDqbjDCE3vrkfhHcdBRqK4btc8B,0,129893178016893,0
5DZFPT6FU9to2iTY4MXtY63UzTT4JFQkF9a4MLyu8x7gYbFQ,8329267001,0,0
5F4Ni8r4TvbYMGMhBh6UbQ2PVPdK9YT9LcFiCR45hv3dG1g2,1621381600347,0,0
5Dc86osJjAD7whghMzFTx7CrLkXDrefEq5tNYsxuTYgNDJa1,0,0,2547
5CG7gxUaVznxVGDANTdF3RL2JAvo2xpBYHTHQnHgdVxCDh7B,0,0,82060000
5E1auKA3CXE7TitKQ12gE9KnbX7pKGRhwH333foFXa8Vmehy,0,279800138947858,127641400000
5Ggs7y5zQTLaJzPgfAkH1Q4Bpvv6TtQf5Xz9JJKq1EpqHNpu,13111201061,2309933613834199,0
5CXAcTNs9D9CQv95C4r4McR8SfSN1P3dj4CABucAn1baKpAq,0,0,105800000
5FZHxi7j86QuFsTFyvmbJh5RDxh3sBjKeWggn4GS8DRhigGo,0,0,5561210284307
5EZnhMQ7j48f6xtEvasfpWeW3kD3BnhxUjNwYUBETXnWv4Ze,0,139678298502964,0
5CcvqQjCQDNQbTzy3hianJcWxacQDc6crThYrQRkY8j9Zoit,125758224685,0,2199050470000
5EjjuWxprcsCrgT1xFwghnrwYq3iWsCjYZKeaGpnqPwgVsdt,100000000,0,0
5FvVpTN8qCwq1YDVqP5u2HrmE8ty8SfnL9uxu5UcZwkN44QK,100000000,0,0
5HjnnXJxoZA7KmaKZio1q6P1Vwt2nGxpazzGfwKaeyefXNpU,158380000,0,0
5HEn1YtswEWpqpC9E2E21nCtUqgdJLQ1UfErVombGfHnKaGq,770145982771,0,13000000000000
5EYCAe5fiQJsnqbdsqzNnWhEAGZkyK8uqahrmhwVvcuNRhpd,45955415271425,0,0
5H6NpSQMMUHh4ebY5TDR5fK3daogJKtjchnLUPMYBcyBLieq,22029894513,0,132524360000
5EnFBJJ68oe4ct7r7WjqME6iScGU2csmbLyueaRiCVTjsxdK,0,139678356075817,0
5GhQ5DGMD3hEfnreMVVMMQ6xH13UzixWfBPDZFjMQJUtbXbP,45851387027,0,0
5HpBwiYfGrrUrHhATazpGLTTJMnBCdMo7scva2kMvZCwXPcM,0,0,17979064237989
5FHwnP5LRpVz28hoj1jbBeatDsR6hKqy22qETZjzLoZ4SLzz,0,0,15272059618019
5DqDDDBWCrVWfKLCRBskQNddmEx21xV5sooKEmssDxNbsQxJ,0,2232828346265756,263443260043
5EFK7PrsJgTgiZEu2qLNrM33NzJGDopMiLhwkXFbhAYmuHyr,0,0,8792538708718
5DJbJYX7F9r6tax5T21A5M24BNQ6yN4h8EQ4ubea5XpinjuR,0,0,149658800000
5C5fWZRshPQzdSVnyJo9xjpUJnazWYtpfjVctQKAF9JZ3G2A,0,0,28024381711139
5DbupDvLeBf8B6Qz8TFT9yzfNvgTceyE847HUkdzxEGnKVoa,599327893940,0,0
5FTWqxpJ72x7kGDR4A3ZNE9srxVv4vuDzvvhWhNpkR7X6V6a,0,0,471589064027
5EZG5iDfZpqLdwe3G4pbgJcSCaUMYPtfRubFXhtuSSmcBCaw,9985445859,0,0
5D4YUkP6i7NVJEWYgutm9AYGk43aUtNdYFt1zGxNdaSq1xcF,0,0,2017002970000
5HEC4jrwtitqYB9jDb2NvUTS8pSQZvHkug5F7C31hUv1PQz4,147950000,0,0
5FeZEXZSRWotQBkHjEQtSZzEnTez6x7pn9GuYDyD4ibQEEYZ,158400000,0,0
5CdJKRze63sSMCZtPxH6NRDuC8rJrHynBj6hHfxKrMp25ML2,0,0,22005500000
5GKDNjkuZjQ4tMNMaByVvXMNe8w4XPfbeVaW3wYfQbUe2Ccv,0,0,1257244300000
5GTfVZDgHS4RQUbH62M6Ugxa2T9iiQyUMNdhr5FvvxJKHMN4,60358670565,0,2449692170000
5GF3z69NXTJPQ1E7Rb9w6ttvAaMXA1aHkemsFFEyT2jXnrdh,0,1119739066275,148570000
5G49tJFdsFktaN3CcVHva8moiv9peDm5wQ2gG7Nbp7Rn9ZiF,35780396724,0,689303700000
5CXhY6s8GXm2zE3T91cAiWdQvUM7GAC3Q6UwkTgF7SPgCTyk,45858347453,0,0
5Fsfv9MvGi25zHDSkUYPD6oAKuyGWEMLgupDjdXVKpCwnvP4,1747760802,0,177911377359
5G6nEtgZV3SJUeQU43gSX2qFnr5M94xHAnPWmLTb7kxxYdaV,0,0,950577970000
5HahFgbcKbj82NLsRn4H5Yp58tLPyqvbNYkR649p3beXZudF,0,0,166550000
5Gj6sdg7fuFfzwKUhdyTWrGhFphcRdsBs9r23NwaampSZwpb,0,471467279896239,0
5FBp7fF8QLiQ9cWq277Zqg7xpWNz24KTYHfJwZJT9C7ekaSB,0,0,9933068927450
5H3dTwZXqTCCwwc7F7jEfdfXz6Q4cXCTXALfwSqomJR6CguK,0,0,3052898084870
5HQDgbc65Jw3injp4gACkaBwtJESxuz6fPEWWB9odAkJyRQe,7309619284,0,0
5DjxYSSBYhbUyvaPkub5S2NQzCeJHuytwWzFNWvEztXGjHyz,81505783973,0,0
5D2atEVuNsCz5GJKDd9bVFEZtWp2vcvuC2uHves23FC4tMe2,7172171776,0,0
5EqQbibgifZ8BkmrtXuvJ49MLM5zQajpXoas1AWHVGsfS9ox,0,139678298502967,0
5FxFUL4aaGniru3Gu4nCLD1rj4kox48A1uXBHu4K43rAPc8K,184950000,0,0
5EyJkj5vB8mo4bDgJsLmyfWaxRV1mJ7XBswBE4giFY6J6fX7,9158082786,0,371686180000
5DFGvtiF1CFy9pNEfQZwneSi8K7PR8nVL3ueGUCwGnAo5QSU,43282112888,0,0
5CXb4GNCFZU5WKxcduG6rLDoyQXX6EFUzEvYYbxvUHCVKz5S,45347804577,0,1840467338994
5D2ibiXdbko44rwUsye2fLUagRyvubSVo8TftEoSzk31bUMD,8440191080,0,0
5Hgx2vu9bWECxfsPwdepAzRT1qtdcruxyDX3XnGNSypckWZW,9456614480,1006001776656894,0
5DUqsSr47rMcs4ZV9tSEbV2NKcLUjMqJb7JgTZ5ZhRhdjh1X,2680450000,0,0
5EPEZ7q5TPjPSpqSN6sQKkjriHP6By7Qoa65gALs7RAoL6WJ,183280000,0,0
5Gs2cfqrkXVn2dtmD4smnRnaDn3uWcBdzDg2ZFtbUz94dVmP,0,0,100000000
5FEkW9YxEY3Fdie5B2C6iPqtoa5sWSge5iCqjin9bmAhd3HD,485925194,0,19721560000
5EsdoJmczSfMmNeyVCbtw4awGBqTLzM6Mq6xVJuA2CDRFGCR,0,0,65208760000
5CLYjbXdweEoCx744QRMzxdSW992qfMfKrCFKmDr3MW2MhDv,756759754,0,30713540000
5FJ3uTXV1u42PefykccQ7UGFC59XeHEK6FdfZYph8JTVXoB7,4132559676,141502101265387,0
5HTXzE6qG16dBhjG23ThXXe3CcBMvmQTyWSn8bmfVsSvzk4i,0,0,391498750000
5FEPXYbaBuzX4F1XycTbbptbbePZ8rtihjzpR4erthsB6Wzx,0,140043000007101,0
5GCKX5aBBR7ErvzTf4EyewReg7m6KcFzwgU5kubePZ1K9Mrq,0,0,100000000
5E2QsndStQ89zAzY9doUv2WvY9HjTpNJ9uC2AB8ZaznbWXNu,2545675107108,0,0
5GHUZSbZB4DArTDi5BRhsYrsnBvZLaMhrKHBXVpgFa8v2cbJ,0,0,33804040000
5EtPhRu9d5K6NSZn1rP9ckLXfKi3a2u8BnZ24yV5NjzdK5mK,3829120000,0,0
5Dvb3qJz5hybuKp7MBd7WvPePynX2gEag5EUBrCd8M1AKgf4,0,0,41046190000
5G6caHmctMpMuN1jVBuxK8X2wYVsEiNYV1KjyYSC1dtmie5J,0,0,88330000
5HmVRRpw5p6w8HJfN9XDdvugEeXpL8SCk1qpBxsyRsnSqYWa,100000000,0,0
5EAGLZoE8ESSgrwtQ4wFb1ixJrM4vijPtduN57ZMZNFZM4V2,0,93319529175980,2317760000
5H73xpMAaSVAveYem3RgAgU5L9hBdSKLF76HQpi7zGEr3sZ4,76234990000,286364555239236,0
5Hb6mPCkMb7bLVTEYsnSdUjKSMfEyAopsWbsd82qEreHMbJH,0,139627056344727,0
5FnacYXbpDju62iAw6AqELP6c2mESrFwWp1k4qRkVnfK3NGS,46623417578,0,0
5Gk7QdymBxa4weyQzJv9BFoK39hqC1sCS5QXiVWo59FF9HHz,348014799,120621931108776,0
5GWmraL6564hcGn9utyUtpf3WBb6UMQC2dTYnGgKXa7QW6NF,0,55982580992883,99180000
5EA9QJqh7cw8rVtTWZPwH2cmgozpsigxan78uoGSXjrCX6ew,0,0,352311427121
5GKhnkC2QvQS1oe76tnGZFAh6vh6A8JAg1uqeRwLQ9SeorVr,7566055525,0,0
5FW1NXfD9G9NjFD9d2chnd1oEK2PaQ1rHPCam7zqpJCPesYv,0,0,7784557585836
5DqxkyUj8GEn9NhsvksY92QYQ9tic2ugeb3ejqKxfSZLamHg,52991925982,0,0
5FjM2knaAQAAKxJnXMcmsoz9yRnjSfUHukC9DqEaEDwuXanf,0,140013407503264,0
5G23AzUAickg7VTAuU7GKbnRn9MbVPe5bEAVTNEQLZfwtjXd,0,0,6484311982222
5D5LnBWMCSYhHB5AsqQzTrzjFKGRo5PHhf6CRgqGTUgZB5C9,0,140057756937700,0
5DLkM5QKSqk6xVa4CEYV22DhCzZR5WfmWjVutokt3idtN6MC,572577749,1500107723296028,0
5GxKZWcxa5i8KXNGp3KGL3aFX8geaA35FvRhDgw8V69p4ErC,0,0,81639576504
5FenkhtocujRwqstzSZ4VuqkedpWJ4rAWnKvXEv5BaQDpSXo,0,146191236775705,0
5FyQTTvGGRztGb8sYURVzA4ijHCyEQCjUoKaZTkTk8JyruJh,22324009308,0,0
5FJA5A9g1c59nkkCNKgxVwZBa1NcLrCntdPfjUDVggKzEGf9,4158708447,0,168783630000
5Gc4rXjBF7LbVAmrZiwyPHst7egAV1457wzcf8u58jmzQswv,2032582447,45358413496813,148931030000
5E2ia4rLJDzpr8xf3mt2u653Sy3NDJFWyDKGrESxppRpsx8H,4143417208,141873871709242,0
5ExuMh2R8HLM2xruVt99RHC5Rwc6r1eASQa73Lw18igutmGT,5044815548,0,126668080000
5GnZLLW3v3U2t73zTmvdReLjy7W3KFdXPr8wMgtV5Rk2AXSJ,0,0,157752600000
5CVKdaYhDuyzzwrLKQgjBio7N8w1S6ATXwbpdGbdkh9NhzLh,57825393503,541516067923518,0
5Hm9WbxMuLb2oGqU699c7Nf1f1tkSpm2GRVYWg7NDThKjuNV,0,0,342163120000
5H691MYeGFtMzXw5YMNvgUyDFGRztKsWX9JHC2ZcsJWYaNjb,0,139733273504696,0
5EhCsGesvhD7eEFFe9vwRy2qHTCZB5kRXjBmNJXr75bSDgg4,100000000,0,39994870000
5DDGDeyMWsmqhF8WocYBvE1QKvhYR7B4ahfrSgH3iqXk8Nr5,0,0,4624360000
5G7DvuV6m3sjgJe6JKPKJ1YSXszKAJ1VX1kuE93DEPeRtDtt,46325971497,0,0
5HoyHqUG6jQzCGSzHZn3jaUjdnuzDn8nqXQcMYm4DkSFdXAd,100000000,0,2678310000
5F97ANXV8RLA6fvDZb6p8kY1smTnRvekMMVBrZkXaxLNXbev,0,0,62540740000
5DPNMAHaf1PV2cFGyFRCS3bmVyeEpoaVdDFw9sqp6hmpAJkg,530190943603,0,47788363722816
5FfAoAofhFKb5xwhNya6FppSd8RraTvVkrQgbKSgLGWFUt3Q,158380000,0,0
5FPCPby1QoQQufd4k8A7HVVPHtc3aTHSJQt1YS3YbS89AcPZ,100000000,0,0
5FhVLqEPGAXNFQsuQ6DqFa4PbWLXDKYunM2C9kpHDhnLvwoV,1456660000000000,0,0
5H8hArcS28RvxVdJXRaGdYz9mpZDR299uGMTiYFWzWxC5r4X,115044231732,0,0
5GBpVvmN8BYLKH7niBzGR16s37BNRCZFfukea5mQj1GsDdSB,0,138993536212309,0
5H1ibqHo72iryk5dc7mYDUfmfXR1qBBKGzNazHBJjSKXxiu6,29309298480,0,0
5F7Ro3LxVSRFKhxfSpuwEPbM2tTYSUwn25KAJEt7VkxEWsfa,0,0,62447510000
5FuoiXGMv63eGjMHZMAwyXkfNzPx136p9pkxBZR42Q4vTjqz,0,140927977077435,0
5Fe4LnJcoYxFhNgyeN9RYvrAoHFE4s1kiosWhpTd8QSZPFot,0,0,1438440930000
5Cr9987XKPDh5tqTwSbFW3PLUN73Me2e6Kvc6zUNbEJMgoWa,27141059515,0,0
5EtXDT8FTvkAuG1GdaMjEggfrZKFHKm5FvvrDMK7NA6y5d3t,0,0,1083577350000
5Ckzx3dxfiLnQ9AFTsrPCaGEedbbjz61ec8RQXF1kCSxzL4w,0,139634420519882,0
5DvNH5w741fvSZHZRcLdgz5JJehUx3HE8diqnzaqLfKtPs6X,0,0,180890000
5DAHnAuwo5Sn5ayT698so6WwUEWgepZsuimxgcyDLrR2SBLG,0,536241324158627,0
5HNpzTWCyAi99UMyu53XFN6z2iFPzq83t7PZphmYJFwCLg6N,158400000,0,0
5E4oD6eVCZC2B3wA4BXPPPWwMbHCBrutDi8qXrzWrDQbnKKW,0,0,2823669090000
5CP9UDzsfko4UxpagWHC5mSxQQmKV7cHK8ZDmVQZcisQzuaq,0,139649067413603,0
5DyHfesgheAmcv9Lag2Sji1VBkgxhcX9z9REa3PeTHA1wPdz,0,0,248040900000
5CCgPxWf7dEUPKZf3y7z8UQT6n8Mq51ahQboW5uY6VaSpCQh,0,1568135770491604,0
5DydULrXTfHpy1xfBxRBHSXJ8FmqTi3C1xSNBA2RhHhscxL4,1171422500634,0,0
5DFspXGiV1dybas15yj2g9wvMVhtufQ6ThioLxAdSEBFoqCM,0,139704005234328,0
5FjxnWpr95UrEuxGEjwiK6AwQmNoMbFYsGmwEEZRb1qYJcQP,0,139685611662855,0
5Ef2JYyrREYVw2oJaUyP9JxgMbaWX5LyoZnVpty8P3HfPxPj,0,155748155623255,0
5EqwJZEcVRmzyPs8F1Dw34vyemLHLLWhnAPde2TPrYaNZGaS,3475471384,0,0
5GHnJJ3NPZPNVjYXKrcSA6XM568CMRxEwQsmg4FJSMXNFpAD,0,0,62571860000
5CLg8ze5UCtwAQoqigf8sAraVkxms6HurCVojdRAKoNrpnLD,0,9332255784289,0
5Grut4eNrEoL4vx34EXXrpuegEmwGftdv6fiqQM2cEftCmHP,0,0,2004675260000
5EsNQMySaE3LBLAEUn1VYbrWBgN1WFfnJJTy4AMstpdsTfcx,0,0,106260000
5Gru3MF8nF9W1gaZDgXq5QaKTAAT3WktTk1RU7t6Ca2UXshx,7243737125928,0,5531411499505
5Cf9vyQBhhpycKH5eoRf7nCPsCicmZEnERUqzY1nff3RHiTq,0,0,8266222311082
5CfyFtZ2Rw9gWmDHxDFNBAj4MRuFVPz9e8yofmPbLZRLKWBz,100345881465,0,0
5ENg3nrBtkxGPqSdm6tjsufFDgniPS1EVumtbzSqcghJhAND,0,0,11372047480000
5HePB8NWsC5HQS7u6Mi88tWKVzE7Ait3gTcv5yTXcgsuBn2G,0,0,2085370801632
5CJX5TSEokNNvgN23BKDLg5wPrC1hjmNb99hwndgEJK5x5jK,0,0,96139736345761
5F4iSLxHMEYw9R3xjftAZ4NZZT9wfKkDiNbsaPtDnda6o8Fq,0,7103385217233642,24932028346110
5Ec5CPRTJuZKEr48saTCaBFX8bY2zQwWV2jqwXtLCPFRKiea,0,0,24497980000
5CadpsLKJPj1L2jsVrJ1VQabeT9TrhmyDyr2TZtt6VpGvh4s,0,0,19987600000
5GCJFVtF4XStUj8faNGr1b5mrHVfTGPuf75RzYq5eVRe4J8j,100000000,0,0
5H3tmvZGpcSyJRUFUiGtZBaMQwuZNW9n1ysVGJ2rk6ftiTkG,0,0,3019949490000
5HYH1zVDPdszvwKUjDKs11HLgzFT1X6d4ho94BUmJTxqyDSw,23470270580,0,9021262174572
5E7pX9RoYz5wYL7ztcmg3vJ4bH1GstJgVAbbk2QLYqsmwQ64,228889679495,0,0
5E7B3qWkJsetJE27wY6RvSboRXwStM5d6wCn89w6fcbUJhAy,9490226794,0,413652933735
5GKmokaGjzhTFxcaiZ3rtteaaDP6QUzuBaCuA6AbZxyHUP6z,36321691579,0,699731660000
5DRQDcY69K2qmcAG37FcoadFa9JH5yKhQNfRhtYFV9gTfYwW,0,159508201320490,0
5Eh9Qap35XRYEZMqj6ZimZRtMdrEQagBZu4rtMzYj1wrqf4L,0,0,103233883894
5CPxLUk6wi5xP4MrQMtRdTvm8F7jjpzDD6wzsR8yGsS5z2Kz,0,0,3387247920000
5FLWPuthC6Ydt8exXJjGPFNngqa7DHpCxASaGET8LsKixaak,0,145665702240698,0
5GrunC37Z5b4EtHd47rCto525s57D2G1EGTP2jhkwM25SkPL,0,0,109240000
5HeBAdbHmfVZCKtV2fLttz6Z9tSrwPM5sy4CYQQj9bo9KP2a,158410000,0,0
5D4ejSKFAKvahck5LezMqrKEd3AqmhG3ATtE6Nehamy3WSkT,280280337114,0,0
5ENX1Q3GZtrmEXd93zJy8nrrCNxfxQ9csfRqQpS6VJU1D6D4,0,0,30000000000
5GWEycmqFMR8xUhRDss6zt6ZFJ967961jCF4ggwNuHBXdhct,147950000,0,0
5FnRPjUJsUZuHFEwfGzaGud8KoxyeetpvKPbSBp6SqfSR6zQ,317949043515,0,11586927393375
5F9u3o2pSftNEnC9KVJhoEAoEGHh9u4cXQJmfkbAkxKhZsJE,46018916939,0,0
5FxutL7ayJEA9FChAWEvTMnnvYvkeieDSRrUrduqrPRWG2hZ,0,138953116264809,0
5DvMKPGyqtXXZeknL6eNZpQgEzkLXkwdBYK6LXm6d9iriGRC,100000000,0,0
5DJ7pgTz91Tn3rmFrdhFew1iAM5XJ2Uv4t4vy6PLpvWRiyar,166620000,0,0
5DWntHtkniYkzWjCwcJoJnMyacwfGZBND9B9FH8npoCKzBz9,137362861316,0,0
5HdTygKMBLjtQd3GikeoNQH25gXLyjFfZdyYp983hbX5jiQ6,0,0,100000000
5Hmd9nnZp3scs97dpK3SBXJwkPJsQVAVEHG2Y2C73wPwtpLR,1382945906,0,50588240000
5CDWMma3HmkmAyZV6ddqr66KJYpLZgZ3UH1BeDNpTbTksHui,0,0,1486636020000
5HYBh76QachKuN3mVqCsVytitAJay853Z5DsS4ABLUuvAqo6,100000000,0,0
5CvZeWJK6KtptX3GvKm953gYdyCL9rGu4ZnshvYZTnuQjYqL,2158904015,487743327055360,0
5HNMWo36zyNXYgqgcV7bKRRLCpW2CcmpVssDADgGHZvturjp,244052485,73478454741072,25041130000
5HK8Uqdz8EtbPY97dkcgiYVjS3o2Z3mggDbDYmxxeoNQksaP,158380000,0,0
5DJABNfjGaFTwqLhiSTkAzThg72XhEHT8Jz64SKgkmSTBP6d,0,0,11870000
5H1aLcNJkzVDQeRXtcJdVQSCXkUechCY1tmsNRCtaTQPYmbg,4858673020,0,1005483538878
5E23YcvPYct7EoKECNs8HVeqiUGT5DckdbHEhszqieDWYQpq,100000000,0,2761790000
5FX3ojgkXa8MNb77XzCT25kwPwVx3jfpCjP7dXfotVuSzSzC,158400000,0,0
5Dq31Eg5dwrm6Ltqi2vpZp8AeNwtxesG212oyWPtj3aNK6dC,5114778901,0,0
5H3BGsJEChcPNYcsaeCSScfht1gxqtybrrDinWUftCpAts35,0,0,369727280000
5CX1YyCTgz6CMLNvAJep5WVaPxeKTug3ACPtKmQPQUAct7ZM,0,0,3531336940000
5Dke7BzcgdXUeCdhYHuVeQdrJHCfPqNZH8iPG6vKPC9HghAN,0,0,500963900000
5FNNXRQAJDyTZojrNRPuhq32RRCCppVRZ2ckQCJFV5Vgc9uG,6338872896,0,0
5E6tTbTMHwaKkjDu3dZiAbHUj4v7LvTJWXakcZkwBLFNFgKf,0,139619730360326,0
5C5xMoJs5RpsAqsHwgsKkt4E1ThzxqqoWvaCk1h976mU2E2g,160949474001,0,0
5H6DHYX3uneaEhnGKdreWdgcgRzrWkEuuMPZFqjckGGVErCP,1123272117,0,45588660000
5Gc841nMMF3E9MiF2TSw6psB4NJvPT1KtBvwbjCdDQPV6Uau,4144221242,141901402483572,0
5DZz2f6u46S6DZhvUWdHPBBfJcj8PrdPS4TXWKFsrHB8MNZy,0,0,421303330000
5DtWPq6XXabQTt7agBwwowtFfAwB63CZWN9ScdCdFCGe9DLn,0,171164455865164,22476460000
5GBetrBJuGmquzY8t6rVAsuj3ZK6Htj8AxJoH67GNCGdTLBu,0,0,31074120000
5CyEC2M4i4Q8GZZRHTeHeMSQsDM9ti5vHMSmgHueoYXn9fjZ,0,0,652042544058
5H1VMfC9xJQwoghBUnzExNYiTqGax2MQUtprt36rXo81Be5k,41025112345,0,0
5DLbVMKst1pSvChpyHsmZmsQHRtH6BkQwkBi9FgCuTdJ4hzD,0,0,1230523790000
5G1khWPkiqCJJhnQMKov175Y9NyhWstbt3Gjo2jsVX6hU6gu,0,0,2125581598660
5H47jv7ozTvpxo8jSmGiMWSsKvzshxxEG44ByfSLdCqJipQp,0,0,59921280000
5EEeb1iReujktfwgaXpHJMXGK71jJxUTfk7gcHAKYy8LzcEd,154430000,0,0
5DAnb9ghfxpgey3wUHdKLGFxWNj63aWnpapZYu2mMpC3CXAL,0,139586839464187,0
5D7TSx1EkQwS94zM4NfMgD57sJntFcrSR8XxK5Pp4NMzbafH,0,0,15000000
5G4Lq6W4EajfEaeoHE7BN7ttHVXP8FVa2XBySUmRkRiSLnzu,158380000,0,0
5HHMTBaTA1oqEK55BDVW3eyA2K8SEAvJsZbDVShwtokze9QM,0,145813530015086,0
5G9Ya9f1DhdGhP6gyY5WBZ9q7V2VhBz9JobeCb9YXxPR5MF5,13210870137,0,536170940000
5GHBkeQfeswEUVv2UmPhvzWm1tKrb6xiJgorYK1885vkD4DV,0,1383036805237990,1196360760000
5DkQ829AkVXR6n1hMs4mTZLmjuhi2TA1DdMx7Zm9fUPpVCTc,0,0,3886715700328
5FbvavWuKUnX8VbziLAvoJSHSuJLTvT2pChdiUUNbfFExatq,0,0,90359660000
5FUT3oPmttYxaEe8KbdXCwovvz7tSQHqmGzz968yGZtAcT8s,18596508161,0,0
5D78Abt9T1VXh8tSDak6yf7mY9eqsEyVZoAePhdebpmVRLxP,0,139733220479184,0
5CDmmRXtkK7cSykeEPVYxAKnZYMZaELerWziZsdnGUz2M9hp,5970520458,3702010511695984,0
5EyBVmwjimr2XNigWjf8cRd5gdwrjPuSD61ABLB52bjNmiN7,0,139931623111012,0
5HEULgXZattyGsRoK57C5Pet7cpgCWdwZXAkEJTH7yD8utx3,158410000,0,0
5FLXTXyMkRnGQLC4LrgtD22yMZP3mqrgqs6nSnoi62A6d8U6,0,0,2378280414108
5GWSKFqbXfSyMz54GYk2GBr6QHMpq7knNkwdK23rj2Qp952J,0,139998686564275,0
5F9KtF1EGwuWmiSr7GjB65a2SccKG6Z3oHbgL6rUxjcftHT7,20882252868,0,0
5HMgLN7FLRXFNDs5gho2iwoExssRjhvnVUqreTiVHhZ5nYbd,1335971465,34018810123990,70000000000
5DtkhxjwVfMmYPWQkpmLN79BiE9jqDXVueH2TCnmYX6H3QAz,0,0,82890000
5CSZqh4mpuk4u5c5PEwMnA4AXiwr8Yae1q67C5kexDUgfW4q,11672282997,0,123070902773
5GsGm1LqjNPCZd2WFDxc473kSGYSWn5QBpVM3sbQBzFzLqDX,0,0,40019680000
5DUDiSeVmtr42ffVpnwAFGKM9zogPkBiKp2BRZeeM7gvFukb,0,139557661861957,0
5CwUvmUCwFm5HvfKvDuLJQp2EpHp84FP8mYfvrxypcTKH9Su,0,0,101630000
5EPMKMUbytrg8YkA4RGAD4wr74arhH87V2RWQggozw2BamKP,24051163451,845182910478131,0
5CqbPLxqxY5JBvRUHVWnyjWtkGh1DBXwwgTFCtq1EuZkL6vH,0,140935498846057,0
5CLWUH3oHMumw54E9mt4gjHeibcKNw3GLcur3M3X11PfXEbL,0,0,104743147312
5DSJcr6NmyQzJvVqJs84XZiqrG7bPzfjFXJ9WuE4kZ2s7iD2,0,0,6249428850000
5FWxGQCF5zBpN6txGRKnFUiR6uV8zPkcVuuZBpS927uND8a3,0,140886963224383,0
5G1UWtXo9dxnzrmEo3hRF5itc8w2M1fgVyhHrSXhAD1x3yTn,10028605221409,0,0
5CJNHgzEu3DwXRyfjJ2q3ub9nbTietgNhB97CEsh9zFvpQwM,441544515141,0,323331800000
5GNHCjZzXryyThzRcoK1wUkv1PH3NUz54NMaj3HJ7dMR77gj,0,9332205705762,9736400000
5H1BqNAgtR9oCzJAWukKSfL9vjQA3TuzpgUndd9v3mwA6g9j,0,139605144938222,0
5GNdP4XHp3STJncLr2XFHJ538DSWTUP2ZDYh1zUg1KvyjW4Q,0,139682043823641,0
5FHsdW75T17yFNJWGUKem6QVCSkbPVE9ivM1EgM9FW4HVgbo,0,139678298502967,0
5EZvHAfiEdD6fHT1jZxZ4kytZR5EGfHRppnq7Ne7TtsZjr4j,0,164594965891048,0
5FCnBGuZ3UQ8CVLwaAEK1YTpezSMaG7cpSkPnUsRavz3MQfo,154430000,0,0
5CJySS2EyfSqhXCoZM4F2KevBDZzzzkywiYsSi6cAJH71pAH,0,139612404375922,0
5FnXYc8LtuJZKMu7Qt8eWCFzzD896yr3DdvhHReYcafmj6qQ,39411013435,0,1066525310000
5H1Fj1c4PQvFMsBXen48aUM7mX46xiTPn8Y6mWk3DRGXvxj9,7724678680,0,1137147521447
5Co3ecRXbwehf56dZPS2nCwHaqet3Ntb1Etz9x3Q1ZCtnszr,0,152990055776768,0
5HL2xQhab3si9Yo7Mi9uVSz3FehZkaThtMUcSanR6RVXd2Wa,12404822638,0,0
5FhMMRk2JNfPHUR1MvB29KZHkMFUVyry4Lg1XyEGz7hh3ShH,147960000,0,0
5HHUKYFqQvtSHzJnMnNnajsbavgNwmi27RZAF5dp2GLrFtKY,0,0,2781370000
5HarRgfYRdtUUUZGbqoiKjwLKhQeJ9Cbcp34zHRHZ9Ww8d6u,0,140076192773239,0
5C5E3wCuGJsBor1zYmYSAtPAvQfGnucYhwpzZK6D3vuZNq94,1703001134,0,0
5DLHCCLAJukeoHxXZwNx6g93oWaGUEuAM8LumPjK3C7MTcVY,0,18661809525596,134430000
5FEgYqy84WkN5BqLymv1inZhn7jrGoWJeXuAnnDC3sZAhNGR,17209686073,56698016869645,50000000000
5H3kHNEsmH6FCfoVF2R3uFMkoiqZHJgL3QyBUmcotizb4vWS,0,0,82850360000
5Grw6wDqMuwqp1zW5fM2335hrKcf2dfpbQ4tb7ZCnMu9s1AC,0,0,282302190000
5FxihrNjfZe9QchjU2cQaHJw79wSkjrrm4QZbXteQkwST3gn,0,172454425724642,0
5HHGCmVmXj6eDKMY9JoZgxeqkAGCmvbDSnKUhWfesneiE9ak,4137269602,141663372836704,0
5HNpf9ydo2C2TFBS1frahQeNDVdG2QABGckGsBNKxPq44Mgb,466699853738,0,0
5GNUPoHAMMHwzi1D51NMe9iVVmqrKafK6ADnDtNwqSeRM2oA,154440000,0,0
5Fbt7o77emqK8ekrVnp3c5GPTyHpvFNmWZd4CUyutyY2wLHr,582127703,1492969528651212,0
5HNWFj6NKJ5qGEnq88R97yNVmDdmnYzWLk8sZrJM45FjfFDU,118294307,0,0
5CybtfNFL84hBrybc2BQY3eCA1U56xEhAq4QzFwkZAuWs7fK,0,0,10000000
5GvCpqwuGxvV7PAacMZC8cWZAGiRC9TDwasSvtPgo3dSESTW,10865450954,0,0
5DJjSWAf5JsABiEYKJh1sHGhkeKZFm7itdMus8Q23gq6g8By,0,0,12585880921111
5EqjkVd1cXncYvGpbHFSk9ktFk84oL4Wx2VDNe4RuRZNPQ32,0,0,3993054620000
5EoJYZLbbjsVpbAErKtwbBq7G3uTF2e3t5Fu7wRmLCkx4ViG,697819283,0,71845244222
5EYyf8mw1JWmg76pYfxZkBVUdeSinTz24vwPFs9VDSFBnQQP,42451263797,0,0
5EepQoPRoocRuBp8HzHnnGaFfj8DVNVXoqZkjbJ5YJYcUsj8,0,0,9865674440000
5Dtu2D65WXPBt5jkGSDpKYfJLvS5fJW7NEPGzro1VZg2SXvT,0,0,3570329778212
5DtPEPedsgNn8P9c4GuquksU6Mkgnto3p8AkUFjmAzKXjSGh,158390000,0,0
5Fmu43qLMNxjwWc7m4uPM6Xr9ATDRKukxZJSc117hqwqnfPh,0,0,19999124614036
5C5ktpa9zSw1h8YZasYQWjET6URebjHXedG2sQ1dQTaKpoqj,7041465812,0,0
5D7hvxfuMC1Zrbr18jYzctzcegzRCe3tsksUENyjMmajhgdH,0,0,90337400000
5GjhKhSuTaTV7FWhCmmhZDSQvCo9UvDeffo4hFQgLMUaksSM,0,0,23146124710000
5C5rWjRKfMExfmav864hS6aVXLG1183spgdUeQ7e1XuRMF2B,0,0,95751514851
5DJovVaXYQFVwnkP5i5DE5JFyudCdoEfMiM68BVgzbL9v28c,0,0,78182500000
5H8VQyDte3R6yaMnznesK4Hww7HygUXUgJj3xwHymrAG3E3B,871274388434,0,0
5FRBAAMoPshaG4fJoXShYMBG4FdGneQi2DZgrsurWqaTr41i,0,0,3776895119010
5CCk57vH4CbSXybiUW92NvL1pmZqLRFu5nkFBgtZsAaBCMQ8,0,0,67513982748
5CM1xaYqrMc9SXcHVYzYmS8V5vRS1CLE4Lwc3hq6riAGRTcP,2041443032,34009612573863,200000000000
5CK88gvBmMaYEiQwj3pW5UrBSNamuDQpSzZf74mUPn3ihERX,0,139954943000838,0
5CojknH9daMVDQ6rZuUSsDjnzDcofvGWRtCsG6y35HJyiDvE,0,0,20269162980000
5G1LnXqD5wyiGd9ZXeTJoR6aDBszJb8ZAhuZCSSmkUbvKZ3i,0,0,165602103777
5FREbZGCWLqUxnSqYfgMXPSEPwyPxYK9nbDsUyT9iifk7e9b,0,1025077338617039,0
5Hq2s99sGRVwiUzi8ehoxrrZ62rtoBfvT4woBWhv6QQW5HvV,0,172733306250453,0
5ETzqusHkBisj9oSKgtg4BJjr5zCNVBgW7yymxtNr4gtghmm,8922491090,0,0
5FZ5yxjtT87dBvrLT2Xw9v5VubRYT1Ki6MnfT9kk7Fj4tv5B,0,0,34185750000
5FHuXFtUH3r9GjayzJtED2YCcUZ2PzAT33Rjo3SDYxh1mwzQ,2820144787,0,0
5GmTYN43P49kehsNXzHm9RGT19dGGkwHDzcpasj7UFKjVW2J,0,0,477081160820546
5Dt2QpCNab76E1AxLkMeVuyTk8pyVwi53SoCPAAMCcpZ4yqJ,0,0,30000000000
5FPBih8RAKr1EdtCWsBv97faVaiKTktSoFCuw7pKEuU9s8Gh,100000000,0,0
5CPb5qG33ose2LjiGjcJHBgfQNa4YLfWTpcDu96eLqS4H3G8,0,139935327459762,0
5ERCUkKFvf5fF9nLPhP4mWJq1zaUeENzXwvihS1DnNedcsf8,0,0,4159384790000
5CdTRfp4QEjUM76La67E1TBeMnDfqrPUs22HLcW8mBDgyqEq,0,139700256087147,0
5HWCCe7amkN5LmkVW6Jr2Li8AWHi4RLuZ78SqGdHMcsNc5E7,80015571689,0,0
5CcKzLvNLZkk2eUbzH4svJ19FrNZKNP6JmEomNACcwzzMMfT,158611361309,0,3231859050000
5CrR2uAhtU5xok9mgfLxuvNXct1PurExDWE9e2BzY23iMQP7,0,139678298502963,0
5DcUXHtCLTrPVi7msTntiGtGHXQcZsvuEKjHoRis5BDFv5o1,65947570315,0,0
5GsLXdaF3ibsrotkhZz7yhCUrhTuXkZyHJ7FZXSmsTjjCWsM,0,139987598185347,0
5D89rvojuMwUGsbehMQufthcwpaLQg15bHC2JRCkZD8sGgy2,0,146285896261439,0
5Df86iGeKgZWNbF3ZSQuxLH2gT8rMP59QkZeuuxFmPFHL9dQ,0,0,35974025109936
5ELUG4w6z4PdKdyGKT7PHg6cwjK7JG4vzDURBcjfcUVjTiut,0,140942975384415,0
5FNHG41VNY7h9d6SiYKiEdD14fqFYp8mGNZVRKMhNXSZz9L6,0,0,680130000
5H3yZgKvGHXpPwc3UUP5e7atN4nGQHGdP9aXgCbzc8uH7gCG,0,0,40000000000
5DqgveQmE1Tu9DukvLGsg32NhizY4FyMbLF8FQLWJXmaE1Di,0,0,1193342853856
5DAggBjZkgyDGEFt8biJLqDdz8N9ASHpKJUFUwfjCRamPrzJ,24673145206,0,1001374120000
5E7K5xhKkQWD2Zep8Cm9jnaVZwktsfbZ5RJ5u8xHTXMMGx9y,0,0,256875410000
5ChV82z2vGiLthrgjiSC1DjGeqow7ddbqq9ADXbMSbsJdqz1,0,139777281492970,0
5G3WhaMPb4A6ijJz63fxtxZ73AR7ifMfHnDnB2sXM2Qhy6ES,0,0,100000000
5GeUyAHayJNFbrpdXu5rzs1gVMZ59eZxBStq2vJun3d3Sdqn,40530725264,0,0
5GmVv5FZb7zguzGftZ8KjpREs7UxnQA7xh9PnBrikqPn4VdV,0,0,154232830022
5DkmYBLEwjfy9LqRnxteBfcp5GBoVnD4Lg8knAToSzqstW3T,36325554057,0,699806070000
5Hmzd1HLMYSqDMSdBY1GXvVzzyHhnDRiXhxZiMKoC5Xe2byS,1731867120,138042191824631,20000000000
5D4UKsS97Kh1Me4bRvN4KdV6uAV4xEG3gfxKM8ckmR53Nq5T,0,0,87890000
5FUCdJWasQ6L2jQkVjHb1ZnCSuvDA7Hd1HqnmyB3CSPJa4sw,202040094725,0,100000000000
5Ctz8D4TY2yRDUSJi95QqxKDaZoW9j4VCzbwoMudz8zXwNjf,0,0,4745770000
5EHLKFhzYSzhCWXshhzCm8okzRBWR3x8Uw7iYDyD64e1kxg4,0,140879512364752,0
5DMR4fDhi89UYcd9uEhNhrE2xZbvVu9r833JaF8qa1aCb1jS,4060912339,142704685224619,0
5GBh6kEXwAjC8wYdzGc96sXEHZH5e3SJJNNJtTNZRSXFrYWk,0,0,1397057218519
5HZH9L5Bppt2oTHuPjot9agZyEEHtytwVyGkpGjFMCwbNgXs,158420000,0,0
5GEbfxXscxdi4dqh2B3TjpWEgiPyFUd5JduFM9VXs227YgGt,100000000,0,1845390000
5HR8sT2viwxoEbkoPeRhTfYrS8oEQgaqUiS3o9TMZ5VrLfMe,929795805,0,37736310000
5Fbn1p7VB3oMTkZPFQnYCF6AvKijwMoSNjz3vH8vKwA78SK6,21072972410,0,0
5EqWXLnXWk4UugfECZrzuScERrQdb9ojQSRKXPFzfzJQsGaD,0,138842988039583,0
5CwSj4uTHg8rkktTnLgzAyGaofkVwA9PB91Vbb8JuPpcYgcj,0,0,9479940000
5En45vBfq4iDxpYqbcT4BPT54p8V6JnYQgym9KCmqKDFHjbZ,0,232967413074844,10514737358936
5H6LVSxfxseHPMZjWJF3i6zr3ncM51th6WiNZMQGRjpewBJx,1225407633,0,0
5DqpSvMBfTQswWGCDvzVRhNqmcRMZrtDjcTt44iTWsK8mwP8,158420000,0,0
5EXRLyW24YwSpNNP6ETbqkbeyfeLa3C6Xh3TqUw2UPtXh1Wr,0,0,61611679890
5FUUGLKXKLXkwzXvsBH3LSpfwSXyEG7CZc8coXu1fVZAPuQc,0,145759688127585,0
5DbxnJmwEJu4J8TiuAPeXfDKBaFxn21tgCjXDYJxWUJKaBub,923723027111,0,0
5FjvBfuknC6fxnVT6U6CaPYdndsg5X4ZTNFV9x7CajXtZjTy,461031553,0,8450930000
5CVFHkVMPiGK8uiazevyviXLupr9GJXHzTrmdpzFULQowbkD,158400000,0,0
5CLtywPhnQ8KqmordN3Vr7Gc5KNe9Ebv7iHrLq3xJqU23SBp,0,0,202960200000
5GqLVB9ho3ztEbAHkH6aZD9YxFGoEsudWfW13L5YyZMjeVDu,0,0,11114149850000
5DtGjcaMfaPnrVEbuJRsjqYN83p4YZBwNvkjvJVUZmXjD7V4,0,0,33798960000
5FRJkYjccvtWPEoHcH1TPK17mu3fwqhoSWtgBNdodnRBU5vu,0,0,40337640000
5GVkyxFR2E4f3sHkxY1uL4t7C6tUACHFt2dXKen4NXz7W44h,0,148699914184992,0
5Ev6517A53cqiUC7Q8W6Y3vj1PCXdBggwzeohVgQLLhJSRHt,0,0,12326950000
5F9YoBC7apUc1eqejfMkggp7yGYSme7GUufW12FMFX1pTzPy,0,0,424265000000
5FtEEfxEdXX5nM5gekhuoWcwWfhW66TtDdcJiBDaCezpF6ex,192828659753,0,0
5DSQZ2BYQrboecjbAWrRxgafA8ZBko3a6p5d2LGmds28Tma5,0,0,3167510000
5CAkb1LBDm6wCKSniAXdEFeGqxo5zhyeBg727MYXtbs8UtrD,9991495536367,0,0
5GDzmFzUPA6ZVc4qfyjheAMynrjch1tJxi26QX3Di3sVXYJQ,24978777410,0,0
5F4g8mDMnSpKBncXv5vhjWeovuAVGMSXGL3xdtQBhdk1YVFL,0,0,520731070000
5Cg2DtRzeSvNPxhgcJ2ffE4TiX8pajP6cZ5GXh7N7sDdHrCZ,0,0,122208670000
5Ff9dEzymtig1d9oP5dPoEGWQQ1xQVk7BHP4MNo8mBX4AVds,0,0,1393776210000
5EWNs42A79pPN53rtSdFYPK9jzSuiD1zMKYfisDhipBzsoVo,22010003672,0,0
5Hj4rKydaju9B2UzF8QTBxxm6SKToZ8KKGhZHEsUqreQhfYg,0,140039229660198,0
5DLgJqSQVhTiBt9AKVebMnn82cebpbcqAZF5N7rjhHEunRQT,158420000,0,0
5H4CTDB3X8MEf6aEmvVyXiEST56wiLXJXsagVW73oFR7GNAv,158420000,0,0
5FLZsBtwTeNu5EkiMDkwF4hS8V7Lz1bR4HQRLHc9fkrssB4A,43206093281,0,0
5HK8xzoz8vXvnq9f45XmLXrsNJVfx4m8H9kbaKyVEEH8fLBF,103549349016,0,0
5Fs4FsAFSWUbKvU7CCoLmzXcJMAJgmo8bHBWRV3yueqkS5oT,0,0,2669185570000
5HmmwCjHEJHAt5Erxh9sbTFLNhH7dBp383k3g4vvUDJiDm2S,0,139927948230140,0
5Djq5tVSyA8QM68FEU1E1q7ufPN1TEcGYg6KK2eZMX8jTzVM,0,145665673024470,0
5HR6v8tt6WYNcAYFawvGJXZLQevr1b6LZgG7pcV4m4efs7kX,0,0,30000000000
5D1rG4naxBouPF2TLuNjNpxZjDvhTUqistnzxnmpxVThrJN4,16915654011,0,0
5CFpR5cEd1iJoKxU1nqJGw13NVnRn2xggGfqsSd2Cp2Ed3zz,0,0,20000000000
5H8zXqgiFq7y9fN5D4W3h2YtaLG8Jj7mmB1cQuMcxJi1rBpD,0,0,40776330000
5Fsiw8f5FvEFPAhuqN67Y6A3gTcinhXHepxXgSsnrxsTVMv7,0,0,27196969535534
5FjuYMBQj8QyFLCActE5X46kQdVDfkz7KTnJf46E1zxKduuv,0,0,188500000
5DfVUoo6RaTK8ZoDcwY7Qjyy8JCnhQAmi5gfJvjmj6Lm9zUR,10035020000,141614918894307,0
5EZ6o5AspMScJMa8PdduAB6uxLYGX5hsehJU62Zuqk8SxHc5,0,0,681110980000
5CMJWyHqJCXXngYcMEVL7MMC9a9dRnxx5AnFsW73sXbSVop7,0,83977362656497,34230000
5G9PSu7Pv7HJa6LCqTY1Vfzj3tmVT9oVBUfvVFkrok2QReHw,43657061874,0,0
5C4wk7gRQjxG4G92FkqC4LeU9KUdTBWuZGRMMbK9cANUaRdu,484490023123,0,0
5Cr8Vzny78WDmmcgBBuyQBniha3bxHyFPyFBvmq5dFAUADJb,1546702690,0,0
5Ckr4mC7esLVKwAdnxcNXGZWYjQ9oPZkpowZGRfxfdDtXqvc,0,0,300905260000
5Eh5gLbxuEvezuHUbnChkXY7Mbrca8ViCi4TLcpQeeVoAKiF,0,142656939770843,0
5CwWVVXn8du7GyuAFyQ2ynMV9HKscYw9sx6r2VUShmTd44UU,0,140942954676728,0
5CwifAiGPuqStQVX5PjFMKkd2Uv2tkfdRq13W5EqsYC91DRP,467984110000,0,0
5EnKYAcJSWQ4TTSN4gBcya5S1vo2S9waw1qDGg45R1ZXtG5b,0,0,5820000133573
5GjS14uD9KoxXTjdFF5TyWvLp7tdKshDfM2z5bRmt9aHYNDp,44351290867,0,0
5HH1fbHyeLA34PtCzrFZugU6QgY5z4SUhKye7bGYBVe2G1Rg,0,0,23563580000
5FjV1czPLVwSFB2MLgbsmJvAZ5eDHWZtFZpUbuFLS9xqDASW,324050857772,0,0
5Hor5gaoGwxmPZ4jwXuwLNPnQtUtKHLx8dENAcQJ5WoXGvgt,0,0,24110709306820
5HVVf4LoyAEcvSR1WNqy37d9N34TfwW2ipscXYEjPS93phSS,0,251355625606441,514967540000
5Ff3Xpnjp16uAB2cHatBnxmNYhHzp517YakEkdDUEfQvPsLL,715066382494,0,0
5HKHsybouxFnVLf7frB5YHYScWFs31eevAhCo3xkQPiBw96Y,2057408635187,0,0
5CPTSAH8YpQukumneamLFkCjjpHmAg6gkdTp4Cfb98WtNCS6,154450000,0,0
5H9M4P9oNJJypqVR5r4yJALwsQdoV9wQ1Fq7PEx1fbCTCPCg,0,0,14830000
5DoWpSf2dDyJAp6SWVfLrKwqQaHdbpE6Y8xd1bS3ZNjXvaHK,0,110964947038653,0
5Ft4pgzovXRvZEnwcnDPhKsZ6VdF1ynTvBQj7jUkp5rtPwcv,0,0,930873048961
5Ggu3pvMFr6WR7A21guz97NT5Ei6DDGsdEMGa5YoXaZPLacb,103586448106,0,0
5DJPz1BztSmwoxLiupNsdrMoC3MXqbaVj93rMYBKdrd5er5p,0,139539384444435,0
5DcQaYU8NpvBaZt7Da9V34dPcu1DdqUtREyx7ofTnGbHMf2C,2000000000,0,20264000000
5DGA4JcnS5RavpxwJfadwjzhKMEN1PGT1NHAnmHsnqu4X6Zs,0,0,506989790000
5FHBLGYFGbKCRXAwA5YNazYf2HaM3UFj3ojcd7rACekgBzn6,0,0,73010000
5F1Jzw6aGCsZd4SduRimgReQvZjRd6rULF7NTWPA8nxTVqew,4598021952,155570188568770,0
5DLCaXVK6zPide2LHN7AX1EBbQWcPucGdziRxSoMbe4weCoB,0,2328742481964962,0
5GYzc8MMnLSkKYHoopsGEfUUFirDQTY4uZCEAAaQoK4v8czH,0,12071732050614604,12148133410000
5GgKSgp4zXqdcXEsoBgqYLCyGaXxp6y592ACJnKxvZWeWA3S,69513292642,1010785029180002,268299470000
5DMVu9jTd7Vz97nxAuk3gvNQCJgtjFgnqNbhEetzr296FhVR,959638474010,0,0
5FyPLvme4q2V7YWzaenF2tE4xiprf8rrimFLZUgmXEr9yDvj,1457883862929,0,225540215730967
5GpGXrXkrVTWewqTHYeLctBCtkL5yZDC8QgTHCH3PB58J5Sr,0,0,100548530000
5FxFPe4y9RTosq9UgFoGBXhTD4UmdmRvwURpZt7czcut4g5n,158420000,0,0
5Gjf5kY5grkaKrjjR1cGNyptHMpvmM56fNRqL1Xt4r3z8zjf,0,109394479090607,1142748982324
5D2bZ3SkPByh2ayMDTEy2dYBKD34KFBaxp84dZs4ewYZCTeT,0,140950488438872,0
5DyddMB3aZvcoVDfhxVHwKVRmyGDixVzNB2EnjZ8eSWDHBL3,15954467432,296807441035813,130193750000
5ECbDQdQi8BLMA8jjX944oL5KgKygCzojoPqfRBjLw1jRsMu,0,139692933921599,0
5FtAWE8ZLCVzQHteGpLUpstrLCA49m2Stz13g58Wd35jXxxA,100000000,0,0
5EhvJwbxjpLBRbNgtjSVhw3gexTieApKpZoW8YXYhpbnNWRo,0,0,21667718426201
5HQfXQWnN9zYZe4FqA5MkcGvJp7Qe51cJyfr2SW51puHtYeu,4136796229,141647164184121,0
5H1PZdTgSsxuQFhXtjpZkeRKs2MT3iFVXekNH6BfAdwtL9RF,0,0,1276792110000
5HibViEmT9yxbAbTxTEMUagNiofRezhuvQdFE4i7JkH4i8Zf,500500000000,0,0
5DAp76fsnTWdG5JuYK4D3Eu5qPPWbtXnmiLAf2xwsZgAgxqZ,0,139085190335991,0
5GpzAgJS83tuDytzue4Tsz6oycNdpp7F8tcai6kHQ1jPznRo,0,116066336719341,10863180000
5F1iLbihHTAS81NBTdbVPmPuQo76LefK7XXRdLsd5WijEhto,0,0,1005316960000
5GYdvpiP68FGzexAVe3LZcdGttte9CHb9MxzRvUNoDSQ3j8n,0,0,509134377088
5E9vMn7ediSKh1VHo2s4PFn1yN5C7abLJ5UhJZFWpduBZcgg,27493830555,275326241886627,797869610000
5HDgNPVySAEunMycZeCuYUdkUkDPhx5Cn4sXXQPu3Lgpbgmx,31920583849,0,0
5HNE22vhbWXsW9ZPzLgbGqRtaT7nV7SS9wqL975uU1fyucTD,0,0,9486600000
5C5oRMn9Bf73fBYNvBmUpDsg95w8QkBy7ksKDfPoNceVUBy9,283175379010,0,13909266898494
5FbyhxshAtEA7GpUyJnEwek7gc9TdcJRcme6rh7yY8hATYMd,0,0,44361800000
5HbANGXhG3m7U8kQYXTfeULRahgauerVHFDhVVGTMEVLRvH1,0,0,1108331000000
5CSJbEcR6p3gqMtLqsv7wbSiMGcNAhLaggXyVkcfF2RfVU2Z,0,0,52660000
5HmfKVUrzBREbutgpejkr1EuH9qh59r8JR3PkFBYqDyvq1hA,0,162563276683720,0
5DvhehzfCa69WX1WCB6dvrXJowuzmrYDD3vt5ZTVgL57Rn2g,147960000,0,0
5CT5jwBEAhveEjgiSCQbkaKcKcUyF3VJ8qNXM9rXsuQyn3Kd,8333343756873638,0,0
5CFnoCsP3pDK2thhSqYPwKELJFLQ1hBodqzSUypexyh7eHkB,0,0,6409649060000
5CZr6FVGYPHECodShXTyevNgHQ4E2YDGDFhNKj6FWgyNgpKW,17992899400,458358206801129,984458820000
5GpS2JMCk5dbuNWYKVXWLEJdAuVowiRVkJw6LUsVmoSSBZ1C,0,0,48973910000
5EA9fuJgoXtHcudEFm4en7n6UF9jFTM8yPGtFR4u9r96hCo9,0,0,22370340000
5FqTBTAMufSmnaGSb3xfqmzL2CbnbaY2jxUiteRipSrYLAMq,0,0,82670000
5EDCDQj8R5YymhZAEw44Mo69JSoUySJpYuf5zNcT8PEtHp5S,666150985,0,20770620000
5CyHdRCoYxpzVxAF8csCyezk3XfZhB8yCJzkSjnCjtjUrrvW,0,0,3085567213845
5H3turEHbnGpwMjjzz1avM2EeQhqhKiUNQoSzio9B6jyFrSd,0,146475008571193,0
5Gs6F8ew3pgEdKH3FkvLD53T5DJkCK8Xy9TDnEmZc8Z5goBg,0,140924340379368,0
5EnMrjZEtLy4D5iBtkW91za6qA7xmwMxXRwNhVJxnHbEHFCJ,0,0,251109460000
5G6viY168a25uEaXNLLNkzaKGFrjdzThjZiUsE9tFuzzEkDz,162338855,732585557094424,0
5F4K3TY3hkDYGeL2F86gGKpX7KofMkLpgyVwxhxVVgM2ExWG,3096908278,94841681971783,30000000000
5H9YkHis6Jg2r2YwSTsNn2ziqwh1sFm3uXhG4BxJXZniRKiL,0,0,10822326350000
5GH92cDtjNTwBVoNw7zZpY5hataiZu8UantR5ikxPYQ9Uxp7,3853795559,0,0
5ERoWpKYbCzwp5cg3ByHaKy4cUE48gS53xZiekFvqQJ7tTmi,335051536416,0,0
5ELv2QeJnFN9JVZSyoAryTGHWpvLupd99LoGbgL9QvcXFJZz,0,139747977892285,0
5DvibJKhceQ8gk52hoQ4CTbMG1NNMUYPtvDWBhqKs2LVGdr5,100000000,0,0
5DVBJwGuokkXaDjRe7pus9v45ZCZp87Puf8L3hqgy4ozAvsq,2158230166,0,0
5Dcmc62woAWmy5TYRUUBTEDQi9mb6hCV6frCMJxQ6YTtwbq5,0,0,34283990000
5CJNK5rQgb4Sqq5oe3vdjgg5pSEm4yWWrraH8SZX5ZiZgUuQ,0,140050379476775,0
5HQMVy2rSejNvTLkgWsn5cbFA6iuyxvsErdRZnrhzgBJajCD,158400000,0,0
5HNWDs8xGjKQDRpiLi3Rw1fSxTpG9rkK7i5GCiGFoXsSFeEe,0,139718646108239,0
5G3wBMGPbTqyEiF5cH7ZHRnDyVfs2fyheFqb3AdWVAgA6LuP,4140109881,141760626237497,0
5DPNj4vBkTkUi4JWwa4DpSvcGin6SWjQAruwViRtiurYoErE,0,0,32971628300000
5DA5GVJ5zRwxkGPqQ1ErVFh9pfC7Lgbu3ZrXcyrR9qRU6Uvw,100000000,0,0
5GHtirraLbXNnFMyRrMFY1MfJHpPqZaaNw89n7yGiQx8d4aW,29625127149,0,0
5CM9dzSCeegXkQnE575qacKvuugXh6eizgHcZskMyRFgdVLm,0,148574888009997,0
5CFZzorpaiwjYuPg1dRRNJWtVpJx3SmkPL9YUngQ9xeN3e6G,0,144971550809056,0
5GuxbgNVR7U6X7BgVCK8JaLGmkvYfDq2UCzZZ4CDXX7mxKbn,0,139510199905944,0
5GEJzvwxxefEdokisZAL2K7UbBp4mubU6hR5tzcPk2WEETPb,158390000,0,0
5E4EV199ANEXZQ4FUVWR4Y2eQvb5JY5USR9NNp2siap5GcYG,0,0,62509640000
5Dtapv2Yx6m7m38AxnHKXnmKRQEXDTLYcC7yz1RvPwkpxzsV,4135853147,141614872309476,0
5DABYXiozQKGBTQhRWMkfoCbrJZznQmNHCyYAX8aL7nKChjc,0,0,41624470000
5DJe3bt4RrfWV4vc4mVv5U2WPVbqkgCqHrMQYh2Xmes9atVR,31037546425,0,0
5FWiZTCz3ojYQSBJLXbhuXTysruQPVNjQf3dASa9EJPnnz4B,637620846556,0,25878217340000
5CDpfudsfCWbFHRtGnYWaVxjX581gtTD9ZJoTYHkPXNJFTX3,0,0,6273315824738
5FNhzQLucxKrBrQS3ZdhmYy5iR65nJkEeFfh4dL79BT1S6wy,0,0,3882670000
5EZNW7K97Djq3CBNGnsK8w55WQVC65wa5jpmJqFH3VztfWsU,0,139942668347684,0
5DtAgix9S2ZxeE6qRcacdRMkL8BxB78Pe6AESYSBUUiRTqsk,1545009941,0,41810450000
5DvYWWafc8w5KLoXX1KkxTzw1C8aMjJhQeG28bacGYDsWzXJ,100000000,0,0
5Eo64o1aV6R3vUDUXHC6fBqiCUeChduX4zfDF7M61G6GTis5,0,0,2037056410000
5FsoFFxe4isFdSPZU65HEAVZfceJRnNnVypySYHjpPDBK2he,0,142609120148062,0
5E4uN4t24cKr8yfh6E2R7CxGe3xQ1YfLsGewDU9FGhB3hDnR,5000000000,0,33357790000
5D5gp5RB2UExQd29N7ojk3f3fcaeJq1rYf2eycF3935vvFy3,0,139762615677711,0
5DUUaC2PposYZ61pbDtz5vcrRvgZN2qQhM9dUTW1GPh4vvwS,0,0,6111723372696
5E2azjbmeL8ewzDCigTKakoesJjUw9ozSQPsMwGqu3ETFwdB,158410000,0,0
5DoXSs7uAhqqcAYcZUo1qa1UJniRP1oKPFnFyYycff7Chnvr,4230451761,139976790741719,0
5DAMctrzYjNSjT1EvQt1iU3CX248StBeybeQDyZsSMKqW2Bh,5000000000,0,23174300000
5EMjsd1DGwJ4H5hwqRYc9UELsJHpnV5FYHVp2HvC5wAj7Zv8,29304271155973,0,0
5HmfTzuxcBqMEuVAqYz872KpTLGNm1ALn6PQNaozH7MrXDrj,0,142672861989300,0
5FvLNTjCAzyPCSMgQhtCNznPzfHrh9etbQpQM24QRgyneZJH,0,0,3324223770000
5EFDoVMZJhEbAPUcs87487Kt9XdE2LKZTJtxd9F2fLCrH4u6,10017855189,0,0
5CFhjgc6fANarxtURMUN19zhuAQ91CgBTrudEXsFaA2MLDB8,0,0,146076510000
5DrA6EYh6kaUnmv1iXn7AKHy7FZhDG8VnXE3TqUhr1CMjQ4m,0,0,5020273211527
5CojGNFGmRsHKLSyaPi8b8t2UVmQqxbFzGUQyidQhHScGkGZ,85851924998,4302423487571757,0
5GL86B8xNiWxiSZHxRNh6nrFcBAYe7TTkDkADjLyLMLsvNh4,51446473206,0,1062150940000
5GdfxvLwrYzZ74VAbrVQBtRMGyXfabHRiHBXtXnPGBeNgXwV,432987033568,0,0
5G77ZNzikX58KMvyN7jwWUM8FSXyEUMT49KQnAgpkxZwShL3,0,0,30000000000
5CPqoKXqRmCcbxejNzzduBagDqyPvLUZX9KwZA722QC9JPz9,17999000287,0,0
5GjCKug7Rzu5vFRFy7vweTchaRNaeNYqxmanRiVcfkZ29Jki,1191528701,0,32244680000
5H1caEqpG44ou44SLrGS6UZpBd4Q9XoeQq7e8VLS9QRbF2ZB,0,0,101322180000
5DAf3Q9ibatAuhrstLTwyxW4CNjKGsWRJcMWQar91CqPN5AW,0,0,142421490000
5DXUCcxQ3cAgaaLjAi9kQpV4wgPCzbXqLRYAPazYuVJpuydQ,0,139546647178473,0
5D4s5hK7XxAtSyCLSyqNdCnnE98pyrqrT9bxUGMw6yaoJcJD,0,0,272688314191
5CG5QanQewTk8ZJr5qax3Lg51j6oM8zxEEdjBodXWZYkpzEv,0,0,31331160000
5FxFjPK31SuFmKr8kEuimJt78tBcBtbcVvuFcfzu7zBzq4N3,0,1033825791502,0
5Hn9NEDQtkDmFfd3BvoSiGzUVP35cxc4zbpG9W5Q7w4k8bh6,26041333650,0,650877050000
5E2QQEfWs1RTjThvQcQKuRcdbh2WXtbzZVFyjuKaxEdhZxAg,25694528538,0,495001040000
5H1Ja6XQ2xkRE4s79ajYexAfUNvGGyD9k5enH4Gb2MoWjrg6,0,5610622226319104,0
5GxLS7vFRosviXdoh7uHG3LTYh782Zx6Fb3d6R87SY3YAds4,0,0,12060000
5GKW3WB4Q37byhk6wGupoNAJJ8gXVsbGz6Ye1JAnpUfsNBh6,100000000,0,0
5EPT1Y96rFqwdcasBXNP6DivTEsWrK2yLyHsooXNWmY2egdy,128044136759,0,0
5HYR2pdURqirAyRGM3tCyAZsz6Nsmx3e7FZh7VjzvGZeE2fd,0,0,249900000000
5DVCd4s45EkMjxzcb2Azjwgb4pLKPLqgbEdzknywZousHTs4,0,140890698023040,0
5GNJ3VpZEainiyccN63GSHT1YXbAU8deNrQ9PsxzaQ3nnJBC,0,139641641773490,0
5ExYunaktDwCsyZiUb6ZadaAyzCnFycm1HNN6Tw92N3pQZqG,0,139678298502964,0
5CaXUsyMs6pLcKLBWZ9Wpbo8tXVvNEREmjgupnBMMFmVpi9N,1500495997,0,0
5CfR43jK5FgBRnYijV1UaZJPBF3pSg9yTBJLrvUkhJeei6cn,0,10000000073175868,8056490338326
5DV7Q26MNZDyJTmhKit4R4gA4fCTnSUDAm5gqCX1uicU9doR,46590813611,0,593055226212
5FHAPHQC4V4NS4WPeCNYgXTgNsN2yHBwSrWNcyHUaoLVTWsG,0,0,591037089854
5DsfmnEKwv68yMEA4wBLKv2mY1qFG837oTsuV8Uk1DA618f3,0,0,546400852488
5GR8FqLRbCKbeT9pW2gykTKSzdguFy5L3See8eN5dZd19eyx,769179394,73486559572864,25000000000
5Equ6c29s9LD7QxAJMhyFNniU4vS9LuG4djXyWPgndu1Fuyz,0,0,10662588481903
5CPyr4BAPbMTupgiyopwgS1KXQcRfPZw5tnTf9Bq8MRXdsEN,0,46650395038021,0
5GHjUwXZtn4DgWRUPqbiEp1AYV4dg9TLFP3ZyzwPjm9NosF9,1456821566,0,211471715676
5FX2QEWXVqP9EHJHCPArG1p5mhg4vzcsNgcJi9TdX3f41Fyq,102530141202,0,1000000000000
5DCxJt58sz19dGqSJCzbqPgG7WpPKAUPosN16T7GNFnubB5B,1587239764,0,64419060000
5HK4B2C7ripwTwQ7HxpGQdeVF5dyqeXuC3FgoomRXeKDMyEm,1000000000,0,15929430000
5G1dvgZsEWniLNLBAApnVU5eHsCmyw5b8DdsnBeUC3WCy9A4,0,0,90360000
5EHcFnGcy3FCKZxX6eQUZ6GoGaLWi9csExuiytXrxqBEgPFm,0,297928630203057,4998548040000
5FTiVHRACkYuy1zEPMGLp8GbPpddf5gD1A47gxHLCktgG8LK,13530649943,281296863867221,139638920000
5CUiY4qDtHA69W2d9jHsoPjqtvsDLTeVmdtp7sbhTAcGrmKd,0,0,59180000
5FjFHgaGgDfAakm5RCMmqbyVcV9fLo7yexiW6u2toLdoYbyT,21037687539,0,0
5DepwbsiThs2gQyM9bpm8QNz6RHZatTEnpCwkT5Nf3ccyZ2b,0,140050194907483,0
5EvZPT2oZCtbHJNKTNa4dyVZPeQ6WVnVXxStX4bgwbSZ1sCw,0,0,4383456576461
5Ey8eRSxhGsr8p4R7WmtPUxzeLLmGXrdqRZZv71n7isuKhyj,0,0,10000000
5E762JWQVxvT9JBJ9GBN8Xb8z1e5wiekCZBBBxXExrE4tjiw,0,0,31104038593
5FjWPXpn5Bfb5NwCk4gtPs35khF3qoRyyhMcNUt1ADwSK42Q,0,139671033910262,0
5GC953VmZ9SefwLA75YMBodxjL83QM4aQr8bmY2yjCtmMaAu,0,0,8310000
5CcCNqRkUgUnd6y5kTGh3eRgUVZqvwkgEezhBGD2Qb9BRx6v,0,0,1715532850000
5DUD3XFCgai9WK9BbUcDdNHRytuxqZoUSaswQ7AVoa6rjRnS,0,0,3101143730000
5HbD5v2Bh8yw53XYaXG1TjAJNa2SQyjCEYRKLxcFVxzqHNvS,0,0,112133042630
5C4iaaao4MAtSKWMYEQSw7wqgN2sf9owh9vEoqzpCw5T8D87,0,0,1094542620000
5EnrP6ky6oWTqMJfDuG8y1DxxNdMjEzdZeM7W8Lr35oCLBRG,16005056294,0,0
5Ggre7PhcgQN34KkNuZYNpX1riRE72fqcmPWjtDmfSKSMrgQ,0,139725900042228,0
5ELuguHmJMLeGjDowbuY8sqzLRVi6D1QJ1f1XUYmGjGNoWgT,112327997783,0,3267575080000
5GzvazTYgaiAKVevHWrqiYp4m1ZwEaaGxcBa9KYfGgLkK2oe,0,0,16790000
5CDTSxF5MtgQE1wXw9Bz3x42NNdT62kpwBpMaCTEnU8eTRiA,0,155894360505382,75281249751
5EFicbRUuWGorzQzkzCgFQtVYigPb2yrhQDAVJrF7mqRXEuD,0,0,6318183704544
5GsyG3TAg1sttnTh8t3nzgCvvafBRQMbJGx9ALdtNrmMT85i,0,0,60960000
5FYnfXddZqDRmzaySzicW1CtyKuyzDDKL4TuTYuxt3fCv83a,158390000,0,0
5Fehb17yjcFoPhm9nqr2AdpzJnbkgXLyfTGdgkgGNAv6QGoz,0,0,141010000
5DLdMFBH4xPNUQ6VXVXcibhrv2wuuCaAQhnfebMiCzGX7QKk,0,0,73341760462
5Dc77DVMPvTBLQxgcbFTZ5W6MzGcBtEjy88rHKXAZkQzyMoY,0,0,121147410000
5G6GoquGzEbyDWXx7A7Fvp1626MZQGmUnojNLek2UiVnYuSn,80393103912,180060653663339,400000000000
5GEyHN7YTCuNhELAPMrQve6vT4cRJqMmusMYKwJgPiuaerMr,0,468561967796823,0
5FNy4QWW3J7Wae2pzcq1A8wwJN7QKhyuJwNqvXn5JH1TUg3K,0,0,199887570000
5FPLb1UJAuJwLbcw6nBfirqSK4eCFkd8y9MjX8Z4NKFcBVmo,4043853022,0,0
5EnM5SbUuvgq4v44afvkR5H4PX65doWwMHPQqFu42RJwEurz,158380000,0,0
5FsPcdj7f9ASdkHv6TLJAFNTMTyMcRKEgNE3RhK5oLzuzggr,0,0,15535230000
5EvYHM5XjDkGCqKUKfa4aNTroCAtJTFhcL515nSMD7E9pcg4,10206951155,0,0
5Eo2EcmAHPdZu83YmvHMes1Df8a79jxH8Kq8HhPQbFwnKAuZ,0,0,5872351062094
5En7vuU5CoeDEjJ7KiASbmMEUvWVUPWoxNW7KjRr2YuuXe6f,32342076519,0,0
5GQqVa5xCpfLFhs2rRQFNnwMKs2aWRyu8k8yf6x9bkbmt1w9,0,139762647529231,0
5FjjfhRycMmEvTVNoAwU61eA87wxLPVJfzVtRggXFwqtJN73,0,140939312955141,0
5FKvEZTZ1qTaeWfVtnxWyTPGjXxLpi833H1bhPKLvpurcoH2,0,0,22965560000
5EABd11GAjxsDXWDU2F7rx8nEgHsJXNpjEewcm9LmurtKeiw,0,139740592397405,0
5CJPaacVKf3U5e2arAuwwRNDZYKJS2eGnzh3Ko5983XVnEA9,20328942098,0,825062080000
5EbspmevJnnp3Frxd5QcqF3BWYBD9HNCeGcAz9druydRwyDd,0,142736538162959,0
5Cr1EEjv89KFqhmmJUHNpgmLk9jLCUFvjfjUAkRb1baPTHf9,0,139654199072222,0
5ELjG7rDGBv7t7YK1yMeGEMw9HXtRYSXDG11tSK5v63DF9dL,9613694264,0,390177440000
5FsEUyCnLhdv8jdT6X4rYB6WKi8VKazXahnSeh1ezhkTWUgz,450225669548,0,0
5HYZyX93RMEDfkN45UeDu91WnutV9UotkSwQXjByzMyBL3Vi,0,145732877144498,0
5G4ScB4GoPX27i4bErtX3BLqcYpe2N6VrgPMQWM3djXPxuxq,5792679330,0,235099300000
5EckUshihyp3r8JYx1MBSHtv3nHJkGaKVvbTZnkh5qMwHtit,0,140057565626478,0
5DqQKGjL2m2CaPWPvxui9v4qqWPtQmWN82soirZ6wnM8RN9M,359677039921,38980249327339537,3008002420000
5G1BBpvVPcj6sb44HuxXDPyCHyMK74AVvuHPn666BJgM8DvD,41019420000,294201189413430,900000000000
5ECHTmmP6CUMH8qBPFhtShAxibpZyWb6Z3S1reBt9vQ4S7jE,0,0,3268
5DMFhmqPcfMUXEzYdTDRmqLtv4wGBQTaKesuAhM5bEFSQawv,0,139950073652421,0
5FH6CCoukj4T933Wn1bJEV2579MsGBuNBYzwELRRsfyU1tup,1693674772,0,0
5F3tgr8TbiXQ2FpFR4kQi6QhuoYSRH4YbChaPsaBcqnN7AVw,0,0,617234040000
5ENoS6KgfncjL9Yec5BHQcTfPVUJ77SYzJqwEWQkXtsjxT6H,100000000,0,0
5Cf9V61adqFFCVimge6pa2vST5QwWjHdDAFNP9tu58VyuaZ7,3713676219,0,459601831342
5GZ4NS64jmtm47qYZrh7NxcKs6cGJjNyamnpypR2tVcFxcoj,1011300959159,0,0
5FLaj5NWVEpmt5MfLNPogfskQKMuJECVQ5TYCJ83WwVC9U4r,0,0,5234890560000
5FNhJGvys1dw8SB66YxnoiWXgJqNf1N1qZGa5Qgs8FcK5zPL,0,0,150000000000
5Grkw2XQhadBf2Ecr8wPCGL4gGEzc8Rg1T3Z8TkNmVRTVLei,0,0,26351120000
5Gmnv21WC8p8jcxJk8hGzNQdTZuofNbYGgc1xBNHjBWyBaJX,7876319139,0,0
5HCEayFs6dwZ8nvEmGShpqwVZwpL95KtVbfYNEMNzL3UrYS1,300000000,0,10364650000
5CMFVU8LN5CW5NbXxKJNP7aMkG7ayG7xS82hKzkVboXB33Us,158400000,0,0
5DtcKmC678vGsYbg3sNSq9KvmqKSRubXD7b66qyygoPDgKhe,0,0,4905021479290
5Cr8EKRWAh3xyytvQxyefMJzFR7ddzEFb7inEpaTKZkz6urd,59037701426,0,2396079860000
5CPuUJGhgJgVLzYSmCfjZBt3sLMym34GJivUX4nSRtfgH1Yx,0,139777253549627,0
5GGsMhTB8B5rTzZdLQL3asESvPZDLnKXGSFAfTz5iqis9yS2,0,0,1011919030000
5HMrtzxe9dKFoCMohq1U2j1QT8iYjA28NbtZ5WHJZgmeQHKK,0,140031861016406,0
5Gy9VLYddU63uNDeVoxL2262gPUSaUKBgZdtWSGMVCD8sqyp,64960583377,0,2636463510000
5H9YaSZQeayv9W6xHgrrD6V2kUURHTFxZ4pHeC8n7MT27wyX,0,139920640174916,0
5HNdoz5P94bM7f6UeKQ8sYSQBbcsz7GrtZdps4mNkzkJzUXP,0,0,1662073913594
5ESA6k3MCZ9zWgYtS8dqUzXEQGe37fYHgBb1gWxBjqQkZiQN,0,142763109301535,0
5GjX3Yncq9zHZGLQdfwSKy6JAtEvFUmkFuXvs9n4rwquWCoK,0,0,136180000
5GEaqVvmabtEkAt7iDHFLCvZgYunHXuCfzjTAm3JDanAAwVE,60733560697,0,0
5FjnRnrt7YfPbXyrwXLCESvLGdyyxkRV4AZfA6Nafub8E67U,0,0,23476020000
5GgKqNqyhw41PErE1MDWcqTHMQZUwTTMuC7tALhA57RzUeYK,0,0,30000
5FgdzAobt1aGUaH6TiSdS4rxjAGUEs2cijkJ9yWUTn6s37jd,0,0,209256760000
5HMndvrTjn4X1FMVdrRC4jUotUv54fRFmtasaX9ntRwk95PD,0,0,25000000000
5GnH5rwnEfnDADqyYHWQs6j5jwuRmpbPUeLrRhcQuFsceFe8,0,0,1014241570000
5FUcxb7wMmaqDiAcrRpj4uzJstcFqtp3eDobBeZhjjnYteAR,0,152396381658810,75266660000
5CMka2i8B6P6b1WVUFcc5g4bLovBWeKjA4d5yRRnnLvy1M31,402693076193,0,20675144435971
5EhDrA4ATMNGsF1CLPiqahVnFw2ATbKYRKNwF3cXUFk4GmiF,0,0,63810540000
5ERWETkvSynVengb91LLTgMSD97fGTtMskSqLCJkLDcxSMYG,1408220498,140497689960323,0
5G4JiFzTpqikD7R9v6YjpiLYSiRdCXH5Yt8YHFximAWjNFMn,0,0,62323530000
5EFKJ3pHRimprSYz8aGEPwT3JXBnbHPu6yLgJ9ErP45FJXMk,356626125144,241000726270344,0
5EqjVfPGYdMbuQTkFigmqtnGiHj3kS9Ca9F5bpgebJ5RWuot,47678295374,0,0
5DcRt936Ew9itbcmynVtCTXKtc27wKTMTqsHEvk6491XxwRe,0,0,57301025880000
5FTT5XXzmnbzu6249of9HzKKhEPqg9VtAZfHzT9vDyFQ3E44,0,0,54292183161
5DkWTzkWpf7KdRDrxFBKYxW4ZRiCai21oTGv8SkR9gXsJySH,0,139601428265303,0
5G6c6VMFuPYh47jVf5cH4vf2LfGB5KBnKSd6AH3XrdWQuz8m,0,0,4099342190000
5HYyKbbkpp3JphVu8HbAuvag226xhVsx5XwnV8X5eD4CK2bN,100000000,0,0
5DtRfcT1LnjqZFJbDsu1bo7WpDWLRk8AJjub1nX6Hg1cx2oR,0,0,211630000
5F4F2PXmox2a3nuhnXeF9dwvKNJVQUYFrJEaUR75Xw75123R,0,0,555820000
5Ca4hzRNHPNRQ4JsbSbeftAehuXxmnYiKuMLpVLGZdMLuNLU,100000000,0,0
5E7SLjnYo8n58e6ZpYf5F1yhjfi3MY7uSdQrf6Fy8dW6j7uj,186210000,0,0
5HYcxCzk3vGu592Cv2rq8jGW3d8pin2U8ntf3nm1sfeGAmLb,0,0,42227290000
5F23nqkQhoXUCC77GfpHapgeycLkPTdFXvpr8NdtZGUgujSV,158400000,0,0
5Ejxibj4E7iCZBsusXxcQJQAyfC8moME9244yfjVE3RS73cV,0,0,258656180000
5C8RPQskJFiMATv4guZb2ZR9xtFeaWdpAC5sHZHgv2ycBuhb,0,0,124790108301
5FvN75kMPodK5DV9rEg4GuDCp2jq5DcjeNNppg9aKRqQUcdr,0,0,190183890000
5DJGK5mxseWXsQUwLiD7DE2PvhLdJjrmZuMqzkuUxNnThPki,7439418243,0,0
5FtBXvWPefHwsykjtwqPyCZviVf1PczZShkK7VnMzDjpkbs4,18485727648,0,1042571843348
5GZBJSciedih8Q5gVJkN2BeUTBRBH7Kqo6LTPQhGVQsESA38,301309921616,0,0
5Ek9bLsaiVZxfVoREMakSszyLjQtFEHvYm2o1VtW989GUpX8,0,0,1149751680000
5GCXLJZf4KqYTTY61QjmNLnZG18Mp4XUg86YRhAMvJ3aE7uV,100000000,0,0
5EeScxLDpWkcgVY268jdFHS7RGYyyxA9qgoaYyMmf7zRu1ML,0,142715774189523,0
5FRuNWF9LA7cuMq756wbE6Vw46pDCm77pw1y7T8Nuruq1xnB,0,0,11804690000
5HETj7qc5fpYRLUhntsa6PQJ8WWPeTJGRoQdgY69ikauY6S9,0,0,34386060000
5DyYw4F3setwJkStEFumoB2xx6EDJ8oh9TJLCGnHZH7ZgJbj,0,0,30000000000
5DXu2efjgvmM24ByNqnsvTetXAW7xPrVqWSeeJZ5Jbctr8zp,0,0,121940000
5HSzAVJoAgmBvfXMS1NKYGeL6ZJKjGuhJEoXeYVjF2Qg2t3p,0,171156054785085,60170150000
5HRSgFPpsS9exdMsUtf6dfBDMxEQ2P2TkfvCdmH8AKoh8jVf,0,0,8657500551245
5GeT7Aazhx5X1DWM2h1xm2ZQUy2WxrxnSnTFNRZTLbipKqcP,21416570413,0,0
5CyXLq6XDAo4SYRbH2PJ9fzdkk7mGHSeCQxvsL2x6cjexGZM,0,0,30000000000
5CUgwtVCSHiq8hbiwzh2k9sZ1LBDTXTomqCg3U6anT3MvvKL,0,0,3581748750778
5EkZ5NbMpjUCr1S6Dq8DzgavQ3qE1SDca3RL2x3d2mJY1rRp,40217429207,0,0
5DUPMUm9FNxXgXZn7zTJ1PincyEFL3acGMUeQRFJbJxZdzo6,0,127563428658473,0
5GgpUqZXE8N8wRA3ZYZqHKoDYTRJv3igcShzwwYTLfeBEN6W,0,0,1040318113477
5FhWSc7RYaT74YTvohgMSdVrHebP3z3ksTXZrhLbGBi4RcCN,0,0,247188084989
5CkWjh9tdPkJCFVmbSknjDk8MVuUinhu6fCnbu6DVxggLpbv,0,0,1988963113918
5GCUW2bEY4YTvyYe4FU2rVRYX4juU7xuhwMMhmeoDaGZm8WA,251317674824,0,10199875750000
5EhmTJ8RvXoqKqyBHTV72Hg7i4JkRXhbJ2R34vjnFZuLwzqc,0,73345846600605,25548910000
5FxjrEsfpvN1ZvtC5wubt81nCSJS1V4SXBkdcfHEmrLirxgS,100000000,0,0
5CiUEzYiC8bXTDqeZ8ccSFPrk9jSm7rMg8T9hDQVsAxtm1Ld,0,0,615356340000
5GLF3FGZu9DBdSnKrp4vzxwvATatFt2VWAaKDcAnCm38qdBc,0,0,190183960000
5DV5S1ZZiddR5JAPmv9q3xUjQkSxk3s1oWrYKz4cXe6Sq1VH,204900560000,0,0
5CDXVxDMBsNPFMYYAYcbE55B8d2Q49EN1pQGAebWteFHpJTL,151358860689,0,0
5GjAxuHooT9cwWJWqjecSBZnWLRMUPR9hNqP41nUNgyHPr7G,0,0,610969660000
5FefwC1TCtbetAkiJFLHidKFquHWn8H37oq9MmEZuGXk871J,0,0,942090125548
5EU2tPvJZ9QnUuRmpKSuv93BnLb3e2mUYkN4vws3yehCizve,0,139939031351835,0
5EYCAe5fiQJsoL71D8qNrZ7NznTuLKXk24Wjp9pe18su2Yk1,7531881159,2037117277603,0
5FvnmswPzQ48h9zCzrNqkWQqjBesNX1fua32bkRVieJ2QFpG,0,139063244490033,0
5FgbstWP2LoSBzeD5fvcgQ5Q427icpwU56HodnYneWo4jQab,0,0,196222510000
5EYCAe5fiQJsnzYGdTNgiw719xk2hhoFczYFMNqwMx6JDf7h,0,191042138486478833,0
5C7x44XWpXM2GSVkJF82oMRH9nrW6DVgbmgZu1g4scz8tFvu,100000000,0,2009550548568
5FgpfFe4HuFbn7ao4m9RpbR51S4QCpch5t3tAQQBcziaBmti,0,0,88680000
5DA6n2fyD1z5UYmCytM3ANfEE2bGS9TZgFpPYzjNgsGY88gd,261173942839,0,178321660282680
5Cwa5Wgf4T74FRUY1oY7iL7yg8VBzpSK2LXLwsXFVfkRJ3FP,0,0,10000
5DJ3viMdg7ZE9yMb72DX9wrPqMDG4cMwBpxEb6TepSmqC69b,2783686744,0,397694111815
5EfQUym2mdVJvsYwfKPvVpBbc9uqSrksSpxUwFA5UqKvGwif,4137740782,141679506408222,0
5GVpqnHh5dAxQWYbhDtAu2G75GD3KwMbDoaeckBC4P6vhxqx,0,0,100000000
5GduPRYxU6SEBfhS19sPb4azfyubLr1cp1TtbCuJX7Q4G6zX,38730384491,0,1571895450000
5CfNdpYraF8jLFztKtrxr1nZxMAi8TFjCvggTzqXanuEKWqH,0,0,1004695610000
5Dy6XZEfMNeDxLTw2kNXnSuCf52NuqLS8H5soBm2wveRfsjf,0,0,20082230000
5HDqhU1L4huKEfHfKdEw2sXUjjAc3tu5RnM2W1iGpvtUyG1H,500000000,0,47358990000
5FtCSFjaEQFpz15FZMdeojQycofmvKJa8eLUUgaX8nZH4LdC,0,0,21681620000
5GZSX6EYApUsFK2fFYc9atw1dEp7RTmSqkNdLLAKQGA9xhbj,114122144005351,0,2332680656590000
5FLatVBwAAfjX7yKt2d1TGZWJFxNC9yAnRzxxyQbQQeRg6My,792609414491,152212299485944058,700000000000
5Fy6bqhKLc3mnG1DLfaFgVwu7hnPRKAV4NVhh33HtFYSWt1u,493145443,147114009000859,25000000000
5DnWLHUmR3BKnYN6vBPqHa2YcDsHoTgrFMtQPPhvvNr9xWhM,0,0,118663244719075
5GBp9iGDmBhPbfwmDnzgCAAvCxF1WzzqoqsgrBDJfjaPPHk7,26247671324,0,0
5EAYNLBXumuFAJiicQv6bbvxMkiECbLrLxnmWEt51ewD6ido,0,0,207437170000
5HdwjEouKXRRJy645sKWsYem7aHoibMGkzLS7vpherA8cej6,0,0,100000000
5GgMcgFqDUsnegr1ANsAtsarmqweMNvQjHNKt5YMrHFDCemR,0,0,25000000000
5GjeU6HDQCs9b9VTUq7cWx5rYsqonU5j3CzW5KSBZ8qW36uu,0,474570989724673,0
5FhYnG1HD2EtjNTDgJ8U2oGDTaGgp6yPhYXZpYDTqdBFa1DE,0,140954212681746,0
5CVPEgeBnaFDYzDvgSUSPUVWdWsMcWfCXFyUqkF7Serr9aPF,100000000,0,2837380000
5CkMHPG288Sp9Bo95FNpr8JdYiLPY4EfYUKuQRs2sJrVZMgB,0,0,189406170000
5HptKtnTGhxG4SbLhsG1vmLQRDjdBchLRNxRFUdUQp52DbFr,0,3309726928405160,0
5DSYGGkxJPru8CqTnMyLa6UZUCmtFPiqnYeNwa5YtYFo6T2Z,0,140020778215613,0
5FU8XMGWVfTVY7Ks1JEZHCBksiTaiKqcMvZmtd6p1wQccdL6,0,541706357187494,0
5Fh6SuTFcuxCmNZtqZQ7jNCMdv6TH8C1dsX1j45k6m5s7WcR,0,314460935332373,265734930000
5FpbPNjVzraEKKfGn6vc3g8qkaAKWSXniVmTffGuxbVBrAvg,0,0,203672580000
5DkcKH8bGAUqKGNyDw72A5di8EakfjJbHQVfvt7tvrSUxM1q,5884255382,68040326719316,60000000000
5F73LWSaE5g1SKMRefByjWhHmWKHXwT8ZSabAvQ4gpu5QBYU,0,0,208461080000
5EEoGMbFsjL95dyJ2uSfZztVL3kdKSVJD3RwjymHziWNLCpi,0,136631422132339,0
5HYsQKXAVLFNDvWEuGpew4QW6F7ZyjLECrTWURZBQSFi3hnR,0,146854338782290,169290749809
5EvUbQp1NqY21nNKNvyFotX4UXUjVPdHsaDhrGmkGLYmgsq7,0,0,194240000
5ETkBtkt4tLioTJV84rebk7kqcv56xv5zdpyPGhfq6hqYcT8,511351356,0,1090160420000
5Da1it34L5Ser2iAM8zMRQ2aQyf7h3TqWHU2PsSjHLcZWjHV,0,1880726007524061,462011910000
5HTECABradWz9Sj6bTPv8X4V2soMKb4RYJNmNGm6jTcUutqz,21498783167,0,0
5EMjsd1BPEmLpLFBbth8YCjtLHjDrvvMCXsrag9oAT8ZnLGT,300378461451987,0,0
5Gc1xGthG8jUsDYaCG5Q7dmtvodKYq2TThiGj85n3i1qtwPv,10066418486,56698016869646,50000000000
5CGPADKBKYXR4Syct1uxgDQ53Trjcs8xWLc9n7tmFzUrUpeb,48702607184,0,0
5Hp6cLUGQVYdGMN9TaLhwiCNXdpYbw82pmKdrut8tLFTfsH2,128364831067,0,0
5EnkuM2gFLWn2XpugoYHCUNGTsCfi4LuRRzjEoPNKiZ3wkzP,158390000,0,0
5E1tZbFM1vxdVfVA2J6YTqTTp5ZW6r6t93NjaheAE9Evs4Lo,0,136726857623355,0
5E6n5Ccsc2mdRbi19uXUYudMxbrK3FJSdwcHCbDSHh2bfAqt,100000000,0,0
5GYKpZaJcWGixnvD39jm43N2XtodU39sNm85GjfRDomw6VsQ,23557901277,301231970933436,292098640000
5DwGkbUdtd9T6UvuLFVMXzBdsJ5yjWUXKHZCeig494kXpvv1,0,139755330457559,0
5Fk398CjC5eoY4gznUG4aGm9yUXygUhRJ18f6u8rThPTb6nE,7915140837,56698016869645,50000000000
5HTQyLsqoJBh8ntbn9W6onGqvq8Tixiery5FNydAUq7yz7wF,0,0,174453630000
5GEoFUfB8ejDoXng5btWpW7gaH5f5cKbwxez82kE8oMWFpJe,0,0,8682540000
5GEZhJYjo8VYhFMif2JEJUnGwN8sS5Mi1exbbx3QcTFMCKfA,0,0,40150260000
5DDVgv37uQwiecQqWVzpSiCLEJvmPisLRPxVghjqg6JSfchy,42919957896,0,0
5Ey4Pqxfi3SJkKyxgswev6iddhYNn2i1HGBVeGjJYa2X9ikb,0,0,294567960000
5CFyZzhdiMt1PphUFg2oLAhZxjctJYdxo768JEQmbbR7GYSt,0,0,1276143800000
5F9fj6o3bHggF5WKuDsaJk8bC7sSxKLiZM4yveiuD1RTY95p,5000000000,0,32251560000
5FhSQ8m9GLqyTMFNVGbgiP9edXoM4m94wFp2e9Haqrk7bGNh,147960000,0,0
5FX76xy48DTXVdDyGzSF7e4ABxQtK5Uou1XKM1yW3AQKPQQi,0,0,80762048880000
5HGr3S4ZKUxp1rofj6gkwbasaWksieJnmMFvtZ83SX432DXy,0,0,44812090000
5Dy5F7468sd3VrrTLT59XdzrWdjEQHzSpUwkDmWUh92yGuSF,10828716892,0,0
5FbfjNGvTd2gqeN849dvYF3jf2T6DdoVpHoabfbqdZZ9nzaa,0,0,46172670176087
5FEUrqrJ1SehNUH4gcGfsAmG5b7yw3wLvFQhk4Vdgzowg1X8,368073161,0,0
5H8VMLrgkQyvQmvqQR88xyWiZDA2tExNzVUNYdkVdSKDkDf9,0,0,100000000
5CG4QEDvZdEZaLoDGzVRM8sjFpgm3cVJpTgENM3dXtoWUzfX,0,140054068392802,0
5EZTUGTbYgQi34VK3hrfb78yRXebjjsirBSdqJ8ewoL2EcvS,0,140875778586801,0
5GE9y9GBw8uRazygyk1hAAg2s1cCkEFb1phsVdAxDSgaTymh,0,139876470542000,0
5DUYh9hc5A5AZQjTT8B18dBRqtfHQabAECpXmJ729UgYZdaT,35072188017,0,0
5CvZg3kCQY1obsLJdbHK5RxKx4tVswLYAmLhPVSg7xyGjexW,0,0,15437350000
5HSwRSefnnG9vKZpiTvdrVwDMB4MDokHVrrtWnmWcj3pRSRM,0,0,43700000
5DZqK8Ds2NH4mPdFY7Lqjrq9nkdn5UTLUZGaCAaVcMrped6J,0,46655211803082,601570000
5E1zGchLf5PByGKQB2juG4iQycEuWXYQADZYqsK3UWVbjNFV,110000000000,0,0
5Gy6pwKrx6ygAVWfeT9iGWpUtmkq3GcknhhxD6QgRAZXrpVo,5814995910,148670838379809,64300000000
5DkPeuxJWiNeX3iP3sURFExNMzkaGPrgWcmJ2dVypXdrzRgZ,0,0,18900000
5DZRYpZFHZCZpKfPwtVHDbssUkdaMcNdtqGahramkZUFFrsP,0,0,2269357011125
5D54Zp5xQL9UHd2UxRvhfHsDKqtWHb8WMB7UUBkoXEP3zubo,62805030566,0,3549447284481
5EhtGDn6wRFgJyEQ1odGjvRHgrZ6c8uSgYN8hDmH112b3LwW,34759134194,0,20000000000
5ECb8j54xQdWGM8Gi5cNurXELopMiK87qrYVAxdGuwRLjwXD,0,0,20028040000
5EXAV2RRGCnZUg7YHbNqaPbbcibdECChjjRSR2Kw6VCwHLkn,43618849140,0,0
5DnZLhZ6HeqLidtPeGH7N67YWY3Hmyj9GuDWef8qTid2P7vt,0,0,10966890000
5ENT4ZgNPMU8nYuuc2uJr3zQ5shScPC5tUZCd9DUX7SEBUBc,0,0,100000000
5FnvuCmfc6zC6vrQVTkxr2MUETZbVqFfQcG5e1W1AXHBawhD,0,140883245590548,0
5FUXtY9zGvnYypAxjpWprUKP3ZLrJ1CnGmxY92mtRZZnUiX8,0,0,41960000
5CconAo6vbEQvHkX48C51xLGjSK6GYCaZ1rxnmdBAhq9szvh,0,11567533074139612,111679623459
5EUDh1kVZEwksfQ1HBRrQysgNRHrc1s3BjudeKki1CgwAktD,0,111941960550421,0
5FzzkgJDmMJVzVf5k8xfkJzFiySsid7k3m8sDuTyEcFQPCxP,0,0,305117458309
5DZKjEJTw8jHwsdbzJ1ADcsteYXB53f9oAS4x69LntirVa4V,0,0,1504500646480
5HNpzq2hNm169gBtxRmBQAFRDGUq41yGPCvzs3YeFBYj8tHQ,0,0,62385470000
5DhVQgvdUBqpyuqgUpEHKHgRT8FKN6yhbvAQTHop2LqZCJMU,0,0,2258639076866
5ECdQA4AnsXqEn7NtBakRR1YGU8y5Kz5ADP1mwdUFwyVgwi9,0,0,76281720000
5ERmFTN3KG6GAFSZwsWZSSkW68DFZCb25gEtgyJGDZCudgRc,0,0,67588030000
5CJQhwnQuvqMrThHNopxJZ6832Kjkvr278Fxf3o9FvYXgmmv,0,0,62696590000
5FC8d66y3Sb9EwEexwPGssoeVcTPqP8fD1psx4Ga3UcmkjSE,100000000,0,0
5GEvXCzvKcpYbDbBYwyR36rpAS6a4CottpBkS8RZ5sRWwoFi,0,0,706730511123
5GNaLdhxiVEz8jCA4omBQVEY8aGwyPzXzcpA8S2PLgCcVUv2,60641342191,0,0
5GRYVYYpkaZN9Ugts6T5DLQvmHT31JU4LdoYrYUkGkPj4fgG,8639050041,0,0
5D7HwsRpw2HmSEyTmKXeEm9KNQbjGyf6BUpTPVrda5kVTV8w,0,16333986237867,5000000000
5DkoidQuMGTMudqNNChszmyGHC7zazQwmtfhZcgkXLHDvAhH,0,949508251642562,1154690000
5EqHovAWRVr4sq8VinUgR6gpwvJzHmGBL2odKGDWxdUXX9NF,0,1758535066503058,0
5DvFqZmbc9YRQdkH2LG3cxms8cUxyjtCQSALWFtqqvSzpq91,186200000,0,0
5GRRPbz1WMz85oE4i6GfBX7X851rHBpBjYL4JKrdM6EkpaBA,0,0,31077040000
5DkmYUaN6tAFWzW2tK4Ka16puXz64wM4tBqB96Ki2wfaoB5k,2000000000,0,82441160000
5CrBReV3v7m2z6G8VktHYsFNbqiUGxLBBubmLq4743ew7Scy,0,139806616038454,0
5HY6r1wf6ABKrbKD9WJ7rMZyEFjrGRnFwmNxavzP6u7NJSmy,33902639439,0,0
5CqNha6s5veYUhM1hG2y4uTD53bDfxBobvgaPBPRmxQ8n7y6,15282884301,450471435740721,100000000000
5HeGYQUMQ2sgN6bocjuNChctenTthnZroLs5hNdiHBC9gmjy,0,0,25195306244685
5GukuZHF4wuC2bqqt57jrnLHuT9dJNgmcvYN4FdpZUrQiPeG,0,0,50061351944
5DSCwE9cjeiGqqimNAC3KRPfbZf7sVysBpjfHWc1B7aLXG7y,0,0,302954350000
5HmgxDrKNSbXQRK4gvNao74zVu3FC4wL86FBnuaWAQ4tvtQM,12211709320,249604184901201,1139435697165
5En9eBVak5hsgtE99nGLxHwtYsYNFZW76ARs6R3NS9EgieWm,0,0,1711880000
5DRYjFAxag59tvdAF3vm9xHe5JYn3Ha1cD4scEZrD1QRw1Eu,46669652625,0,1894115320000
5D4viQVxMnCzYUefiHfrf4kxK2QyFhtfmfdYXPZhTrqo5cGk,0,0,26402370000
5HBzy9TDGGN2zLezLFDtbpk858q8fGrkYSR12DK242mGU1UD,100000000000,0,1009490200000
5Ggaqm6KmTuczYpQwuxZUK3S3rCJYrd72matA6ScAbqmMtvo,0,139678298502965,0
5HMdXfKPDaojw8dRjhPEMZ458taVn277KqqPsSC5Sz2dN9xY,0,0,93921090000
5EfV1So6o3FCGF14gCSNibJ3oDRZpqMvV94u9ZL1i3mjxyHq,136290000,146031644701876,0
5HGKvqKy6NagrRK7myCQFsoqMDpmcn4LDnMqovST3DicM5D8,0,0,97697090000
5HdopcWk1LFMMEmboZt1gnEm3KoP5js3FtCEwVMgHmcpRc5q,0,0,108110000
5Chmaw6sQM8wxkf4dM3eSBnj4uQyJGciHZnhjP9Dy2YU1eoa,107425692227,0,0
5FNoLXRqPyWjZMJyCxfdASn8Lgt5dWCKXM98jRWZF8egGBhZ,0,0,149115800000
5G9JeAvWgh63fWCDe22BsdZfP6yqvhb5CwVXyTbCmC5yKdsx,64706425621,0,0
5CUne6VYn4ELPu7vsZxCrwxntMASdy8iUa7DbBhQVezgiS2H,4133029885,141518201607183,0
5GHhsChEguttmZxcwNuGy4UQzymkbVKzg1sdzdLu7Ubji6xF,37772504318,0,0
5CwYLeNRWcqiMWSjzHJzemGNJ34M4fAdiZwgESgjSB3dQ9QN,43595035845,0,0
5H5q26BECoANiskfRVLWR3cnZx7vSa6ZoHsJSdD9BCgR9jDN,31265991328,255094045588831,974331830000
5HQxBzzDuWL4pwhCcXFTBw7rpegYoLKtkuq5TiG8wM8RKbrL,41907055911,0,0
5FC972yM47kmFLVQnJL8twdvhEYKdEMVHvxQsy2z7xGfRkkp,158390000,0,0
5GWR3treA216xEsjjetw9n9bwWrTYeKYRfwMpQZdp9XzTxSZ,0,0,5507379706861
5DPhtGM7FeR6k1fp4WF1M5saD2TARW8aJGYnQ1gv2aip4Kmv,0,139564922951373,0
5GyBMPGucS9qK2Yz3yHQKBzicowvBNDJUvHghHqGmuvZXuhq,0,0,322039850000
5H69ATpDRuyB6TX7ydhdneqZnsC86VqmJJdsyG9RoSX4mY5Z,0,0,100000000
5EFdxiLCtnTmFUifoiVT9xfm3LDTRdaQZfTBPw5hheC7eEBn,391829075,0,0
5Hb6kgbwmzokHLBbLULZXShPfmXUKigYsY2tMJWYdwjr1Gqu,100000000,0,0
5Dh9mbKEFtniRUhB7y5ZcQZd7V8cvnJDGVQvtCwz9uJocdZw,0,140046690017082,0
5CG9FbSpaRs6txC1uqbfPGGmN4nrQyELroT6NYNLhXXWE2YN,32649685987,0,666948920000
5Dt5FgqPz94WR6ABDznCNQWQ4551dtSMt4oXJAMAEo7FUPZV,3412688193,119925414227312,0
5GnY4LRpSF7JsNj8CFrAtRJ8qT8QYYkmdikG7LxCbi2ywATr,92876645715,0,0
5DhDv5XdcpH1i7jY44JGXrQ762CfSBqgPd37AK5k7Ftr8AEL,0,0,149985217700000
5EFqVfmGPrdVCbDSHD3ThD6rYRpRCuhQmFHYPQ8WV9kQ4D19,0,147132087861710,51120230000
5FWkKCx5Lt2y8jH3XoQ3VdxaXRwjWWGe76WaUTDLc4uVkwMz,0,0,18064760000
5CiPXaseHDLZy1SRJNjQ9RsZoDXa19Fubs8uLKe8KCy9DSNn,0,0,47476450000
5CrCzidiuvLDR3BttGvYaYro7eGGnYHhv8PFd3pGi3KbAhh5,10476376824,57326915851134,90125010000
5FnvVMe4BXvcRnQVoi42uBXsWuNEjxRQfNqqXfkkWjGo9cJt,0,0,111233500000
5FXJ6ahrcktBJBu3q34JYHUbRRd7n8dDbo8RGwJy878nWFo5,0,139553562598103,0
5Da8bAFyATAjdT2cnqJZK9gcHi15iN6DGTiLUPVCrmahUKWY,0,139927984738814,0
5DkQpQKwXPuWTNfJ3Y1xoXqcMvfuGfWzjyVj7JyCkzu5Fmkf,51297176969,0,0
5FRtVBtwTRnToq8Ac43R1wd89HPp8Qrw6Vy3KQexqLS6b8gi,772022018,73482477769929,25000000000
5EHRaery9SbutmZffPU7VbhTy2WkfBF4zdygAH9FkHkpEiaV,0,142731753168794,0
5Cojr7GqtdDaT1mKV896J4D6Wj7bzqtpye5ncp7A5XwtXHC8,0,0,3113890000
5GU7CiGpUf7Qgcnufw4SyZNTbS3stVVmSNcZMpF79JZrGzpq,0,0,939623929192
5D7b3SxAbPEYxunU8wqNftHuhpUbMcB1ySMXVuXFiRuMdVdW,0,0,110621475162
5GsUwwEXvGMg1Hc9SFRGH9E71gKwVVnWiJYd8qAZcigkj4XU,0,0,249895540000
5GcEaZ4L89CANZEkMqGGGUXBV53cs6QGhAa5SHDodJEzyrx1,0,139946371228425,0
5HRQVWoL4aUhpiZPLjfLpY4tzLGjhnEKmjTCkjvxYccse2Qd,0,145692569548698,0
5GswNS3RHxor1iyDq1NoUaAfbjB722ojszq5chRkymHH6R7D,673050665484,0,3508397780000
5CoSsNpts4FqsaWa4D3GBhYW1KLGEpixD3BWB8skbtTti6e8,0,138806278604574,0
5EFiAdwmgp8h2PjqyDKpiVMfjYxMaUN3MxFdWZ1qsX5Xx3nx,0,0,3925915790000
5HC49gQkL8LTqeYGe3FvwAiyR1jqGyEwQ5s5GcZAauTL2RUU,0,0,157764230000
5DvnfTJhU8ueHzH2YpMGt29NZ4P4q2RS3UYjTp9E55Jxhk76,0,139725954518832,0
5GmeSsfeM9GpoP5CpGSbbzjL9a555SfNnM6kwRovcyW4E2SU,0,140064936438438,0
5H9huswk6d3ZaFLwsSrCrtFmhht636TCUzdtArHTj1PZ2J4i,43015745277,0,0
5G9Jprf5tThxA2h7bi41MZyY1F2JsvW33eBrFfHiBjdYPfeN,0,0,4297
5Cky2Xpvav5mnjNSTgAG3TbNxKe1ams8C9Cqe6CyBTNCgmGv,0,139663711744709,0
5GTLQzTMdf4gJtGospZExPgvyUYWMYPKxWnP4zwgL4vD16jb,68214845627,0,0
5HNjLj8roo3fHVEUEafcmm5adVCYa23ZBu4BDaLwgyPHhSep,0,0,2029997717808
5F3nFKXgseH94zgfxD3ek8sx42DytHMpVWNpmbj8n7t3PEdH,0,172556969783791,0
5EXCA6r9tAkbvA9s3UTCFwWGjgxUJqw3XZrLnFSWpC2jrg1r,4230267442,139970691940556,0
5DUtpE65LHw278DtnxA2oxfnMLSJa2s5Jy4kqBujEM1sYgSC,0,139769934563770,0
5EtZA1P73Js7EMTnv5bD4GA4MVefvbwZepvEdey5actHu2dE,0,139689364260593,0
5CCGCVFJXhwYagfABr7RTTxDwT86ngTi68X3hkW8WHfP8CfW,0,138427014673089,0
5EEuEcfhB5t36QLyX2pwJoZVNLUXcQBFtDXyeREqmgAonFEd,10457364431,0,0
5CSKLETuATjsi3DJXxews3Hbqjt74pWCpaJoCCBgwsC4HWro,0,139543072967582,0
5GTMKMNZfJzdcECYtKeCB6hSr1LeKnucSfFhbqHsxZbv8rNA,0,0,38716078539
5DfSmguKL82XYjLCRdmn7ceAhQKQ5PmdLKqfCcR7g5erhKR3,0,227640703432762,30000000000
5C7uwvsCf3T2yQ9dfRRJodi8BQm8nYmdf1nGyPYCgQWnNzpT,0,136836726101676,2066301983020
5Gp6GadfQWVh229qb1Cx77bUDFY5TDDrYeHiKr5h52VFe7Ei,0,0,1008917420000
5FNrALw5bTvCjNzPhjAo4yqbr1Tp4ZdrrZ7auurPJABvzLb3,30056334983,0,0
5CJVB8Lt1HEWiyHhGjqjfbvybaiBnQi9SM2mWzd3ouEvVoVh,0,0,354949277421
5CwZWy4LnZjmVbG6acX2oPTutwcnRQv5Zv9cSjDfWaw69n2x,571801194408,0,0
5DUPQ3p4Mq7HzKEExzk4Hpb5UPEQZsj2he6ydkt37HSeFpSS,0,0,16586150000
5ED9pQ1J1rcMuLAKr2TsZAmPwTGuneQVhDLSqdy6YvSiZbvL,1395691546,0,43517730000
5FvGmsJoWJ6Ns4QB2RPUigD295kUo7rqZLYRs6jRaLEeB1is,0,0,22510000
5CJ7LVzvZpaCgP4tB8NeEyGZuqwGpXT6aNpxtoUtJgHJfaNV,158380000,0,0
5C54vHKLtgoFjbewigF1V2ZdoFWdCjov8wrieXpXFwEkNgt9,62790382489,0,0
5C5XHVhSQtFzHErL5AXSupZo736TwQfKj58x1Z3StVvdPAEi,0,0,4165203400000
5HEFZdAJHeKkfecjJP2xmLZij5fteqF1YkScs1bLpWPVPEzZ,158380000,0,0
5D4rpfGTm6z67gLb5wVb3mmFFd988prGCiYQ8oz2G6Q2sMgT,0,0,47542780000
5Fxny14sMqWJx1zuqa2S9NBPjzS6VP7Xm4uJk1169CG615gv,0,139553976617070,0
5Eego49L3kse7Bx2SzMmpVvDXBWbFMPjHJo4KBrQd6Lwbn8A,154430000,0,0
5DNu7yyU5Katuon797KRZ6a7MEEWUzfVwi957kGFt5TKGD8d,158410000,0,0
5HVQG79kLb4tDDiV6pWXbarpxGJxsysCzYZTPSZSavpDfCzH,0,136635175437774,0
5CrMatoayVFvGfVWmLSQYcAYWLGB5qmRD6RqrGg2NpexKzvX,100000000,0,2768570000
5EvqA2QLAu6Wush2NrFdwX776bkMoZoQDmZbmFp1rXiPeXHs,0,139594100553604,0
5DWkVcA52PjHkrhKmg8VN5Y6tFw5nyZsN6Q49JVL1kZUAU1b,186200000,0,0
5DywVPokKMnuRZq5CbkPPLGB2FvE9iSqiF5QZ8z43DmcYcPW,0,0,383368779580
5EyANgu4HpJ1TJY8LxXckAWLDZT5FKFHWAcPEchiG9bEUHmG,154253517426,0,3650569710000
5HHHa6y7fp6P3j4uVqig21iU9MPkpdeVawpGGu88kaqRF7nQ,0,139107136181949,0
5HRNDvvtSsdFgD4Me1LCcdXgdtNcGC8ZdV6pP2xxme6MEWDx,6011810069,0,243992850000
5DU31Narqty5uWzzcKbgLXZ7vN2hzhMJbGy9cv4JcJNjzxbL,0,139059015111366,0
5DFqBeA3N4uV74uSr3hVEzFiLJLZ7fgexQFUU2YXhtcAPqkQ,13882092520,0,0
5Ew2aSy8GWdbm6ixRyNmBWfQyPekPHYk5fhMicYZETJFnjYB,110531549,0,0
5CY5qj3xv4BEcZ6Q3REN9yg7VivNeBnfqZu9TZHiicrnBPrN,0,0,123621230000
5FsxKHru1gUS7zNEj3tTTUUmqXaeKYyid4GvV5W4G7trWghT,0,0,354130660000
5HBxJCv7FqNvswRWv13d33iedWUoUGtkcGaRcE8VRn3jnvhJ,0,0,8077505223185
5D7DDWBipEUa2aiWRB3UvSoUsNymbbCujZDqutAtPbe7AbPd,0,0,20000000
5GBPFwdjGahFED2UpyDUrvCKJPv6LviAEXSDx8VA7i9vhuEL,138522474419,0,0
5FhNfjHkapAGJedooPq83sMm4yUMUWY5EiPVGmsmAauyoG5t,0,0,1024753536117
5Cm9baRmyGiBSU4T6x16BeiPSXZgVnooTXr9fkJbFWxQY1LE,1218718291630,0,0
5FxEfmJVXvpZEzybUcqn9P1AXpZz4Yeihx4s6867KWsPjYDM,3000000000,0,31855170000
5FxT9zUTSw9xTcuvPtDvABXPY7n8czjGTphokBmFWVeXK6ya,0,0,109240000
5HStG5S3e1eGFGQ1h9DgVwB5vsJKaDkxp1qdEXCdkz71jLow,0,156986498763828,0
5FUSQS3btmJGfwDZQdG2xAq1dx5t97jppaj6snmUccaMVpgp,785252872,0,31869950000
5HYoBpiy3nu2DFfLcCgq99iwXGGBS3e7bh7LZYxam6TVB2rj,11184269230,0,0
5HT1QnKYJPF4XPsFudo3vsWrg3QUaKonwGnFZy9NxEL6VpS8,0,0,23306320630109
5HKaq8bishWWzTNZeg9stV4M9vjbqQf1WjDiG7pELQv5t297,0,73292630419047,25000000000
5FyBt13zj8QPxSjHmRw688nLb6ErWPUXCLYPd5ksks5RkAvb,0,140039243238851,0
5E7WxJ3pQ8b2kUzkyfMRiLbhUx22jYPtyUqECECxfwL33rv1,2738424991,0,111140590000
5F4Eg5GgPqsVvdzLSPP2MzV6Sj2sLVasSeXEZq561mN99ye7,0,0,120451140000
5CnwrPPxMRQVXmqmfEzvoMTgDFiqpc1rzajDa2KBZw217zBe,0,142625068900815,0
5EWSDSMmtrqt6JcHPbRhQbUoubi8JbSjyZzJXqUBKFuHVzno,0,0,1186274940878
5H4GA815rSeLvCPfrMDEr32LKdr8wEKHMWYPiWWoGJXF8vhL,0,140068819818767,0
5CngPaqWCYb8mDtFKgRqcAQEsYbcqNEbV4WyAuxFuh82Wo5d,0,139568502278375,0
5CZfzeeocbi6KBmNdU4RBLnXqYqStXmW3opxzFP4C5Wkwc1t,300000000,0,47848370000
5EUbtK1Tyub9rA6xh7DyGKEYWbNHZDz5MKkbMT15erfwdqjt,0,0,42828440000
5FTrzy6N5hNwUJPc6SuQEaq6N1P4Uxs6hGo7VWSh6fWYBKh7,100000000,0,0
5DaWtAqnbhMb7yi9TLuCgEXTAdVGeiZeHadfNi9Z7i9LqfQp,0,0,2077836160000
5C5XosGosHNgxLF7BpZnvUbiwudVXFJuwb5Ar3ebZ3ncQwja,0,0,77580000
5HGchGXpgUDZw7sX9N3tVnb39zMvU2TJaS1oSHhCqjtKjgCH,15077744638,1335513586222196,1800020281367
5E2NcUViEp5KS6n6aEgV43D2NCDHJQpamHZMnK6VxpAp39n2,646508361,135396801805516,0
5GmskFhSVkMvqdMKGCtjydintC88fMRqQg9SwYMAuAqjDNDs,521250643042,0,0
5GBx3nG1HosTsRXijR3GTGWvJrVvtViwimTdQKv2YawzeGZr,158400000,0,0
5EaB7MS1JGRCyStk2G7i5Ef9TBkbKWocDHPSAMqpN1G1Uj63,0,333041240180465,965118500000
5GRbMz273K9mtJnAmfqU2Z8mVbxA2tdavMo7CGhCpvCuSPuY,0,0,27763580000
5Dng7zpxxNzeGaJFb3Ni2CoZw9rGuaGEpGjQieTTRgv9kAAj,0,139583233531716,0
5EPiN1gu6F4UGxEmNUhD1f25PbUnGcMuJWYpDhSY2vQVEC3L,105323554162,0,0
5CyKQaWPxVoagVA3VcNX6C5edxmMgQNo7bkcDb3RFCuyrMm6,0,0,26191291560000
5Do5MAVJyPESuGnm3H8acxpDr5UPZdr85EWz9YFCdLn5A72D,58889138322,0,0
5EjvG1gFqp8DvB5Tyqf2kAu6yWe1ifh9G7RV7VdMEhsuAJ3Q,0,0,1000000
5EZCU66nzCqNBkewWN7wt72JB9ou2ZVLQMGsZYg1JvZFrCdj,0,170157929805740,0
5CPptwbVMNNcKnWNC1KxVZEuZz4YJp9FFiWBmgJXJYa4PK6b,0,0,28709860000
5CwEBYBAgaob6z3FHyqL72jBVyKYw4kXvmuWjBus4APY3S4e,203249766524,0,0
5ChwrQZDgpZqcDTKeKqmYEeizwnVqbWtyfWS3jXGvsk7jFrX,0,123693123392097,0
5CGPD4MonnSeKb1TpykR613RrndcqWsQ9kvHkPrfGNiWSEtc,0,1488733623943427,50000000000
5E9hhP8jkGhETbDcYNvWdJ6st6TcNJvQatxseD1J3dFZdDMf,0,73341277302597,25548800000
5FEvynZCroeVbNvKUwQS34sAPe26FFFB5varn7TTe46bAPgp,0,0,1195282300000
5FHYQNKq98tJyMdTyDKgCm5n5YWcbXTWv86rGoHPHr6qq9Fd,2056651460,0,83470410000
5HKXHHUfwK59wkJFHjDqjfif2iZZ1XQxPhPyRfD3mka7ApC4,1290295871,0,0
5CRnKmaDMAv4bfuiPrewJWQLZAZ5DNN6sLWqAv9KcXfjezSE,459590000,0,0
5GeCJn5MVbPRRM2D9NoQrtD49LEFV5HRvCJTdhTrk9twFEnu,6420012757,0,150000000000
5ESLoZNft2zvf9xbHsdmMYXtJyR7gj2ioCZ5zuJi3iD5Rcxs,0,27992946813019,0
5Fenhw6gfmzUdMBqatC3fd7BanGbe9QUEdKc3czUzbSTqDqA,0,0,192674100000
5DXby1X7bHESRm6r4A3TVtBPe9fVnPo9FhjSGev7PvWRediX,0,0,91627230000
5E9UYiPxCn1L3sKVfcueuftCXYTfZ4SigpM2yHfDvRP3xxJu,0,0,39152040000
5EqccoW8j3jVgobM44QnmvZgHv88xVzcHjGLR5QtnLBJE4PH,0,9332155633614,2482510000
5GgWAVbHhiquDVAFusdr5syfpzSU7HcRiJ18v1xP1i1zzJuf,581551104272,0,11879061360000
5E1dYWtMcyWCjhQruYbT9amHWnQebFgnhFyU8GiA5TFPz4hM,0,0,6048650000
5EFBE4qgXFa3auk4jNF8794nAb5MYQc1o84U88LhhitvqMoc,0,0,3656017730000
5G4m6QRukVLHP6oujRXmQSkFCULHhCpikPeL5ekxYFN63dCY,0,0,218860380000
5GmxMi2SsKAVfwnyxVZFSTfYGqhAeEXLUXGiEjjXcPRCndB2,0,139799299053260,0
5E4kDYoTkxc17fKMrN1A49nmdCUyYs56pGCEtmjSsWHTYCjW,0,0,90135990000
5FzyUopuowkGGpPzCj9V5V9RpzfDT7t3q9gPqaxKRgy8JQSr,488659411970,0,0
5DJHBaXasMWLpL3JrMbWWF6Wa81SSDwwQKYTed85AERdfB2N,794171309,0,32231910000
5CvzfEt9NQGcaptK723D6Dt8zc1LGDMoTw7VTt9bJfEvPPjD,1000000000,0,46506810000
5GTXqLNvkWzgiEQCQKdUzZHUi98Zrz1MkcyKGMozjmnzTxf9,0,139696684790721,0
5HK9CnZqNFXtaNNCSW4KL5vJF5n871Sw48mUf1NLTJZiDoAY,0,0,740493800000
5CqXS5rZ1wkWJveQSxG9ZxGLzPWhU7J5X4qx7smbzD6ZnxCw,183980000,0,0
5DnyS2Cbkbgs96KPcvdah6PHMghZ5zL9JjYF5YU9JJb8A8LY,211091885952,0,0
5DZmvrPQ1nzDKaJ1Lzpkscm57YBZPSXSVATKpXvipyxPwfzs,1658578884,0,60670910000
5Fk2pugNteVvhDZgsVBZ4KnTcKS3SyUxQfN2XrDkyBstebiM,0,140042824095529,0
5FyRVzLNvGLePHLRCiDbdegTkpNygVEn1xuHCaU2WAZeqJhd,0,0,27893180000
5HKZn2pfNGvUDxfmAxeBh9tE21FjuNo5D1Quw7HXPyuCcg1H,0,278317883630897,307569460000
5DJff4g1JAFgMscD4p2ChTgTJXPS18ztmNFHRqyPZ1oMLnso,0,0,135170440000
5Dz1DAgnrv8hTZEGeoUVMMxM9CQkdqMRiozBWXzaiQVTpJiN,158410000,0,0
5Ck7arUhWgZ3MgrtWpn6o8Vjcs1UBTrky5A8YTbJKpbiv8cg,149160000,0,0
5CiiqNivbWu4cYTCMwwRBsKhF9VgXUTgNWqJ7QbPCCAPF5Xf,795642844,0,700000000
5DZjHNcWKrhC4LkvU3ZZGbkSS25etHy3c2rm7GnFMGNo9SxX,0,136608943610869,0
5FvLaPDYffyjv4rsNmRUGGcZQdyPZ2L2MoQ3T1pHQ1eyXaTH,0,0,104350000
5HZDWcVSASdEt9XmAeGUcVEqRQz2xUbNwHxd8JniLmmxn1i6,76808930165,175207334727208,2914982700000
5GBiCeT7L2NtAtYcSPt6Q4CN1nQ7Ge1XZkysKDqQ87xeFe1p,100000000,0,0
5G4j4CdDVDiRsER92asDQjDqHMig8zv1noGqadwvHFH1UJeD,158410000,0,0
5GxEUeeSD6Komc68R5DWBnGb86ywYg23c9kMDSRP9Z1Jrc2y,0,0,543553180643
5GmuuteyKV41BM3PjFKsNGCzNf1wZHdaAzrYvtgLiD6urGUw,100000000,0,0
5Hbf5ucybAvZzvzP4ugKw4NYuxNw9Jrh5X4pY9YgofULWCCP,0,192875735644808,648277545065
5DfU7CVGhHwxP8Ep1xSMwQUjHsRQRuVwyswN3QYJnHT1XrNY,0,0,58885418857
5GpUBQ2cT1P6DGCbx7aLC49cUpLLXruEFapv8MxumqhwURps,0,0,60186650000
5FNVsiVJ5PMeMf6TAZFCvei73KdYgf5TRkiGAjTTpEmsDJcy,0,0,61686976360000
5FUFvHtDuADhawGmqWVo5TTYF12RSwYKmR5zJ32VaxqHR5Ki,0,0,1513337570000
5FkEBFiBGDfA9PezYz5ReFFVkPSeSs1mcXBrkfSUknQrt5Pj,154430000,0,0
5EkMaSKJP59S2QXK2oYLnkiYDHNoQ98dmJyks9fpBp3gnfAS,100000000,0,0
5FAKPUefQnZ5SbECFf3kxnnnh1DLkGWGVEQcs6sPkUqJG9S2,0,0,100610373905265
5FTkwPokcQSMt1EH7H2iffGcRcKfDL4tKTvpTAMmduJa683n,59084638638,1173421495614102,7894503855141
5HgW7zPKvhpBpfB9x41ZffQxRPEGuNtjuM9peRZaPTLcuakJ,158410000,0,0
5HQWx9SXXDUGfLNjuhcYXAwzuKBDnTmvuz33zWZ27nGVYjgh,10821806381980,6261113599718713,0
5EWjZZxiNkGH1jYwhoyyM5q6N6DeGQPfPpAiRhEEgTfXgHxa,0,139041298644075,0
5FRdKt66BR6EXWm39JxBH4ZhgRdETMpkJTxGeaW7YssaUutE,0,0,32502470000
5FZkjkrzmNVHsgAvpjM3bUmg16gv2Q7Hc87HWsT4avfYkroz,47535576251,0,1929259340000
5HWRSP8hx9xtCcZ18oXoz2p2R6T8NHNvo4wUSKfwxV9mBHFm,0,37324135676375,30250000
5HHKY2YKfN9Zw3pqMJ8PxaBPKsruxLzGToPG5nLvcJzhGc58,154440000,0,0
5DZPaGugA6X4BUo5ewTzQAem4cqBPtWTFsoZrUYriy5eu6Tu,0,0,100000000
5EcHBTdFu6H8KHmXCBzpLN78T7x2JcKUGdw9z1pdYH2AdLHM,12799996866,0,0
5DfnhrZhYYgJakV5SogeYHxhfp7EKA2Gjz3kn9bWB2yvSYK9,44715347702,0,0
5D8F3qzM62nSSwRC6tfU41fYojzHHScATH9Hjhuw4TdJ2rsR,25648137294,0,494107320000
5CmEeWpmR41wznY45ykEvCUSaPzvk1X7pzM6f1K97VAGUJsi,0,0,1026712700000
5DHXS7rwyadq2K85oLEa9WppTGkH21XcgoZtgtNUxPXvD9Tz,0,0,212378941288641
5F97LZADQfUsHSBLeNAiBq52EVnrfpRGZCdp2fjMHKAeQMQR,44979014029,0,0
5HVQZyXSPXHwq6qFeaeXMeDsxCmCyjNj9vdrU5TdddmuuULu,20491739683,0,0
5EypnpWbR3MzEBocGUjrJQ8YAXK6bMx2AQVrHQZqCqpt1jM1,3104975778,15518175292805,54000000000
5C5UfFJBdABBQfkLXHskofR5NzEG79n7t8dZfbM67HgeFvA2,0,5544698630469,0
5H61phnD5buLmqZJwop9F9W9JTWd3BymeobdijTQoD1Cvj1c,5597788965786,0,115018347480000
5EFanQfGdJW3uQ1c4xBRyXFTHyRGmQKNYEDm1CGoqZtXeHn1,0,0,543047618793
5EL8neR9j3Gt2DrYgs8SDjnG554iuhr2PeWg7x3bw7kSC4TT,0,172595313485220,0
5CAeFaFw9p5DJS3f6bnBW9ESFDvpw1sDFLCRX3yixLbuQvyF,0,0,218393800000
5DX1YDEojuVuEynUHzN5PJ8n3yVgpEnb2pyY1VjHKpQuQSJw,0,139718635632772,0
5FEuKKxg54NMkhrrMxETP9yr6zzpVuAvtYyjGk4JuhPopXbs,0,139711325671285,0
5HbubbAaoave8yaB6Wtfz2sXB9Lvhk68ttqoRydpmce8YXAX,0,0,3263450485755
5FEodW4pybiANbJpeDLghMtrNPX6SGfh77jcA9C9nF46W7sJ,4000000000,0,38940630000
5CJ2fPL898AXxoCyg1JzSuXtQCyC12biaafn4jSK9h1vMeNu,25124112631,0,0
5FNncSSrpLjJHaU7vRokM4UapGr1Cpzgn9eDf8S3jCeXMpQv,0,155325255321387,0
5FFTVFwYEr5gj9xX2qdKaEDV1XPxnANH7NwWk7GyyjbUNiAo,0,139769964514425,0
5GQfY7KhJLNygD7S3iohFtCjYyJFFPCe1qJvYU9kJ5eQEidS,54583940414,0,0
5ExkwthLkTUYpXiwFKVLJovjm7XG7q4BGMjn461SLVSdcTjy,11011522218227,0,0
5F4EaC3JuxjyU5Kk2rwj7iT5SQyivhMseMTRYuGxMPiKVEgF,0,0,22491040661
5E7PvwZFE9htdueeY6WaVb7Eu5hD2SzTMuSYCkbmqTNxxfGH,100000000,0,0
5F6ugGZaAdUSBpmzgfRFkoLJ96wHLkATukNEsVaDtofNpiU7,0,306760005679450,889905880000
5EKvG9Vn92nj6bMppHnctvmq2mMp9jiYs2qs91s7LaLDUYWa,0,0,146951710000
5FvudmWf3AHwC9F5kMBfnLCWtyDH4xqK4SEtrZ2X9G8eK4MB,0,7391497781301909,5852690760000
5ELzvPwUXudqerEkQu3mutuB7Z6fm3DrMc8DBw9EcUKKB5xR,0,46656075180425,361840000
5HRH7PXrRLY8akMe2LRTdanRyMWk6PCPZk9pFSKpTMhuyY8S,0,2479038012283070,4757588168041
5HKK8arJ97sJJ7YehSdnBb8NQYrmpFJ1EZvhjmDkNbyW5D8E,1104358754,0,44821050000
5DXfrXD8DwKLmDGPjHrtc6TWTwVH5sEFnDwAciYHQX5Bpa4v,0,0,20759820000
5DArjrjaSwgPmqUeNv8pjYw8Y4H2khT4iYSqMf7d4Vg6HEX5,0,140920612557831,0
5HQbCbvptiY5f9h86gt8gh9K4XtZADsN526euLnF1e3PYDgG,31396663323,0,1274252060000
5Cd1K9UM2vGkqpBeTqinwXiSXhdZNexe6qrzRZsqLK8RssE1,5178278903045,0,1396206952057646
5CK6ArdTExmFYPsbh8gHLDkG6P58YKby9ef2hy3gYBwv7HvV,0,0,46162860000
5CytjWztVowZsQZxy32PA5u5bUTcZpxq6ykS4JrzXbYgWezQ,100000000,0,0
5EyKYcBS1M5gjFCZCvrsRapwV4MpTTuMsnfwp3NLLZLPwRp8,4130210658,141421669049843,0
5FnHGySjZJmChGvRCNfvVzccF1MkLrzcvtM6FhfMzr1ZpJFp,129249912,145407770426245,0
5FghvPA2ULr4kazpRekJnvBhz4hvvuuMwPXa2U5a6zD1L7A4,0,0,100000000
5FpcuwsXjKS3WWyaUKfNfxMbLLrDvD1Y23xyYQntTY3wQg69,0,0,60490000
5FZU8pnKwt6i5VvL1MFFvo84HuSg6jbMsow7ipRckSPEEGrM,0,226503525302496,30000000000
5Fj9Ey3bGDDuMwHsmyWakxBqhH9kHxPurgMbrgyWGCW4riJE,0,0,76711020000
5Eqhqvm7aEdw2naNuahDcEdKnLsQxpi96SduAsLZ57CuWd6L,2326870622066,0,0
5ERGTAecRwAys69osnCUfYE1ZxvomizL4xia7gb1hqSaXtii,100000000,0,0
5CiKFux6F6raNYLMePtGZn1o9BLjwyyQkyi4m8E4KbFwh8nH,66457056300,0,0
5GC9hZ7JWWXwG4e32cAdVm7p3TmrVYHuF5NY1ThmGgBrpcyX,0,6073969922079,5049149229049
5GmaWh17crtpQdSZZEdeoCFxxm4WdvPbJHggRUv3A3cnEm9x,0,139784665003042,0
5H5zEN6MLFhbaz6WdnZfLvypN1J1BDyzfjevucDL8rc6xNnV,8921523090,0,0
5EZiBTwedNbHaKUfHxi6W3aqWtDftT1zDSnC5H8oAQVGqtCm,0,145612066458602,0
5GrhmjRoT2Vyqm1vQmvbbt2cvronW9mizKD1FjwZgw3Wxr7T,8542408580,0,0
5DcunUdmWqmab8UhqsRp24QJshRFEdV5V8ZyZu9uLQwYEJzE,0,0,492537040000
5GP3UHnZQCtDVvQWsXGtZUf335tWrKfVSKRwWVLbhkLocDt7,0,0,276796692713619
5Hddou6XF4Ka3b71GFNhkd2CLKi57STxZCVkJS1Np9APrwtF,0,0,1887540000
5F7LRoXAQnhKMVtuPQGQ8FcTxFzc2WsiDc2FPZRwYFo9EA6w,8871059259,0,221138820000
5ECh9ASa9xLPBekLHMBNRKfxJYTmnUzpRvuE8Wypa2mLp4pk,0,110967621332804,0
5CzKnbNBAyYWFYFcNkPbJBFyEGUK4hTzarBEk18ws8E3q5ps,0,139561239451052,0
5GqA8ACZkeNFfceNKiXWCknZ5xbJBJbmUQrNtioiEGF2ZnrZ,0,0,96680673565
5G1dQounwQGezKWmzqQiDgwJD1jwUwk922hnqTZdkJpY4pib,158390000,0,0
5CRjsjGHwcXea7QePdZYHUxcoqkjJnjLUwAAjuiHmP1ViWtp,0,0,903023495490
5HRRU6LUDYUowbneh4iH6X3iVThRBpKTRCYLhYWbvxsxrwxT,0,0,1613876434193
5GCBcTr7oisZ1TK77QzjsvP1KcLDTDd8jXrjZfJgMot6r7tc,0,0,33493410000
5F4bLfG1ZhgoFaxFCX7MjRqEzyJTBb4n3797469ALwncimDd,0,139755296784999,0
5FNSCNVY2heu73JXhPBSbHTBtDXaQaU11S1T6PYvVCRM1Pqe,0,1042548046875790,946248550000
5Hj39G5g1fqPBEsD7L6qNbrZN1yf8bwrhxxEZSKqsw6xZzdd,40785284062,0,1103715280000
5HRJiiJXegqMKjsXNFxy9k6AH3tdnmCR9FWAjwGJ3viWcD6X,0,11146168695831,98105940000
5FCYP4YURFWpYaN78cBG1RPUU8vgRKtoXV3jAFxnqwGHEoCB,0,0,166670270000
5CAyR9e48iRTA9TFCwxoK7ZC27ujRfuTteHL45u3LwbpvDPs,0,0,165930000
5Gjsuka5FkutS9bEVTwTH5eJt7u7Qq7uTWCK4RfwpYx9HTHq,0,139961566767291,0
5Hb5jDc7B9BECSfdXkYDvP6udP9D3thAagzTnohzSiAu5Pkx,0,0,291158650000
5F1mDT43H52oLPwrgDEuvp4gD3M9DEDifu34oxBmbPcyvgwc,0,0,305784925491
5GBz1LJMFLJetkbweSEJmDof4xE2hxHKgBH4GbjhxWVZxekQ,100000000,0,0
5DXS33QTx8FqGJShWHUEuwZGfaVNJTKSMUSnx9z34pM2dKkg,158380000,0,0
5EnATCdd3YDRyW23JQc9tKUCdrEay6YftDcUnKrE3tcuQ12H,45682406491,286841166982361,40000000000
5CodCDevxzUe5kefdwhiPFt4BPQsKJPHU3P1ANc7JXJxbSq8,158390000,0,0
5CvYi82A6oGtMo35ENm9MgXTDEsVZDSAkMAKMw3n1tXMSZ66,3284424789,0,0
5GSQjwf3pJ8vG9QtbQd8sf9U4G77VaUxwFfAPgpzwDnQiF9U,48570972842589,0,0
5HmJWVHABW6wtPtD2sKTQyoSvWmRmZVRNB46mbXF8YjnWmk6,3632002950,153843037114704,0
5DcrCUujCswidWMAMHU1TNeZL5PXupBvKXgavc1VWLmo4e2a,0,0,10000000
5CyAwYfDZLGnNx33aPXhnV7KAYsZBADBjABiCB5hUMWajnva,158380000,0,0
5Fk5Gu74nHUC79u8xZXvZSmFJ9jqy2q5Q4LGkaPRTmTzJnHh,0,0,55149360000
5E5MGyG2N33nuJtpWREWhoE1nHkUbofWT8moAL7enLMjYbkv,238340638849,0,102972511721195
5CyqT34oJSpgqtxqF7hUoxzhGSEMWy2PAYxXSRCB79RaxhcN,0,0,498478320000
5FnKTVFftfhiKdsdyuUwTsNDvJjo8ysKwftcmP8wBQbLWGUR,183910000,0,0
5Gk2pj2BUBPtJqZFfiX8fVPGoJjakVCAJ1xa2eBpWRmsaKjj,158390000,0,0
5F4AMJUraSnRBKpF8L5LXCDHqkhfzUbgM2PcWHVKHXTnbaag,0,139850684070240,0
5CqSMNN4whJsf7Lgxq3Ru5ibZXZV6ajrdSL9HgWUCwXA8K2N,159620000,0,0
5CzRqLPosHaraJacm6X4e6VJHccfWUn15xUpJKPBS7833aDE,0,139916933903517,0
5Gpb5gfuZXgneK3Xh2dmkwXzCJuM5WrqKtLrmxmwicRvJ7B1,0,139550334056997,0
5D28WEDH5ZdVLPePG7afFbP9C4VFDqA8po9tTdJEZKbYRRTz,0,0,1000000
5DWfZwYL4jteGqfvm6vQmhkzTqNXnCk6A8PSA5zHdc8u3kfD,0,0,2034749138821
5CV3czezqT6eLwf6LWwJehCPcWYY985SQnyUbWNrmB2NE3pS,0,0,29448646104
5CiihpS1M5Hrs34h2pUfetvorgsAXpPosaB3jDwVt8SrxKoS,0,0,100000000
5C7b9pnsuMAfgBGHf6GuLuvCku87iL9Q9u3tN6FWXJ7L75Ji,43520243146,0,0
5HEXAuxrNsEAjwNEaBsv39ftYm72pLxRRNgNpXcf8uyFdUi9,0,139711316740065,0
5FLJ4J7RKoUGJojJbecNu5NE4iagvSkE92NNpk8jkWb8UbnJ,0,0,291111630000
5Gc29YUiUS1C2aW8kiP26qs6Z7gMRgaL94LYphr9TLp9qMf5,0,0,100000000
5F4msK9zS9RErXkQPBaaadtABNFCQXsrskWsAeadt2nDkj8t,0,140898153853716,0
5Dr6o4de927xQg9EvrwxxzbH52q2c1LQMcfwv64zn7pEdCEp,0,9332189418925,20840000
5CkU67vsz9ZKhqNX2n1K8ATQA9ZhESiN4KF7DvF7KDNvBTqa,0,0,80105920000
5CS7nMVEJegf7oR8aei6qAn9gSg671PqDjeynDvxhTHs5gxD,31258462509,0,647873163819
5EHQ1C8sZTSLEZ5Ao2yZtZ5d2khvtEshbs5aCNANt28a5zMJ,565538377704,0,0
5Dceay4qPsMbGNkvSjHYd9pt5SaE1r8uWGDfJwUWrKrDeLnw,0,0,2101062530000
5HpAQnmoK5AxkYavFK4RnJgYZC482do9jmmSRKCpPdgFfBLL,154440000,0,0
5GHZwK7t4WMzWtNrYXCrgFcb5kYmVSqKmp1apWjDGW3VtYpK,0,140072506521429,0
5CLVAWStGbpBdSSjXtwKgmDZcZQ3dQg57Sjf9EcsMFhdme55,0,139663650258920,0
5HDjpWGMDaR4ptStWZ423KHXzqrQwB4rMmaEoNMkRMx9tosd,30576495186,0,0
5CZnr6xr2jJhqEHPvJcgBCGhHQ3ty1NMP72uGuwakY5jn7Qq,0,139656389579157,0
5GLMHiEMuLNt7QmNd6GCmgnFg4cdWWQkVMxZYktFWVMJ9D7j,0,0,463133300874
5EvTVLonEQJ8NyaGAyHbN3oexXK8KvowUXPoU9fMBHGqQCRR,0,171984258062488,0
5ELpMJRj5P6LjTsBr9HeHajur8dWz8y4XSHCEveoE5fXBURv,0,0,1005700934599
5CwnX9bSio58RHsYxgJcEgxCFt3tv86WgVTqfGUgvjpLBtcs,0,0,798668690000
5FLjGBnD2ifJCb9SZi2N7FTMhEVwqrWy6jJ597479iCQbVSz,0,0,148488730000
5Hbb8uU7fJEN3kinBDEnzer9S4ZKTGvvh96mvsed3jYr14rZ,877380589,0,0
5EnXv3JYfK6tEVBfGk6i8DNhtKQ8QFKybMaYeRu1kNiJN2Z2,0,1000000000000,0
5ENfodHPg8A1W27pwEXgGkxVApzrWcv9PV8Tfe6MVauce6bQ,789057672,0,0
5ERkmhgzUHYTYXCFDxoJPGiAwEdr8oSWe8Fdj98oQAJri8R9,0,0,478229970000
5FeK52Ksg3ds78Qi7ZF1c41996K7CxT8t8cTVX611UPE3xnM,0,0,106340000
5Hh8RymUxt9Mi7oVguCFwWmt2ehSXvzE77qvhhstXQ5mJR2r,0,0,40238900000
5Ct2dZNx1gZtBEcCmuV2QYivbZmvfoyeJFpRQXh5V2yGAEKA,158400000,0,0
5F7Mfz9AZgYLVyXoN4nm8R26PZuC4qMCHt1rdmqrnDCSp76W,100000000,0,3090470000
5Cqnhidax24h6oKgbrXFCer6dcZohacZ3rTFUBBNMsFZmgmi,0,0,1738058549801
5ERkg5ze7kuPBNWCvsuWpD3D9zTBpyS8WxvuD2PDTUFrmvRk,0,0,1000000000
